CASE_ID,ACCIDENT_YEAR,PROC_DATE,JURIS,COLLISION_DATE,COLLISION_TIME,OFFICER_ID,REPORTING_DISTRICT,DAY_OF_WEEK,CHP_SHIFT,POPULATION,CNTY_CITY_LOC,SPECIAL_COND,BEAT_TYPE,CHP_BEAT_TYPE,CITY_DIVISION_LAPD,CHP_BEAT_CLASS,BEAT_NUMBER,PRIMARY_RD,SECONDARY_RD,DISTANCE,DIRECTION,INTERSECTION,WEATHER_1,WEATHER_2,STATE_HWY_IND,CALTRANS_COUNTY,CALTRANS_DISTRICT,STATE_ROUTE,ROUTE_SUFFIX,POSTMILE_PREFIX,POSTMILE,LOCATION_TYPE,RAMP_INTERSECTION,SIDE_OF_HWY,TOW_AWAY,COLLISION_SEVERITY,NUMBER_KILLED,NUMBER_INJURED,PARTY_COUNT,PRIMARY_COLL_FACTOR,PCF_CODE_OF_VIOL,PCF_VIOL_CATEGORY,PCF_VIOLATION,PCF_VIOL_SUBSECTION,HIT_AND_RUN,TYPE_OF_COLLISION,MVIW,PED_ACTION,ROAD_SURFACE,ROAD_COND_1,ROAD_COND_2,LIGHTING,CONTROL_DEVICE,CHP_ROAD_TYPE,PEDESTRIAN_ACCIDENT,BICYCLE_ACCIDENT,MOTORCYCLE_ACCIDENT,TRUCK_ACCIDENT,NOT_PRIVATE_PROPERTY,ALCOHOL_INVOLVED,STWD_VEHTYPE_AT_FAULT,CHP_VEHTYPE_AT_FAULT,COUNT_SEVERE_INJ,COUNT_VISIBLE_INJ,COUNT_COMPLAINT_PAIN,COUNT_PED_KILLED,COUNT_PED_INJURED,COUNT_BICYCLIST_KILLED,COUNT_BICYCLIST_INJURED,COUNT_MC_KILLED,COUNT_MC_INJURED,PRIMARY_RAMP,SECONDARY_RAMP,LATITUDE,LONGITUDE,COUNTY,CITY,POINT_X,POINT_Y
8014174,2015,2016-04-14,1005,2015-06-10,1935,P1300,NW184,3,5,7,1005,0,0,0,,0,00A,"N BRAWLEY","WEST SHAW AV",200.00,N,N,A,-,N,,,,,,,,,,N,2,0,1,2,A,-,03,22350,,N,A,B,F,B,H,-,A,D,0,Y,,,,Y,,-,"- ",1,0,0,0,1,0,0,0,0,"- ","- ",,,FRESNO,FRESNO,-119.86273964,36.808928940000001
9786308,2024,2025-05-28,1005,2024-10-08,1636,P1684,CENTR,2,5,7,1005,0,0,0,,0,C/2152,"CLINTON AV","TEILMAN AV",0.00,,Y,A,-,N,,,,,,,,,,Y,1,1,1,2,A,-,09,21801,A,N,D,C,A,A,H,-,A,D,0,,,Y,,Y,,A,01,0,1,0,0,0,0,0,1,0,"- ","- ",36.771659851074219,-119.82295227050781,FRESNO,FRESNO,-119.82212829589844,36.772010803222656
9786311,2024,2025-07-10,1005,2024-10-10,"642 ",P1298,SW,4,5,7,1005,0,0,0,,0,"E 2854","FRESNO ST","C ST",79.00,E,N,A,-,N,,,,,,,,,,Y,1,1,0,2,A,-,11,21954,A,N,G,B,D,A,H,-,C,A,0,Y,,,,Y,,N,60,0,0,0,1,0,0,0,0,0,"- ","- ",36.729759216308594,-119.801513671875,FRESNO,FRESNO,-119.80007171630859,36.730487823486328
81544095,2021,2021-08-13,1005,2021-08-07,2231,P1795,CENTR,6,5,7,1005,0,0,0,,0,00B,"BLACKSTONE AVE","GRIFFITH WAY",5.00,S,N,A,-,N,,,,,,,,,,N,2,0,1,2,A,-,11,21456,B,N,G,B,D,A,H,-,C,A,0,Y,,,,Y,,N,60,1,0,0,0,1,0,0,0,0,"- ","- ",36.790390014648438,-119.79058074951172,FRESNO,FRESNO,-119.79062652587891,36.790447235107422
81951862,2022,2022-12-26,1005,2022-12-23,0320,P2117,SW,5,5,7,1005,0,0,0,,0,00D,"H ST","FRESNO ST",0.00,,N,E,-,N,,,,,,,,,,Y,1,1,0,1,A,-,03,22350,,N,E,I,A,A,H,-,C,D,0,,,,,Y,,A,01,0,0,0,0,0,0,0,0,0,"- ","- ",36.733898162841797,-119.79562377929688,FRESNO,FRESNO,-119.79437255859375,36.73443603515625
90523833,2017,2017-08-15,9435,2017-07-21,1720,020082,,5,2,7,1005,0,1,3,,2,106,"SR-99 NORTHBOUND TO CLOVIS AVENUE","CLAYTON AVE",367.00,S,N,A,-,Y,,,,,,,,,,Y,1,1,0,2,A,-,08,22107,,N,B,C,A,A,H,-,A,D,0,,,,Y,Y,Y,A,01,0,0,0,0,0,0,0,0,0,"- ","- ",36.641509999999997,-119.69961000000001,FRESNO,FRESNO,,
91938636,2022,2022-12-09,9435,2022-12-03,2200,016507,,6,3,9,1000,0,1,3,,2,184,"STATE ROUTE 180","DUNLAP RD",26400.00,E,N,C,-,Y,FRE,,180,,,100.237,H,,R,Y,2,0,1,1,A,-,01,23152,A,N,F,A,A,B,H,-,D,D,0,,,,,Y,Y,D,22,1,0,0,0,0,0,0,0,0,"- ","- ",36.749271392822266,-119.09146881103516,FRESNO,UNINCORPORATED,-119.09143829345703,36.749298095703125
92081682,2023,2023-05-30,9435,2023-04-22,"35  ",021544,,6,3,9,1000,0,3,5,,2,020,"MOUNT WHITNEY AVENUE","POLK AVENUE",500.00,W,N,A,-,N,,,,,,,,,,N,1,1,0,2,A,-,11,21954,A,N,G,B,D,A,H,-,D,D,0,Y,,,,Y,,N,60,0,0,0,1,0,0,0,0,0,"- ","- ",36.430789947509766,-119.89817810058594,FRESNO,UNINCORPORATED,-119.89781951904297,36.430801391601562
90951520,2019,2019-04-09,9461,2019-03-12,0144,020385,,2,3,9,1000,0,1,1,,2,305,"I-5 N/B","RUSSELL AVE",3062.00,S,N,A,-,Y,,,5,,,,,,N,Y,2,0,3,4,A,-,03,22350,,N,C,C,A,A,H,-,D,D,0,,,,Y,Y,,G,25,1,0,2,0,0,0,0,0,0,"- ","- ",36.679309844970703,-120.65299987792969,FRESNO,UNINCORPORATED,-120.65309143066406,36.679241180419922
91230073,2020,2020-04-27,9435,2020-04-18,1845,020387,,6,2,5,1001,0,1,3,,1,168,"STATE ROUTE 168 WESTBOUND","CLOVIS AVENUE",583.00,E,N,A,-,Y,,,168,,,,,,W,Y,2,0,1,1,A,-,08,22107,,N,E,I,A,A,H,-,A,D,0,,,,,Y,,A,01,1,0,0,0,0,0,0,0,0,"- ","- ",36.840789794921875,-119.69773101806641,FRESNO,CLOVIS,-119.69771575927734,36.840728759765625
91308571,2020,2020-09-21,9435,2020-08-10,2038,020095,,1,2,2,1004,0,1,3,,2,106,"STATE ROUTE 99 SOUTHBUND","ADAMS AVENUE",1105.00,S,N,A,-,Y,,,99,,,,,,,Y,2,0,1,1,A,-,01,23152,A,N,E,I,A,A,H,-,D,D,0,,,,,Y,Y,A,01,1,0,0,0,0,0,0,0,0,"- ","- ",36.632171630859375,-119.69051361083984,FRESNO,FOWLER,-119.69043731689453,36.632251739501953
91720918,2022,2022-05-17,9435,2022-03-02,0555,014363,,3,3,9,1000,0,3,5,,2,034,"CLARKSON AVENUE","MCCALL AVENUE",0.00,,Y,C,-,N,,,,,,,,,,N,2,0,4,2,A,-,03,22350,,N,D,C,A,A,H,-,A,A,0,,,,,Y,,A,01,1,2,1,0,0,0,0,0,0,"- ","- ",36.503578186035156,-119.61106872558594,FRESNO,UNINCORPORATED,-119.61103820800781,36.503585815429688
91758602,2022,2022-04-28,9435,2022-04-24,2045,020586,,7,2,9,1000,0,3,5,,2,025,"DEL REY AVENUE","HERNDON AVENUE",0.00,,Y,A,-,N,,,,,,,,,,Y,2,0,2,2,A,-,09,21802,A,N,D,C,A,A,H,-,D,A,0,,,,,Y,Y,A,01,2,0,0,0,0,0,0,0,0,"- ","- ",36.837268829345703,-119.59185028076172,FRESNO,UNINCORPORATED,-119.59185028076172,36.8372802734375
91924621,2022,2022-11-22,9461,2022-11-12,1855,021056,,6,2,9,1000,0,1,3,,1,603,"SR-33 N/B","HUDSON AVE",528.00,N,N,A,-,N,,,,,,,,,,Y,2,0,4,2,A,-,01,23152,A,N,A,C,A,A,H,-,D,D,0,,,,,Y,Y,-,"- ",2,2,0,0,0,0,0,0,0,"- ","- ",36.914558410644531,-120.55461120605469,FRESNO,UNINCORPORATED,-120.55460357666016,36.914577484130859
6482822,2014,2014-07-15,9435,2014-04-20,0435,018809,,7,3,7,1005,0,3,5,,2,015,"CHERRY AV","LINCOLN AV",745.00,S,N,A,-,N,,,,,,,,,,N,2,0,2,2,A,-,11,21956,A,N,G,B,E,A,H,-,D,D,0,Y,,,,Y,Y,N,60,1,1,0,0,1,0,0,0,0,"- ","- ",36.64714,-119.78191,FRESNO,FRESNO,-119.78180999999999,36.646765000000002
6946696,2015,2016-06-15,9435,2015-05-07,1815,015181,,4,2,9,1000,0,3,5,,2,015,"CHATEAU FRESNO AV","CALIFORNIA AV",0.00,,Y,B,-,N,,,,,,,,,,Y,2,0,5,2,A,-,01,23152,A,N,D,C,A,A,H,-,A,A,0,,,,,Y,Y,A,07,2,1,2,0,0,0,0,0,0,"- ","- ",36.720489999999998,-119.93447999999999,FRESNO,UNINCORPORATED,-119.93435986999999,36.720700000000001
8282103,2016,2017-03-03,1008,2016-10-24,1905,J409,KINGS,1,5,2,1008,0,0,0,,0,0KI,"SIERRA ST","19TH AV",7.00,E,N,A,-,Y,FRE,6,201,-,-,0.830,I,5,E,Y,2,0,1,2,A,-,10,21950,A,N,A,B,B,A,H,-,C,D,0,Y,,,,Y,,D,22,1,0,0,0,1,0,0,0,0,"- ","- ",,,FRESNO,KINGSBURG,-119.54647725,36.517919319999997
8527644,2017,2018-01-18,1011,2017-12-23,2244,K038,PARLI,6,5,3,1011,0,0,0,,0,0PA,"ERIC AV","ORIT AV",85.00,W,N,A,-,N,,,,,,,,,,N,2,0,1,2,A,-,03,22350,,N,G,B,D,A,H,-,D,D,0,Y,,,,Y,Y,-,,1,0,0,0,1,0,0,0,0,"- ","- ",,,FRESNO,PARLIER,-119.53507933,36.607803250000003
8648110,2018,2018-09-26,1000,2018-03-05,1657,1603,CA010,1,5,2,1010,0,0,0,,0,0OC,"HILLS VALLEY RD","ADAMS AV",0.00,,Y,A,-,N,,,,,,,,,,Y,1,1,2,2,A,-,12,22450,A,N,D,C,A,A,H,-,B,A,0,,,,,Y,,A,01,1,0,1,0,0,0,0,0,0,"- ","- ",36.631401062011719,-119.30470275878906,FRESNO,"ORANGE COVE",-119.30480194091797,36.631641387939453
84559022,2024,2025-02-03,1005,2024-10-22,"743 ",P1795,,2,5,7,1005,0,0,0,,0,00A,"CHESTNUT AVE","WELDON AVE",0.00,,Y,A,-,Y,,,,,,,,,,Y,2,0,1,2,A,-,10,21950,A,N,G,B,B,A,H,-,A,D,0,Y,,,,Y,,D,22,1,0,0,0,1,0,0,0,0,"- ","- ",36.768589019775391,-119.73642730712891,FRESNO,FRESNO,-119.73644256591797,36.768608093261719
90271231,2016,2017-11-30,9435,2016-09-13,0800,015026,,2,1,7,1005,0,1,3,,2,410,"SR-41 N/B","SIERRA AVE",575.00,S,N,A,-,Y,,,41,,,,,,N,Y,2,0,3,3,A,-,03,22350,,N,C,C,A,A,H,-,A,D,0,,,,Y,Y,,A,01,1,2,0,0,0,0,0,0,0,"- ","- ",36.828490000000002,-119.78483,FRESNO,FRESNO,-119.78493044,36.828489810000001
90338031,2016,2016-12-06,9435,2016-11-27,1213,019610,,7,1,9,1000,0,3,5,,2,015,"ELKHORN AVE","S. HIGHLAND AVE",0.00,,Y,A,-,Y,,,,,,,,,,Y,2,0,1,2,A,-,05,21752,D,N,C,C,A,A,H,-,A,A,0,,,Y,,Y,,C,02,1,0,0,0,0,0,0,0,1,"- ","- ",36.489170000000001,-119.63601,FRESNO,UNINCORPORATED,-119.63605987,36.489180019999999
91704492,2021,2022-02-18,9495,2021-10-30,2015,021354,,6,2,9,1000,0,1,1,,2,003,"INTERSTATE 5","GALE AVENUE",5280.00,S,N,A,-,Y,,,5,,,,,,,Y,1,1,0,2,A,-,01,23152,G,N,F,A,A,A,H,-,D,D,0,,,,,Y,Y,A,07,0,0,0,0,0,0,0,0,0,"- ","- ",36.168811798095703,-120.18742370605469,FRESNO,UNINCORPORATED,-120.18746948242188,36.168766021728516
92073005,2022,2023-05-19,9435,2022-06-19,0832,020122,,7,1,9,1000,0,3,5,,2,020,"FLORAL AVENUE","HENDERSON ROAD",0.00,,Y,A,-,N,,,,,,,,,,Y,1,1,0,2,A,-,12,22450,A,F,D,C,A,A,H,-,A,A,0,,,Y,,Y,,A,01,0,0,0,0,0,0,0,1,0,"- ","- ",36.575901031494141,-119.87152862548828,FRESNO,UNINCORPORATED,-119.87149810791016,36.575855255126953
6291206,2014,2014-10-15,9495,2014-07-18,0654,18253,,5,1,9,1000,0,1,1,,2,003,"RT 5","RT 198",3168.00,S,N,A,-,Y,FRE,6,5,-,-,14.280,H,-,N,Y,1,1,4,1,A,-,08,22107,,N,F,A,A,A,H,-,A,D,1,,,,,Y,,A,07,3,0,1,0,0,0,0,0,0,"- ","- ",36.245750000000001,-120.23857,FRESNO,UNINCORPORATED,-120.23897556,36.246717179999997
6550274,2014,2014-08-21,9435,2014-06-11,1700,019385,,3,2,9,1000,0,3,5,,2,020,"NEBRASKA AV","WALNUT AV",125.00,E,N,A,-,N,,,,,,,,,,Y,2,0,3,3,A,-,09,21801,A,N,D,C,A,A,H,-,A,D,0,,,,,Y,,A,01,1,1,1,0,0,0,0,0,0,"- ","- ",36.561909999999997,-119.00039,FRESNO,UNINCORPORATED,-119.80844465,36.561790000000002
6721869,2014,2015-01-14,9435,2014-11-11,1040,015026,,2,1,9,1000,0,3,5,,2,010,"FELAND AV","MCKINLEY AV",550.00,N,N,A,-,N,,,,,,,,,,N,2,0,1,2,A,-,03,22350,,N,H,A,A,A,H,-,A,D,0,,,Y,,Y,,C,02,1,0,0,0,0,0,0,0,1,"- ","- ",,,FRESNO,UNINCORPORATED,-119.84882,36.766179770000001
82260584,2023,2023-12-13,1005,2023-11-24,1838,P1895,SE,5,5,7,1005,0,0,0,,0,00B,"ARMSTRONG AVE","DAKOTA AVE",0.00,,Y,A,-,N,,,,,,,,,,N,2,0,1,2,A,-,11,21950,B,N,G,B,B,A,H,-,C,A,0,Y,,,,Y,,N,60,1,0,0,0,1,0,0,0,0,"- ","- ",36.78656005859375,-119.67312622070312,FRESNO,FRESNO,-119.67311859130859,36.786617279052734
82330914,2024,2024-03-06,1005,2024-03-04,1304,P1298,NW,1,5,7,1005,0,0,0,,0,"E / 16","SHAW AVE","MARKS AVE",0.00,,Y,A,-,N,,,,,,,,,,Y,2,0,1,5,A,-,12,21453,A,N,D,C,A,A,H,-,A,A,0,,,,,Y,,A,08,1,0,0,0,0,0,0,0,0,"- ","- ",36.807998657226562,-119.84481048583984,FRESNO,FRESNO,-119.84452819824219,36.808406829833984
82333238,2024,2024-03-08,1005,2024-03-07,"659 ",P1264,2,4,5,7,1005,0,0,0,,0,00E,"PALM AVE","OLIVE AVE",0.00,,Y,B,-,N,,,,,,,,,,Y,2,0,2,3,A,-,12,21453,A,N,D,C,A,A,H,-,A,A,0,,,,,Y,,A,01,1,1,0,0,0,0,0,0,0,"- ","- ",36.757160186767578,-119.8095703125,FRESNO,FRESNO,-119.80860900878906,36.75762939453125
91867931,2022,2022-09-19,9435,2022-09-12,1750,021148,,1,2,9,1000,0,1,3,,2,105,"KENMORE DR N","CEDAR AVENUE",22.00,W,N,A,-,N,,,,,,,,,,Y,2,0,1,2,A,-,13,22515,A,M,C,E,A,A,H,-,A,D,0,,,,,Y,,-,"- ",1,0,0,0,0,0,0,0,0,"- ","- ",36.76702880859375,-119.75473785400391,FRESNO,UNINCORPORATED,-119.75456237792969,36.770450592041016
94510549,2024,2024-12-19,9435,2024-12-09,"510 ",021544,,1,3,7,1005,0,1,3,,2,105,"SR-99 N/B","TEILMAN AVE",100.00,S,N,A,-,Y,FRE,,99," "," ",22.366,H,,R,Y,2,0,3,1,A,-,01,23152,A,N,E,8,A,A,H,-,C,D,0,,,,,Y,Y,D,22,2,0,1,0,0,0,0,0,0,"- ","- ",36.745868682861328,-119.82108306884766,FRESNO,FRESNO,-119.82117462158203,36.745819091796875
90347964,2016,2016-12-19,9435,2016-12-11,1725,020060,,7,2,9,1000,0,1,3,,1,183,"SR-180 (KINGS CANYON RD)","TRIMMER SPRINGS RD",300.00,E,N,A,-,Y,,,180,,,,,,,Y,2,0,5,3,A,-,01,23152,A,N,B,C,A,A,H,-,D,D,0,,,,,Y,Y,A,01,2,1,2,0,0,0,0,0,0,"- ","- ",36.733229999999999,-119.49316,FRESNO,UNINCORPORATED,-119.49316056000001,36.733224040000003
90615398,2017,2017-12-12,9435,2017-12-07,1252,015095,,4,1,9,1000,0,3,5,,2,010,"WESTLAWN AVENUE","SHIELDS AVENUE",0.00,,Y,A,-,N,,,,,,,,,,Y,2,0,2,2,A,-,09,21802,A,N,D,C,A,A,H,-,A,A,0,,,,,Y,,A,01,1,1,0,0,0,0,0,0,0,"- ","- ",36.778709999999997,-119.95196,FRESNO,UNINCORPORATED,-119.95197,36.778680059999999
90821314,2018,2018-09-26,9435,2018-09-17,1822,018892,,1,2,9,1000,0,1,3,,1,183,"SR-180 E/B","MCCALL AVE",0.00,,Y,A,-,Y,,,180,,,,,,E,Y,2,0,2,2,A,-,01,23152,A,N,D,C,A,A,H,-,A,A,0,,,Y,,Y,Y,A,07,2,0,0,0,0,0,0,0,2,"- ","- ",36.735721588134766,-119.61003875732422,FRESNO,UNINCORPORATED,-119.61003875732422,36.735729217529297
90900560,2018,2019-01-09,9435,2018-12-28,0627,015986,,5,1,7,1005,0,1,3,,1,411,"SR-41 N/B","MANNING AVENUE",0.00,,Y,E,-,Y,,,,,,,,,,Y,2,0,7,4,A,-,12,21453,A,N,D,C,A,B,H,-,D,A,0,,,,,Y,,D,22,5,1,1,0,0,0,0,0,0,"- ","- ",36.605251312255859,-119.78578948974609,FRESNO,FRESNO,-119.785888671875,36.605270385742188
91815313,2022,2022-07-12,9435,2022-07-02,1555,020680,,6,2,9,1000,0,3,5,,2,050,"SR-168 W/B","STONEY OAKS LN",500.00,S,N,A,-,Y,FRE,,168,,T,23.414,H,,L,Y,2,0,1,1,A,-,08,22107,,N,E,I,A,A,H,-,A,D,0,,,Y,,Y,,C,02,1,0,0,0,0,0,0,0,1,"- ","- ",36.960151672363281,-119.51007843017578,FRESNO,UNINCORPORATED,-119.51006317138672,36.960163116455078
91865348,2022,2022-09-15,9435,2022-09-05,1830,019263,,1,2,9,1000,0,1,3,,1,169,SR-168,"LITTLE SANDY ROAD",1584.00,W,N,A,-,Y,FRE,,168,,T,30.862,H,,R,Y,2,0,1,1,A,-,01,23152,A,N,E,I,A,A,H,-,A,D,0,,,,,Y,Y,D,22,1,0,0,0,0,0,0,0,0,"- ","- ",37.038200378417969,-119.50364685058594,FRESNO,UNINCORPORATED,-119.50367736816406,37.038215637207031
6432351,2014,2014-06-25,9435,2014-03-04,2345,017591,,2,3,9,1000,0,3,5,,2,040,"ELM AV","LAGUNA AV",325.00,S,N,A,-,N,,,,,,,,,,Y,2,0,1,1,C,-,18,,,N,H,H,A,A,H,-,D,D,0,,,Y,,Y,,-,"- ",1,0,0,0,0,0,0,0,1,"- ","- ",36.416150000000002,-119.79039,FRESNO,UNINCORPORATED,-119.7983,36.415647849999999
6745324,2014,2015-02-03,9435,2014-12-05,1637,016507,,5,2,9,1000,0,3,5,,2,060,"MANNING AV","ANCHOR AV",0.00,,Y,A,-,N,,,,,,,,,,Y,2,0,4,2,A,-,09,21801,A,N,A,C,A,A,H,-,B,D,0,,,,,Y,,A,01,1,2,1,0,0,0,0,0,0,"- ","- ",36.602930000000001,-119.32250999999999,FRESNO,UNINCORPORATED,-119.3227699,36.60293008
8404733,2017,2019-04-09,1005,2017-05-03,2500,P1298,SW,3,5,7,1005,0,0,0,,0,A2450,"OLIVE AV","MARKS AV",618.00,W,N,A,-,N,,,,,,,,,,N,1,1,0,2,A,-,03,22350,,N,H,G,A,A,H,-,D,D,0,,Y,,,Y,,A,01,0,0,0,0,0,1,0,0,0,"- ","- ",36.757370000000002,-119.84439999999999,FRESNO,FRESNO,-119.84642796999999,36.757400169999997
8465833,2019,2021-05-25,1005,2019-01-15,1730,P1070,"SW A",2,5,7,1005,0,0,0,,0,2550,"HUGHES AV","NIELSEN AV",1185.00,N,N,B,C,N,,,,,,,,,,N,1,1,0,2,A,-,11,21954,A,F,G,B,E,B,H,-,C,D,0,Y,,,,Y,,N,60,0,0,0,1,0,0,0,0,0,"- ","- ",36.742919921875,-119.83547210693359,FRESNO,FRESNO,-119.83556365966797,36.746383666992188
9165458,2020,2020-10-16,1012,2020-09-22,1236,L162,,2,5,3,1012,0,0,0,,0,,"DINUBA AV","CAROLYN LN",11.00,E,N,A,-,N,,,,,,,,,,Y,2,0,1,2,A,-,03,22350,,N,C,C,A,A,H,-,A,D,0,,,,,Y,,A,01,1,0,0,0,0,0,0,0,0,"- ","- ",36.589668273925781,-119.43321990966797,FRESNO,REEDLEY,-119.43315124511719,36.589649200439453
9611282,2023,2023-10-02,1013,2023-08-17,"808 ",M144,SANGE,4,5,3,1013,0,0,0,,0,M02,"ACADEMY AV","CHURCH AV",206.00,S,N,A,-,N,,,,,,,,,,Y,2,0,1,1,C,-,18,,,N,E,I,A,A,H,-,A,D,0,,,,,Y,,-,"- ",1,0,0,0,0,0,0,0,0,"- ","- ",,,FRESNO,SANGER,-119.55718231201172,36.712482452392578
92395465,2024,2024-05-21,9435,2024-05-17,1401,020205,,5,2,9,1000,0,3,5,,2,025,"WATTS VALLEY RD","RIVERBEND AVE",7550.00,E,N,A,-,N,,,,,,,,,,Y,2,0,1,1,A,-,08,22107,,N,E,I,A,A,H,-,A,D,0,,,,,Y,,D,22,1,0,0,0,0,0,0,0,0,"- ","- ",36.809478759765625,-119.49378204345703,FRESNO,UNINCORPORATED,,
94399449,2024,2024-09-18,9461,2024-07-30,1107,021126,,2,1,9,1000,0,3,5,,2,060,"BELMONT AVENUE","STATE ROUTE 33",2640.00,W,N,A,-,N,,,,,,,,,,N,1,1,0,2,A,-,05,21202,A,N,D,G,A,A,H,-,A,D,0,,Y,,Y,Y,,L,04,0,0,0,0,0,1,0,0,0,"- ","- ",36.749309539794922,-120.39598846435547,FRESNO,UNINCORPORATED,-120.39585113525391,36.749252319335938
90563724,2017,2017-10-05,9435,2017-09-30,1025,017310,,6,1,9,1000,0,3,5,,2,034,"SOUTH AVE","MCCALL AVE",25.00,E,N,A,-,N,,,,,,,,,,Y,2,0,1,2,A,-,03,22350,,N,D,C,A,A,H,-,A,D,0,,,,,Y,,A,01,1,0,0,0,0,0,0,0,0,"- ","- ",36.619839999999996,-119.61051999999999,FRESNO,UNINCORPORATED,-119.61057488,36.619809429999997
90578831,2017,2017-10-26,9435,2017-08-18,0520,020019,,5,3,9,1000,0,3,5,,2,040,"MOUNTAIN VIEW AVENUE","ACADEMY AVENUE",585.00,W,N,A,-,N,,,,,,,,,,Y,1,1,0,2,A,-,11,21954,A,N,G,B,E,A,H,-,D,D,0,Y,,,,Y,,N,60,0,0,0,1,0,0,0,0,0,"- ","- ",36.546860000000002,-119.55855,FRESNO,UNINCORPORATED,-119.55859984,36.546860000000002
90675510,2018,2018-03-23,9495,2018-02-25,0125,020942,,7,3,9,1000,0,1,1,,2,003,"I-5 N/B (WEST SIDE FREEWAY)","JAYNE AVE.",10032.00,S,N,A,-,Y,,,5,,,,,,N,Y,2,0,3,1,A,-,08,22107,,N,E,I,A,A,H,-,D,D,0,,,,,Y,,A,01,1,2,0,0,0,0,0,0,0,"- ","- ",36.112480163574219,-120.13545989990234,FRESNO,UNINCORPORATED,-120.13550567626953,36.112438201904297
90861648,2018,2018-11-16,9435,2018-10-20,1730,021247,,6,2,9,1000,0,3,5,,2,040,"CEDAR AVENUE","HARLAN AVENUE",1260.00,N,N,A,-,N,,,,,,,,,,Y,1,1,2,1,A,-,01,23152,A,N,E,I,A,A,H,-,A,D,0,,,,,Y,Y,D,22,1,1,0,0,0,0,0,0,0,"- ","- ",36.449008941650391,-119.76260375976562,FRESNO,UNINCORPORATED,-119.76248931884766,36.448989868164062
90896816,2018,2019-01-03,9495,2018-12-27,1440,019104,,4,2,9,1000,0,1,3,,1,008,"STATE ROUTE 198","STATE ROUTE 33",4224.00,E,N,A,-,Y,,,198,,,,,,,Y,2,0,3,1,A,-,08,22107,,N,E,I,A,A,H,-,A,D,0,,,,,Y,,A,01,1,2,0,0,0,0,0,0,0,"- ","- ",36.248428344726562,-120.30148315429688,FRESNO,UNINCORPORATED,-120.30146789550781,36.248268127441406
91986466,2022,2023-02-03,9435,2022-07-04,1450,021606,,1,2,7,1005,0,1,3,,2,410,"STATE ROUTE 41 NORTHBOUND","VAN NESS AVENUE",358.00,S,N,A,-,Y,FRE,,41,,R,22.507,H,,R,Y,1,1,0,3,A,-,07,21658,A,F,B,C,A,A,H,-,A,D,0,,,,,Y,,A,07,0,0,0,0,0,0,0,0,0,"- ","- ",36.726829528808594,-119.78392791748047,FRESNO,FRESNO,-119.78398132324219,36.726852416992188
90061072,2015,2015-11-30,9435,2015-11-15,1848,016730,,7,2,7,1005,0,1,3,,1,168,"SR-168 E/B","SHAW AVE.",150.00,S,N,B,-,Y,,,,,,,,,,Y,2,0,1,1,A,-,03,22350,,N,F,A,A,B,H,-,D,D,0,,,,,Y,,A,01,1,0,0,0,0,0,0,0,0,"- ","- ",36.808120000000002,-119.73181,FRESNO,FRESNO,-119.73370215,36.80812761
90257622,2016,2016-08-31,9435,2016-08-29,0055,019603,,1,3,9,1000,0,3,5,,2,015,"LINCOLN AVE","BLYTHE AVE",1812.00,E,N,A,-,N,,,,,,,,,,Y,2,0,1,1,A,-,08,22107,,N,F,A,A,A,H,-,D,D,0,,,,,Y,,A,08,1,0,0,0,0,0,0,0,0,"- ","- ",36.648510000000002,-119.87005000000001,FRESNO,UNINCORPORATED,-119.86533787,36.648572100000003
90285094,2016,2016-10-06,9435,2016-09-30,1550,020064,,5,2,9,1000,0,3,5,,2,040,"ELKHORN AVENUE","CEDAR AVENUE",550.00,W,N,A,-,N,,,,,,,,,,Y,2,0,2,2,A,-,03,22350,,N,C,C,A,A,H,-,A,D,0,,,,,Y,,D,22,1,0,1,0,0,0,0,0,0,"- ","- ",36.489289999999997,-119.76417000000001,FRESNO,UNINCORPORATED,-119.75682971000001,36.489353889999997
90355833,2016,2017-04-26,9435,2016-12-21,1140,017579,,3,1,9,1000,0,1,3,,2,410,"SR-41 N/B","FLORADORA AVE",400.00,S,N,A,-,Y,,,,,,,,,,Y,2,0,2,3,A,-,03,22350,,N,C,C,A,A,H,-,A,D,0,,,,,Y,,A,01,1,0,1,0,0,0,0,0,0,"- ","- ",,,FRESNO,UNINCORPORATED,-119.77522999999999,36.761290000000002
90434260,2017,2017-04-14,9435,2017-04-07,0849,016730,,5,1,7,1005,0,1,3,,2,105,"SR-99 S/B","SHAW AVE",1056.00,S,N,B,-,Y,,,99,,,,,,S,Y,2,0,3,2,A,-,07,21658,A,N,D,C,A,A,H,-,A,D,0,,,,,Y,,A,01,1,2,0,0,0,0,0,0,0,"- ","- ",36.805909999999997,-119.88378,FRESNO,FRESNO,-119.88381889999999,36.805851689999997
90519352,2017,2017-08-15,9435,2017-05-15,2156,018860,,1,2,7,1005,0,1,3,,2,410,"SR-41 S/B TO SR-99 S/B","CHURCH AVE",648.00,N,N,B,-,Y,,,41,,,,R,,S,Y,1,1,1,4,A,-,03,22350,,N,C,C,E,A,C,-,C,D,0,Y,,,Y,Y,,A,01,0,1,0,1,0,0,0,0,0,"- ","- ",36.715589999999999,-119.7829,FRESNO,FRESNO,-119.7829,36.715589999999999
7162269,2015,2016-02-17,1005,2015-04-25,0422,1447,3259,6,5,7,1005,0,0,0,,0,00H,"S GOLDEN STATE BL","EAST JENSEN AV",800.00,S,N,C,-,N,,,,,,,,,,N,2,0,1,2,A,-,11,21956,,N,G,B,E,B,H,-,D,D,0,Y,,,,Y,Y,N,60,1,0,0,0,1,0,0,0,0,"- ","- ",,,FRESNO,FRESNO,-119.76715873000001,36.705036100000001