CASE_ID,ACCIDENT_YEAR,PROC_DATE,JURIS,COLLISION_DATE,COLLISION_TIME,OFFICER_ID,REPORTING_DISTRICT,DAY_OF_WEEK,CHP_SHIFT,POPULATION,CNTY_CITY_LOC,SPECIAL_COND,BEAT_TYPE,CHP_BEAT_TYPE,CITY_DIVISION_LAPD,CHP_BEAT_CLASS,BEAT_NUMBER,PRIMARY_RD,SECONDARY_RD,DISTANCE,DIRECTION,INTERSECTION,WEATHER_1,WEATHER_2,STATE_HWY_IND,CALTRANS_COUNTY,CALTRANS_DISTRICT,STATE_ROUTE,ROUTE_SUFFIX,POSTMILE_PREFIX,POSTMILE,LOCATION_TYPE,RAMP_INTERSECTION,SIDE_OF_HWY,TOW_AWAY,COLLISION_SEVERITY,NUMBER_KILLED,NUMBER_INJURED,PARTY_COUNT,PRIMARY_COLL_FACTOR,PCF_CODE_OF_VIOL,PCF_VIOL_CATEGORY,PCF_VIOLATION,PCF_VIOL_SUBSECTION,HIT_AND_RUN,TYPE_OF_COLLISION,MVIW,PED_ACTION,ROAD_SURFACE,ROAD_COND_1,ROAD_COND_2,LIGHTING,CONTROL_DEVICE,CHP_ROAD_TYPE,PEDESTRIAN_ACCIDENT,BICYCLE_ACCIDENT,MOTORCYCLE_ACCIDENT,TRUCK_ACCIDENT,NOT_PRIVATE_PROPERTY,ALCOHOL_INVOLVED,STWD_VEHTYPE_AT_FAULT,CHP_VEHTYPE_AT_FAULT,COUNT_SEVERE_INJ,COUNT_VISIBLE_INJ,COUNT_COMPLAINT_PAIN,COUNT_PED_KILLED,COUNT_PED_INJURED,COUNT_BICYCLIST_KILLED,COUNT_BICYCLIST_INJURED,COUNT_MC_KILLED,COUNT_MC_INJURED,PRIMARY_RAMP,SECONDARY_RAMP,LATITUDE,LONGITUDE,COUNTY,CITY,POINT_X,POINT_Y
9464444,2021,2023-06-20,1005,2021-05-23,1443,P1131,NW/A,7,5,7,1005,0,0,0,,0,1443,"HERNDON AV","BLYTHE AV",300.00,E,N,A,-,N,,,,,,,,,,Y,1,1,0,1,A,-,03,22350,,N,F,A,A,A,H,-,A,A,0,,,Y,,Y,,C,02,0,0,0,0,0,0,0,1,0,"- ","- ",36.837120056152344,-119.87151336669922,FRESNO,FRESNO,-119.87041473388672,36.837005615234375
81622285,2021,2021-11-11,1005,2021-10-12,0832,P2038,SOUTH,2,5,7,1005,0,0,0,,0,00D,"VAN NESS AVE","41 HWY (1)",0.00,,Y,A,-,N,,,,,,,,,,Y,2,0,1,2,A,-,09,21802,A,N,E,J,A,A,H,-,A,A,0,,,Y,,Y,,A,01,1,0,0,0,0,0,0,0,1,"- ","- ",36.728511810302734,-119.78227233886719,FRESNO,FRESNO,-119.77899932861328,36.721351623535156
82306465,2024,2024-02-06,1005,2024-01-26,1946,P1767,SE,5,5,7,1005,0,0,0,,0,00C,"TULARE ST","SEVENTH ST",0.00,,Y,A,-,N,,,,,,,,,,N,2,0,1,2,A,-,11,21954,A,N,G,B,D,A,H,-,C,D,0,Y,,,,Y,,N,60,1,0,0,0,1,0,0,0,0,"- ","- ",36.743221282958984,-119.76277923583984,FRESNO,FRESNO,-119.76267242431641,36.743194580078125
82308136,2024,2024-02-07,1005,2024-02-04,1634,P1889,,7,5,7,1005,0,0,0,,0,00A,"MAPLE AVE","IRRITEC AVE",0.00,,Y,A,-,N,,,,,,,,,,N,2,0,3,2,A,-,00,23153,F,N,D,C,A,B,H,-,A,A,0,,,,,Y,,A,07,1,2,0,0,0,0,0,0,0,"- ","- ",,,FRESNO,FRESNO,-119.74541473388672,36.762786865234375
84558708,2024,2025-02-03,1005,2024-09-17,2207,P2155,,2,5,7,1005,0,0,0,,0,01G,"CHERRY AVE","JENSEN AVE",5.00,S,N,A,-,N,,,,,,,,,,N,2,0,1,2,D,-,00,,,N,G,B,B,A,H,-,C,A,0,Y,,,,Y,,-,"- ",1,0,0,0,1,0,0,0,0,"- ","- ",36.706859588623047,-119.78166961669922,FRESNO,FRESNO,-119.78173065185547,36.706825256347656
91889793,2022,2022-10-13,9435,2022-10-02,1530,021402,,7,2,9,1000,0,3,5,,2,010,"BLYTHE AVENUE",SR-180,1500.00,N,N,A,-,N,,,,,,,,,,N,2,0,1,1,A,-,03,22350,,N,F,A,A,A,H,-,A,D,0,,,Y,,Y,,C,02,1,0,0,0,0,0,0,0,1,"- ","- ",36.739498138427734,-119.87149047851562,FRESNO,UNINCORPORATED,-119.87142944335938,36.739570617675781
92066088,2023,2023-05-10,9435,2023-04-24,"715 ",020540,,1,1,9,1000,0,3,5,,2,060,"BUTTONWILLOW AVENUE","LINCOLN AVENUE",0.00,,Y,A,-,N,,,,,,,,,,Y,2,0,6,2,A,-,12,22450,A,N,D,C,A,A,H,-,A,A,0,,,,,Y,,A,01,1,5,0,0,0,0,0,0,0,"- ","- ",36.647529602050781,-119.43079376220703,FRESNO,UNINCORPORATED,-119.43091583251953,36.590995788574219
92355970,2024,2024-04-04,9435,2024-03-24,1945,020836,,7,2,9,1000,0,3,5,,2,060,"HILLS VALLEY ROAD","MANNING AVENUE",285.00,S,N,A,-,N,,,,,,,,,,Y,2,0,6,2,A,-,01,23152,A,N,A,C,A,A,H,-,D,D,0,,,,,Y,Y,A,07,4,2,0,0,0,0,0,0,0,"- ","- ",36.600090026855469,-119.30487823486328,FRESNO,UNINCORPORATED,-119.30489349365234,36.601921081542969
90869937,2018,2018-11-29,9435,2018-11-21,1747,020019,,3,2,7,1005,0,1,3,,2,410,"SR-41 SOUTHBOUND","HUNTINGTON BLVD",528.00,S,N,B,C,Y,,,41,,,,,,S,Y,2,0,1,1,A,-,08,22107,,N,E,I,A,B,H,-,C,D,0,,,,,Y,,A,01,1,0,0,0,0,0,0,0,0,"- ","- ",36.738761901855469,-119.77780151367188,FRESNO,FRESNO,-119.77766418457031,36.738761901855469
91014463,2019,2019-09-23,9435,2019-03-22,1513,020095,,5,2,9,1000,0,3,5,,2,034,"BETHEL AVENUE","DINUBA AVENUE",15.00,N,N,A,-,N,,,,,,,,,,Y,1,2,1,2,A,-,08,22107,,N,D,C,A,A,H,-,A,A,0,,,,Y,Y,,A,01,0,1,0,0,0,0,0,0,0,"- ","- ",36.590679168701172,-119.57491302490234,FRESNO,UNINCORPORATED,-119.57489013671875,36.590652465820312
91059803,2019,2019-08-26,9461,2019-08-19,1035,017329,,1,1,9,1000,0,2,4,,1,325,"SHIELDS AVENUE","RUSSELL AVENUE",0.00,,Y,A,-,N,,,,,,,,,,Y,2,0,3,2,A,-,09,21802,A,N,D,C,A,A,H,-,A,A,0,,,,,Y,,D,22,1,2,0,0,0,0,0,0,0,"- ","- ",36.778270721435547,-120.65711975097656,FRESNO,UNINCORPORATED,-120.65709686279297,36.778240203857422
91081032,2019,2019-09-23,9435,2019-09-18,1915,019263,,3,2,9,1000,0,3,5,,2,050,"TOLLHOUSE RD","VAN VLEET ROAD",4752.00,E,N,A,-,N,,,,,,,,,,Y,2,0,2,2,A,-,08,22107,,N,F,A,A,A,H,-,A,D,0,,,Y,,Y,,C,02,2,0,0,0,0,0,0,0,2,"- ","- ",36.979328155517578,-119.43338775634766,FRESNO,UNINCORPORATED,-119.44956207275391,36.962200164794922
91443310,2021,2021-04-05,9435,2021-03-24,1030,019369,,3,1,9,1000,0,3,5,,2,025,"MILLERTON ROAD","VIA MIRA BELLA",634.00,E,N,A,-,N,,,,,,,,,,Y,2,0,1,2,A,-,03,22350,,N,A,C,A,A,H,-,A,D,0,,,,,Y,,A,01,1,0,0,0,0,0,0,0,0,"- ","- ",36.990501403808594,-119.69476318359375,FRESNO,UNINCORPORATED,,
91817626,2022,2022-07-15,9435,2022-07-07,1530,020942,,4,2,9,1000,0,3,5,,2,015,"KEARNEY BOULEVARD","WESTLAWN AVENUE",110.00,E,N,A,-,N,,,,,,,,,,Y,2,0,1,1,A,-,08,22107,,N,E,I,A,A,H,-,A,D,0,,,,,Y,,A,01,1,0,0,0,0,0,0,0,0,"- ","- ",36.727798461914062,-119.95146942138672,FRESNO,UNINCORPORATED,-119.95149230957031,36.727851867675781
84679439,2025,2025-05-07,1005,2025-05-02,2039,P2152,,5,5,7,1005,0,0,0,,0,00F,"LANE AVE","WILLOW AVE",0.00,,Y,A,-,N,,,,,,,,,,Y,2,0,1,2,A,-,09,21801,A,N,D,C,A,A,H,-,C,A,0,,,,,Y,,A,01,1,0,0,0,0,0,0,0,0,"- ","- ",36.732410430908203,-119.72740173339844,FRESNO,FRESNO,-119.72740936279297,36.732276916503906
90342117,2016,2016-12-12,9435,2016-12-02,1715,020082,,5,2,7,1005,0,1,3,,2,181,"SR-180 EASTBOUND","FRESNOT ST.",194.00,E,N,A,-,Y,,,180,,,,,,E,Y,2,0,1,2,A,-,07,21658,A,N,B,C,A,A,H,-,B,D,0,,,,,Y,,A,01,1,0,0,0,0,0,0,0,0,"- ","- ",36.753599999999999,-119.78082999999999,FRESNO,FRESNO,-119.78082944000001,36.753595650000001
90362214,2016,2017-01-05,9435,2016-12-23,2000,016860,,5,2,9,1000,0,3,5,,2,050,"AUBERRY RD","POWERHOUSE RD",2640.00,E,N,C,-,N,,,,,,,,,,Y,2,0,1,1,A,-,01,23152,A,N,E,I,A,B,H,-,D,D,0,,,,,Y,Y,A,01,1,0,0,0,0,0,0,0,0,"- ","- ",37.081099999999999,-119.47682,FRESNO,UNINCORPORATED,-119.48665108,37.073916060000002
90384982,2016,2017-02-02,9435,2016-12-25,1306,019610,,7,1,9,1000,0,3,5,,2,020,"WESTLAWN AVENUE (DIRT EXTENSION)","MOUNTAIN VIEW AVE",2640.00,S,N,B,-,N,,,,,,,,,,N,2,0,1,2,C,-,18,,,N,G,B,E,A,H,-,A,D,0,Y,,,,Y,,-,"- ",1,0,0,0,1,0,0,0,0,"- ","- ",36.538649999999997,-119.95372,FRESNO,UNINCORPORATED,-119.95361,36.546849999999999
90391273,2017,2017-02-13,9435,2017-02-04,1947,019980,,6,2,9,1000,0,3,5,,2,034,"LINCOLN AVE","BETHEL AVE",0.00,,Y,A,-,N,,,,,,,,,,Y,2,0,2,2,A,-,12,22450,A,N,D,C,A,A,H,-,D,A,0,,,,,Y,,A,01,1,0,1,0,0,0,0,0,0,"- ","- ",36.648739999999997,-119.57465999999999,FRESNO,UNINCORPORATED,-119.57466994000001,36.648710090000002
90439178,2017,2017-04-20,9435,2017-04-10,1704,019113,,1,2,9,1000,0,3,5,,2,010,"ASHLAN AVENUE","PALM AVENUE",0.00,,Y,A,-,N,,,,,,,,,,Y,2,0,1,3,A,-,09,21801,A,F,A,C,A,A,H,-,A,D,0,,,Y,,Y,,A,08,1,0,0,0,0,0,0,0,1,"- ","- ",36.793900000000001,-119.8086,FRESNO,UNINCORPORATED,-119.80859991,36.793900110000003
6910895,2015,2016-11-05,9495,2015-04-19,1910,019427,,7,2,9,1000,0,1,1,,2,002,"RT 5","TUOLUMNE AV",5280.00,N,N,A,-,Y,FRE,6,5,-,-,22.030,H,-,N,Y,2,0,2,1,A,-,08,22107,,N,F,A,A,A,H,-,A,D,1,,,,,Y,,A,07,1,1,0,0,0,0,0,0,0,"- ","- ",36.342359999999999,-120.31068,FRESNO,UNINCORPORATED,-120.31072059,36.342677449999996
8168188,2017,2019-04-09,1005,2017-02-04,2036,P1131,4,6,5,7,1005,0,0,0,,0,00F,"SHAW AV","6 TH ST",574.00,W,N,A,-,N,,,,,,,,,,Y,1,1,1,2,A,-,00,23153,G,N,C,C,A,A,H,-,C,D,0,,,,,Y,Y,A,07,1,0,0,0,0,0,0,0,0,"- ","- ",36.80856,-119.7632,FRESNO,FRESNO,-119.76518522000001,36.80836
8888429,2019,2019-07-08,1013,2019-03-27,2330,M146,FRES,3,5,3,1013,0,0,0,,0,,"ACADEMY AV","9TH ST",283.00,N,N,A,-,N,,,,,,,,,,,2,0,1,2,A,-,11,21956,,N,G,B,D,A,H,-,C,D,0,Y,,,,Y,,N,60,1,0,0,0,1,0,0,0,0,"- ","- ",,,FRESNO,SANGER,-119.55558776855469,36.704696655273438
8921583,2019,2019-09-19,1001,2019-08-07,1928,5465,,3,5,5,1001,0,0,0,,0,005,"CLOVIS AV","BARSTOW AV",296.00,S,N,A,-,N,,,,,,,,,,Y,2,0,1,2,A,-,01,23153,A,F,G,B,F,A,H,-,B,D,0,Y,,,,Y,Y,A,07,1,0,0,0,1,0,0,0,0,"- ","- ",36.815750122070312,-119.70023345947266,FRESNO,CLOVIS,-119.70027160644531,36.814937591552734
9385937,2021,2021-12-31,1009,2021-11-11,1846,R070,,4,5,2,1009,0,0,0,,0,,"OLLER ST","8TH ST",0.00,,Y,A,-,Y,FRE,6,180,-,-,24.100,I,5,E,N,2,0,1,2,A,-,09,21801,A,N,D,D,A,A,H,-,C,D,0,,,,,Y,,D,22,1,0,0,0,0,0,0,0,0,"- ","- ",36.754268646240234,-120.37890625,FRESNO,MENDOTA,-120.37898254394531,36.754226684570312
9731095,2024,2024-10-31,1015,2024-09-04,2039,N162,SELMA,3,5,3,1015,0,0,0,,0,N01,"FLORAL AV","THOMPSON AV",16.00,E,N,A,-,N,,,,,,,,,,N,2,0,1,2,A,-,12,21453,A,N,D,G,A,A,H,-,C,A,0,,Y,,,Y,,L,04,1,0,0,0,0,0,1,0,0,"- ","- ",,,FRESNO,SELMA,-119.61962890625,36.576267242431641
91807292,2022,2022-06-30,9495,2022-06-19,0920,019789,,7,1,9,1000,0,3,5,,2,053,"GALE AVENUE","BISHOP AVENUE",0.00,,Y,A,-,N,,,,,,,,,,Y,2,0,3,2,A,-,09,21804,A,N,D,C,A,A,H,-,A,D,0,,,,,Y,Y,A,01,1,0,2,0,0,0,0,0,0,"- ","- ",36.181529998779297,-120.01271057128906,FRESNO,UNINCORPORATED,-120.01264953613281,36.181510925292969
92119847,2023,2023-07-18,9435,2023-02-19,1445,021315,,7,2,9,1000,0,3,5,,2,040,"CONEJO AVENUE","PEACH AVENUE",1320.00,W,N,A,-,N,,,,,,,,,,Y,1,2,0,2,A,-,17,22452,B,N,H,F,A,A,H,-,A,A,0,,,,,Y,,A,01,0,0,0,0,0,0,0,0,0,"- ","- ",36.518329620361328,-119.72325897216797,FRESNO,UNINCORPORATED,-119.72323608398438,36.518299102783203
94400741,2024,2024-09-19,9435,2024-06-29,1857,020429,,6,2,9,1000,0,3,5,,2,060,"MANNING AVENUE","ENGLEHART AVENUE",0.00,,Y,A,-,N,,,,,,,,,,Y,1,2,3,2,A,-,01,23152,A,N,D,2,A,A,H,-,A,D,0,,,,,Y,Y,A,01,0,3,0,0,0,0,0,0,0,"- ","- ",36.604068756103516,-119.41298675537109,FRESNO,UNINCORPORATED,-119.41303253173828,36.604026794433594
94419999,2024,2024-10-04,9435,2024-06-06,1139,015986,,4,1,9,1000,0,3,5,,2,010,"SHAW AVENUE","MONROE AVENUE",528.00,E,N,A,-,N,,,,,,,,,,Y,1,1,0,1,A,-,08,22107,,N,E,9,A,A,H,-,A,D,0,,,,,Y,Y,A,01,0,0,0,0,0,0,0,0,0,"- ","- ",38.80767822265625,-119.94235229492188,FRESNO,UNINCORPORATED,,
94525379,2024,2025-01-03,9461,2024-12-26,"730 ",021126,,4,1,9,1000,0,2,4,,1,310,"RUSSELL AVENUE","HERNDON AVENUE",2112.00,S,N,B,-,N,,,,,,,,,,N,2,0,3,1,A,-,08,22107,,N,F,A,A,A,H,-,A,D,0,,,,,Y,,D,22,3,0,0,0,0,0,0,0,0,"- ","- ",36.828800201416016,-120.65618133544922,FRESNO,UNINCORPORATED,-120.65617370605469,36.8306884765625
94684367,2025,2025-05-12,9435,2025-04-29,1640,021148,,2,2,7,1005,0,1,3,,1,168,"SR-168 E/B TO SHIELDS AVE","SHIELDS AVE",0.00,,Y,A,-,Y,,,,,,,,,,Y,2,0,1,4,A,-,01,23152,A,N,C,C,A,A,H,-,A,A,0,,,,,Y,Y,A,01,1,0,0,0,0,0,0,0,0,"- ","- ",36.779319763183594,-119.74815368652344,FRESNO,FRESNO,-119.74900054931641,36.779506683349609
91001340,2019,2019-05-31,9435,2019-05-25,1753,019610,,6,2,9,1000,0,3,5,,2,025,"MILLERTON RD","VIA MIRA BELLA RD",1584.00,S,N,A,-,N,,,,,,,,,,Y,2,0,2,2,A,-,03,22350,,N,B,C,A,A,H,-,A,A,0,,,Y,,Y,,C,02,1,1,0,0,0,0,0,0,2,"- ","- ",36.989269256591797,-119.69332122802734,FRESNO,UNINCORPORATED,-119.69294738769531,36.988655090332031
91043288,2019,2019-08-01,9435,2019-07-23,1545,018892,,2,2,9,1000,0,3,5,,2,025,"AUBERRY RD","COPPER AVE",3025.00,N,N,A,-,N,,,,,,,,,,Y,2,0,1,1,A,-,08,22107,,N,E,I,A,A,H,-,A,D,0,,,,,Y,,D,22,1,0,0,0,0,0,0,0,0,"- ","- ",36.904441833496094,-119.71566772460938,FRESNO,UNINCORPORATED,-119.71572875976562,36.904083251953125
91234597,2020,2020-05-06,9495,2020-04-30,0715,017686,,4,1,9,1000,0,1,1,,2,003,"INTERSTATE 5","QUIST AVENUE",3696.00,N,N,A,-,Y,,,5,,,,,,,Y,2,0,1,2,A,-,08,22107,,N,F,D,A,A,H,-,A,D,0,,,,Y,Y,,D,22,1,0,0,0,0,0,0,0,0,"- ","- ",36.103691101074219,-120.12750244140625,FRESNO,UNINCORPORATED,-120.12750244140625,36.103687286376953
91389680,2020,2021-01-18,9435,2020-12-11,1315,014547,,5,1,9,1000,0,3,5,,2,025,"AUBERRY ROAD","MILLERTON ROAD",1848.00,S,N,A,-,N,,,,,,,,,,Y,2,0,1,1,A,-,03,22350,,N,E,J,A,A,H,-,A,D,0,,,,,Y,,A,01,1,0,0,0,0,0,0,0,0,"- ","- ",36.966728210449219,-119.62819671630859,FRESNO,UNINCORPORATED,-119.6290283203125,36.9664306640625
91712157,2022,2022-03-01,9435,2022-02-21,1230,020429,,1,1,9,1000,0,3,5,,2,060,"MOUND LANE","DAFFODIL LANE",16.00,W,N,B,-,N,,,,,,,,,,Y,2,0,1,1,A,-,03,22350,,N,E,I,A,A,H,-,A,D,0,,,,,Y,,D,22,1,0,0,0,0,0,0,0,0,"- ","- ",36.687690734863281,-119.10851287841797,FRESNO,UNINCORPORATED,-119.10855865478516,36.687625885009766
91721049,2022,2022-03-11,9435,2022-03-01,1814,017579,,2,2,9,1000,0,3,5,,2,020,"MARKS AVE.","HARLAN AVE.",0.00,,Y,A,-,N,,,,,,,,,,Y,2,0,2,2,A,-,17,24250,,N,D,D,A,A,H,-,D,A,0,,,Y,,Y,,C,02,1,1,0,0,0,0,0,0,1,"- ","- ",36.445701599121094,-119.85121917724609,FRESNO,UNINCORPORATED,-119.85118103027344,36.445480346679688
81798135,2022,2022-06-20,1005,2022-05-12,2045,P1734,CENTR,4,5,7,1005,0,0,0,,0,,"BELMONT AVE","ORCHARD ST",98.00,E,N,A,-,N,,,,,,,,,,Y,1,1,0,3,A,-,08,22107,,N,C,E,A,A,H,-,C,A,0,,,,,Y,,A,01,0,0,0,0,0,0,0,0,0,"- ","- ",36.749748229980469,-119.77581024169922,FRESNO,FRESNO,-119.7745361328125,36.750473022460938
82155330,2023,2023-08-28,1005,2023-07-16,"748 ",P2104,SOUTH,7,5,7,1005,0,0,0,,0,,"KINGS CANYON RD","PEACH AVE",0.00,,Y,A,-,N,,,,,,,,,,Y,2,0,2,2,A,-,12,21453,A,N,B,C,A,A,H,-,A,A,0,,,,,Y,,A,01,1,1,0,0,0,0,0,0,0,"- ","- ",36.735958099365234,-119.71830749511719,FRESNO,FRESNO,-119.718505859375,36.73577880859375
82422579,2024,2024-06-25,1005,2024-04-13,"234 ",P2065,,6,5,7,1005,0,0,0,,0,,"EAST AVE","POLE NUMBER 9684",126.00,S,N,A,-,N,,,,,,,,,,N,2,0,2,1,A,-,03,22350,,F,E,J,A,A,D,-,D,D,0,,,,,Y,,A,01,1,1,0,0,0,0,0,0,0,"- ","- ",,,FRESNO,FRESNO,,
90011427,2015,2015-12-29,9435,2015-08-16,0316,015773,,7,3,9,1000,0,3,5,,2,060,"SOUTH AVE","HILL AVE",528.00,E,N,B,-,N,,,,,,,,,,N,2,0,1,2,A,-,05,21202,A,N,H,G,A,A,H,-,D,D,0,,Y,,,Y,Y,L,04,1,0,0,0,0,0,1,0,0,"- ","- ",36.617609999999999,-119.33824,FRESNO,UNINCORPORATED,-119.33871276000001,36.61760142
90410796,2017,2017-03-13,9435,2017-02-26,0140,020064,,7,3,7,1005,0,1,3,,2,410,"SR-41 S/B","ASHLAN AVENUE O/C",850.00,N,N,B,-,Y,,,41,,,,,,S,Y,2,0,2,1,A,-,01,23152,A,N,E,I,A,A,H,-,D,D,0,,,,,Y,Y,A,07,2,0,0,0,0,0,0,0,0,"- ","- ",36.797609999999999,-119.7854,FRESNO,FRESNO,-119.7854555,36.797606739999999
90840899,2018,2018-10-22,9495,2018-10-12,2340,021029,,5,3,9,1000,0,1,1,,2,001,"INTERSTATE 5 SOUTHBOUND","MANNING AVE",3168.00,N,N,A,-,Y,,,5,,,,,,S,Y,2,0,1,1,A,-,01,23152,A,N,F,A,A,A,H,-,D,D,0,,,,,Y,Y,A,01,1,0,0,0,0,0,0,0,0,"- ","- ",36.620849609375,-120.60800170898438,FRESNO,UNINCORPORATED,-120.60781097412109,36.621089935302734
6718033,2014,2015-01-20,9461,2014-11-22,1936,19052,,6,2,9,1000,0,3,5,,2,060,"PANOCHE RD","HUDSON AV",461.00,E,N,A,-,N,,,,,,,,,,Y,1,1,0,1,A,-,08,22107,,N,E,I,A,A,H,-,D,D,0,,,,,Y,,A,01,0,0,0,0,0,0,0,0,0,"- ","- ",36.66724,-120.54872,FRESNO,UNINCORPORATED,-120.54882824000001,36.667350380000002
6973802,2015,2015-07-08,9435,2015-05-30,0430,19648,,6,3,9,1000,0,3,5,,2,034,"JENSEN AV","DEWOLF AV",235.00,W,N,A,-,N,,,,,,,,,,Y,2,0,2,1,A,-,08,22107,,F,E,I,A,A,H,-,D,D,0,,,,,Y,,A,01,1,0,1,0,0,0,0,0,0,"- ","- ",36.707259999999998,-119.64713999999999,FRESNO,UNINCORPORATED,-119.64679852,36.707450309999999
9608244,2023,2023-08-23,1013,2023-07-02,1252,M186,SANGE,7,5,3,1013,0,0,0,,0,B01,"JENSEN AV","BETHEL AV",0.00,,Y,A,-,N,,,,,,,,,,Y,2,0,2,3,A,-,12,21453,A,N,D,C,A,A,H,-,A,A,0,,,,Y,Y,Y,F,26,1,0,1,0,0,0,0,0,0,"- ","- ",36.699199676513672,-119.57708740234375,FRESNO,SANGER,-119.57427215576172,36.706771850585938
82043482,2023,2023-04-12,1005,2023-03-03,1900,P1841,NORTH,5,5,7,1005,0,0,0,,0,00B,"BLACKSTONE AVE","BIRCH AVE",10.00,E,N,A,-,N,,,,,,,,,,N,2,0,1,2,A,-,11,21954,A,N,G,B,E,A,H,-,D,D,0,Y,,,,Y,,N,60,1,0,0,0,1,0,0,0,0,"- ","- ",36.841709136962891,-119.79039764404297,FRESNO,FRESNO,-119.79032135009766,36.841770172119141
84679414,2025,2025-05-07,1005,2025-04-28,2150,P1986,,1,5,7,1005,0,0,0,,0,00E,"BUTLER AVE","SECOND ST (E)",65.00,W,N,B,-,N,,,,,,,,,,Y,2,0,2,2,A,-,01,23153,A,N,D,C,A,A,H,-,C,A,0,,,,,Y,Y,A,01,1,1,0,0,0,0,0,0,0,"- ","- ",36.728610992431641,-119.77043151855469,FRESNO,FRESNO,-119.77114868164062,36.728664398193359
90037713,2015,2015-10-26,9435,2015-10-16,1518,018939,,5,2,9,1000,0,1,3,,1,430,"SR-43 (HIGHLAND AVE.)","CARUTHERS AVE",198.00,N,N,A,-,Y,,,43,,,,,,,Y,2,0,3,2,A,-,03,22350,,N,A,C,A,A,H,-,A,D,0,,,,,Y,,D,22,1,0,2,0,0,0,0,0,0,"- ","- ",36.540140000000001,-119.62879,FRESNO,UNINCORPORATED,-119.62880545,36.540140229999999
91434970,2020,2021-03-25,9435,2020-12-28,0435,021119,,1,3,7,1005,0,1,3,,2,106,"STATE ROUTE 99 SOUTH TO JENSEN AVENUE","JENSEN AVENUE",1584.00,N,N,C,-,Y,,,99,,,,R,,,N,1,1,0,2,A,-,11,21954,A,N,G,B,E,B,H,-,C,D,0,Y,,,,Y,,N,60,0,0,0,1,0,0,0,0,0,"- ","- ",36.71044921875,-119.77787017822266,FRESNO,FRESNO,-119.77787017822266,36.71044921875
91917239,2022,2022-11-14,9435,2022-11-02,0544,015986,,3,3,7,1005,0,1,3,,1,180,"STATE ROUTE 180 WESTBOUND","BRAWLEY AVENUE",10.00,E,N,A,-,Y,FRE,,180,,R,53.611,H,,L,N,2,0,3,2,A,-,08,22100,A,N,D,C,A,A,H,-,C,A,0,,,,,Y,,A,01,1,1,1,0,0,0,0,0,0,"- ","- ",36.735591888427734,-119.86216735839844,FRESNO,FRESNO,-119.86216735839844,36.735565185546875
90377170,2017,2017-01-25,9435,2017-01-20,1805,020429,,5,2,9,1000,0,3,5,,2,020,"FRIANT RD E/B","OLD FRIANT RD",2000.00,W,N,B,C,N,,,,,,,,,,Y,2,0,1,2,A,-,11,21956,,N,G,B,E,B,H,-,D,D,0,Y,,,,Y,,N,60,1,0,0,0,1,0,0,0,0,"- ","- ",36.909120000000001,-119.74821,FRESNO,UNINCORPORATED,-119.7719262,36.892883679999997
90428715,2017,2017-04-06,9435,2017-03-26,1815,018926,,7,2,9,1000,0,3,5,,2,020,"AUBERRY RD","VENTANA DR",10560.00,S,N,B,-,N,,,,,,,,,,Y,2,0,3,2,A,-,08,22107,,N,A,C,A,A,H,-,A,D,0,,,,,Y,,A,01,1,0,2,0,0,0,0,0,0,"- ","- ",36.951439999999998,-119.65465,FRESNO,UNINCORPORATED,-119.65367806,36.951698229999998
90529532,2017,2017-08-23,9495,2017-08-02,0330,020837,,3,3,9,1000,0,1,1,,2,001,"INTERSTATE 5 NORTHBOUND","ARROYO HONDO",7920.00,N,N,A,-,Y,,,5,,,,,,N,Y,1,1,1,1,A,-,08,22107,,N,F,A,A,A,H,-,D,D,0,,,,,Y,,A,07,1,0,0,0,0,0,0,0,0,"- ","- ",36.497500000000002,-120.45034,FRESNO,UNINCORPORATED,-120.45040078,36.497437189999999
90620086,2017,2017-12-19,9435,2017-11-04,0555,015986,,6,3,9,1000,0,1,3,,1,146,"STATE ROUTE 145 (MADERA AVENUE)","NIELSEN AVENUE",792.00,N,N,C,-,Y,,,145,,,,,,,Y,1,1,3,2,A,-,08,22107,,N,A,C,A,B,H,-,D,D,0,,,,,Y,,A,07,1,1,1,0,0,0,0,0,0,"- ","- ",36.744160000000001,-120.06005,FRESNO,UNINCORPORATED,-120.06007335,36.744160299999997
90819296,2018,2018-09-24,9435,2018-09-12,0624,019451,,3,1,9,1000,0,3,5,,2,040,"TEMPERANCE AVE","CLARKSON AVE",3168.00,N,N,A,-,N,,,,,,,,,,Y,2,0,1,2,D,-,00,,,N,B,C,A,A,H,-,D,D,0,,,Y,,Y,,-,"- ",1,0,0,0,0,0,0,0,1,"- ","- ",36.513141632080078,-119.66494750976562,FRESNO,UNINCORPORATED,-119.66497039794922,36.512367248535156
90891824,2018,2019-01-25,9435,2018-11-21,1805,021148,,3,2,9,1000,0,1,3,,1,430,"STATE ROUTE 43","CLARKSON AVENUE",0.00,,Y,C,-,Y,,,43,,,,,,,Y,1,2,2,5,A,-,12,22450,A,N,D,C,A,B,H,-,C,A,0,,,,Y,Y,,A,07,1,0,1,0,0,0,0,0,0,"- ","- ",36.503650665283203,-119.62905120849609,FRESNO,UNINCORPORATED,-119.62903594970703,36.503650665283203