CASE_ID,ACCIDENT_YEAR,PROC_DATE,JURIS,COLLISION_DATE,COLLISION_TIME,OFFICER_ID,REPORTING_DISTRICT,DAY_OF_WEEK,CHP_SHIFT,POPULATION,CNTY_CITY_LOC,SPECIAL_COND,BEAT_TYPE,CHP_BEAT_TYPE,CITY_DIVISION_LAPD,CHP_BEAT_CLASS,BEAT_NUMBER,PRIMARY_RD,SECONDARY_RD,DISTANCE,DIRECTION,INTERSECTION,WEATHER_1,WEATHER_2,STATE_HWY_IND,CALTRANS_COUNTY,CALTRANS_DISTRICT,STATE_ROUTE,ROUTE_SUFFIX,POSTMILE_PREFIX,POSTMILE,LOCATION_TYPE,RAMP_INTERSECTION,SIDE_OF_HWY,TOW_AWAY,COLLISION_SEVERITY,NUMBER_KILLED,NUMBER_INJURED,PARTY_COUNT,PRIMARY_COLL_FACTOR,PCF_CODE_OF_VIOL,PCF_VIOL_CATEGORY,PCF_VIOLATION,PCF_VIOL_SUBSECTION,HIT_AND_RUN,TYPE_OF_COLLISION,MVIW,PED_ACTION,ROAD_SURFACE,ROAD_COND_1,ROAD_COND_2,LIGHTING,CONTROL_DEVICE,CHP_ROAD_TYPE,PEDESTRIAN_ACCIDENT,BICYCLE_ACCIDENT,MOTORCYCLE_ACCIDENT,TRUCK_ACCIDENT,NOT_PRIVATE_PROPERTY,ALCOHOL_INVOLVED,STWD_VEHTYPE_AT_FAULT,CHP_VEHTYPE_AT_FAULT,COUNT_SEVERE_INJ,COUNT_VISIBLE_INJ,COUNT_COMPLAINT_PAIN,COUNT_PED_KILLED,COUNT_PED_INJURED,COUNT_BICYCLIST_KILLED,COUNT_BICYCLIST_INJURED,COUNT_MC_KILLED,COUNT_MC_INJURED,PRIMARY_RAMP,SECONDARY_RAMP,LATITUDE,LONGITUDE,COUNTY,CITY,POINT_X,POINT_Y
6721830,2014,2015-01-14,9435,2014-11-15,1735,18609,,6,2,9,1000,0,3,5,,2,030,"RIVERBEND AV","SHIELDS AV",920.00,S,N,B,-,N,,,,,,,,,,Y,2,0,1,1,A,-,08,22107,,N,E,J,A,A,H,-,D,D,0,,,,,Y,,A,01,1,0,0,0,0,0,0,0,0,"- ","- ",36.775669999999998,-119.51076999999999,FRESNO,UNINCORPORATED,-119.51066111,36.776385189999999
6735379,2014,2016-07-01,9435,2014-12-10,1808,015106,,3,2,7,1005,0,1,3,,2,181,"RT 180","1ST ST",100.00,E,N,B,-,Y,FRE,6,180,-,R,58.880,H,-,W,N,2,0,1,2,A,-,11,21956,A,N,G,B,E,A,H,-,D,D,1,Y,,,,Y,,N,60,1,0,0,0,1,0,0,0,0,"- ","- ",,,FRESNO,FRESNO,-119.7723,36.754889550000001
7161679,2015,2016-02-16,1005,2015-02-01,0843,P868,SW285,7,5,7,1005,0,0,0,,0,00E,"S FRUIT AV","W VALENCIA AV",35.00,S,N,A,-,N,,,,,,,,,,Y,2,0,1,2,A,-,03,22350,,N,C,E,A,A,H,-,A,D,0,,,Y,,Y,,C,02,1,0,0,0,0,0,0,0,1,"- ","- ",,,FRESNO,FRESNO,-119.81767092,36.723173930000002
7161925,2015,2016-04-12,1005,2015-05-16,0710,P943,SE196,6,5,7,1005,0,0,0,,0,00A,"N DUKE AV","EAST DAKOTA AV",528.00,E,N,A,-,N,,,,,,,,,,N,2,0,1,1,A,-,01,23153,A,F,B,-,A,A,-,-,-,-,0,,,,,Y,Y,A,01,1,0,0,0,0,0,0,0,0,"- ","- ",,,FRESNO,FRESNO,,
8465311,2016,2017-10-13,1005,2016-10-23,1847,P1603,,7,5,7,1005,0,0,0,,0,,"WEST ASHLAN AV","N HOLT AV",0.00,,Y,A,-,N,,,,,,,,,,Y,1,1,0,2,A,-,11,21954,A,N,G,B,D,A,H,-,C,D,0,Y,,,,Y,,N,60,0,0,0,1,0,0,0,0,0,"- ","- ",,,FRESNO,FRESNO,-119.82056987,36.793800040000001
8465881,2019,2019-07-02,1005,2019-02-27,1744,P731,2157,3,5,7,1005,0,0,0,,0,02D,"FRESNO ST","PRINCETON ST",0.00,,Y,A,B,N,,,,,,,,,,Y,1,1,4,2,A,-,01,23152,F,N,D,C,A,A,H,-,B,A,0,,,,,Y,,A,01,3,0,1,0,0,0,0,0,0,"- ","- ",36.775848388671875,-119.78154754638672,FRESNO,FRESNO,-119.78153228759766,36.775901794433594
91261338,2020,2020-07-01,9435,2020-06-20,1900,020095,,6,2,9,1000,0,3,5,,2,050,"SUMMIT CREEK","DINKEY CREEK RD",0.00,,N,A,-,N,,,,,,,,,,N,2,0,1,1,D,-,00,,,N,F,I,A,A,H,-,B,D,0,,,Y,,Y,,-,"- ",1,0,0,0,0,0,0,0,1,"- ","- ",37.111961364746094,-119.2169189453125,FRESNO,UNINCORPORATED,-119.20272827148438,37.083091735839844
91323571,2020,2020-10-14,9435,2020-07-13,1810,017310,,1,2,9,1000,0,3,5,,2,025,"HERNDON AVENUE","THOMPSON AVENUE",0.00,,Y,A,-,N,,,,,,,,,,Y,1,1,0,2,A,-,05,21752,D,N,D,C,A,A,H,-,A,D,0,,,Y,,Y,,C,02,0,0,0,0,0,0,0,1,0,"- ","- ",36.837398529052734,-119.62106323242188,FRESNO,UNINCORPORATED,-119.62098693847656,36.837379455566406
91730273,2021,2022-03-23,9495,2021-09-20,2300,019424,,1,3,9,1000,0,1,1,,2,002,"INTERSTATE 5 (SOUTHBOUND)","JEFFREY AVENUE",7392.00,N,N,A,-,Y,,,5,,,,,,,Y,1,1,0,4,A,-,03,22350,,F,C,C,A,A,H,-,D,D,0,,,Y,,Y,,A,01,0,0,0,0,0,0,0,1,0,"- ","- ",36.387630462646484,-120.35146331787109,FRESNO,UNINCORPORATED,-120.35140228271484,36.387683868408203
92075719,2023,2023-05-23,9435,2023-04-22,"24  ",021031,,6,3,7,1005,0,1,3,,1,168,"SR-168 WESTBOUND TO MCKINLEY AVE","MCKINLEY AVENUE",761.00,N,N,A,-,Y,,,,,,,,,,Y,2,0,1,1,A,-,01,23152,A,N,F,8,A,A,H,-,D,D,0,,,,,Y,Y,A,01,1,0,0,0,0,0,0,0,0,"- ","- ",36.767269134521484,-119.74994659423828,FRESNO,FRESNO,-119.74994659423828,36.767269134521484
94384706,2024,2024-09-06,9435,2024-03-18,"145 ",017518,,1,3,9,1000,0,3,5,,2,025,"COPPER AVENUE","WILLOW AVENUE",775.00,E,N,A,-,N,,,,,,,,,,Y,1,2,1,1,A,-,01,23152,A,N,E,8,A,A,H,-,D,A,0,,,,,Y,Y,A,01,0,1,0,0,0,0,0,0,0,"- ","- ",36.895999908447266,-119.72718048095703,FRESNO,UNINCORPORATED,-119.72730255126953,36.895999908447266
94416946,2024,2024-10-02,9435,2024-09-20,2043,021837,,5,2,9,1000,0,3,5,,2,020,"MT WHITNEY AVE","CORNELIA AVE",250.00,W,N,A,-,N,,,,,,,,,,Y,2,0,3,2,A,-,03,22350,,N,C,C,A,A,H,-,D,D,0,,,,,Y,,D,22,1,1,1,0,0,0,0,0,0,"- ","- ",36.430820465087891,-119.88809204101562,FRESNO,UNINCORPORATED,-119.88794708251953,36.430812835693359
90975110,2019,2019-04-25,9435,2019-04-20,1012,018912,,6,1,7,1005,0,1,3,,2,105,"STATE ROUTE 99 (SOUTHBOUND)","TUOLUMNE ST",50.00,N,N,A,-,Y,,,99,,,,,,,Y,2,0,2,2,A,-,03,22350,,N,C,C,A,A,H,-,A,D,0,,,Y,,Y,,C,02,1,0,1,0,0,0,0,0,1,"- ","- ",36.733268737792969,-119.80182647705078,FRESNO,FRESNO,-119.80181884765625,36.733283996582031
91009273,2019,2019-06-13,9435,2019-04-18,2500,014363,,4,4,2,1008,0,1,3,,2,107,"STATE ROUTE 99 S/B TO SIERRA STREET","SIERRA STREET",1185.00,N,N,A,-,Y,,,99,,,,R,,S,Y,1,1,0,1,A,-,08,22107,,N,E,I,A,A,H,-,C,D,0,,,,,Y,,A,01,0,0,0,0,0,0,0,0,0,"- ","- ",36.520431518554688,-119.56497192382812,FRESNO,KINGSBURG,-119.56497192382812,36.520431518554688
91017822,2019,2019-06-26,9435,2019-06-18,0510,021165,,2,3,9,1000,0,3,5,,2,015,"JENSEN AVE","CORNELIA AVE",0.00,,Y,A,-,N,,,,,,,,,,Y,2,0,2,2,A,-,09,21801,A,N,D,C,A,A,H,-,B,D,0,,,,,Y,,A,08,1,0,1,0,0,0,0,0,0,"- ","- ",36.706390380859375,-119.88050079345703,FRESNO,UNINCORPORATED,-119.88051605224609,36.7064208984375
91030056,2019,2019-07-12,9435,2019-07-11,1300,020733,,4,1,7,1005,0,1,3,,2,105,"SR-99 S/B TO SR-180 E/B","TEILMAN AVE",2112.00,E,N,A,-,Y,,,99,,,,R,,S,Y,2,0,1,1,A,-,08,22107,,N,F,A,A,A,H,-,A,D,0,,,Y,,Y,,C,02,1,0,0,0,0,0,0,0,1,"- ","- ",36.739509582519531,-119.81501770019531,FRESNO,FRESNO,-119.81501770019531,36.739509582519531
91100445,2019,2019-10-18,9435,2019-10-08,1630,018892,,2,2,9,1000,0,3,5,,2,034,"BETHEL AVE","FLORAL AVE",0.00,,Y,A,-,N,,,,,,,,,,Y,2,0,2,2,A,-,09,21801,A,N,A,C,A,A,H,-,A,D,0,,,,,Y,,D,22,1,0,1,0,0,0,0,0,0,"- ","- ",36.576141357421875,-119.57502746582031,FRESNO,UNINCORPORATED,-119.57499694824219,36.57611083984375
91154949,2019,2020-01-03,9435,2019-04-13,1310,019263,,6,1,9,1000,0,3,5,,2,050,"LODGE ROAD","WINTERMUTE LANE",2640.00,E,N,A,-,N,,,,,,,,,,Y,1,1,0,2,A,-,08,22107,,N,F,A,A,A,H,-,A,D,0,,,Y,,Y,,C,02,0,0,0,0,0,0,0,1,0,"- ","- ",37.038028717041016,-119.45478057861328,FRESNO,UNINCORPORATED,-119.45510101318359,37.038028717041016
90362902,2016,2017-01-06,9435,2016-12-28,1725,018914,,3,2,9,1000,0,3,5,,2,034,"TEMPERANCE AVE","CENTRAL AVENUE",0.00,,Y,A,-,Y,,,,,,,,,,Y,2,0,2,2,A,-,12,22450,A,N,D,C,A,A,H,-,D,A,0,,,,Y,Y,,A,01,2,0,0,0,0,0,0,0,0,"- ","- ",36.6708,-119.66379999999999,FRESNO,UNINCORPORATED,-119.66386992,36.678080020000003
90441370,2017,2017-04-25,9495,2017-04-18,0639,018639,,2,1,9,1000,0,3,5,,2,053,"GALE AVENUE","SISKIYOU AVENUE",7392.00,E,N,B,-,N,,,,,,,,,,Y,2,0,1,2,A,-,05,21650,,N,A,C,A,B,H,-,B,D,0,,,,,Y,,A,01,1,0,0,0,0,0,0,0,0,"- ","- ",36.181570000000001,-120.05817,FRESNO,UNINCORPORATED,-120.06022688,36.181520079999999
90471779,2017,2017-06-16,9435,2017-05-28,2058,016507,,7,2,9,1000,0,3,5,,2,060,"GOODFELLOW AVE","MACDONOUGH AVE",73.00,E,N,A,-,N,,,,,,,,,,Y,2,0,2,1,A,-,01,23152,A,N,E,I,A,A,H,-,D,D,0,,,,,Y,Y,D,22,1,1,0,0,0,0,0,0,0,"- ","- ",36.669809999999998,-119.49305,FRESNO,UNINCORPORATED,-119.49309131,36.669868350000002
90575790,2017,2017-10-23,9495,2017-10-12,2140,020890,,4,2,9,1000,0,1,1,,2,001,"INTERSTATE 5 (NORTHBOUND)","MOUNTAIN VIEW AVE",329.00,S,N,A,-,Y,,,5,,,,,,,Y,2,0,2,1,A,-,08,22107,,N,E,I,A,A,H,-,D,D,0,,,,Y,Y,,G,25,1,0,1,0,0,0,0,0,0,"- ","- ",36.55301,-120.51687,FRESNO,UNINCORPORATED,-120.51694877,36.55290591
90588747,2017,2017-11-07,9435,2017-10-23,1810,019523,,1,2,9,1000,0,3,5,,2,040,"MANNING AVE E/B","BETHEL AVE",0.00,,Y,A,-,N,,,,,,,,,,Y,2,0,1,2,A,-,01,23152,A,N,D,C,A,A,H,-,B,A,0,,,,,Y,Y,A,01,1,0,0,0,0,0,0,0,0,"- ","- ",36.605060000000002,-119.57481,FRESNO,UNINCORPORATED,-119.57483996000001,36.605190010000001
90600044,2017,2017-11-22,9435,2017-11-12,2252,018609,,7,3,7,1005,0,1,3,,2,182,"SR-180 W/B TO SR-168 E/B","SR-180 W/B",200.00,N,N,A,-,Y,,,180,,,,R,,W,Y,2,0,1,2,A,-,01,23152,A,N,C,C,A,A,H,-,D,D,0,,,,,Y,Y,A,01,1,0,0,0,0,0,0,0,0,"- ","- ",36.755490000000002,-119.74639000000001,FRESNO,FRESNO,-119.74639000000001,36.755490000000002
9464416,2021,2023-06-24,1005,2021-09-24,1939,P1767,SE,5,5,7,1005,0,0,0,,0,00E,"CEDAR AV","BUTLER AV",127.00,S,N,A,-,N,,,,,,,,,,N,1,1,0,2,A,-,11,21954,A,F,G,B,D,A,H,-,C,D,0,Y,,,,Y,,N,60,0,0,0,1,0,0,0,0,0,"- ","- ",36.728618621826172,-119.75457000732422,FRESNO,FRESNO,-119.75464630126953,36.728260040283203
9751377,2024,2024-11-18,1015,2024-10-28,1859,N164,,1,5,3,1015,0,0,0,,0,SELMA,"GOLDEN STATE BL","PARK ST",0.00,,Y,A,-,N,,,,,,,,,,Y,1,1,3,2,A,-,09,21801,A,N,D,C,A,A,H,-,B,D,0,,,,,Y,,A,01,1,0,2,0,0,0,0,0,0,"- ","- ",36.561241149902344,-119.60669708251953,FRESNO,SELMA,-119.6065673828125,36.561294555664062
81495466,2021,2021-06-14,1005,2021-06-04,1904,P1738,SOUTH,5,5,7,1005,0,0,0,,0,00D,"EL MONTE WAY","HAZELWOOD BLVD",160.00,E,N,A,-,N,,,,,,,,,,N,2,0,1,2,A,-,09,21804,A,N,D,G,A,A,H,-,A,D,0,,Y,,,Y,,L,04,1,0,0,0,0,0,1,0,0,"- ","- ",36.734668731689453,-119.77438354492188,FRESNO,FRESNO,-119.77384185791016,36.734825134277344
82043479,2023,2023-04-12,1005,2023-03-02,1527,P959,SOUTH,4,5,7,1005,0,0,0,,0,,"GOLDEN STATE BLVD","E ST",0.00,,N,A,-,N,,,,,,,,,,Y,1,1,0,2,A,-,11,21954,A,N,G,B,D,A,H,-,A,D,0,Y,,,,Y,,N,60,0,0,0,1,0,0,0,0,0,"- ","- ",36.724250793457031,-119.78842926025391,FRESNO,FRESNO,,
82118264,2023,2023-07-17,1005,2023-07-01,1437,P2206,NW,6,5,7,1005,0,0,0,,0,00F,"W CLINTON AVE OVERPASS",CA-99,33.00,E,N,A,-,N,,,,,,,,,,Y,2,0,3,2,A,-,09,21453,C,N,D,D,A,A,H,-,A,A,0,,,,,Y,,A,07,3,0,0,0,0,0,0,0,0,"- ","- ",,,FRESNO,FRESNO,-119.83911895751953,36.772010803222656
90233177,2016,2016-07-29,9435,2016-07-09,1739,020419,,6,2,7,1005,0,1,3,,2,410,"SR-41 N/B","BULLARD AVE",2000.00,S,N,A,-,Y,,,41,,,,,,N,N,2,0,1,1,A,-,03,22350,,N,F,A,A,A,H,-,A,D,0,,,Y,,Y,,C,02,1,0,0,0,0,0,0,0,1,"- ","- ",36.818019999999997,-119.78523,FRESNO,FRESNO,-119.78518080000001,36.818019749999998
6706268,2014,2015-01-15,9435,2014-11-01,0315,18421,,6,3,9,1000,0,3,5,,2,025,"HERNDON AV","ACADEMY AV",4224.00,W,N,B,C,N,,,,,,,,,,Y,2,0,2,2,A,-,08,22107,,N,E,I,A,B,H,-,D,D,0,,,,,Y,,D,22,1,1,0,0,0,0,0,0,0,"- ","- ",36.83717,-119.57079,FRESNO,UNINCORPORATED,-119.57013221,36.837215520000001
6718479,2014,2015-07-20,9435,2014-10-06,0620,17138,,1,1,9,1000,0,3,5,,2,020,"MOUNT WHITNEY AV","SONOMA AV",3168.00,E,N,A,-,N,,,,,,,,,,Y,1,1,0,1,A,-,08,22107,,N,E,J,A,A,H,-,B,D,0,,,,,Y,,A,01,0,0,0,0,0,0,0,0,0,"- ","- ",36.42915,-120.23479,FRESNO,UNINCORPORATED,-120.23700606,36.429071450000002
9320417,2020,2022-06-11,1005,2020-12-26,2338,P1070,"NW E",6,5,7,1005,0,0,0,,0,1554,"BULLARD AV","PALM AV",0.00,,Y,B,-,N,,,,,,,,,,Y,1,4,3,3,A,-,01,23152,F,N,D,C,A,A,H,-,C,A,0,,,,,Y,,A,01,1,0,2,0,0,0,0,0,0,"- ","- ",36.822811126708984,-119.80835723876953,FRESNO,FRESNO,-119.80840301513672,36.822860717773438
81519622,2021,2021-07-14,1005,2021-06-17,1655,P1757,NORTH,4,5,7,1005,0,0,0,,0,,"SHIELDS AVE","FIRST ST",0.00,,Y,A,-,N,,,,,,,,,,N,2,0,1,2,A,-,11,21456,C,N,G,B,B,A,H,-,A,A,0,Y,,,,Y,Y,N,60,1,0,0,0,1,0,0,0,0,"- ","- ",36.779598236083984,-119.77262878417969,FRESNO,FRESNO,-119.77265930175781,36.779563903808594
81547490,2021,2021-08-18,1005,2021-08-03,2028,P1684,NORTH,2,5,7,1005,0,0,0,,0,00F,"SHAW AVE","CEDAR AVE",65.00,W,N,A,-,N,,,,,,,,,,Y,2,0,1,2,A,-,07,21658,A,N,D,C,A,A,H,-,C,D,0,,,Y,,Y,,A,01,1,0,0,0,0,0,0,0,1,"- ","- ",36.808521270751953,-119.75414276123047,FRESNO,FRESNO,-119.75449371337891,36.808540344238281
81709453,2022,2022-02-25,1005,2022-02-06,0112,P1957,SW,7,5,7,1005,0,0,0,,0,00B,"FULTON ST","NEVADA AVE",0.00,,Y,A,-,N,,,,,,,,,,Y,2,0,2,2,A,-,09,21802,A,F,D,C,A,A,H,-,C,A,0,,,,,Y,,A,01,1,0,1,0,0,0,0,0,0,"- ","- ",36.745811462402344,-119.80055999755859,FRESNO,FRESNO,-119.80034637451172,36.745803833007812
92367629,2024,2024-04-24,9435,2024-04-08,"745 ",017310,,1,1,7,1005,0,3,5,,2,025,"WILLOW AVENUE","E. VIA MONTE VERDI",945.00,S,N,A,-,N,,,,,,,,,,Y,2,0,2,2,A,-,03,22350,,N,C,C,A,A,H,-,A,D,0,,,,,Y,,D,22,1,1,0,0,0,0,0,0,0,"- ","- ",36.912200927734375,-119.72815704345703,FRESNO,FRESNO,-119.72806549072266,36.913669586181641
94676676,2025,2025-05-14,9435,2025-04-24,2500,016911,,4,4,9,1000,0,3,5,,2,025,"COLE AVE","HIGHLAND AVE",650.00,E,N,A,-,N,,,,,,,,,,Y,1,1,0,1,A,-,08,22107,,N,E,I,A,A,H,-,B,D,0,,,Y,,Y,,C,02,0,0,0,0,0,0,0,1,0,"- ","- ",36.86260986328125,-119.62772369384766,FRESNO,UNINCORPORATED,,
90863003,2018,2018-11-19,9435,2018-11-09,0550,014363,,5,3,9,1000,0,3,5,,2,034,"BETHEL AVENUE","DINUBA AVENUE",0.00,,Y,A,-,N,,,,,,,,,,Y,2,0,2,2,A,-,12,22450,A,N,D,C,A,A,H,-,B,A,0,,,,,Y,,A,01,1,0,1,0,0,0,0,0,0,"- ","- ",36.590599060058594,-119.57492065429688,FRESNO,UNINCORPORATED,-119.57489013671875,36.590610504150391
91235458,2020,2020-05-08,9435,2020-04-28,1530,020942,,2,2,9,1000,0,3,5,,2,025,"AUBERRY ROAD","SUMMIT MOUNTAIN ROAD",1584.00,N,N,A,-,N,,,,,,,,,,N,2,0,1,2,A,-,05,21202,A,N,B,G,A,A,H,-,A,D,0,,Y,,,Y,,L,04,1,0,0,0,0,0,1,0,0,"- ","- ",36.948040008544922,-119.67295837402344,FRESNO,UNINCORPORATED,-119.67302703857422,36.947956085205078
6290074,2014,2015-04-15,9435,2014-01-04,2343,18935,,6,3,9,1000,0,3,5,,2,010,"CORNELIA AV","SHIELDS AV",121.00,N,N,A,-,N,,,,,,,,,,Y,1,1,1,3,A,-,01,23152,A,N,C,E,A,A,H,-,D,D,0,,,,,Y,Y,A,01,1,0,0,0,0,0,0,0,0,"- ","- ",36.77948,-119.88030999999999,FRESNO,UNINCORPORATED,-119.88030165000001,36.779362149999997
6291153,2014,2014-08-22,9435,2014-01-25,1803,18944,,6,2,9,1000,0,3,5,,2,030,"MCCALL AV","BELMONT AV",1584.00,N,N,A,-,N,,,,,,,,,,Y,1,3,2,2,A,-,01,23152,A,N,A,C,A,A,H,-,D,D,0,,,,,Y,Y,A,08,2,0,0,0,0,0,0,0,0,"- ","- ",36.754950000000001,-119.61014,FRESNO,UNINCORPORATED,-119.61015001,36.754537470000002
6291168,2014,2014-08-21,9435,2014-06-13,2127,18746,,5,2,9,1000,0,3,5,,2,034,"ACADEMY AV","CENTRAL AV",2112.00,S,N,A,-,N,,,,,,,,,,Y,1,1,0,1,A,-,01,23152,A,N,E,I,A,A,H,-,D,D,0,,,,,Y,Y,A,01,0,0,0,0,0,0,0,0,0,"- ","- ",36.672550000000001,-119.55653,FRESNO,UNINCORPORATED,-119.55656956,36.671968460000002
6291704,2014,2016-01-13,9435,2014-09-23,2225,15751,,2,3,7,1005,0,1,3,,2,105,"RT 99","STANISLAUS ST",192.00,N,N,A,-,Y,FRE,6,99,-,-,21.182,R,2,S,Y,1,1,0,2,A,-,11,21954,A,N,G,B,D,A,H,-,D,D,1,Y,,,,Y,Y,N,60,0,0,0,1,0,0,0,0,0,TO,"- ",36.734050000000003,-119.80315,FRESNO,FRESNO,-119.80458609999999,36.735833
6291927,2014,2015-07-20,9435,2014-11-30,0825,015773,,7,1,9,1000,0,3,5,,2,060,"GEORGE SMITH RD","OTTER LN",130.00,S,N,B,-,N,,,,,,,,,,Y,1,1,1,2,A,-,05,21460,A,N,A,C,A,A,H,-,A,A,0,,,,,Y,,A,01,0,0,1,0,0,0,0,0,0,"- ","- ",36.693570000000001,-119.2389,FRESNO,UNINCORPORATED,-119.23898161,36.693570379999997
6292414,2015,2015-08-05,9495,2015-05-01,1253,19082,,5,1,9,1000,0,1,1,,2,001,"RT 5","MT VIEW AV",652.00,N,N,A,-,Y,FRE,6,5,-,-,40.780,H,-,S,Y,1,1,2,2,A,-,08,22107,,N,B,C,A,A,H,-,A,D,1,,,,,Y,,D,22,1,1,0,0,0,0,0,0,0,"- ","- ",36.553199999999997,-120.518,FRESNO,UNINCORPORATED,-120.5199307,36.554739660000003
6292936,2016,2017-10-04,1005,2016-04-25,1954,P731,2048,1,5,7,1005,0,0,0,,0,NWF,"PARKWAY DR","SHIELDS AV",412.00,N,N,A,-,N,,,,,,,,,,N,1,1,0,1,A,-,01,23152,B,N,E,I,A,A,H,-,B,D,0,,,Y,,Y,Y,C,02,0,0,0,0,0,0,0,1,0,"- ","- ",36.778199999999998,-119.84623999999999,FRESNO,FRESNO,-119.84658724000001,36.77927957
6357907,2014,2014-06-09,9435,2014-01-07,1756,15181,,2,2,9,1000,0,3,5,,2,015,"LINCOLN AV","BISHOP AV",47520.00,W,N,A,-,N,,,,,,,,,,Y,2,0,2,3,A,-,08,22107,,N,A,C,A,A,H,-,D,D,0,,,,,Y,Y,D,22,2,0,0,0,0,0,0,0,0,"- ","- ",36.647590000000001,-120.0228,FRESNO,UNINCORPORATED,-120.06115,36.647480000000002
6482863,2014,2014-07-16,9435,2014-04-15,0604,014479,,2,1,9,1000,0,3,5,,2,040,"ACADEMY AV","NEBRASKA AV",0.00,,Y,A,-,N,,,,,,,,,,Y,2,0,10,2,A,-,09,21802,A,N,D,C,A,A,H,-,B,A,0,,,,,Y,,M,58,4,3,3,0,0,0,0,0,0,"- ","- ",36.561570000000003,-119.55632,FRESNO,UNINCORPORATED,-119.55652985,36.561380079999999
6540764,2014,2014-08-29,1001,2014-05-21,2240,5470,CLOVI,3,5,5,1001,0,0,0,,0,007,"FOWLER AV","HERNDON AV",0.00,,Y,A,-,N,,,,,,,,,,Y,2,0,2,2,A,-,03,22350,,N,C,C,A,A,H,-,C,A,0,,,,,Y,,A,01,1,1,0,0,0,0,0,0,0,"- ","- ",,,FRESNO,CLOVIS,-119.68416999,36.837390059999997
6544685,2014,2016-04-12,9495,2014-06-23,2352,019427,,1,3,9,1000,0,3,5,,2,053,"RT 269","AVENAL CUTOFF",150.00,E,N,A,-,Y,FRE,6,269,-,-,0.082,I,6,N,Y,2,0,2,1,A,-,03,22350,,F,F,A,A,A,H,-,D,D,0,,,,,Y,Y,A,07,2,0,0,0,0,0,0,0,0,TO,"- ",36.072040000000001,-120.10253,FRESNO,UNINCORPORATED,-120.10287689,36.071651080000002
6546534,2014,2016-04-16,9435,2014-06-20,1025,014547,,5,1,9,1000,0,3,5,,2,030,"BELMONT AV","TEMPERANCE AV",0.00,,Y,A,-,N,,,,,,,,,,Y,2,0,4,2,A,-,12,22450,A,N,D,C,A,A,H,-,A,A,0,,,,,Y,,D,22,2,0,2,0,0,0,0,0,0,"- ","- ",,,FRESNO,UNINCORPORATED,-119.6639799,36.750280080000003
6585939,2014,2016-05-13,9435,2014-07-17,0816,012054,,4,1,2,1004,0,1,3,,2,106,"RT 99","MERCED ST",136.00,S,N,A,-,Y,FRE,6,99,-,-,10.891,R,2,N,Y,2,0,2,2,A,-,03,22350,,N,C,C,A,A,H,-,A,D,1,,,Y,,Y,,C,02,1,0,1,0,0,0,0,0,1,TO,"- ",36.677199999999999,-119.73669,FRESNO,FOWLER,-119.68164555,36.624242520000003
6589243,2014,2014-09-18,9461,2014-08-05,2232,017165,,2,3,9,1000,0,3,5,,2,060,"SAN DIEGO AV","SHAW AV",0.00,,Y,A,-,N,,,,,,,,,,Y,2,0,1,2,A,-,12,22450,A,N,D,C,A,A,H,-,D,A,0,,,,Y,Y,,A,01,1,0,0,0,0,0,0,0,0,"- ","- ",36.80706,-120.44049,FRESNO,UNINCORPORATED,-120.44014998,36.807080069999998
6606231,2014,2015-12-29,9435,2014-05-22,0805,15026,,4,1,9,1000,0,1,3,,1,168,"RT 168","SHEPHERD AV",30.00,S,N,A,-,Y,FRE,6,168,-,R,11.820,H,-,W,Y,1,1,3,2,A,-,09,21802,A,N,D,C,A,A,H,-,A,D,0,,,,,Y,,A,01,2,0,1,0,0,0,0,0,0,"- ","- ",36.867699999999999,-119.56491,FRESNO,UNINCORPORATED,-119.62521682000001,36.865198290000002
6632963,2014,2016-05-13,9435,2014-08-14,1740,017310,,4,2,9,1000,0,1,3,,2,106,"RT 99","AMERICAN AV",2640.00,S,N,A,-,Y,FRE,6,99,-,-,14.010,H,-,N,Y,2,0,1,2,A,-,03,22350,,N,H,A,A,A,H,-,A,D,1,,,Y,,Y,,C,02,1,0,0,0,0,0,0,0,1,"- ","- ",36.661270000000002,-119.7226,FRESNO,UNINCORPORATED,-119.71875808999999,36.658146819999999
6678048,2014,2016-02-10,1005,2014-11-22,2320,P731,3162,6,5,7,1005,0,0,0,,0,03H,"CHESTNUT AV","JENSEN AV",30.00,S,N,B,-,N,,,,,,,,,,Y,1,2,4,3,A,-,01,23152,B,F,C,C,A,A,H,-,C,A,0,,,,,Y,Y,A,07,3,1,0,0,0,0,0,0,0,"- ","- ",,,FRESNO,FRESNO,-119.73653,36.706947649999996
6678071,2015,2016-02-11,1005,2015-05-17,0204,P1070,2757,7,5,7,1005,0,0,0,,0,01G,"GOLDEN STATE BL","41 HWY",0.00,,Y,B,-,N,,,,,,,,,,Y,1,1,0,1,A,-,01,23152,B,N,E,I,A,A,H,-,D,D,0,,,,,Y,Y,D,22,0,0,0,0,0,0,0,0,0,"- ","- ",,,FRESNO,FRESNO,-119.78547989,36.722520109999998
6681480,2014,2015-03-16,9495,2014-10-10,1240,19205,,5,1,9,1000,0,3,5,,2,051,"SAN MATEO AV","CLARKSON AV",0.00,,Y,A,-,N,,,,,,,,,,Y,2,0,3,2,A,-,12,22450,A,N,D,C,A,A,H,-,A,A,0,,,,Y,Y,,D,22,2,0,1,0,0,0,0,0,0,"- ","- ",36.501330000000003,-120.31648,FRESNO,UNINCORPORATED,-120.31624986,36.501300090000001
6717709,2014,2015-01-21,9435,2014-11-05,1715,014650,,3,2,9,1000,0,3,5,,2,015,"LINCOLN AV","EAST AV",0.00,,Y,A,-,N,,,,,,,,,,Y,2,0,3,2,A,-,01,23152,A,N,D,C,A,A,H,-,B,A,0,,,,Y,Y,Y,A,07,1,0,2,0,0,0,0,0,0,"- ","- ",36.648780000000002,-119.77285999999999,FRESNO,UNINCORPORATED,-119.77278989,36.648800059999999