CASE_ID,ACCIDENT_YEAR,PROC_DATE,JURIS,COLLISION_DATE,COLLISION_TIME,OFFICER_ID,REPORTING_DISTRICT,DAY_OF_WEEK,CHP_SHIFT,POPULATION,CNTY_CITY_LOC,SPECIAL_COND,BEAT_TYPE,CHP_BEAT_TYPE,CITY_DIVISION_LAPD,CHP_BEAT_CLASS,BEAT_NUMBER,PRIMARY_RD,SECONDARY_RD,DISTANCE,DIRECTION,INTERSECTION,WEATHER_1,WEATHER_2,STATE_HWY_IND,CALTRANS_COUNTY,CALTRANS_DISTRICT,STATE_ROUTE,ROUTE_SUFFIX,POSTMILE_PREFIX,POSTMILE,LOCATION_TYPE,RAMP_INTERSECTION,SIDE_OF_HWY,TOW_AWAY,COLLISION_SEVERITY,NUMBER_KILLED,NUMBER_INJURED,PARTY_COUNT,PRIMARY_COLL_FACTOR,PCF_CODE_OF_VIOL,PCF_VIOL_CATEGORY,PCF_VIOLATION,PCF_VIOL_SUBSECTION,HIT_AND_RUN,TYPE_OF_COLLISION,MVIW,PED_ACTION,ROAD_SURFACE,ROAD_COND_1,ROAD_COND_2,LIGHTING,CONTROL_DEVICE,CHP_ROAD_TYPE,PEDESTRIAN_ACCIDENT,BICYCLE_ACCIDENT,MOTORCYCLE_ACCIDENT,TRUCK_ACCIDENT,NOT_PRIVATE_PROPERTY,ALCOHOL_INVOLVED,STWD_VEHTYPE_AT_FAULT,CHP_VEHTYPE_AT_FAULT,COUNT_SEVERE_INJ,COUNT_VISIBLE_INJ,COUNT_COMPLAINT_PAIN,COUNT_PED_KILLED,COUNT_PED_INJURED,COUNT_BICYCLIST_KILLED,COUNT_BICYCLIST_INJURED,COUNT_MC_KILLED,COUNT_MC_INJURED,PRIMARY_RAMP,SECONDARY_RAMP,LATITUDE,LONGITUDE,COUNTY,CITY,POINT_X,POINT_Y
6718750,2017,2018-03-28,1005,2017-03-18,0543,P959,1E,6,5,7,1005,0,0,0,,0,2856,"VENTURA ST","C ST",2.00,E,N,A,-,N,,,,,,,,,,Y,1,1,0,2,A,-,10,21954,B,N,G,B,E,A,H,-,C,A,0,Y,,,,Y,,A,01,0,0,0,1,0,0,0,0,0,"- ","- ",36.724449999999997,-119.79366,FRESNO,FRESNO,-119.79365494,36.724333680000001
6718754,2017,2018-03-29,1005,2017-11-24,1304,P731,0858,5,5,7,1005,0,0,0,,0,NEA,"FRIANT RD","FORT WASHINGTON RD",0.00,,Y,A,-,N,,,,,,,,,,Y,1,1,2,3,A,-,12,21453,A,N,D,C,A,A,H,-,A,A,0,,,,,Y,Y,A,07,2,0,0,0,0,0,0,0,0,"- ","- ",36.872459999999997,-119.77903999999999,FRESNO,FRESNO,-119.77885995,36.872390090000003
6774690,2014,2016-02-08,1011,2014-09-11,0703,K059,1011,4,5,3,1011,0,0,0,,0,0PA,"6TH ST","WHITNER AV",0.00,,Y,A,-,N,,,,,,,,,,N,2,0,1,2,A,-,"- ",,,N,A,B,D,A,G,-,A,D,0,Y,,,,Y,,N,60,1,0,0,0,1,0,0,0,0,"- ","- ",,,FRESNO,PARLIER,-119.54383993,36.616680100000004
6793019,2015,2015-02-19,9435,2015-01-16,0018,016507,,5,3,9,1000,0,3,5,,2,060,"ADAMS AV","FRANKWOOD AV",30.00,E,N,A,-,N,,,,,,,,,,Y,2,0,1,1,A,-,08,22107,,N,E,I,A,A,H,-,D,A,0,,,,,Y,,A,01,1,0,0,0,0,0,0,0,0,"- ","- ",,,FRESNO,UNINCORPORATED,-119.44861785000001,36.63321912
6824673,2015,2015-03-09,9435,2015-02-12,1855,014650,,4,2,9,1000,0,3,5,,2,015,"JENSEN AV","MARKS AV",0.00,,Y,A,-,N,,,,,,,,,,Y,2,0,4,2,A,-,01,23152,A,N,D,C,A,A,H,-,D,A,0,,,,,Y,Y,A,08,1,1,2,0,0,0,0,0,0,"- ","- ",36.706569999999999,-119.84426000000001,FRESNO,UNINCORPORATED,-119.84449995999999,36.706630079999996
6836700,2015,2016-03-21,9435,2015-02-04,0800,14547,,3,1,9,1000,0,3,5,,2,010,"WESTLAWN AV","RT 180",3168.00,N,N,A,-,N,,,,,,,,,,N,2,0,1,1,A,-,08,22107,,N,F,A,A,A,H,-,A,D,0,,,,,Y,,M,46,1,0,0,0,0,0,0,0,0,"- ","- ",,,FRESNO,UNINCORPORATED,-119.95177746,36.743796160000002
6845050,2015,2016-10-19,9435,2015-02-18,0555,14547,,3,3,7,1005,0,1,3,,2,105,"RT 99","CLINTON AV",1584.00,N,N,E,-,Y,FRE,6,99,-,-,24.720,H,-,N,Y,2,0,1,1,A,-,08,22107,,N,E,I,A,A,H,-,D,D,1,,,,,Y,,A,01,1,0,0,0,0,0,0,0,0,"- ","- ",,,FRESNO,FRESNO,-119.84165382,36.775646860000002
6852645,2015,2015-03-18,1001,2015-01-31,1855,5650,,6,5,5,1001,0,0,0,,0,002,"SANTA ANA AV","CLOVIS AV",0.00,,Y,A,-,N,,,,,,,,,,Y,2,0,5,2,B,-,22,,,N,C,C,A,A,H,-,C,A,0,,,,,Y,,A,01,1,0,4,0,0,0,0,0,0,"- ","- ",36.804879999999997,-119.70054,FRESNO,CLOVIS,-119.70053987999999,36.804880019999999
6854022,2014,2016-01-14,9435,2014-12-16,0329,16048,,2,3,9,1000,0,3,5,,2,025,"SHEPHERD AV","FOWLER AV",634.00,W,N,B,-,N,,,,,,,,,,Y,1,1,0,1,A,-,01,23152,A,N,E,I,A,B,H,-,D,D,0,,,,,Y,,A,01,0,0,0,0,0,0,0,0,0,"- ","- ",36.866680000000002,-119.68628,FRESNO,UNINCORPORATED,-119.68614746,36.866660279999998
6867501,2015,2015-04-10,9435,2015-03-17,1521,18609,,2,2,9,1000,0,3,5,,2,060,"HILL AV","SOUTH AV",0.00,,Y,A,-,N,,,,,,,,,,Y,2,0,5,2,A,-,09,21801,A,N,A,C,A,A,H,-,A,D,0,,,,,Y,,A,01,2,2,1,0,0,0,0,0,0,"- ","- ",36.617229999999999,-119.34054999999999,FRESNO,UNINCORPORATED,-119.34050990999999,36.617620080000002
7006713,2015,2017-03-29,1001,2015-11-18,1824,5465,,3,5,5,1001,0,0,0,,0,006,"WEST HERNDON AV","MANILA AV",660.00,W,N,-,-,N,,,,,,,,,,Y,1,1,0,2,A,-,11,21954,A,N,G,B,E,-,-,-,-,D,0,Y,,,,Y,Y,N,60,0,0,0,1,0,0,0,0,0,"- ","- ",36.839759999999998,-119.6939,FRESNO,CLOVIS,-119.69666372,36.837530000000001
7016430,2015,2015-08-18,9435,2015-07-04,0245,015773,,6,3,9,1000,0,3,5,,2,060,"BUTTONWILLOW AV","PARLIER AV",470.00,S,N,B,-,N,,,,,,,,,,Y,2,0,3,1,A,-,01,23152,F,F,F,A,A,A,H,-,C,D,0,,,,,Y,Y,D,22,1,2,0,0,0,0,0,0,0,"- ","- ",36.610100000000003,-119.43079,FRESNO,UNINCORPORATED,-119.43083597,36.610050170000001
7016474,2015,2017-01-12,9435,2015-07-12,1520,019032,,7,2,7,1005,0,1,3,,2,105,"RT 99","SHAW AV",375.00,N,N,A,-,Y,FRE,6,99,-,-,28.170,H,-,S,Y,2,0,3,3,A,-,08,22107,,N,C,E,A,A,H,-,A,D,1,,,,,Y,,D,22,1,1,1,0,0,0,0,0,0,"- ","- ",36.808810000000001,-119.88824,FRESNO,FRESNO,-119.88798857,36.808699900000001
7045630,2015,2015-09-15,1001,2015-06-28,0034,5558,,7,5,5,1001,0,0,0,,0,003,"S BURGAN AV","WRENWOOD AV",262.00,N,N,A,-,N,,,,,,,,,,N,2,0,1,2,A,-,03,22350,,F,G,B,E,A,H,-,C,D,0,Y,,,,Y,Y,A,01,1,0,0,0,1,0,0,0,0,"- ","- ",36.83746,-119.6606,FRESNO,CLOVIS,-119.67743218,36.820219090000002
7143356,2014,2016-01-20,1005,2014-08-12,1357,P864,,2,5,7,1005,0,0,0,,0,,"HUGHES AV","ASHLAN AV",550.00,N,N,A,-,N,,,,,,,,,,Y,2,0,1,2,A,-,03,22350,,N,C,C,A,A,H,-,A,D,0,,,,,Y,,D,22,1,0,0,0,0,0,0,0,0,"- ","- ",,,FRESNO,FRESNO,-119.83537285,36.795349739999999
7148560,2015,2016-01-25,1005,2015-10-31,1357,P527,SW245,6,5,7,1005,0,0,0,,0,00A,"WEST BELMONT AV","W OLIVE",0.00,,N,A,-,N,,,,,,,,,,Y,2,0,1,2,A,-,09,21804,A,N,D,C,A,A,H,-,A,A,0,,,,,Y,,A,01,1,0,0,0,0,0,0,0,0,"- ","- ",,,FRESNO,FRESNO,,
7156049,2014,2016-01-22,1005,2014-12-09,1712,P1070,1155,2,5,7,1005,0,0,0,,0,05B,"NEES AV","INGRAM AV",0.00,,N,E,-,N,,,,,,,,,,N,2,0,1,2,A,-,03,22350,,F,G,B,E,A,H,-,C,A,0,Y,,,,Y,,A,01,1,0,0,0,1,0,0,0,0,"- ","- ",,,FRESNO,FRESNO,-119.80182994,36.851920010000001
7161648,2015,2016-02-16,1005,2015-02-04,2215,P1638,SW275,3,5,7,1005,0,0,0,,0,00G,"E VENTURA AV","S ORCHARD ST",18.00,,N,A,-,N,,,,,,,,,,N,2,0,1,2,A,-,11,21950,B,N,G,B,D,A,H,-,C,D,0,Y,,,,Y,,N,60,1,0,0,0,1,0,0,0,0,"- ","- ",,,FRESNO,FRESNO,-119.77439991,36.735940100000001
7161775,2015,2016-01-26,1005,2015-08-10,0118,P1070,1252,1,5,7,1005,0,0,0,,0,05B,"LOCUST AV","FRUIT AV",43.00,W,N,A,-,N,,,,,,,,,,Y,2,0,3,1,A,-,01,23152,B,N,E,I,A,A,H,-,C,D,0,,,,,Y,Y,A,01,1,1,1,0,0,0,0,0,0,"- ","- ",,,FRESNO,FRESNO,-119.81786338000001,36.840424509999998
7162321,2015,2016-01-27,1005,2015-08-01,2317,1003,SE,6,5,7,1005,0,0,0,,0,00B,"CEDAR AV","MADISON AV",8.00,S,N,A,-,N,,,,,,,,,,Y,2,0,1,2,A,-,11,21954,A,N,G,B,D,A,H,-,C,A,0,Y,,,,Y,,N,60,1,0,0,0,1,0,0,0,0,"- ","- ",,,FRESNO,FRESNO,-119.75449904,36.749548050000001
7162360,2015,2016-01-26,1005,2015-08-05,0200,P1354,2351,3,5,7,1005,0,0,0,,0,00A,"WEST MCKINLEY AV","N GOLDEN STATE BL",528.00,W,N,A,-,N,,,,,,,,,,Y,2,0,1,1,A,-,03,22350,,F,E,I,A,A,H,-,C,D,0,,,,,Y,,A,01,1,0,0,0,0,0,0,0,0,"- ","- ",,,FRESNO,FRESNO,-119.83151141,36.764681660000001
7168561,2015,2016-01-26,1005,2015-05-03,1350,P1162,1848,7,5,7,1005,0,0,0,,0,00A,"WEST SHAW AV","N MARTY AV",0.00,,Y,-,-,N,,,,,,,,,,N,2,0,1,2,A,-,"- ",,,N,G,B,F,-,-,-,A,-,0,Y,,,,Y,,D,22,1,0,0,0,1,0,0,0,0,"- ","- ",,,FRESNO,FRESNO,-119.8580899,36.808370109999998
7168681,2015,2016-01-25,1005,2015-09-22,2215,P1674,NE125,2,5,7,1005,0,0,0,,0,00C,"N FRESNO ST","E ALLUVIAL AV",438.00,E,N,A,-,N,,,,,,,,,,N,2,0,1,2,A,-,11,21954,A,N,G,B,D,A,H,-,C,D,0,Y,,,,Y,,N,60,1,0,0,0,1,0,0,0,0,"- ","- ",,,FRESNO,FRESNO,-119.78386999999999,36.844670000000001
7168752,2015,2016-01-25,1005,2015-03-10,0640,P689,SE266,2,5,7,1005,0,0,0,,0,00D,"SOUTH CHESTNUT AV","E BALCH AV",130.00,N,N,A,-,N,,,,,,,,,,N,2,0,1,2,A,-,11,21954,A,N,D,B,D,A,H,-,B,A,0,Y,,,,Y,,N,60,1,0,0,0,1,0,0,0,0,"- ","- ",,,FRESNO,FRESNO,-119.73643,36.739006830000001
8014178,2015,2016-04-12,1005,2015-09-06,1617,P1691,NW164,7,5,7,1005,0,0,0,,0,00A,"WEST SHAW AV","N GOLDEN STATE BL",20.00,E,N,A,-,N,,,,,,,,,,N,2,0,1,2,A,-,06,21750,,F,C,G,A,A,H,-,A,A,0,,Y,,,Y,,A,01,1,0,0,0,0,0,1,0,0,"- ","- ",,,FRESNO,FRESNO,-119.87755176,36.808311660000001
81249428,2020,2020-06-09,1005,2020-05-11,1838,P1910,SOUTH,1,5,7,1005,0,0,0,,0,00D,"MAPLE AVE","TYLER AVE",0.00,,Y,A,-,N,,,,,,,,,,N,2,0,1,2,A,-,09,21804,B,N,D,G,A,A,H,-,A,A,0,,Y,,,Y,,L,04,1,0,0,0,0,0,1,0,0,"- ","- ",36.755020141601562,-119.74642944335938,FRESNO,FRESNO,-119.74540710449219,36.755901336669922
81304573,2020,2020-09-15,1005,2020-09-10,1523,P1298,CE,4,5,7,1005,0,0,0,,0,"D / 21","CLINTON AVE","FRESNO ST",265.00,E,N,B,-,N,,,,,,,,,,Y,2,0,1,2,A,-,01,23152,F,N,C,E,A,A,H,-,A,D,0,,,,,Y,,A,01,1,0,0,0,0,0,0,0,0,"- ","- ",36.772239685058594,-119.78159332275391,FRESNO,FRESNO,-119.78063201904297,36.772274017333984
81327731,2020,2020-10-21,1005,2020-10-15,1030,P1574,SOUTH,4,5,7,1005,0,0,0,,0,,"CEDAR AVE","HAMMOND AVE (N)",0.00,,Y,A,-,N,,,,,,,,,,N,2,0,1,2,A,-,07,21658,A,N,B,C,A,A,H,-,A,D,0,,,,,Y,,A,01,1,0,0,0,0,0,0,0,0,"- ","- ",36.758708953857422,-119.75446319580078,FRESNO,FRESNO,-119.75450134277344,36.758720397949219
81329872,2020,2020-10-23,1005,2020-09-24,1706,P1831,CENTR,4,5,7,1005,0,0,0,,0,00B,"BLACKSTONE AVE","ASHLAN AVE",528.00,S,N,A,-,N,,,,,,,,,,Y,2,0,1,1,A,-,07,21658,A,N,E,I,A,A,H,-,A,D,0,,,,,Y,,A,01,1,0,0,0,0,0,0,0,0,"- ","- ",36.794029235839844,-119.79054260253906,FRESNO,FRESNO,-119.79062652587891,36.792652130126953
81390328,2020,2021-01-19,1005,2020-12-10,0044,P1985,CE,4,5,7,1005,0,0,0,,0,00A,"WEBER AVE","SHIELDS AVE",633.00,S,N,A,-,N,,,,,,,,,,Y,2,0,2,3,D,-,00,,,F,H,C,A,A,H,-,C,D,0,,,Y,,Y,,-,"- ",1,1,0,0,0,0,0,0,0,"- ","- ",36.779251098632812,-119.84207916259766,FRESNO,FRESNO,-119.84031677246094,36.778079986572266
8141107,2016,2016-10-10,1012,2016-09-26,0753,L008,REEDL,1,5,3,1012,0,0,0,,0,0RE,"10TH ST","G ST",13.00,W,N,A,-,N,,,,,,,,,,N,2,0,1,2,A,-,11,21950,B,N,G,G,A,A,H,-,A,A,0,,Y,,,Y,,-,"- ",1,0,0,0,0,0,1,0,0,"- ","- ",,,FRESNO,REEDLEY,-119.45192461000001,36.597317779999997
81516422,2021,2021-07-09,1005,2021-06-22,1634,P1689,SOUTH,2,5,7,1005,0,0,0,,0,00F,"JENSEN AVE","FRUIT AVE",0.00,,Y,A,-,N,,,,,,,,,,Y,2,0,1,2,A,-,09,21802,A,N,D,C,A,A,H,-,A,A,0,,,,,Y,,A,01,1,0,0,0,0,0,0,0,0,"- ","- ",36.70635986328125,-119.81944274902344,FRESNO,FRESNO,-119.81790924072266,36.706741333007812
81516430,2021,2021-07-09,1005,2021-06-30,1534,P1620,CE,3,5,7,1005,0,0,0,,0,00A,"WEST AVE","GRIFFITH WAY",0.00,,Y,A,-,Y,,,,,,,,,,Y,2,0,2,2,A,-,12,21453,A,N,D,C,A,A,H,-,A,A,0,,,,,Y,Y,A,01,1,0,1,0,0,0,0,0,0,"- ","- ",36.790210723876953,-119.82656860351562,FRESNO,FRESNO,-119.82646179199219,36.790180206298828
81567989,2021,2021-09-13,1005,2021-09-01,0935,P1110,CE,3,5,7,1005,0,0,0,,0,2357,"MCKINLEY AVE","NORMAL AVE",111.00,W,N,A,-,N,,,,,,,,,,Y,2,0,1,2,A,-,01,23152,A,N,C,E,A,A,H,-,A,D,0,,,,,Y,Y,A,01,1,0,0,0,0,0,0,0,0,"- ","- ",36.765090942382812,-119.76925659179688,FRESNO,FRESNO,-119.76972961425781,36.764949798583984
81588970,2021,2021-10-06,1005,2021-09-27,0338,P2014,NE,1,5,7,1005,0,0,0,,0,00A,"ALICANTE DR","COPPER RIVER DR",0.00,,Y,A,-,N,,,,,,,,,,Y,2,0,1,1,A,-,01,23152,A,N,E,I,A,A,H,-,C,D,0,,,,,Y,Y,A,01,1,0,0,0,0,0,0,0,0,"- ","- ",36.901229858398438,-119.75878143310547,FRESNO,FRESNO,-119.75859832763672,36.900917053222656
81603325,2021,2021-10-22,1005,2021-10-09,1402,P1628,NORTH,6,5,7,1005,0,0,0,,0,BAKER,"1335 W NORTHRIDGE AVE","ARTHUR AVE",157.00,W,N,A,-,N,,,,,,,,,,N,2,0,1,1,A,-,08,22107,,N,E,J,A,A,H,-,A,D,0,,,,,Y,,A,01,1,0,0,0,0,0,0,0,0,"- ","- ",,,FRESNO,FRESNO,-119.81653594970703,36.844989776611328
81680474,2022,2022-01-19,1005,2022-01-14,1124,P1306,NORTH,5,5,7,1005,0,0,0,,0,,"SHAW AVE","EL CAPITAN AVE",8.00,W,N,A,-,N,,,,,,,,,,N,2,0,1,1,A,-,08,22107,,N,E,I,A,A,H,-,A,A,0,,,Y,,Y,,C,02,1,0,0,0,0,0,0,0,1,"- ","- ",36.808250427246094,-119.86847686767578,FRESNO,FRESNO,-119.8685302734375,36.807838439941406
8168184,2017,2019-04-09,1005,2017-03-03,0154,P1070,1648,5,5,7,1005,0,0,0,,0,NW/D,"SHAW AV","MARTY AV",310.00,E,N,A,-,N,,,,,,,,,,Y,1,1,0,2,A,-,01,23152,E,N,G,B,D,A,H,-,C,D,0,Y,,,,Y,,D,22,0,0,0,1,0,0,0,0,0,"- ","- ",36.808120000000002,-119.85804,FRESNO,FRESNO,-119.85703173,36.808372319999997
81693337,2022,2022-02-04,1005,2022-01-21,2245,P1700,"NE /",5,5,7,1005,0,0,0,,0,0959,"SHEPHERD AVE","CEDAR AVE",0.00,,Y,A,-,N,,,,,,,,,,N,2,0,1,2,A,-,12,21453,A,N,D,C,A,A,H,-,C,A,0,,,,,Y,,A,01,1,0,0,0,0,0,0,0,0,"- ","- ",36.86663818359375,-119.75675964355469,FRESNO,FRESNO,-119.75688171386719,36.866420745849609
81707464,2022,2022-02-24,1005,2022-02-11,1903,P1734,SOUTH,5,5,7,1005,0,0,0,,0,,"BELMONT AVE","FRESNO ST",0.00,,Y,A,-,N,,,,,,,,,,Y,2,0,1,2,A,-,10,21950,A,N,G,B,B,A,H,-,C,A,0,Y,,,,Y,,A,01,1,0,0,0,1,0,0,0,0,"- ","- ",36.750400543212891,-119.78134155273438,FRESNO,FRESNO,-119.78147888183594,36.750339508056641
81709454,2022,2022-02-25,1005,2022-02-23,1540,P1574,,3,5,7,1005,0,0,0,,0,,"CHURCH AVE","RABE AVE",0.00,,Y,A,-,N,,,,,,,,,,N,2,0,1,2,A,-,09,21802,A,N,D,C,A,B,H,-,A,A,0,,,,,Y,,A,01,1,0,0,0,0,0,0,0,0,"- ","- ",,,FRESNO,FRESNO,-119.70754241943359,36.714790344238281
81721596,2022,2022-03-14,1005,2022-03-05,1417,P995,NORTH,6,5,7,1005,0,0,0,,0,00G,"ASHLAN AVE","CEDAR AVE",0.00,,Y,A,-,N,,,,,,,,,,Y,2,0,6,2,A,-,01,23152,A,F,D,C,A,A,H,-,A,D,0,,,,,Y,Y,A,01,3,3,0,0,0,0,0,0,0,"- ","- ",36.794059753417969,-119.75418853759766,FRESNO,FRESNO,-119.75437164306641,36.793582916259766
81739395,2022,2022-04-04,1005,2022-03-10,2059,P1734,,4,5,7,1005,0,0,0,,0,,"CLINTON AVE","FRESNO ST",131.00,E,N,A,-,N,,,,,,,,,,Y,2,0,1,2,A,-,11,21954,A,N,G,B,D,A,H,-,C,A,0,Y,,,,Y,Y,N,60,1,0,0,0,1,0,0,0,0,"- ","- ",36.772239685058594,-119.78159332275391,FRESNO,FRESNO,-119.78108978271484,36.772270202636719
81745826,2022,2022-04-12,1005,2022-04-02,0001,AP200,NE,6,5,7,1005,0,0,0,,0,,"NORTH GATEWAY BLVD","MCKINLEY AVE",291.00,N,N,A,-,N,,,,,,,,,,Y,2,0,1,1,A,-,07,21658,A,N,E,I,A,A,H,-,C,D,0,,,Y,,Y,,C,02,1,0,0,0,0,0,0,0,1,"- ","- ",36.766090393066406,-119.71817016601562,FRESNO,FRESNO,-119.7269287109375,36.766048431396484
81757366,2022,2022-04-27,1005,2022-04-07,1800,P1957,,4,5,7,1005,0,0,0,,0,,"CLINTON AVE","MARTY AVE (W)",83.00,W,N,A,-,N,,,,,,,,,,Y,2,0,1,2,A,-,08,22107,,N,D,C,A,A,H,-,C,D,0,,,Y,,Y,,A,08,1,0,0,0,0,0,0,0,1,"- ","- ",36.771759033203125,-119.85867309570312,FRESNO,FRESNO,-119.85806274414062,36.771869659423828
81763892,2022,2022-05-04,1005,2022-04-28,1534,P1094,CENTR,4,5,7,1005,0,0,0,,0,00A,"SHIELDS AVE","HUGHES AVE",0.00,,Y,A,-,N,,,,,,,,,,Y,2,0,1,3,A,-,01,23152,F,N,A,C,A,A,H,-,A,A,0,,,Y,,Y,,A,01,1,0,0,0,0,0,0,0,1,"- ","- ",36.779178619384766,-119.83554840087891,FRESNO,FRESNO,-119.83577728271484,36.779067993164062
81780193,2022,2022-05-25,1005,2022-04-26,0140,P1766,NORTH,2,5,7,1005,0,0,0,,0,00G,"SHIELDS AVE","BOND ST",21.00,W,N,A,-,N,,,,,,,,,,N,2,0,1,1,A,-,03,22350,,N,E,I,A,A,H,-,C,D,0,,,,,Y,,A,01,1,0,0,0,0,0,0,0,0,"- ","- ",36.778831481933594,-119.76878356933594,FRESNO,FRESNO,-119.76811218261719,36.779640197753906
81784458,2022,2022-05-31,1005,2022-05-26,1539,P1402,NORTH,4,5,7,1005,0,0,0,,0,00E,"FIRST ST","GETTYSBURG AVE",0.00,,Y,A,-,N,,,,,,,,,,Y,2,0,2,3,A,-,12,21453,A,N,D,C,A,A,D,-,A,A,0,,,,,Y,,A,01,1,0,1,0,0,0,0,0,0,"- ","- ",36.801349639892578,-119.7723388671875,FRESNO,FRESNO,-119.77241516113281,36.801307678222656
81805573,2022,2022-06-29,1005,2022-06-27,2237,P1889,NORTH,1,5,7,1005,0,0,0,,0,00F,"VALENTINE AVE","WELDON AVE",45.00,N,N,A,-,N,,,,,,,,,,N,2,0,1,2,A,-,03,22350,,F,G,B,D,A,H,-,C,D,0,Y,,,,Y,,-,99,1,0,0,0,1,0,0,0,0,"- ","- ",36.768459320068359,-119.85417175292969,FRESNO,FRESNO,-119.85334014892578,36.768722534179688
81813477,2022,2022-07-11,1005,2022-06-25,1935,P1940,SW,6,5,7,1005,0,0,0,,0,00B,"FULTON ST","NEVADA AVE",282.00,S,N,A,-,N,,,,,,,,,,N,2,0,1,2,A,-,17,22517,,N,B,G,A,A,H,-,A,D,0,,Y,,,Y,,A,01,1,0,0,0,0,0,1,0,0,"- ","- ",36.745811462402344,-119.80055999755859,FRESNO,FRESNO,-119.80034637451172,36.745025634765625
81860518,2022,2022-09-09,1005,2022-08-31,0544,P2043,CE,3,5,7,1005,0,0,0,,0,00B,"E DAKOTA AVE","N BLACKSTONE AVE",0.00,,Y,A,-,N,,,,,,,,,,Y,2,0,1,2,A,-,17,21451,A,N,D,C,A,A,H,-,B,A,0,,,Y,,Y,,A,01,1,0,0,0,0,0,0,0,1,"- ","- ",,,FRESNO,FRESNO,-119.79064178466797,36.786762237548828
81876282,2022,2022-09-29,1005,2022-09-14,1716,P1735,CENTR,3,5,7,1005,0,0,0,,0,1952,"DAKOTA AVE","WEST AVE",0.00,,Y,A,-,N,,,,,,,,,,Y,2,0,1,2,A,-,12,21453,A,F,D,C,A,A,H,-,A,A,0,,,,,Y,,A,01,1,0,0,0,0,0,0,0,0,"- ","- ",36.786449432373047,-119.82646942138672,FRESNO,FRESNO,-119.82649993896484,36.786544799804688
81904750,2022,2022-10-31,1005,2022-10-08,2500,P1684,SOUTH,6,5,7,1005,0,0,0,,0,"F/ 276","WILLOW AVE","ALTA AVE",162.00,N,N,A,-,N,,,,,,,,,,N,1,1,0,2,A,-,11,21954,A,F,G,B,D,A,H,-,C,D,0,Y,,,,Y,,N,60,0,0,0,1,0,0,0,0,0,"- ","- ",36.732158660888672,-119.72869110107422,FRESNO,FRESNO,-119.72739410400391,36.733573913574219
81938922,2022,2022-12-12,1005,2022-12-01,1119,P1298,NW,4,5,7,1005,0,0,0,,0,"F / 21","CLINTON AVE","99 HWY",0.00,,Y,C,-,Y,FRE,,99,,R,24.400,H,,L,Y,2,0,1,3,A,-,12,21453,A,N,D,C,A,B,H,-,A,A,0,,,,,Y,,A,01,1,0,0,0,0,0,0,0,0,"- ","- ",36.771621704101562,-119.83869171142578,FRESNO,FRESNO,-119.83863830566406,36.771648406982422
81939138,2022,2022-12-12,1005,2022-12-07,1938,P1766,CE,3,5,7,1005,0,0,0,,0,00A,"ASHLAN AVE","WEST AVE",0.00,,Y,A,-,N,,,,,,,,,,N,2,0,1,2,A,-,10,21950,A,N,G,B,B,A,H,-,C,A,0,Y,,,,Y,,A,01,1,0,0,0,1,0,0,0,0,"- ","- ",36.793830871582031,-119.82649993896484,FRESNO,FRESNO,-119.826416015625,36.79376220703125
81955014,2022,2022-12-29,1005,2022-10-29,0218,P2114,CENTR,6,5,7,1005,0,0,0,,0,02G,"OLIVE AVE","ANGUS ST",21.00,E,N,A,-,N,,,,,,,,,,Y,2,0,2,1,A,-,01,23152,A,N,E,I,A,A,H,-,C,A,0,,,,,Y,Y,A,01,1,1,0,0,0,0,0,0,0,"- ","- ",36.757831573486328,-119.77699279785156,FRESNO,FRESNO,-119.77693939208984,36.757728576660156
82012214,2023,2023-03-08,1005,2023-03-07,2029,P1889,NORTH,2,5,7,1005,0,0,0,,0,00F,"BROWN AVE","CORNELIA AVE",15.00,W,N,A,-,N,,,,,,,,,,N,2,0,1,2,A,-,05,21650,1,N,D,G,A,A,H,-,C,D,0,,Y,,,Y,,L,04,1,0,0,0,0,0,1,0,0,"- ","- ",36.774478912353516,-119.88108062744141,FRESNO,FRESNO,-119.88034820556641,36.774448394775391
82072502,2023,2023-05-19,1005,2023-03-11,"50  ",P1684,SOUTH,6,5,7,1005,0,0,0,,0,"E / 29","CHURCH AVE","CHERRY AVE",60.00,E,N,B,-,Y,,,,,,,,,,Y,2,0,1,2,A,-,11,21954,A,N,G,B,E,B,H,-,C,D,0,Y,,,,Y,,N,60,1,0,0,0,1,0,0,0,0,"- ","- ",36.714199066162109,-119.78182983398438,FRESNO,FRESNO,-119.78151702880859,36.714183807373047
82118093,2023,2023-07-17,1005,2023-06-06,2112,P1853,SOUTH,2,5,7,1005,0,0,0,,0,00C,"B ST","SAN JOAQUIN ST",171.00,S,N,A,-,Y,,,,,,,,,,Y,2,0,1,2,A,-,11,21956,A,F,G,B,E,A,H,-,C,D,0,Y,,,,Y,Y,N,60,1,0,0,0,1,0,0,0,0,"- ","- ",36.734481811523438,-119.80657196044922,FRESNO,FRESNO,-119.80625915527344,36.734157562255859
82118291,2023,2023-07-17,1005,2023-07-07,"825 ",P1306,,5,5,7,1005,0,0,0,,0,,"ASHLAN AVE","MARTY AVE",602.00,W,N,A,-,N,,,,,,,,,,Y,2,0,1,3,A,-,03,22350,,N,C,C,A,A,H,-,A,D,0,,,Y,,Y,,C,02,1,0,0,0,0,0,0,0,1,"- ","- ",36.793411254882812,-119.85716247558594,FRESNO,FRESNO,-119.85932159423828,36.793426513671875
82174309,2023,2023-09-20,1005,2023-08-08,1101,P731,1450,2,5,7,1005,0,0,0,,0,05E,"BULLARD AVE","MARKS AVE",18.00,E,N,A,-,N,,,,,,,,,,N,1,1,0,2,A,-,09,21453,B,N,B,C,A,A,H,-,A,A,0,,,,,Y,,A,01,0,0,0,0,0,0,0,0,0,"- ","- ",36.822708129882812,-119.84433746337891,FRESNO,FRESNO,-119.84442901611328,36.82269287109375