CASE_ID,ACCIDENT_YEAR,PROC_DATE,JURIS,COLLISION_DATE,COLLISION_TIME,OFFICER_ID,REPORTING_DISTRICT,DAY_OF_WEEK,CHP_SHIFT,POPULATION,CNTY_CITY_LOC,SPECIAL_COND,BEAT_TYPE,CHP_BEAT_TYPE,CITY_DIVISION_LAPD,CHP_BEAT_CLASS,BEAT_NUMBER,PRIMARY_RD,SECONDARY_RD,DISTANCE,DIRECTION,INTERSECTION,WEATHER_1,WEATHER_2,STATE_HWY_IND,CALTRANS_COUNTY,CALTRANS_DISTRICT,STATE_ROUTE,ROUTE_SUFFIX,POSTMILE_PREFIX,POSTMILE,LOCATION_TYPE,RAMP_INTERSECTION,SIDE_OF_HWY,TOW_AWAY,COLLISION_SEVERITY,NUMBER_KILLED,NUMBER_INJURED,PARTY_COUNT,PRIMARY_COLL_FACTOR,PCF_CODE_OF_VIOL,PCF_VIOL_CATEGORY,PCF_VIOLATION,PCF_VIOL_SUBSECTION,HIT_AND_RUN,TYPE_OF_COLLISION,MVIW,PED_ACTION,ROAD_SURFACE,ROAD_COND_1,ROAD_COND_2,LIGHTING,CONTROL_DEVICE,CHP_ROAD_TYPE,PEDESTRIAN_ACCIDENT,BICYCLE_ACCIDENT,MOTORCYCLE_ACCIDENT,TRUCK_ACCIDENT,NOT_PRIVATE_PROPERTY,ALCOHOL_INVOLVED,STWD_VEHTYPE_AT_FAULT,CHP_VEHTYPE_AT_FAULT,COUNT_SEVERE_INJ,COUNT_VISIBLE_INJ,COUNT_COMPLAINT_PAIN,COUNT_PED_KILLED,COUNT_PED_INJURED,COUNT_BICYCLIST_KILLED,COUNT_BICYCLIST_INJURED,COUNT_MC_KILLED,COUNT_MC_INJURED,PRIMARY_RAMP,SECONDARY_RAMP,LATITUDE,LONGITUDE,COUNTY,CITY,POINT_X,POINT_Y
82174430,2023,2023-09-20,1005,2023-08-31,1611,P1767,CE,4,5,7,1005,0,0,0,,0,00C,"WEST AVE","WELDON AVE",0.00,,Y,A,-,N,,,,,,,,,,N,2,0,1,2,A,-,10,21950,A,N,G,B,B,A,H,-,A,D,0,Y,,,Y,Y,,F,26,1,0,0,0,1,0,0,0,0,"- ","- ",36.768329620361328,-119.82672119140625,FRESNO,FRESNO,-119.8267822265625,36.768348693847656
82227068,2023,2023-11-03,1005,2023-08-14,"150 ",P731,2064,1,5,7,1005,0,0,0,,0,04G,"CLOVIS AVE","SHIELDS AVE",704.00,N,N,A,-,N,,,,,,,,,,N,1,1,0,2,A,-,11,21954,A,N,G,B,D,A,H,-,D,D,0,Y,,,,Y,,N,60,0,0,0,1,0,0,0,0,0,"- ","- ",36.778289794921875,-119.70095825195312,FRESNO,FRESNO,-119.70038604736328,36.781303405761719
82250910,2023,2023-12-04,1005,2023-10-09,1831,P1689,SOUTH,1,5,7,1005,0,0,0,,0,00A,"CHESTNUT AVE","WELDON AVE",0.00,,Y,A,-,N,,,,,,,,,,Y,1,1,0,2,A,-,09,21801,A,N,D,C,A,A,H,-,A,D,0,,,Y,,Y,,A,07,0,0,0,0,0,0,0,1,0,"- ","- ",36.768589019775391,-119.73642730712891,FRESNO,FRESNO,-119.73644256591797,36.768608093261719
82293712,2024,2024-01-22,1005,2024-01-05,"351 ",P1689,,5,5,7,1005,0,0,0,,0,00C,"SHIELDS AVE","WILSON AVE",73.00,E,N,A,-,N,,,,,,,,,,N,1,1,0,2,A,-,11,21954,A,F,G,B,D,A,H,-,C,D,0,Y,,,,Y,Y,N,60,0,0,0,1,0,0,0,0,0,"- ","- ",36.779399871826172,-119.80638122558594,FRESNO,FRESNO,-119.80608367919922,36.779388427734375
82336902,2024,2024-03-13,1005,2024-01-27,1807,P1689,,6,5,7,1005,0,0,0,,0,00D,"FRESNO ST","CAMBRIDGE AVE",29.00,N,N,B,-,N,,,,,,,,,,Y,1,1,0,2,A,-,11,21954,A,N,G,B,D,A,H,-,D,D,0,Y,,,,Y,Y,N,60,0,0,0,1,0,0,0,0,0,"- ","- ",36.769508361816406,-119.78160858154297,FRESNO,FRESNO,-119.78156280517578,36.769630432128906
82343563,2024,2024-03-21,1005,2024-03-16,1535,P1982,NORTH,6,5,7,1005,0,0,0,,0,FRANK,"CLINTON AVE","MILBURN AVE",0.00,,Y,A,-,N,,,,,,,,,,N,2,0,1,2,A,-,09,21800,B,N,D,C,A,A,H,-,A,A,0,,,Y,,Y,,A,01,1,0,0,0,0,0,0,0,1,"- ","- ",36.771701812744141,-119.87580871582031,FRESNO,FRESNO,-119.87577819824219,36.771785736083984
82366272,2024,2024-04-17,1005,2024-04-04,"10  ",P1684,SOUTH,4,5,7,1005,0,0,0,,0,A/2261,"CHESTNUT AVE","CLINTON AVE",64.00,S,N,A,-,N,,,,,,,,,,N,1,1,0,2,A,-,11,21954,A,F,G,B,E,A,H,-,C,D,0,Y,,,,Y,,N,60,0,0,0,1,0,0,0,0,0,"- ","- ",36.772220611572266,-119.73638153076172,FRESNO,FRESNO,-119.73641204833984,36.772064208984375
82389056,2024,2024-05-14,1005,2024-04-11,"315 ",P1596,,4,5,7,1005,0,0,0,,0,00F,"N CHESTNUT AVE","E CAMPUS POINTE DR",0.00,,Y,A,-,N,,,,,,,,,,Y,2,0,1,1,A,-,07,21658,A,N,E,I,A,A,H,-,C,D,0,,,Y,,Y,,C,02,1,0,0,0,0,0,0,0,1,"- ","- ",,,FRESNO,FRESNO,-119.73614501953125,36.812305450439453
82407484,2024,2024-06-06,1005,2024-05-24,2033,P1957,,5,5,7,1005,0,0,0,,0,,"CALIFORNIA AVE","F ST (E)",0.00,,Y,A,-,N,,,,,,,,,,Y,2,0,1,1,A,-,01,23152,A,N,E,I,A,A,H,-,C,A,0,,,,,Y,Y,A,01,1,0,0,0,0,0,0,0,0,"- ","- ",36.721450805664062,-119.78462219238281,FRESNO,FRESNO,-119.78459167480469,36.721385955810547
82427021,2024,2024-07-01,1005,2024-06-28,1605,P1972,,5,5,7,1005,0,0,0,,0,00D,"BARSTOW AVE","CEDAR AVE",508.00,W,N,A,-,N,,,,,,,,,,Y,2,0,2,1,A,-,00,23153,G,N,E,I,A,A,H,-,A,D,0,,,,,Y,Y,D,22,2,0,0,0,0,0,0,0,0,"- ","- ",36.815929412841797,-119.75428771972656,FRESNO,FRESNO,-119.75600433349609,36.815784454345703
8404643,2017,2018-05-23,1005,2017-11-05,0119,P731,3162,7,5,7,1005,0,0,0,,0,"SE F","JENSEN AV","CHESTNUT AV",0.00,,Y,A,-,N,,,,,,,,,,Y,1,2,2,2,A,-,01,23152,B,N,D,C,A,A,H,-,C,A,0,,,,,Y,Y,A,01,1,1,0,0,0,0,0,0,0,"- ","- ",36.706960000000002,-119.73648,FRESNO,FRESNO,-119.73652987,36.707030009999997
8404655,2017,2018-05-23,1005,2017-12-08,1551,P1070,2563,5,5,7,1005,0,0,0,,0,SE/D,"TULARE ST","WILLOW AV",0.00,,Y,A,-,N,,,,,,,,,,Y,1,2,0,3,A,-,09,21801,A,N,D,C,A,A,H,-,A,A,0,,,Y,,Y,,A,07,0,0,0,0,0,0,0,2,0,"- ","- ",36.74324,-119.72743,FRESNO,FRESNO,-119.72735999,36.74317001
84558911,2024,2025-02-03,1005,2024-10-08,"139 ",P2225,,2,5,7,1005,0,0,0,,0,01B,"NORTH ABBY ST","E. BELMONT AVE",4.00,S,N,A,-,N,,,,,,,,,,Y,2,0,1,2,A,-,12,21453,A,N,D,G,A,A,H,-,C,A,0,,Y,,,Y,,L,04,1,0,0,0,0,0,1,0,0,"- ","- ",36.750259399414062,-119.78946685791016,FRESNO,FRESNO,-119.78939819335938,36.750297546386719
84558951,2024,2025-02-03,1005,2024-10-12,1728,P731,,6,5,7,1005,0,0,0,,0,05E,"BULLARD AVE","FORKNER AVE",3.00,W,N,A,-,N,,,,,,,,,,Y,1,1,1,2,A,-,09,21801,A,N,D,C,A,A,H,-,B,A,0,,,Y,,Y,,A,08,0,0,1,0,0,0,0,1,0,"- ","- ",36.822429656982422,-119.83106231689453,FRESNO,FRESNO,-119.83083343505859,36.822738647460938
8465306,2016,2017-10-13,1005,2016-09-07,2002,P1070,1253,3,5,7,1005,0,0,0,,0,NWB,"HERNDON AV","FRUIT AV",0.00,,Y,A,-,N,,,,,,,,,,Y,1,1,0,2,A,-,09,21800,A,N,H,G,A,A,H,-,C,A,0,,Y,,,Y,,L,04,0,0,0,0,0,1,0,0,0,"- ","- ",36.836979999999997,-119.8172,FRESNO,FRESNO,-119.81732996,36.83824001
8465537,2018,2019-01-03,1005,2018-02-22,1811,P1070,"SE C",4,5,7,1005,0,0,0,,0,2461,"OLIVE AV","ROWELL AV",768.00,E,N,A,-,N,,,,,,,,,,Y,1,1,0,2,A,-,11,21954,A,N,G,B,E,A,H,-,D,D,0,Y,,,,Y,,N,60,0,0,0,1,0,0,0,0,0,"- ","- ",36.7576904296875,-119.75218963623047,FRESNO,FRESNO,-119.74966430664062,36.7578125
84679371,2025,2025-05-07,1005,2025-04-19,2307,P1957,,6,5,7,1005,0,0,0,,0,,"PACIFIC AVE","BELMONT AVE",50.00,S,N,A,-,N,,,,,,,,,,N,2,0,1,2,A,-,14,21201,D,N,B,G,A,A,D,-,C,D,0,,Y,,Y,Y,,L,04,1,0,0,0,0,0,1,0,0,"- ","- ",36.749889373779297,-119.82200622558594,FRESNO,FRESNO,-119.82097625732422,36.750141143798828
8575812,2017,2018-03-20,1013,2017-08-27,1944,M155,1013,7,5,3,1013,0,0,0,,0,003,"S NEWMARK AV","NORTH AV",0.00,,Y,A,-,N,,,,,,,,,,Y,2,0,1,1,A,-,08,22107,,N,E,J,A,A,H,-,B,A,0,,,,,Y,,A,08,1,0,0,0,0,0,0,0,0,"- ","- ",,,FRESNO,SANGER,-119.54277989000001,36.692290110000002
8648224,2018,2019-02-08,1001,2018-06-07,1958,5465,,4,5,5,1001,0,0,0,,0,005,"CLOVIS AV","BARSTOW AV",0.00,,Y,A,-,N,,,,,,,,,,Y,2,0,1,2,A,-,12,21453,A,N,H,G,A,A,H,-,B,A,0,,Y,,,Y,,L,04,1,0,0,0,0,0,1,0,0,"- ","- ",36.815750122070312,-119.70023345947266,FRESNO,CLOVIS,-119.70027160644531,36.815750122070312
8911090,2019,2020-05-19,1005,2019-09-20,1833,P1131,3A,5,5,7,1005,0,0,0,,0,2361,"MCKINLEY AV","CHESTNUT AV",615.00,E,N,A,-,N,,,,,,,,,,N,1,1,0,2,A,-,11,21954,A,N,G,B,D,A,H,-,A,D,0,Y,,,,Y,,N,60,0,0,0,1,0,0,0,0,0,"- ","- ",36.765110015869141,-119.73642730712891,FRESNO,FRESNO,-119.73435211181641,36.765209197998047
8911121,2019,2020-06-04,1005,2019-10-21,1601,P876,SOUTH,1,5,7,1005,0,0,0,,0,,"B ST","CALIFORNIA AV",15.00,S,N,A,-,N,,,,,,,,,,Y,1,1,0,2,A,-,12,21453,A,N,D,G,A,A,H,-,A,A,0,,Y,,,Y,,L,04,0,0,0,0,0,1,0,0,0,"- ","- ",36.720859527587891,-119.79168701171875,FRESNO,FRESNO,-119.79157257080078,36.720821380615234
90010115,2015,2015-10-19,9435,2015-08-15,1250,019039,,6,1,9,1000,0,1,3,,1,169,"STATE ROUTE 168","MILL CREEK ROAD",995.00,W,N,A,-,Y,,,168,,,,,,,Y,2,0,1,2,A,-,09,21801,A,N,D,C,A,A,H,-,A,D,0,,,Y,,Y,,D,22,1,0,0,0,0,0,0,0,1,"- ","- ",37.133049999999997,-119.31001999999999,FRESNO,UNINCORPORATED,-119.31013717,37.133056979999999
90034068,2015,2015-12-22,9435,2015-09-06,2500,016761,,7,4,9,1000,0,3,5,,2,025,"ACADEMY AVENUE (SOUTHBOUND)","ASHCROFT AVENUE",90.00,N,N,A,-,N,,,,,,,,,,N,1,1,0,2,D,-,00,,,F,G,B,E,A,H,-,D,D,0,Y,,,,Y,,-,"- ",0,0,0,1,0,0,0,0,0,"- ","- ",36.798200000000001,-119.55603000000001,FRESNO,UNINCORPORATED,-119.5560109,36.798327
90054188,2015,2015-11-19,9495,2015-10-11,0235,019755,,7,3,9,1000,0,1,3,,1,006,"STATE ROUTE 33","SUTTER AVE",2112.00,S,N,A,-,Y,,,33,,,,,,,Y,1,1,0,1,A,-,08,22107,,N,F,A,A,A,H,-,D,D,0,,,,,Y,,A,01,0,0,0,0,0,0,0,0,0,"- ","- ",36.047400000000003,-120.19532,FRESNO,UNINCORPORATED,-120.19526842,36.047442480000001
90083428,2015,2015-12-28,9435,2015-10-11,1125,016507,,7,1,9,1000,0,3,5,,2,060,"ALTA AVE","PARLIER AVE",417.00,N,N,A,-,N,,,,,,,,,,Y,1,1,1,1,A,-,01,23152,A,N,E,I,A,A,H,-,A,D,0,,,,,Y,Y,D,22,0,1,0,0,0,0,0,0,0,"- ","- ",36.612009999999998,-119.39499000000001,FRESNO,UNINCORPORATED,-119.39481000000001,36.612304360000003
90095218,2015,2016-01-14,9435,2015-12-08,2310,019548,,2,3,9,1000,0,3,5,,2,050,"AUBERRY RD","ROCK TREE RD.",1056.00,S,N,A,-,N,,,,,,,,,,Y,2,0,1,1,A,-,01,23152,A,N,E,I,A,A,H,-,D,D,0,,,,,Y,Y,D,22,1,0,0,0,0,0,0,0,0,"- ","- ",37.070799999999998,-119.40770000000001,FRESNO,UNINCORPORATED,-119.48772882999999,37.070773189999997
90096411,2015,2016-01-15,9435,2015-09-19,0145,019697,,6,3,9,1000,0,3,5,,2,040,"MANNING AVE","LAC JAC AVE",0.00,,Y,A,-,N,,,,,,,,,,Y,1,1,1,2,A,-,01,23152,F,N,D,C,A,A,H,-,C,A,0,,,,Y,Y,Y,A,01,1,0,0,0,0,0,0,0,0,"- ","- ",36.604390000000002,-119.48548,FRESNO,UNINCORPORATED,-119.48448992,36.604390049999999
90105305,2015,2016-06-08,9435,2015-12-11,1622,020680,,5,2,9,1000,0,3,5,,2,034,"WILLOW AVENUE","ANNADALE AVENUE",727.00,S,N,B,-,N,,,,,,,,,,Y,1,1,1,2,A,-,05,21650,,N,A,C,A,A,H,-,A,D,0,,,,,Y,,A,01,1,0,0,0,0,0,0,0,0,"- ","- ",36.418959999999998,-119.43644,FRESNO,UNINCORPORATED,-119.7273268,36.698044500000002
90106629,2015,2016-02-01,9495,2015-11-27,2500,019755,,5,4,9,1000,0,1,3,,1,006,"STATE ROUTE 33","SUTTER AVENUE",2112.00,S,N,A,-,Y,,,33,,,,,,,Y,1,1,0,1,A,-,08,22107,,N,E,I,A,A,H,-,D,D,0,,,,,Y,,A,01,0,0,0,0,0,0,0,0,0,"- ","- ",36.04701,-120.19492,FRESNO,UNINCORPORATED,-120.19491787,36.047011730000001
90111277,2016,2016-06-08,9435,2016-01-04,0230,020193,,1,3,9,1000,0,3,5,,2,040,"MOUNTAIN VIEW AVE W/B","GOLDEN STATE BLVD",225.00,E,N,B,-,N,,,,,,,,,,Y,1,1,0,2,A,-,03,22350,,N,C,C,A,A,H,-,C,A,0,,,,Y,Y,,A,08,0,0,0,0,0,0,0,0,0,"- ","- ",36.547020000000003,-119.58963,FRESNO,UNINCORPORATED,-119.59020484,36.546988910000003
90112930,2016,2016-02-10,9435,2016-01-12,1200,018914,,2,1,7,1005,0,1,3,,2,410,"SR-41 N/B","SHIELDS AVENUE",1056.00,S,N,A,-,Y,,,,,,,,,,N,2,0,1,1,C,-,18,,,N,H,A,A,A,H,-,A,D,0,,,,,Y,,-,"- ",1,0,0,0,0,0,0,0,0,"- ","- ",,,FRESNO,FRESNO,-119.78472178,36.776714669999997
90185044,2016,2016-05-23,9435,2016-05-14,1704,020060,,6,2,9,1000,0,3,5,,2,015,"CALIFORNIA AVE","ROLINDA AVE",1056.00,E,N,A,-,N,,,,,,,,,,Y,2,0,1,1,A,-,08,22107,,N,F,A,A,A,H,-,A,D,0,,,Y,,Y,,C,02,1,0,0,0,0,0,0,0,1,"- ","- ",36.72054,-119.96099,FRESNO,UNINCORPORATED,-119.95739911,36.720547840000002
90186960,2016,2016-05-25,9495,2016-05-08,0905,018253,,7,1,9,1000,0,1,3,,1,008,"STATE ROUTE 198","INTERSTATE 5 NORTHBOUND TO SR-198",0.00,,Y,A,-,Y,,,198,,,,,,,Y,2,0,1,1,A,-,03,22350,,N,E,I,A,A,H,-,A,A,0,,,,,Y,,A,01,1,0,0,0,0,0,0,0,0,"- ","- ",36.254379999999998,-120.24173999999999,FRESNO,UNINCORPORATED,-120.24174033,36.254407579999999
90200089,2016,2016-06-13,9435,2016-05-29,0120,018944,,7,3,9,1000,0,1,3,,1,412,"SR-41 S/B","NEBRASKA AVE",0.00,,Y,A,-,Y,,,41,,,,,,S,Y,2,0,3,2,A,-,01,23152,A,N,D,C,A,A,H,-,C,A,0,,,,,Y,Y,A,01,1,1,1,0,0,0,0,0,0,"- ","- ",36.561799999999998,-119.7863,FRESNO,UNINCORPORATED,-119.78606473000001,36.561799839999999
90209990,2016,2016-06-27,9461,2016-06-21,2230,017911,,2,3,9,1000,0,1,1,,2,305,"I-5 S/B","LITTLE PANOCHE CREEK",4752.00,S,N,A,-,Y,,,5,,,,,,S,Y,1,1,1,3,A,-,01,23152,A,N,C,C,A,A,H,-,D,D,0,,,,Y,Y,Y,A,01,0,1,0,0,0,0,0,0,0,"- ","- ",36.79278,-120.7346,FRESNO,UNINCORPORATED,-120.73458938,36.792787279999999
90222417,2016,2016-07-14,9435,2016-06-25,0105,020019,,6,3,9,1000,0,3,5,,2,034,"LINCOLN AVE","ACADEMY AVE",0.00,,Y,A,-,N,,,,,,,,,,Y,2,0,2,2,A,-,01,23152,A,N,D,C,A,A,H,-,D,A,0,,,,,Y,Y,A,01,1,0,1,0,0,0,0,0,0,"- ","- ",36.648499999999999,-119.5564,FRESNO,UNINCORPORATED,-119.55657995,36.648670039999999
90227568,2016,2016-08-25,9495,2016-05-18,2350,020314,,3,3,9,1000,0,1,1,,2,003,"INTERSTATE 5 NORTHBOUND","JAYNE AVE",5280.00,S,N,A,-,Y,,,5,,,,,,N,Y,1,1,0,2,A,-,03,22350,,N,C,C,A,A,H,-,D,D,0,,,,Y,Y,,G,25,0,0,0,0,0,0,0,0,0,"- ","- ",36.129869999999997,-120.15111,FRESNO,UNINCORPORATED,-120.15129641999999,36.129699809999998
90230115,2016,2016-07-26,9435,2016-07-05,0725,015602,,2,1,7,1005,0,1,3,,2,182,"SR-180 W/B FROM CLOVIS AVENUE S/B","CLOVIS AVENUE",805.00,W,N,A,-,Y,,,180,,,,R,,W,Y,2,0,1,2,A,-,03,22350,,N,C,C,A,A,H,-,A,A,0,,,Y,,Y,,D,22,1,0,0,0,0,0,0,0,1,"- ","- ",36.753120000000003,-119.70229999999999,FRESNO,FRESNO,-119.70229999999999,36.753120000000003
90242199,2016,2016-08-10,9495,2016-07-29,0903,020481,,5,1,9,1000,0,3,5,,2,052,"LOS GATOS CREEK ROAD","DERRICK AVENUE",30624.00,W,N,A,-,N,,,,,,,,,,Y,2,0,1,1,A,-,03,22350,,N,E,I,A,A,H,-,A,D,0,,,Y,,Y,,C,02,1,0,0,0,0,0,0,0,1,"- ","- ",36.218400000000003,-120.47333,FRESNO,UNINCORPORATED,-120.47331333,36.218352170000003
90245902,2016,2016-08-16,9435,2016-07-28,1915,020064,,4,2,7,1005,0,1,3,,2,410,"SR-41 S/B","SIERRA AVENUE O/C",425.00,S,N,A,-,Y,,,41,,,,,,S,Y,2,0,1,1,A,-,03,22350,,N,E,I,A,A,H,-,A,D,0,,,,,Y,,A,07,1,0,0,0,0,0,0,0,0,"- ","- ",36.828740000000003,-119.7851,FRESNO,FRESNO,-119.78520396,36.82874262
90247460,2016,2016-08-18,9435,2016-08-13,1005,017489,,6,1,7,1005,0,1,3,,1,180,"SR-180 E/B","HUGHES AVENUE",528.00,E,N,A,-,Y,,,180,,,,,,E,Y,2,0,2,1,A,-,08,22107,,N,E,I,A,A,H,-,A,D,0,,,,,Y,,A,01,1,1,0,0,0,0,0,0,0,"- ","- ",36.737839999999998,-119.82838,FRESNO,FRESNO,-119.82838357999999,36.738005630000004
90247861,2016,2016-08-18,9435,2016-07-31,0740,013112,,7,1,9,1000,0,3,5,,2,040,"EAST AVE","LAGUNA AVE",673.00,N,N,A,-,N,,,,,,,,,,Y,2,0,1,1,A,-,08,22107,,N,E,I,A,A,H,-,A,D,0,,,,,Y,,D,22,1,0,0,0,0,0,0,0,0,"- ","- ",36.418460000000003,-119.78042000000001,FRESNO,UNINCORPORATED,-119.7803802,36.418397400000003
90259614,2016,2016-09-02,9435,2016-08-31,0617,018920,,3,1,9,1000,0,3,5,,2,015,"CORNELIA AVE","KEARNEY BLVD",0.00,,Y,A,-,N,,,,,,,,,,Y,2,0,4,2,A,-,12,22450,A,N,D,C,A,A,H,-,B,A,0,,,,,Y,,A,01,2,1,1,0,0,0,0,0,0,"- ","- ",36.728090000000002,-119.88039999999999,FRESNO,UNINCORPORATED,-119.88065999,36.727980109999997
90287955,2016,2016-10-10,9435,2016-09-21,2012,019895,,3,2,9,1000,0,3,5,,2,040,"THOMPSON AVE","MOUNTAIN VIEW AVE",0.00,,Y,A,-,N,,,,,,,,,,Y,1,1,0,2,A,-,12,22450,A,N,D,C,A,A,H,-,D,A,0,,,Y,,Y,,C,02,0,0,0,0,0,0,0,1,0,"- ","- ",36.547080000000001,-119.61987000000001,FRESNO,UNINCORPORATED,-119.61982990999999,36.547070009999999
90311462,2016,2016-11-04,9435,2016-10-16,1000,013112,,7,1,9,1000,0,3,5,,2,040,"FOWLER AVE","RIVERDALE AVE",0.00,,Y,A,-,N,,,,,,,,,,Y,2,0,2,2,A,-,09,21802,A,N,D,C,A,A,H,-,A,A,0,,,,,Y,,A,01,1,0,1,0,0,0,0,0,0,"- ","- ",36.438119999999998,-119.68805999999999,FRESNO,UNINCORPORATED,-119.68792988,36.43811006
90327904,2016,2016-11-22,9435,2016-11-15,0743,016833,,2,1,9,1000,0,3,5,,2,034,"LEONARD AVE","SOUTH AVE",0.00,,Y,A,-,N,,,,,,,,,,Y,2,0,2,2,A,-,09,21802,A,N,D,C,A,A,H,-,A,A,0,,,,,Y,,A,07,1,1,0,0,0,0,0,0,0,"- ","- ",36.61983,-119.63739,FRESNO,UNINCORPORATED,-119.63735998999999,36.61982004
90371010,2017,2017-01-17,9435,2017-01-03,1620,019369,,2,2,9,1000,0,1,3,,1,180,"SR-180 (WHITESBRIDGE AVENUE)","CHATEAU FRESNO AVENUE",0.00,,Y,B,C,Y,,,,,,,,,,Y,2,0,1,2,A,-,03,22350,,N,C,C,A,B,H,-,B,D,0,,,,,Y,,J,48,1,0,0,0,0,0,0,0,0,"- ","- ",36.732239999999997,-119.93431,FRESNO,UNINCORPORATED,,
90385409,2016,2017-02-03,9435,2016-12-04,2030,020064,,7,2,9,1000,0,1,3,,1,180,"STATE ROUTE 180 (WHITESBRIDGE AVENUE)","SAN BENITO AVENUE",4224.00,E,N,B,-,Y,,,180,,,,,,,Y,1,1,3,2,A,-,01,23152,A,F,A,C,A,A,H,-,D,D,0,,,,,Y,Y,A,07,2,1,0,0,0,0,0,0,0,"- ","- ",36.732930000000003,-120.34096,FRESNO,UNINCORPORATED,-120.34096259,36.73296414
90400442,2017,2017-02-27,9435,2017-02-18,0002,019962,,6,3,9,1000,0,3,5,,2,040,"ACADEMY AVENUE","MOUNTAIN VIEW AVENUE",0.00,,Y,C,-,N,,,,,,,,,,Y,2,0,5,2,A,-,09,21802,A,N,D,C,A,B,H,-,D,B,0,,,,,Y,,A,01,3,0,2,0,0,0,0,0,0,"- ","- ",36.546849999999999,-119.55665,FRESNO,UNINCORPORATED,-119.55660985999999,36.546870050000003
90470822,2017,2017-06-05,9435,2017-05-24,1115,014547,,3,1,9,1000,0,3,5,,2,030,"BELMONT AVENUE","WILLOW AVENUE",0.00,,Y,A,-,N,,,,,,,,,,Y,2,0,4,3,A,-,00,21453,,N,D,C,A,A,H,-,A,A,0,,,,,Y,,A,01,1,1,2,0,0,0,0,0,0,"- ","- ",36.750399999999999,-119.72736,FRESNO,UNINCORPORATED,-119.72731992,36.750390019999998
90471949,2017,2017-06-06,9435,2017-05-30,0530,020064,,2,3,9,1000,0,3,5,,2,040,"CEDAR AVENUE","HARLAN AVENUE",2112.00,N,N,A,-,N,,,,,,,,,,Y,2,0,1,2,A,-,09,21804,A,N,D,C,A,A,H,-,B,D,0,,,,,Y,,M,46,1,0,0,0,0,0,0,0,0,"- ","- ",36.431959999999997,-119.80034999999999,FRESNO,UNINCORPORATED,-119.76250062,36.451327390000003
90498285,2017,2018-01-11,9435,2017-06-10,0225,019548,,6,3,9,1000,0,3,5,,2,050,"AUBERRY ROAD","COMSTOCK LANE",528.00,W,N,A,-,N,,,,,,,,,,Y,1,1,0,1,A,-,01,23152,A,N,E,I,A,A,H,-,D,D,0,,,,,Y,Y,D,22,0,0,0,0,0,0,0,0,0,"- ","- ",37.088369999999998,-119.47450000000001,FRESNO,UNINCORPORATED,-119.47403385,37.088626499999997
90499970,2017,2017-07-13,9495,2017-07-08,1115,020434,,6,1,9,1000,0,3,5,,2,052,"LOS GATOS ROAD","DERRICK AVE",75504.00,E,N,A,-,N,,,,,,,,,,Y,2,0,2,1,A,-,08,22107,,N,E,I,A,A,H,-,A,D,0,,,,,Y,,A,01,1,1,0,0,0,0,0,0,0,"- ","- ",36.23827,-120.58920999999999,FRESNO,UNINCORPORATED,-120.43709398999999,36.204865179999999
90524464,2017,2017-08-30,9435,2017-08-05,2206,017088,,6,3,9,1000,0,3,5,,2,030,"TRIMMER SPRINGS RD","BURMA RD",1056.00,E,N,A,-,N,,,,,,,,,,Y,2,0,1,1,A,-,03,22350,,N,F,A,A,A,H,-,D,D,0,,,Y,,Y,,C,02,1,0,0,0,0,0,0,0,1,"- ","- ",36.868679999999998,-119.32391,FRESNO,UNINCORPORATED,-119.32416219,36.868810840000002
90526965,2017,2017-08-21,9435,2017-07-27,0555,013112,,4,3,9,1000,0,3,5,,2,015,"MARKS AVENUE","ADAMS AVENUE",0.00,,Y,A,-,N,,,,,,,,,,Y,1,1,5,2,A,-,12,22450,A,N,D,D,A,A,H,-,B,A,0,,,,,Y,,A,07,2,0,3,0,0,0,0,0,0,"- ","- ",36.634129999999999,-119.84462000000001,FRESNO,UNINCORPORATED,-119.84456989,36.634090030000003
90529942,2017,2017-08-24,9461,2017-08-15,0525,020101,,2,3,9,1000,0,2,4,,1,610,"FAIRFAX AVE.","MCKINLEY AVE",1056.00,S,N,A,-,N,,,,,,,,,,Y,2,0,5,4,A,-,05,21650,A,N,A,C,A,A,H,-,D,D,0,,,,Y,Y,,D,22,1,0,4,0,0,0,0,0,0,"- ","- ",37.719650000000001,-120.56784,FRESNO,UNINCORPORATED,-119.75570999999999,36.765169999999998
90535089,2017,2017-08-28,9435,2017-08-19,0034,020062,,6,3,9,1000,0,1,3,,2,106,"SR99 S/B","CLOVIS AVE",3168.00,N,N,A,-,Y,,,99,,,,,,S,Y,2,0,1,2,A,-,03,22350,,N,A,C,A,A,H,-,D,D,0,,,,,Y,,A,01,1,0,0,0,0,0,0,0,0,"- ","- ",36.647190000000002,-119.70708999999999,FRESNO,UNINCORPORATED,-119.70709255,36.64718723
90548221,2017,2017-09-14,9495,2017-09-01,1155,019834,,5,1,9,1000,0,1,3,,1,009,"STATE ROUTE 198 (WARTHAN CANYON)","FIRESTONE AVENUE",8976.00,W,N,A,-,Y,,,198,,,,,,,Y,2,0,8,1,A,-,08,22107,,N,E,I,A,A,H,-,A,D,0,,,,,Y,,A,07,3,2,3,0,0,0,0,0,0,"- ","- ",36.107990000000001,-120.39628,FRESNO,UNINCORPORATED,-120.39628214,36.107964039999999
90566658,2017,2017-10-10,9435,2017-09-22,2317,018912,,5,3,9,1000,0,1,3,,1,183,"STATE ROUTE 180 EASTBOUND","FOWLER AVENUE",12.00,W,N,A,-,Y,,,180,,,,,,E,Y,2,0,1,1,A,-,01,23152,A,N,E,I,A,A,H,-,C,D,0,,,,,Y,Y,A,07,1,0,0,0,0,0,0,0,0,"- ","- ",36.753,-119.68173,FRESNO,UNINCORPORATED,-119.68176237,36.752868360000001