CASE_ID,ACCIDENT_YEAR,PROC_DATE,JURIS,COLLISION_DATE,COLLISION_TIME,OFFICER_ID,REPORTING_DISTRICT,DAY_OF_WEEK,CHP_SHIFT,POPULATION,CNTY_CITY_LOC,SPECIAL_COND,BEAT_TYPE,CHP_BEAT_TYPE,CITY_DIVISION_LAPD,CHP_BEAT_CLASS,BEAT_NUMBER,PRIMARY_RD,SECONDARY_RD,DISTANCE,DIRECTION,INTERSECTION,WEATHER_1,WEATHER_2,STATE_HWY_IND,CALTRANS_COUNTY,CALTRANS_DISTRICT,STATE_ROUTE,ROUTE_SUFFIX,POSTMILE_PREFIX,POSTMILE,LOCATION_TYPE,RAMP_INTERSECTION,SIDE_OF_HWY,TOW_AWAY,COLLISION_SEVERITY,NUMBER_KILLED,NUMBER_INJURED,PARTY_COUNT,PRIMARY_COLL_FACTOR,PCF_CODE_OF_VIOL,PCF_VIOL_CATEGORY,PCF_VIOLATION,PCF_VIOL_SUBSECTION,HIT_AND_RUN,TYPE_OF_COLLISION,MVIW,PED_ACTION,ROAD_SURFACE,ROAD_COND_1,ROAD_COND_2,LIGHTING,CONTROL_DEVICE,CHP_ROAD_TYPE,PEDESTRIAN_ACCIDENT,BICYCLE_ACCIDENT,MOTORCYCLE_ACCIDENT,TRUCK_ACCIDENT,NOT_PRIVATE_PROPERTY,ALCOHOL_INVOLVED,STWD_VEHTYPE_AT_FAULT,CHP_VEHTYPE_AT_FAULT,COUNT_SEVERE_INJ,COUNT_VISIBLE_INJ,COUNT_COMPLAINT_PAIN,COUNT_PED_KILLED,COUNT_PED_INJURED,COUNT_BICYCLIST_KILLED,COUNT_BICYCLIST_INJURED,COUNT_MC_KILLED,COUNT_MC_INJURED,PRIMARY_RAMP,SECONDARY_RAMP,LATITUDE,LONGITUDE,COUNTY,CITY,POINT_X,POINT_Y
90571689,2017,2017-10-18,9435,2017-10-05,1805,019210,,4,2,9,1000,0,3,5,,2,034,"ORANGE AVE","CHURCH AVE",0.00,,Y,A,-,N,,,,,,,,,,Y,2,0,3,2,D,-,00,,,N,D,C,A,A,H,-,A,A,0,,,,,Y,Y,-,"- ",1,1,1,0,0,0,0,0,0,"- ","- ",36.714149999999997,-119.76369,FRESNO,UNINCORPORATED,-119.76369991,36.71415004
90587956,2017,2017-11-06,9435,2017-10-29,0318,020586,,7,3,9,1000,0,1,3,,1,183,"SR-180 (KINGS CANYON RD)","VENTURA AVE",0.00,,Y,A,-,Y,,,180,,,,,,,Y,2,0,1,1,A,-,01,23152,G,N,E,I,A,A,H,-,D,D,0,,,,,Y,,A,01,1,0,0,0,0,0,0,0,0,"- ","- ",36.7348,-119.50596,FRESNO,UNINCORPORATED,-119.50594442000001,36.734836100000003
90626545,2017,2017-12-26,9435,2017-10-29,2500,016761,,7,4,9,1000,0,3,5,,2,040,"KINGS RIVER ROAD","DINUBA AVENUE",705.00,N,N,B,-,N,,,,,,,,,,Y,1,1,0,1,A,-,08,22107,,N,E,I,A,A,H,-,D,D,0,,,,,Y,,A,07,0,0,0,0,0,0,0,0,0,"- ","- ",36.59178,-119.47008,FRESNO,UNINCORPORATED,-119.46991740999999,36.591644289999998
90630547,2017,2018-01-02,9435,2017-12-21,0902,018049,,4,1,9,1000,0,1,3,,1,411,"SR-41 S/B","ADAMS AVE",385.00,N,N,E,-,Y,,,41,,,,,,S,Y,2,0,3,4,A,-,03,22350,,N,C,C,A,B,H,-,A,A,0,,,,Y,Y,,G,25,2,1,0,0,0,0,0,0,0,"- ","- ",36.636040000000001,-119.78614,FRESNO,UNINCORPORATED,-119.78612287,36.636040280000003
90630568,2017,2018-03-13,9435,2017-12-25,1250,017310,,1,1,9,1000,0,3,5,,2,025,"MILLERTON RD","WINCHELL COVE RD",1584.00,E,N,A,-,N,,,,,,,,,,Y,1,1,1,3,A,-,05,21460,A,N,B,C,A,A,H,-,A,D,0,,,,,Y,,A,01,1,0,0,0,0,0,0,0,0,"- ","- ",36.984740000000002,-119.65591999999999,FRESNO,UNINCORPORATED,-119.65429865,36.984424509999997
90649531,2018,2018-01-26,9495,2018-01-20,1646,019834,,6,2,9,1000,0,1,1,,2,001,"INTERSTATE 5 SOUTHBOUND","HUDSON AVENUE",1048.00,N,N,A,-,Y,,,5,,,,,,S,Y,2,0,3,2,A,-,08,22107,,N,F,A,A,A,H,-,A,D,0,,,,,Y,,A,01,1,1,1,0,0,0,0,0,0,"- ","- ",36.581291198730469,-120.55442047119141,FRESNO,UNINCORPORATED,-120.55465698242188,36.580974578857422
90661400,2018,2018-02-14,9435,2018-01-13,1700,019926,,6,2,7,1005,0,1,3,,2,181,"SR-180 W/B","VAN NESS AVENUE",188.00,E,N,A,-,Y,,,180,,,,,,W,N,1,1,0,3,A,-,11,21954,A,N,G,B,D,A,H,-,A,D,0,Y,,,,Y,,N,60,0,0,0,1,0,0,0,0,0,"- ","- ",36.749320983886719,-119.79847717285156,FRESNO,FRESNO,-119.79864501953125,36.749660491943359
90665906,2018,2018-02-21,9435,2018-02-15,1050,014479,,4,1,9,1000,0,3,5,,2,010,"SHAW AVE","SAN JUAN AVE",0.00,,Y,A,-,N,,,,,,,,,,N,2,0,1,2,A,-,09,21802,A,N,D,G,A,A,H,-,A,A,0,,Y,,,Y,,A,01,1,0,0,0,0,0,1,0,0,"- ","- ",36.808380126953125,-119.59477996826172,FRESNO,UNINCORPORATED,-119.59459686279297,36.808261871337891
9070093,2020,2020-08-24,1011,2020-05-06,2123,K069,PA,3,5,3,1011,0,0,0,,0,0PA,"E PARLIER AV","MADSON AV",0.00,,Y,A,-,N,,,,,,,,,,N,2,0,1,2,A,-,11,21955,,N,G,B,D,A,H,-,C,D,0,Y,,,,Y,Y,N,60,1,0,0,0,1,0,0,0,0,"- ","- ",,,FRESNO,PARLIER,-119.53884124755859,36.612159729003906
90717548,2018,2018-05-01,9435,2018-03-04,0210,019962,,7,3,7,1005,0,1,3,,1,168,"SR-168 W/B TO SR-180 W/B","CEDAR AVENUE",640.00,E,N,B,-,Y,,,168,,,,R,,W,Y,1,1,0,2,A,-,03,22350,,N,D,C,A,A,H,-,D,D,0,,,,,Y,,A,01,0,0,0,0,0,0,0,0,0,"- ","- ",36.755718231201172,-119.75209045410156,FRESNO,FRESNO,-119.75209045410156,36.755718231201172
90720705,2018,2018-05-07,9435,2018-04-30,1705,018944,,1,2,9,1000,0,3,5,,2,010,"GRANTLAND AVE.","MCKINLEY AVE",0.00,,Y,A,-,N,,,,,,,,,,Y,2,0,3,4,A,-,09,21802,A,N,D,C,A,A,H,-,A,A,0,,,,,Y,,D,22,1,1,1,0,0,0,0,0,0,"- ","- ",36.764350891113281,-119.91622924804688,FRESNO,UNINCORPORATED,-119.91622924804688,36.764339447021484
90730202,2018,2018-05-21,9435,2018-05-09,0800,014363,,3,1,9,1000,0,3,5,,2,040,"LINCOLN AVENUE","CHESTNUT AVENUE",1848.00,E,N,A,-,N,,,,,,,,,,Y,2,0,1,2,A,-,21,22106,,N,D,C,A,A,H,-,A,D,0,,,,,Y,,M,46,1,0,0,0,0,0,0,0,0,"- ","- ",36.648941040039062,-119.730712890625,FRESNO,UNINCORPORATED,-119.73048400878906,36.648971557617188
90736577,2018,2018-05-29,9495,2018-05-05,1539,020250,,6,2,9,1000,0,1,1,,2,001,"INTERSTATE 5 (NORTHBOUND)","ARROYO HONDO BRIDGE #42-241R",5.00,S,N,A,-,Y,,,5,,,,,,,Y,1,1,2,2,A,-,08,22107,,N,B,C,A,A,H,-,A,D,0,,,,,Y,,A,01,2,0,0,0,0,0,0,0,0,"- ","- ",36.479080200195312,-120.43383026123047,FRESNO,UNINCORPORATED,-120.43386077880859,36.479049682617188
90737450,2018,2018-05-30,9435,2018-05-22,1455,018824,,2,2,7,1005,0,3,5,,2,034,"AMERICAN AVENUE","PEACH AVENUE",410.00,W,N,A,-,N,,,,,,,,,,N,2,0,1,1,A,-,03,22350,,N,F,A,A,A,H,-,A,D,0,,,Y,,Y,,C,02,1,0,0,0,0,0,0,0,1,"- ","- ",36.663650512695312,-119.71936798095703,FRESNO,FRESNO,-119.71996307373047,36.663585662841797
90741118,2018,2019-05-03,9435,2018-05-12,0108,020592,,6,3,9,1000,0,3,5,,2,040,"MOUNTAIN VIEW AVENUE","ZEDIKER AVENUE",1740.00,W,N,A,-,N,,,,,,,,,,Y,1,1,0,1,A,-,01,23152,A,N,E,I,A,A,H,-,D,D,0,,,,,Y,Y,A,01,0,0,0,0,0,0,0,0,0,"- ","- ",36.547008514404297,-119.57884979248047,FRESNO,UNINCORPORATED,-119.5272216796875,36.546798706054688
90748177,2018,2018-07-31,9435,2018-05-19,1220,019926,,6,1,7,1005,0,1,3,,2,181,"SR-180 W/B","BLACKSTONE AVE",115.00,W,N,A,-,Y,,,180,,,,,,W,Y,1,1,2,1,A,-,08,22107,,N,E,I,A,A,H,-,A,D,0,,,,,Y,,A,07,1,1,0,0,0,0,0,0,0,"- ","- ",36.751880645751953,-119.79102325439453,FRESNO,FRESNO,-119.79104614257812,36.752006530761719
90761454,2018,2018-07-03,9435,2018-07-01,0825,017310,,7,1,9,1000,0,1,3,,2,107,"SR-99 N/B","FLORAL AVE",5280.00,N,N,A,-,Y,,,99,,,,,,N,Y,2,0,1,2,A,-,03,22350,,N,C,C,A,A,H,-,A,D,0,,,,,Y,,A,01,1,0,0,0,0,0,0,0,0,"- ","- ",36.587650299072266,-119.64131164550781,FRESNO,UNINCORPORATED,-119.64145660400391,36.587490081787109
90774356,2018,2018-10-29,9435,2018-07-15,1800,021165,,7,2,9,1000,0,1,3,,1,180,"SR-180 W/B","TRINITY AVE",1510.00,W,N,A,-,Y,,,180,,,,,,W,Y,2,0,2,2,A,-,03,22350,,N,C,C,A,A,H,-,A,D,0,,,,,Y,,A,01,1,1,0,0,0,0,0,0,0,"- ","- ",36.734691619873047,-120.12110137939453,FRESNO,UNINCORPORATED,-120.12110137939453,36.734706878662109
90779685,2018,2018-07-30,9435,2018-07-07,2255,020481,,6,3,9,1000,0,1,3,,1,411,"MT WHITNEY AVENUE","FELAND AVENUE",186.00,E,N,A,-,N,,,,,,,,,,N,2,0,1,2,A,-,08,22107,,F,G,B,E,A,H,-,C,D,0,Y,,,,Y,,A,01,1,0,0,0,1,0,0,0,0,"- ","- ",36.430931091308594,-119.85484313964844,FRESNO,UNINCORPORATED,-119.85489654541016,36.430862426757812
90788478,2018,2018-08-10,9435,2018-07-29,1134,018912,,7,1,9,1000,0,3,5,,2,010,"BRAWLEY AVENUE","NIELSEN AVENUE",0.00,,Y,A,-,N,,,,,,,,,,Y,2,0,3,2,A,-,01,23152,A,F,D,C,A,A,H,-,A,A,0,,,,,Y,,A,01,2,1,0,0,0,0,0,0,0,"- ","- ",36.742710113525391,-119.86225128173828,FRESNO,UNINCORPORATED,-119.86226654052734,36.742660522460938
90791835,2018,2018-08-16,9435,2018-08-08,0755,014363,,3,1,9,1000,0,3,5,,2,034,"GOLDEN STATE BLVD.","JEFFERSON AVENUE",360.00,N,N,A,-,N,,,,,,,,,,Y,2,0,1,1,A,-,08,22107,,N,E,I,A,A,H,-,A,D,0,,,,,Y,,A,01,1,0,0,0,0,0,0,0,0,"- ","- ",36.657039642333984,-119.71153259277344,FRESNO,UNINCORPORATED,-119.71158599853516,36.657001495361328
90795333,2018,2018-08-22,9435,2018-08-13,0510,020064,,1,3,9,1000,0,1,3,,1,180,"SR-180 (WHITESBRIDGE AVENUE)","TRINITY AVENUE",0.00,,Y,A,-,Y,,,180,,,,,,,Y,2,0,2,2,A,-,12,22450,A,N,D,C,A,A,H,-,D,A,0,,,,,Y,,A,01,1,0,1,0,0,0,0,0,0,"- ","- ",36.734600067138672,-120.11428070068359,FRESNO,UNINCORPORATED,-120.11428070068359,36.734706878662109
9082468,2020,2020-07-08,1001,2020-03-14,0209,5694,,6,5,5,1001,0,0,0,,0,008,"TEMPERANCE AV","HERNDON AV",0.00,,Y,A,-,N,,,,,,,,,,Y,2,0,2,2,A,-,01,23153,A,N,D,C,A,A,H,-,C,A,0,,,,,Y,Y,A,01,1,0,1,0,0,0,0,0,0,"- ","- ",36.837398529052734,-119.66607666015625,FRESNO,CLOVIS,-119.66607666015625,36.837398529052734
90834556,2018,2019-05-03,9435,2018-09-23,1740,020871,,7,2,9,1000,0,3,5,,2,020,"WALNUT AVENUE","ELKHORN AVENUE",550.00,N,N,A,-,N,,,,,,,,,,Y,1,2,0,1,A,-,01,23152,A,N,E,I,A,A,H,-,A,D,0,,,,,Y,Y,A,01,0,0,0,0,0,0,0,0,0,"- ","- ",36.490879058837891,-119.80918884277344,FRESNO,UNINCORPORATED,-119.80912017822266,36.490798950195312
90887557,2018,2018-12-21,9435,2018-12-17,0040,017518,,1,3,9,1000,0,3,5,,2,025,"SHAW AVE","BETHEL AVE",805.00,E,N,B,C,N,,,,,,,,,,Y,2,0,2,1,A,-,01,23152,A,N,E,I,A,B,H,-,D,D,0,,,,,Y,Y,A,01,2,0,0,0,0,0,0,0,0,"- ","- ",36.808128356933594,-119.57134246826172,FRESNO,UNINCORPORATED,-119.57140350341797,36.808208465576172
90890440,2018,2018-12-26,9435,2018-12-15,1705,020871,,6,2,7,1005,0,1,3,,2,182,"SR-180 E/B","WILLOW AVE",1056.00,W,N,A,-,Y,,,180,,,,,,E,Y,2,0,1,1,A,-,08,22107,,N,F,A,A,A,H,-,D,D,0,,,Y,,Y,,C,02,1,0,0,0,0,0,0,0,1,"- ","- ",36.753810882568359,-119.73251342773438,FRESNO,FRESNO,-119.73249816894531,36.753894805908203
90906412,2019,2019-01-17,9435,2019-01-01,1340,016860,,2,1,9,1000,0,3,5,,2,050,"MILLERTON ROAD","RUSTY SPUR LANE",2640.00,E,N,A,-,N,,,,,,,,,,Y,1,1,0,1,A,-,03,22350,,N,E,J,A,A,H,-,A,D,0,,,Y,,Y,,C,02,0,0,0,0,0,0,0,1,0,"- ","- ",36.969898223876953,-119.57784271240234,FRESNO,UNINCORPORATED,-119.57954406738281,36.970062255859375
90923768,2019,2019-02-11,9435,2019-02-01,0615,015179,,5,1,9,1000,0,3,5,,2,025,"AUBERRY RD","VENTANA HILLS DR",5154.00,S,N,A,-,N,,,,,,,,,,Y,2,0,1,1,A,-,08,22107,,N,F,A,A,A,H,-,D,D,0,,,,,Y,,A,01,1,0,0,0,0,0,0,0,0,"- ","- ",36.965198516845703,-119.64763641357422,FRESNO,UNINCORPORATED,-119.64739227294922,36.965183258056641
90934623,2019,2019-02-28,9495,2019-02-17,0220,020942,,7,3,9,1000,0,3,5,,2,053,"PHELPS AVENUE","CALAVERAS AVENUE",10032.00,E,N,B,-,N,,,,,,,,,,Y,2,0,2,1,A,-,03,22350,,N,E,I,A,A,H,-,D,A,0,,,,,Y,,A,07,2,0,0,0,0,0,0,0,0,"- ","- ",36.158821105957031,-120.25137329101562,FRESNO,UNINCORPORATED,-120.25172424316406,36.15875244140625
90954565,2019,2019-03-27,9435,2019-03-24,1505,019263,,7,2,9,1000,0,3,5,,2,050,"AUBERRY RD","UPPITY-UPPITY RD",528.00,E,N,A,-,N,,,,,,,,,,Y,2,0,1,1,A,-,08,22107,,N,F,A,A,A,H,-,A,D,0,,,Y,,Y,,C,02,1,0,0,0,0,0,0,0,1,"- ","- ",37.082298278808594,-119.47662353515625,FRESNO,UNINCORPORATED,-119.47645568847656,37.081821441650391
90955062,2019,2019-03-27,9435,2019-03-15,1700,020481,,5,2,9,1000,0,3,5,,2,010,"MAROA AVENUE","RIALTO AVENUE",104.00,N,N,A,-,N,,,,,,,,,,Y,2,0,1,2,A,-,01,23152,A,N,A,C,A,A,H,-,A,D,0,,,,,Y,Y,A,07,1,0,0,0,0,0,0,0,0,"- ","- ",36.803371429443359,-119.79950714111328,FRESNO,UNINCORPORATED,-119.79946899414062,36.803306579589844
90991639,2019,2019-05-20,9435,2019-05-11,2255,021165,,6,3,9,1000,0,3,5,,2,015,"JENSEN AVE","BLYTHE AVE",0.00,,Y,A,-,N,,,,,,,,,,Y,2,0,2,2,A,-,12,22450,A,N,D,C,A,A,H,-,D,A,0,,,,,Y,,A,01,1,0,1,0,0,0,0,0,0,"- ","- ",36.706489562988281,-119.87146759033203,FRESNO,UNINCORPORATED,-119.87146759033203,36.706459045410156
90995769,2019,2019-05-24,9435,2019-05-21,0600,013703,,2,1,9,1000,0,3,5,,2,034,"GOLDEN STATE BLVD (S/B)","VAN HORN AVE",430.00,S,N,A,-,N,,,,,,,,,,Y,2,0,1,1,A,-,08,22107,,N,E,I,A,A,H,-,B,D,0,,,,,Y,,A,01,1,0,0,0,0,0,0,0,0,"- ","- ",36.552051544189453,-119.59647369384766,FRESNO,UNINCORPORATED,-119.59648132324219,36.552028656005859
91000990,2019,2019-09-23,9435,2019-04-13,0815,019451,,6,1,9,1000,0,3,5,,2,015,"EAST AVENUE","LINCOLN AVENUE",0.00,,Y,A,-,N,,,,,,,,,,Y,1,1,0,2,A,-,09,21802,A,N,D,C,A,A,H,-,A,A,0,,,,Y,Y,,A,01,0,0,0,0,0,0,0,0,0,"- ","- ",36.648799896240234,-119.77279663085938,FRESNO,UNINCORPORATED,-119.77278900146484,36.648799896240234
91022946,2019,2019-07-02,9435,2019-06-08,0520,016507,,6,3,9,1000,0,3,5,,2,060,"HILLS VALLEY ROAD","AVENUE 444",528.00,S,N,A,-,N,,,,,,,,,,Y,1,1,1,1,A,-,08,22107,,N,E,I,A,A,H,-,B,D,0,,,,,Y,Y,A,01,0,1,0,0,0,0,0,0,0,"- ","- ",36.594089508056641,-119.30507659912109,FRESNO,UNINCORPORATED,-119.30498504638672,36.593982696533203
91029523,2019,2019-07-12,9435,2019-07-06,2345,020064,,6,3,9,1000,0,3,5,,2,034,"THOMPSON AVENUE","BUTLER AVENUE",2640.00,S,N,A,-,N,,,,,,,,,,Y,2,0,1,1,A,-,03,22350,,N,F,A,A,A,H,-,D,D,0,,,Y,,Y,,C,02,1,0,0,0,0,0,0,0,1,"- ","- ",36.720928192138672,-119.61923980712891,FRESNO,UNINCORPORATED,-119.61904907226562,36.721145629882812
91051726,2019,2019-08-14,9435,2019-08-06,0635,019113,,2,1,9,1000,0,3,5,,2,015,"HUMBOLDT AVENUE","AMERICAN AVENUE",7.00,N,N,A,-,N,,,,,,,,,,Y,2,0,2,2,A,-,06,21750,,N,B,C,A,A,H,-,A,D,0,,,,,Y,,A,07,1,1,0,0,0,0,0,0,0,"- ","- ",36.661861419677734,-120.12449645996094,FRESNO,UNINCORPORATED,-120.12444305419922,36.661819458007812
91055578,2019,2020-07-10,9435,2019-01-09,0630,014672,,3,1,9,1000,0,1,3,,1,180,"STATE ROUTE 180","SHASTA AVENUE",546.00,E,N,B,C,Y,,,180,,,,,,,N,1,1,0,2,A,-,08,22107,,F,G,B,E,B,H,-,D,D,0,Y,,,,Y,,-,99,0,0,0,1,0,0,0,0,0,"- ","- ",36.734790802001953,-120.10340881347656,FRESNO,UNINCORPORATED,-120.10340881347656,36.734714508056641
91071978,2019,2019-09-11,9435,2019-08-31,1940,020019,,6,2,7,1005,0,1,3,,2,182,"SR-180 EB TO PEACH AVENUE","PEACH AVENUE",528.00,W,N,A,-,Y,,,180,,,,R,,E,Y,2,0,1,1,A,-,01,23152,A,N,F,A,A,A,H,-,B,D,0,,,Y,,Y,Y,C,02,1,0,0,0,0,0,0,0,1,"- ","- ",36.752281188964844,-119.72016906738281,FRESNO,FRESNO,-119.72016906738281,36.752281188964844
91102596,2019,2019-10-22,9435,2019-10-15,2102,020481,,2,2,9,1000,0,3,5,,2,010,"MCKINLEY AVENUE","RAFAEL AVENUE",743.00,W,N,A,-,N,,,,,,,,,,Y,2,0,15,3,A,-,01,23152,A,N,C,C,A,A,H,-,D,D,0,,,,,Y,Y,A,01,2,4,9,0,0,0,0,0,0,"- ","- ",36.764560699462891,-119.85780334472656,FRESNO,UNINCORPORATED,-119.85806274414062,36.764606475830078
91134052,2019,2019-12-03,9435,2019-11-21,0325,019548,,4,3,9,1000,0,1,3,,1,169,"STATE ROUTE 168 (TOLLHOUSE RD.)","TOLLHOUSE RD.",3696.00,W,N,B,-,Y,,,168,,,,,,,Y,2,0,1,1,A,-,03,22350,,N,E,I,A,B,H,-,D,D,0,,,,,Y,,A,07,1,0,0,0,0,0,0,0,0,"- ","- ",36.943748474121094,-119.50498199462891,FRESNO,UNINCORPORATED,-119.5050048828125,36.943649291992188
91152078,2019,2019-12-24,9435,2019-12-18,1411,020836,,3,2,7,1005,0,1,3,,2,410,"SR-41 N/B FROM SHAW AVE W/B","SHAW AVE",400.00,N,N,A,-,Y,,,41,,,,R,,N,Y,2,0,1,1,A,-,01,23152,A,N,F,A,A,A,H,-,A,D,0,,,,,Y,Y,A,01,1,0,0,0,0,0,0,0,0,"- ","- ",36.809848785400391,-119.78504943847656,FRESNO,FRESNO,-119.78504943847656,36.809848785400391
91216103,2020,2020-03-26,9435,2020-03-19,0335,019603,,4,3,9,1000,0,3,5,,2,034,"JENSEN AVENUE","TEMPERANCE AVENUE",100.00,E,N,A,-,N,,,,,,,,,,N,2,0,1,2,A,-,11,21956,,N,G,B,E,A,H,-,D,D,0,Y,,,,Y,,N,60,1,0,0,0,1,0,0,0,0,"- ","- ",36.70751953125,-119.66445159912109,FRESNO,UNINCORPORATED,-119.66371917724609,36.707538604736328
91226111,2020,2020-04-15,9435,2020-04-06,1325,019789,,1,1,9,1000,0,1,3,,2,182,"STATE ROUTE 180 WESTBOUND","CLOVIS AVENUE",1056.00,W,N,B,-,Y,,,180,,,,,,W,Y,2,0,4,2,A,-,08,22107,,N,D,C,A,B,H,-,A,D,0,,,,Y,Y,,A,07,1,1,2,0,0,0,0,0,0,"- ","- ",36.753078460693359,-119.69590759277344,FRESNO,UNINCORPORATED,-119.69590759277344,36.753086090087891
91236689,2020,2020-05-12,9435,2020-04-25,1212,019548,,6,1,9,1000,0,3,5,,2,050,"POWERHOUSE ROAD","SAN JOAQUIN RIVER",1162.00,S,N,A,-,N,,,,,,,,,,Y,2,0,1,1,A,-,08,22107,,N,F,A,A,A,H,-,A,D,0,,,Y,,Y,,C,02,1,0,0,0,0,0,0,0,1,"- ","- ",37.146461486816406,-119.5072021484375,FRESNO,UNINCORPORATED,-119.5072021484375,37.146461486816406
91259481,2020,2020-06-29,9435,2020-05-23,1215,018926,,6,1,9,1000,0,3,5,,2,015,"DICKENSON AVENUE","KEARNEY BOULEVARD",0.00,,Y,A,-,N,,,,,,,,,,Y,2,0,3,2,A,-,12,22450,A,N,D,C,A,A,H,-,A,A,0,,,,,Y,,A,01,1,1,1,0,0,0,0,0,0,"- ","- ",36.727729797363281,-119.96996307373047,FRESNO,UNINCORPORATED,-119.96996307373047,36.727699279785156
91260162,2020,2020-06-29,9435,2020-05-28,1115,015095,,4,1,9,1000,0,3,5,,2,010,"HOWARD AVENUE","SHIELDS AVENUE",0.00,,Y,A,-,N,,,,,,,,,,Y,2,0,1,2,A,-,09,21802,A,N,D,C,A,A,H,-,A,A,0,,,,,Y,,A,01,1,0,0,0,0,0,0,0,0,"- ","- ",36.778648376464844,-120.02445983886719,FRESNO,UNINCORPORATED,-120.02445220947266,36.778648376464844
91261150,2020,2020-06-30,9435,2020-06-20,2500,019548,,6,4,9,1000,0,3,5,,2,050,"TOLLHOUSE ROAD","LODGE ROAD",2640.00,S,N,A,-,N,,,,,,,,,,N,2,0,1,1,A,-,08,22107,,N,F,A,A,A,H,-,B,D,0,,,Y,,Y,,C,02,1,0,0,0,0,0,0,0,1,"- ","- ",36.999031066894531,-119.40541076660156,FRESNO,UNINCORPORATED,-119.40524291992188,36.999317169189453
91270738,2020,2020-07-20,9435,2020-07-11,1240,020871,,6,1,9,1000,0,3,5,,2,030,"ASHLAN AVENUE","MINNEWAWA AVENUE",0.00,,Y,A,-,N,,,,,,,,,,Y,2,0,1,1,A,-,08,22107,,N,E,I,A,A,H,-,A,A,0,,,,,Y,,A,07,1,0,0,0,0,0,0,0,0,"- ","- ",36.794338226318359,-119.70903778076172,FRESNO,UNINCORPORATED,-119.70913696289062,36.794460296630859
91282678,2020,2020-08-10,9435,2020-04-12,1055,021031,,7,1,9,1000,0,3,5,,2,034,"FLORAL AVENUE","BETHEL AVENUE",1459.00,W,N,A,-,N,,,,,,,,,,Y,1,1,0,1,A,-,01,23152,A,N,F,A,A,A,H,-,A,D,0,,,Y,,Y,Y,C,06,0,0,0,0,0,0,0,1,0,"- ","- ",36.576129913330078,-119.57997131347656,FRESNO,UNINCORPORATED,-119.57996368408203,36.576126098632812
91293741,2020,2020-11-10,9435,2020-08-20,0323,021247,,4,3,7,1005,0,1,3,,2,106,"STATE ROUTE 99 NORTHBOUND","ORANGE AVENUE",528.00,N,N,A,-,Y,,,99,,,,,,N,Y,2,0,1,1,A,-,08,22107,,N,E,I,A,A,H,-,D,D,0,,,,,Y,,D,22,1,0,0,0,0,0,0,0,0,"- ","- ",36.697639465332031,-119.76497650146484,FRESNO,FRESNO,-119.76490020751953,36.697719573974609
91304400,2020,2020-09-16,9435,2020-09-06,1640,021031,,7,2,9,1000,0,3,5,,2,034,"JENSEN AVENUE BYPASS","PULLMAN AVENUE",0.00,,Y,A,-,N,,,,,,,,,,Y,2,0,2,2,A,-,01,23152,A,N,A,C,A,A,H,-,A,D,0,,,,,Y,Y,A,01,1,0,1,0,0,0,0,0,0,"- ","- ",36.706169128417969,-119.76038360595703,FRESNO,UNINCORPORATED,-119.76032257080078,36.706890106201172
91315865,2020,2020-11-03,9461,2020-08-23,2500,021854,,7,4,9,1000,0,1,3,,1,680,"STATE ROUTE-180","SAN BENITO AVENUE",322.00,E,N,A,-,Y,,,180,,,,,,,Y,1,1,0,1,A,-,08,22107,,N,E,I,A,A,H,-,D,D,0,,,,,Y,,A,01,0,0,0,0,0,0,0,0,0,"- ","- ",36.732261657714844,-120.36099243164062,FRESNO,UNINCORPORATED,-120.36104583740234,36.732177734375
91332473,2020,2020-10-27,9435,2020-10-18,2250,021119,,7,3,9,1000,0,3,5,,2,034,"JENSEN AVENUE (WESTBOUND)","DEWOLF AVE",250.00,W,N,A,-,N,,,,,,,,,,Y,2,0,1,1,A,-,08,22107,,N,F,J,A,A,H,-,D,D,0,,,,,Y,,A,01,1,0,0,0,0,0,0,0,0,"- ","- ",36.70751953125,-119.64778900146484,FRESNO,UNINCORPORATED,-119.6468505859375,36.707450866699219
91350113,2020,2020-11-20,9435,2020-11-12,0620,018746,,4,1,9,1000,0,3,5,,2,040,"SANTA FE COUNTY ROAD","PANOCHE ROAD",9504.00,S,N,A,-,N,,,,,,,,,,Y,2,0,1,1,A,-,08,22107,,N,E,I,A,A,H,-,B,D,0,,,,,Y,,A,07,1,0,0,0,0,0,0,0,0,"- ","- ",36.705020904541016,-120.36032104492188,FRESNO,UNINCORPORATED,-120.36043548583984,36.705036163330078
91354766,2020,2020-11-30,9435,2020-11-17,0800,018823,,2,1,9,1000,0,3,5,,2,015,"CORNELIA AVE","KEARNEY BLVD",0.00,,Y,A,-,N,,,,,,,,,,Y,2,0,2,2,A,-,09,21802,A,N,D,C,A,A,H,-,A,A,0,,,,,Y,,A,07,1,0,1,0,0,0,0,0,0,"- ","- ",36.728199005126953,-119.88060760498047,FRESNO,UNINCORPORATED,-119.88066101074219,36.727981567382812