CASE_ID,ACCIDENT_YEAR,PROC_DATE,JURIS,COLLISION_DATE,COLLISION_TIME,OFFICER_ID,REPORTING_DISTRICT,DAY_OF_WEEK,CHP_SHIFT,POPULATION,CNTY_CITY_LOC,SPECIAL_COND,BEAT_TYPE,CHP_BEAT_TYPE,CITY_DIVISION_LAPD,CHP_BEAT_CLASS,BEAT_NUMBER,PRIMARY_RD,SECONDARY_RD,DISTANCE,DIRECTION,INTERSECTION,WEATHER_1,WEATHER_2,STATE_HWY_IND,CALTRANS_COUNTY,CALTRANS_DISTRICT,STATE_ROUTE,ROUTE_SUFFIX,POSTMILE_PREFIX,POSTMILE,LOCATION_TYPE,RAMP_INTERSECTION,SIDE_OF_HWY,TOW_AWAY,COLLISION_SEVERITY,NUMBER_KILLED,NUMBER_INJURED,PARTY_COUNT,PRIMARY_COLL_FACTOR,PCF_CODE_OF_VIOL,PCF_VIOL_CATEGORY,PCF_VIOLATION,PCF_VIOL_SUBSECTION,HIT_AND_RUN,TYPE_OF_COLLISION,MVIW,PED_ACTION,ROAD_SURFACE,ROAD_COND_1,ROAD_COND_2,LIGHTING,CONTROL_DEVICE,CHP_ROAD_TYPE,PEDESTRIAN_ACCIDENT,BICYCLE_ACCIDENT,MOTORCYCLE_ACCIDENT,TRUCK_ACCIDENT,NOT_PRIVATE_PROPERTY,ALCOHOL_INVOLVED,STWD_VEHTYPE_AT_FAULT,CHP_VEHTYPE_AT_FAULT,COUNT_SEVERE_INJ,COUNT_VISIBLE_INJ,COUNT_COMPLAINT_PAIN,COUNT_PED_KILLED,COUNT_PED_INJURED,COUNT_BICYCLIST_KILLED,COUNT_BICYCLIST_INJURED,COUNT_MC_KILLED,COUNT_MC_INJURED,PRIMARY_RAMP,SECONDARY_RAMP,LATITUDE,LONGITUDE,COUNTY,CITY,POINT_X,POINT_Y
91361974,2020,2020-12-09,9435,2020-09-05,1410,020887,,6,2,9,1000,0,3,5,,2,034,"CENTRAL AVENUE","LOCAN AVENUE",871.00,E,N,A,-,N,,,,,,,,,,Y,1,1,1,1,A,-,01,23152,A,N,E,I,A,A,H,-,A,D,0,,,,,Y,Y,A,01,0,1,0,0,0,0,0,0,0,"- ","- ",36.678089141845703,-119.65186309814453,FRESNO,UNINCORPORATED,-119.65189361572266,36.677982330322266
91363491,2020,2020-12-10,9435,2020-12-04,1650,020871,,5,2,9,1000,0,3,5,,2,034,"PARLIER AVENUE","LAC JAC AVENUE",0.00,,Y,A,-,N,,,,,,,,,,Y,2,0,1,2,A,-,09,21802,A,N,D,C,A,A,H,-,D,A,0,,,,,Y,,D,22,1,0,0,0,0,0,0,0,0,"- ","- ",36.611690521240234,-119.48430633544922,FRESNO,UNINCORPORATED,-119.48429107666016,36.611679077148438
91378884,2020,2020-12-31,9495,2020-11-05,1905,019104,,4,2,9,1000,0,1,3,,1,008,"STATE ROUTE 198 (DORRIS AVENUE)","STATE ROUTE 33 (FRESNO-COALINGA ROAD)",3696.00,E,N,B,-,Y,,,198,,,,,,,Y,1,1,1,2,A,-,05,21460,A,N,B,C,A,A,H,-,D,D,0,,,Y,,Y,,C,02,0,1,0,0,0,0,0,1,0,"- ","- ",36.248401641845703,-120.30277252197266,FRESNO,UNINCORPORATED,-120.30279541015625,36.248332977294922
91392757,2021,2021-01-22,9435,2021-01-02,2254,020592,,6,3,7,1005,0,1,3,,2,410,"STATE ROUTE 41 NORTHBOUND","NEES AVENUE",262.00,N,N,A,-,Y,,,41,,,,,,N,Y,1,1,0,2,A,-,11,21954,A,N,G,B,E,A,H,-,D,D,0,Y,,,,Y,,N,60,0,0,0,1,0,0,0,0,0,"- ","- ",36.8525390625,-119.787353515625,FRESNO,FRESNO,-119.78733825683594,36.852546691894531
91432069,2021,2021-03-22,9435,2021-03-21,0240,020586,,7,3,9,1000,0,1,3,,1,183,"STATE ROUTE 180 EASTBOUND","DEWOLF AVENUE",1584.00,W,N,A,-,Y,,,180,,,,,,E,N,2,0,2,2,A,-,11,21954,A,N,G,B,E,A,H,-,D,D,0,Y,,,,Y,Y,N,60,1,0,1,0,1,0,0,0,0,"- ","- ",36.7369384765625,-119.65234375,FRESNO,UNINCORPORATED,-119.65234375,36.736934661865234
91446467,2021,2021-04-08,9435,2021-02-08,1420,021230,,1,2,9,1000,0,3,5,,2,030,"CEDAR AVENUE","KENMORE DRIVE SOUTH",187.00,N,N,A,-,N,,,,,,,,,,Y,1,1,0,2,A,-,09,21804,A,N,H,G,A,A,H,-,A,D,0,,Y,,,Y,,L,04,0,0,0,0,0,1,0,0,0,"- ","- ",36.767528533935547,-119.75457000732422,FRESNO,UNINCORPORATED,-119.75453186035156,36.767543792724609
91450765,2021,2021-04-15,9435,2021-04-02,1740,018914,,5,2,9,1000,0,3,5,,2,025,"SHEPHERD AVENUE","ACADEMY AVENUE",0.00,,Y,A,-,N,,,,,,,,,,Y,2,0,2,2,A,-,09,21802,A,N,D,C,A,A,H,-,A,A,0,,,,,Y,,A,08,1,1,0,0,0,0,0,0,0,"- ","- ",36.866508483886719,-119.55729675292969,FRESNO,UNINCORPORATED,-119.55729675292969,36.866539001464844
91457409,2021,2021-04-23,9435,2021-04-15,1405,020122,,4,2,9,1000,0,3,5,,2,034,"BETHEL AVENUE","FLORAL AVENUE",0.00,,Y,A,-,N,,,,,,,,,,Y,2,0,2,2,A,-,12,22450,A,N,D,C,A,A,H,-,A,A,0,,,,,Y,,A,01,1,0,1,0,0,0,0,0,0,"- ","- ",36.576068878173828,-119.57501220703125,FRESNO,UNINCORPORATED,-119.57499694824219,36.576107025146484
91478345,2021,2021-05-27,9435,2021-05-09,2233,020062,,7,3,9,1000,0,3,5,,2,010,"BULLARD AVENUE","WOODSON AVENUE",5.00,E,N,A,-,N,,,,,,,,,,Y,2,0,2,2,A,-,08,22107,,N,E,I,A,A,H,-,D,D,0,,,,,Y,,A,01,1,1,0,0,0,0,0,0,0,"- ","- ",36.822639465332031,-119.83705902099609,FRESNO,UNINCORPORATED,-119.83715057373047,36.822738647460938
91498717,2021,2021-06-16,9435,2021-06-09,0705,017310,,3,1,9,1000,0,3,5,,2,025,"MILERTON ROAD","WINCHELL COVE RD",750.00,W,N,A,-,N,,,,,,,,,,Y,2,0,1,1,A,-,08,22107,,N,E,J,A,A,H,-,A,D,0,,,,,Y,,A,01,1,0,0,0,0,0,0,0,0,"- ","- ",36.984359741210938,-119.66233825683594,FRESNO,UNINCORPORATED,-119.66213989257812,36.984230041503906
91549319,2021,2021-08-19,9435,2021-08-06,0550,020871,,5,3,9,1000,0,3,5,,2,060,"DINUBA AVENUE","CRAWFORD AVENUE",2112.00,W,N,A,-,N,,,,,,,,,,Y,2,0,4,3,A,-,03,22350,,F,A,C,A,A,H,-,A,D,0,,,,,Y,,A,01,1,2,1,0,0,0,0,0,0,"- ","- ",36.589298248291016,-119.38374328613281,FRESNO,UNINCORPORATED,-119.38402557373047,36.589271545410156
91550558,2021,2021-08-20,9435,2021-07-30,1202,019113,,5,1,9,1000,0,3,5,,2,015,"KEARNEY BOULEVARD","GARFIELD AVENUE",0.00,,Y,A,-,N,,,,,,,,,,Y,2,0,2,2,A,-,03,22350,,N,D,C,A,A,H,-,A,D,0,,,,Y,Y,,A,01,1,1,0,0,0,0,0,0,0,"- ","- ",36.728008270263672,-119.92545318603516,FRESNO,UNINCORPORATED,-119.92543792724609,36.727954864501953
91581961,2021,2021-09-28,9495,2021-09-21,1034,020246,,2,1,9,1000,0,1,1,,2,002,"INTERSTATE 5 NORTHBOUND TO SR-33","STATE ROUTE 33 (DERRICK AVE.)",148.00,S,N,A,-,Y,,,5,,,,R,,N,Y,2,0,3,1,A,-,03,22350,,N,E,J,A,A,H,-,A,D,0,,,,,Y,,A,01,1,2,0,0,0,0,0,0,0,"- ","- ",36.436599731445312,-120.39331817626953,FRESNO,UNINCORPORATED,-120.39331817626953,36.436599731445312
91586124,2021,2021-10-01,9435,2021-09-26,1400,021179,,7,2,7,1005,0,1,3,,2,105,"SR-99 S/B","HERNDON AVENUE",2000.00,S,N,A,-,Y,,,99,,,,,,S,N,2,0,1,1,D,-,00,,,N,F,I,A,A,H,-,A,D,0,,,,,Y,,-,"- ",1,0,0,0,0,0,0,0,0,"- ","- ",36.828178405761719,-119.91256713867188,FRESNO,FRESNO,-119.91259002685547,36.828151702880859
91589357,2021,2021-10-06,9435,2021-09-28,0045,020540,,2,3,9,1000,0,3,5,,2,060,"PIEDRA ROAD","AVOCADO LAKE PARK ENTRANCE",3696.00,N,N,A,-,N,,,,,,,,,,Y,2,0,1,2,A,-,05,21460,A,N,A,C,A,A,H,-,D,D,0,,,,,Y,,A,07,1,0,0,0,0,0,0,0,0,"- ","- ",36.797828674316406,-119.39598846435547,FRESNO,UNINCORPORATED,,
91604981,2021,2021-10-25,9461,2021-10-17,2056,017029,,7,2,9,1000,0,1,3,,1,603,SR-33,"DOUGLAS AVE.",7920.00,N,N,B,-,Y,,,33,,,,,,,Y,2,0,1,1,A,-,08,22107,,F,F,A,A,A,H,-,D,A,0,,,,,Y,,A,07,1,0,0,0,0,0,0,0,0,"- ","- ",36.895999908447266,-120.51383972167969,FRESNO,UNINCORPORATED,-120.51385498046875,36.895969390869141
91621777,2021,2021-11-10,9435,2021-11-01,0704,020019,,1,1,7,1005,0,1,3,,2,105,"STATE ROUTE 99 NORTHBOUND","ASHLAN AVENUE",1056.00,N,N,B,-,Y,,,99,,,,,,N,Y,2,0,1,2,A,-,03,22350,,N,C,C,A,A,H,-,B,D,0,,,,Y,Y,,A,01,1,0,0,0,0,0,0,0,0,"- ","- ",36.79718017578125,-119.87045288085938,FRESNO,FRESNO,-119.87046051025391,36.797164916992188
91624882,2021,2021-11-15,9435,2021-09-29,1153,013660,,3,1,9,1000,0,3,5,,2,034,"KAMM AVENUE","ZEDIKER AVENUE",1290.00,W,N,A,-,N,,,,,,,,,,Y,1,1,0,2,A,-,09,21804,A,N,A,C,A,A,H,-,A,D,0,,,Y,,Y,,C,02,0,0,0,0,0,0,0,1,0,"- ","- ",36.532211303710938,-119.52565765380859,FRESNO,UNINCORPORATED,-119.52555847167969,36.5323486328125
91625142,2021,2021-11-15,9435,2021-07-12,0243,016911,,1,3,9,1000,0,3,5,,2,025,"HERNDON AVENUE","MADSEN AVENUE",0.00,,Y,A,-,N,,,,,,,,,,Y,1,1,0,1,A,-,03,22350,,N,E,I,A,A,H,-,D,D,0,,,,,Y,,A,01,0,0,0,0,0,0,0,0,0,"- ","- ",36.837238311767578,-119.53920745849609,FRESNO,UNINCORPORATED,-119.53934478759766,36.8372802734375
91626341,2021,2021-11-16,9495,2021-06-17,2243,019424,,4,3,9,1000,0,1,1,,2,002,"INTERSTATE 5 (SOUTHBOUND)","JEFFREY AVENUE",4224.00,N,N,A,-,Y,,,5,,,,,,,Y,1,3,2,2,A,-,03,22350,,N,C,C,A,A,H,-,D,D,0,,,,,Y,,A,01,0,2,0,0,0,0,0,0,0,"- ","- ",36.380538940429688,-120.344970703125,FRESNO,UNINCORPORATED,-120.34499359130859,36.380519866943359
91637293,2021,2021-11-29,9435,2021-11-19,1535,020540,,5,2,9,1000,0,3,5,,2,060,"WAKEFIELD AVENUE","ADAMS AVENUE",1056.00,S,N,A,-,N,,,,,,,,,,N,2,0,1,1,A,-,08,22107,,N,E,I,A,A,H,-,A,D,0,,,Y,,Y,,C,02,1,0,0,0,0,0,0,0,1,"- ","- ",36.629878997802734,-119.35885620117188,FRESNO,UNINCORPORATED,-119.35885620117188,36.629623413085938
91650384,2021,2021-12-13,9495,2021-12-03,0048,021029,,5,3,7,1005,0,1,1,,2,002,"INTERSTATE 5 SOUTHBOUND","STATE ROUTE 33 (DERRICK AVENUE)",7920.00,S,N,A,-,Y,,,,,,,,,,Y,2,0,2,3,A,-,01,23152,A,N,A,C,A,A,H,-,D,A,0,,,,Y,Y,Y,A,01,1,1,0,0,0,0,0,0,0,"- ","- ",36.418968200683594,-120.37928771972656,FRESNO,FRESNO,-120.25710296630859,36.274829864501953
91651744,2021,2021-12-14,9435,2021-12-12,0530,020592,,7,3,7,1005,0,1,3,,2,105,"STATE ROUTE 99 NORTHBOUND","CLINTON AVENUE",3696.00,N,N,A,-,Y,,,99,,,,,,N,Y,2,0,1,2,A,-,08,22107,,N,B,C,A,A,H,-,C,D,0,,,,Y,Y,,A,01,1,0,0,0,0,0,0,0,0,"- ","- ",36.779350280761719,-119.8463134765625,FRESNO,FRESNO,-119.84606170654297,36.779628753662109
91665754,2021,2021-12-29,9435,2021-12-16,0625,014363,,4,1,9,1000,0,3,5,,2,034,"LINCOLN AVENUE","MCCALL AVENUE",0.00,,Y,B,-,N,,,,,,,,,,Y,2,0,3,2,A,-,09,21802,A,N,D,C,A,B,H,-,B,A,0,,,,,Y,,A,01,2,1,0,0,0,0,0,0,0,"- ","- ",36.649009704589844,-119.61068725585938,FRESNO,UNINCORPORATED,-119.61064910888672,36.648990631103516
91668967,2021,2022-01-04,9435,2021-12-26,0219,021402,,7,3,9,1000,0,1,3,,2,105,"CLINTON AVENUE TO SR-99 S/B",SR-99,200.00,W,N,A,-,Y,,,,,,,,,,Y,2,0,1,1,A,-,03,22350,,N,E,I,A,B,H,-,C,A,0,,,,,Y,,A,01,1,0,0,0,0,0,0,0,0,"- ","- ",36.771770477294922,-119.03964233398438,FRESNO,UNINCORPORATED,-119.8392333984375,36.772010803222656
91675680,2022,2022-01-11,9435,2022-01-03,0155,019263,,1,3,9,1000,0,3,5,,2,050,"FRAZIER ROAD","SPREADING OAK LANE",5.00,W,N,A,-,N,,,,,,,,,,Y,2,0,1,1,A,-,08,22107,,N,F,A,A,A,H,-,D,D,0,,,Y,,Y,,C,02,1,0,0,0,0,0,0,0,1,"- ","- ",37.067630767822266,-119.50390625,FRESNO,UNINCORPORATED,-119.50384521484375,37.067668914794922
91679725,2021,2022-04-25,9495,2021-08-28,0410,021186,,6,3,9,1000,0,1,3,,1,013,"STATE ROUTE 145 (FRESNO COALINGA ROAD)","BUTTE AVENUE",245.00,S,N,A,-,Y,,,145,,,,,,,Y,1,1,0,1,A,-,01,23152,A,N,E,I,A,A,H,-,D,D,0,,,,,Y,,A,01,0,0,0,0,0,0,0,0,0,"- ","- ",36.385169982910156,-120.15827178955078,FRESNO,UNINCORPORATED,-120.15823364257812,36.385116577148438
91689531,2022,2022-01-31,9435,2022-01-21,1000,020019,,5,1,9,1000,0,3,5,,2,034,"MANNING AVENUE","SMITH AVENUE",0.00,,Y,B,E,N,,,,,,,,,,Y,2,0,1,2,A,-,03,22350,,N,D,C,A,A,H,-,A,D,0,,,,,Y,,A,08,1,0,0,0,0,0,0,0,0,"- ","- ",36.604469299316406,-119.50251007080078,FRESNO,UNINCORPORATED,-119.50245666503906,36.604503631591797
91714339,2021,2022-03-03,9435,2021-12-06,1300,020586,,1,1,9,1000,0,3,5,,2,015,"ELM AVENUE","MANNING AVENUE",0.00,,Y,B,-,N,,,,,,,,,,Y,1,1,2,2,A,-,12,22450,A,N,D,C,A,A,H,-,A,A,0,,,,,Y,,A,07,0,2,0,0,0,0,0,0,0,"- ","- ",36.605281829833984,-119.79080963134766,FRESNO,UNINCORPORATED,-119.79087829589844,36.605266571044922
91714667,2022,2022-03-03,9495,2022-01-14,1928,021073,,5,2,9,1000,0,1,3,,1,006,"STATE ROUTE 33 (JAYNE AVENUE)","ENTERPRISE PARKWAY",792.00,S,N,A,-,Y,FRE,,33,,,13.718,H,,R,Y,1,1,1,2,A,-,08,22107,,N,A,C,A,A,H,-,C,D,0,,,,,Y,,A,01,0,1,0,0,0,0,0,0,0,"- ","- ",36.136699676513672,-120.32534027099609,FRESNO,UNINCORPORATED,-120.32534027099609,36.136688232421875
91716795,2022,2022-03-07,9435,2022-02-27,1325,019113,,7,1,9,1000,0,3,5,,2,020,"WEST AVENUE","HENDERSON AVENUE",0.00,,Y,A,-,N,,,,,,,,,,N,2,0,7,2,A,-,09,21801,A,N,A,C,A,A,H,-,A,D,0,,,,,Y,,A,07,1,5,1,0,0,0,0,0,0,"- ","- ",36.537601470947266,-119.82691192626953,FRESNO,UNINCORPORATED,-119.82691192626953,36.537631988525391
91728248,2022,2022-03-21,9435,2022-03-11,2015,020887,,5,2,9,1000,0,3,5,,2,025,"CLINTON AVE","BOND ST",586.00,E,N,A,-,N,,,,,,,,,,N,2,0,1,2,A,-,11,21954,A,N,G,B,D,A,H,-,D,D,0,Y,,,,Y,,N,60,1,0,0,0,1,0,0,0,0,"- ","- ",36.772300720214844,-119.76583099365234,FRESNO,UNINCORPORATED,-119.76589202880859,36.772296905517578
91736456,2021,2022-04-26,9435,2021-12-26,1800,021179,,7,2,7,1005,0,1,3,,2,105,"STATE ROUTE 99-SOUTHBOUND","TEILMAN AVENUE",490.00,S,N,A,-,Y,,,99,,,,,,,N,1,1,0,2,A,-,01,23152,A,N,G,B,E,A,H,-,C,D,0,Y,,,,Y,,N,60,0,0,0,1,0,0,0,0,0,"- ","- ",36.744998931884766,-119.82076263427734,FRESNO,FRESNO,-119.82075500488281,36.745002746582031
91747538,2022,2022-04-14,9435,2022-04-01,1530,021148,,5,2,9,1000,0,3,5,,2,034,"CALIFORNIA AVENUE","QUALITY AVENUE",0.00,,Y,A,-,N,,,,,,,,,,Y,2,0,5,2,A,-,01,23152,A,N,D,C,A,A,H,-,A,A,0,,,,,Y,Y,A,01,3,0,2,0,0,0,0,0,0,"- ","- ",36.721218109130859,-119.54306030273438,FRESNO,UNINCORPORATED,-119.54302978515625,36.721195220947266
91785180,2022,2022-05-31,9435,2022-05-21,2100,021357,,6,2,7,1005,0,1,3,,2,182,"SR-180 E/B","CHESTNUT AVE",970.00,E,N,A,-,Y,FRE,,180,,R,61.094,H,,R,Y,2,0,1,1,A,-,08,22107,,F,F,A,A,A,H,-,A,D,0,,,Y,,Y,,C,02,1,0,0,0,0,0,0,0,1,"- ","- ",36.753791809082031,-119.73275756835938,FRESNO,FRESNO,-119.73271942138672,36.753940582275391
91787188,2022,2022-06-02,9435,2022-05-22,0120,021357,,7,3,7,1005,0,1,3,,2,182,"SR-180 E/B","FOWLER AVE",1180.00,E,N,A,-,Y,FRE,,180,,R,64.159,H,,R,Y,2,0,2,1,A,-,01,23152,A,N,E,I,A,A,H,-,A,D,0,,,,,Y,Y,A,01,1,0,1,0,0,0,0,0,0,"- ","- ",36.751579284667969,-119.67797088623047,FRESNO,FRESNO,-119.67793273925781,36.751632690429688
91802170,2022,2022-06-23,9435,2022-06-16,1900,020836,,4,2,9,1000,0,3,5,,2,034,"CHESTNUT AVENUE","NORTH AVENUE",1000.00,S,N,A,-,N,,,,,,,,,,N,2,0,1,2,A,-,08,22107,,F,C,G,A,A,H,-,A,D,0,,Y,,,Y,,-,99,1,0,0,0,0,0,1,0,0,"- ","- ",36.689838409423828,-119.73647308349609,FRESNO,UNINCORPORATED,-119.73666381835938,36.689716339111328
91828751,2022,2022-07-29,9435,2022-07-23,1755,021606,,6,2,7,1005,0,3,5,,2,010,"PALM AVENUE","ASHLAN AVENUE",0.00,,Y,A,-,N,,,,,,,,,,N,2,0,2,2,A,-,12,21453,A,N,D,C,A,A,H,-,A,A,0,,,Y,,Y,,C,02,1,0,1,0,0,0,0,0,1,"- ","- ",36.793918609619141,-119.80860137939453,FRESNO,FRESNO,-119.80860137939453,36.793899536132812
91832589,2021,2022-08-03,9435,2021-11-27,0245,021402,,6,3,7,1005,0,1,3,,2,181,"STATE ROUTE 180 EASTBOUND","CEDAR AVENUE",2340.00,W,N,A,-,Y,,,180,,,,,,E,Y,1,1,0,2,A,-,07,21658,A,F,G,B,E,A,H,-,C,D,0,Y,,,,Y,Y,N,60,0,0,0,1,0,0,0,0,0,"- ","- ",36.754909515380859,-119.76332092285156,FRESNO,FRESNO,-119.76332092285156,36.754863739013672
91839527,2022,2022-08-15,9495,2022-07-30,0150,021602,,6,3,9,1000,0,1,1,,2,002,"INTERSTATE 5 N/B","STATE ROUTE 33 (DERRICK AVENUE)",2112.00,S,N,A,-,Y,FRE,,5,,,29.553,H,,R,Y,2,0,6,2,A,-,08,22107,,N,B,C,A,A,H,-,D,D,0,,,,Y,Y,,A,08,1,2,3,0,0,0,0,0,0,"- ","- ",36.431148529052734,-120.38986206054688,FRESNO,UNINCORPORATED,-120.38983154296875,36.431163787841797
91856981,2022,2022-09-05,9435,2022-08-24,0850,017310,,3,1,7,1005,0,1,3,,2,181,"SR 180 W/B","WILLOW AVENUE",290.00,W,N,A,-,Y,FRE,,180,,R,61.337,H,,L,N,2,0,2,4,A,-,03,22350,,N,C,C,A,A,H,-,A,D,0,,,,,Y,,-,"- ",1,0,1,0,0,0,0,0,0,"- ","- ",36.753810882568359,-119.72840118408203,FRESNO,FRESNO,-119.72840118408203,36.753765106201172
91870208,2022,2022-09-21,9435,2022-04-06,0042,021153,,3,3,9,1000,0,3,5,,2,010,"NORTH AVENUE","TEMPERANCE AVENUE",0.00,,Y,A,-,N,,,,,,,,,,Y,1,1,2,2,A,-,12,22450,A,N,D,C,A,A,H,-,D,A,0,,,,,Y,,A,07,0,1,1,0,0,0,0,0,0,"- ","- ",36.69287109375,-119.66391754150391,FRESNO,UNINCORPORATED,-119.66397094726562,36.692829132080078
91889919,2022,2022-10-13,9435,2022-10-05,0540,015095,,3,3,7,1005,0,1,3,,2,410,"STATE ROUTE 41 NORTHBOUND","MCKINLEY AVENUE",265.00,N,N,A,-,Y,FRE,,41,,R,25.350,H,,R,Y,1,1,1,4,A,-,11,21954,A,N,G,B,E,A,H,-,D,D,0,Y,,,,Y,,N,60,0,1,0,1,0,0,0,0,0,"- ","- ",36.765819549560547,-119.77757263183594,FRESNO,FRESNO,-119.77756500244141,36.765823364257812
91929340,2022,2023-01-09,9435,2022-11-16,1715,019263,,3,2,9,1000,0,1,3,,1,169,"STATE ROUTE 168","GOOSEBERRY LN",3168.00,S,N,A,-,Y,FRE,,168,,T,27.652,H,,R,Y,2,0,2,2,A,-,03,22350,,N,A,C,A,A,H,-,D,D,0,,,Y,,Y,,C,02,1,1,0,0,0,0,0,0,1,"- ","- ",37.009021759033203,-119.52877044677734,FRESNO,UNINCORPORATED,-119.52878570556641,37.009021759033203
91929366,2022,2022-12-29,9435,2022-11-16,1514,018914,,3,2,9,1000,0,3,5,,2,034,"MOUNTAIN VIEW AVENUE","MADSEN AVENUE",160.00,W,N,A,-,N,,,,,,,,,,Y,1,1,1,3,A,-,05,21651,B,N,A,C,A,A,H,-,A,D,0,,,,,Y,,A,01,1,0,0,0,0,0,0,0,0,"- ","- ",36.546878814697266,-119.53939056396484,FRESNO,UNINCORPORATED,-119.53935241699219,36.546779632568359
91949630,2022,2022-12-22,9435,2022-12-13,0036,021687,,2,3,9,1000,0,3,5,,2,030,"MAPLE AVENUE","CLINTON AVENUE",0.00,,Y,A,-,N,,,,,,,,,,Y,2,0,2,2,A,-,01,23152,A,N,A,C,A,A,H,-,C,A,0,,,,,Y,Y,A,08,2,0,0,0,0,0,0,0,0,"- ","- ",36.772239685058594,-119.74542999267578,FRESNO,UNINCORPORATED,-119.74537658691406,36.772289276123047
91964209,2022,2023-01-10,9435,2022-09-07,0110,021247,,3,3,7,1005,0,1,3,,2,105,"STATE ROUTE 99 NORTHBOUND","OLIVE AVENUE",1214.00,S,N,A,-,Y,FRE,,99,,,23.067,H,,R,Y,1,1,0,2,A,-,11,21954,A,N,G,B,D,A,H,-,D,D,0,Y,,,Y,Y,,N,60,0,0,0,1,0,0,0,0,0,"- ","- ",36.754390716552734,-119.82784271240234,FRESNO,FRESNO,-119.82781219482422,36.754402160644531
91974329,2023,2023-01-23,9435,2023-01-11,1800,020836,,3,2,9,1000,0,3,5,,2,010,"BULLARD AVENUE","CHANNING WAY",0.00,,Y,B,-,N,,,,,,,,,,Y,2,0,1,2,A,-,09,21801,A,N,A,C,A,B,H,-,C,D,0,,,Y,,Y,,A,07,1,0,0,0,0,0,0,0,1,"- ","- ",36.822761535644531,-119.82407379150391,FRESNO,UNINCORPORATED,-119.82405853271484,36.822769165039062
91985317,2023,2023-02-02,9435,2023-02-01,1312,015890,,3,1,9,1000,0,3,5,,2,040,"CLOVIS AVE","LETSON AVE",1122.00,N,N,A,-,N,,,,,,,,,,Y,2,0,2,1,A,-,08,22107,,N,E,I,A,A,H,-,A,D,0,,,,,Y,,A,07,1,1,0,0,0,0,0,0,0,"- ","- ",36.443790435791016,-119.70855712890625,FRESNO,UNINCORPORATED,-119.70858001708984,36.443668365478516
92001182,2023,2023-02-23,9435,2023-02-07,1257,015986,,2,1,9,1000,0,3,5,,2,010,"PALM AVENUE","ASHLAN AVENUE",0.00,,Y,A,-,N,,,,,,,,,,Y,2,0,2,2,A,-,09,21801,A,N,D,C,A,A,H,-,A,A,0,,,,,Y,,A,01,1,1,0,0,0,0,0,0,0,"- ","- ",36.793910980224609,-119.80857849121094,FRESNO,UNINCORPORATED,-119.80860137939453,36.793899536132812
92011596,2022,2023-03-07,9435,2022-11-17,2215,017518,,4,3,9,1000,0,3,5,,2,030,"ASHLAN AVENUE","MADSEN AVENUE",1300.00,E,N,A,-,N,,,,,,,,,,Y,1,1,0,1,A,-,08,22107,,N,E,I,A,A,H,-,D,D,0,,,,,Y,,A,01,0,0,0,0,0,0,0,0,0,"- ","- ",36.793598175048828,-119.53349304199219,FRESNO,UNINCORPORATED,-119.53337097167969,36.793575286865234
92060335,2022,2023-07-11,9435,2022-12-21,0957,015890,,3,1,9,1000,0,3,5,,2,034,"CLOVIS AVENUE","JEFFERSON AVENUE",0.00,,Y,B,-,N,,,,,,,,,,Y,1,1,6,2,A,-,09,21801,A,N,D,C,A,A,H,-,A,D,0,,,,,Y,,A,01,5,0,1,0,0,0,0,0,0,"- ","- ",36.65631103515625,-119.69992828369141,FRESNO,UNINCORPORATED,-119.70036315917969,36.817615509033203
92075293,2023,2023-05-23,9435,2023-05-11,"840 ",019263,,4,1,9,1000,0,3,5,,2,025,"TULARE AVE","TEMPERANCE AVE",528.00,E,N,A,-,N,,,,,,,,,,Y,2,0,1,2,A,-,05,21460,A,N,A,C,A,A,H,-,A,D,0,,,,Y,Y,,A,07,1,0,0,0,0,0,0,0,0,"- ","- ",36.744129180908203,-119.66322326660156,FRESNO,UNINCORPORATED,-119.66241455078125,36.744117736816406
92076129,2023,2023-05-24,9435,2023-03-26,2035,020942,,7,2,9,1000,0,1,3,,1,180,"STATE ROUTE 180","SONOMA AVENUE",7286.00,W,N,A,-,Y,FRE,,180," "," ",31.196,H,,R,Y,1,1,2,3,A,-,01,23152,A,N,A,C,A,A,H,-,D,D,0,,,,,Y,Y,A,01,1,1,0,0,0,0,0,0,0,"- ","- ",36.734359741210938,-120.26643371582031,FRESNO,UNINCORPORATED,-120.26643371582031,36.734386444091797
92077690,2023,2023-05-25,9495,2023-05-21,1410,019733,,7,2,9,1000,0,1,1,,2,001,"INTERSTATE 5 NORTHBOUND","KAMM AVENUE",528.00,S,N,A,-,Y,FRE,,5," "," ",38.292,H,,R,Y,2,0,4,2,A,-,08,22107,,N,C,C,A,A,H,-,A,D,0,,,,,Y,,A,07,1,1,2,0,0,0,0,0,0,"- ","- ",36.530239105224609,-120.4869384765625,FRESNO,UNINCORPORATED,-120.48695373535156,36.530227661132812