CASE_ID,ACCIDENT_YEAR,PROC_DATE,JURIS,COLLISION_DATE,COLLISION_TIME,OFFICER_ID,REPORTING_DISTRICT,DAY_OF_WEEK,CHP_SHIFT,POPULATION,CNTY_CITY_LOC,SPECIAL_COND,BEAT_TYPE,CHP_BEAT_TYPE,CITY_DIVISION_LAPD,CHP_BEAT_CLASS,BEAT_NUMBER,PRIMARY_RD,SECONDARY_RD,DISTANCE,DIRECTION,INTERSECTION,WEATHER_1,WEATHER_2,STATE_HWY_IND,CALTRANS_COUNTY,CALTRANS_DISTRICT,STATE_ROUTE,ROUTE_SUFFIX,POSTMILE_PREFIX,POSTMILE,LOCATION_TYPE,RAMP_INTERSECTION,SIDE_OF_HWY,TOW_AWAY,COLLISION_SEVERITY,NUMBER_KILLED,NUMBER_INJURED,PARTY_COUNT,PRIMARY_COLL_FACTOR,PCF_CODE_OF_VIOL,PCF_VIOL_CATEGORY,PCF_VIOLATION,PCF_VIOL_SUBSECTION,HIT_AND_RUN,TYPE_OF_COLLISION,MVIW,PED_ACTION,ROAD_SURFACE,ROAD_COND_1,ROAD_COND_2,LIGHTING,CONTROL_DEVICE,CHP_ROAD_TYPE,PEDESTRIAN_ACCIDENT,BICYCLE_ACCIDENT,MOTORCYCLE_ACCIDENT,TRUCK_ACCIDENT,NOT_PRIVATE_PROPERTY,ALCOHOL_INVOLVED,STWD_VEHTYPE_AT_FAULT,CHP_VEHTYPE_AT_FAULT,COUNT_SEVERE_INJ,COUNT_VISIBLE_INJ,COUNT_COMPLAINT_PAIN,COUNT_PED_KILLED,COUNT_PED_INJURED,COUNT_BICYCLIST_KILLED,COUNT_BICYCLIST_INJURED,COUNT_MC_KILLED,COUNT_MC_INJURED,PRIMARY_RAMP,SECONDARY_RAMP,LATITUDE,LONGITUDE,COUNTY,CITY,POINT_X,POINT_Y
92081215,2023,2023-05-30,9435,2023-05-17,2320,021594,,3,3,3,1015,0,1,3,,2,107,"SR-99 S/B","FLORAL AVENUE",400.00,N,N,A,-,Y,,,,,,,,,,Y,2,0,1,1,C,-,18,,,N,F,8,A,A,H,-,C,A,0,,,,,Y,,-,"- ",1,0,0,0,0,0,0,0,0,"- ","- ",36.577449798583984,-119.63153076171875,FRESNO,SELMA,-119.63118743896484,36.577831268310547
92082678,2023,2023-05-31,9435,2023-05-26,1820,021299,,5,2,9,1000,0,3,5,,2,034,"MCCALL AVE","SOUTH AVE",1300.00,N,N,A,-,N,,,,,,,,,,Y,2,0,1,2,A,-,06,21750,A,N,B,D,A,A,H,-,A,D,0,,,Y,Y,Y,,C,02,1,0,0,0,0,0,0,0,1,"- ","- ",36.621410369873047,-119.61064910888672,FRESNO,UNINCORPORATED,-119.61065673828125,36.623378753662109
92085937,2023,2023-06-05,9461,2023-05-27,1240,017329,,6,1,9,1000,0,2,4,,1,325,"SHIELDS AVE","RUSSELL AVE",0.00,,Y,A,-,N,,,,,,,,,,Y,2,0,3,2,A,-,12,22450,A,N,D,2,A,A,H,-,A,A,0,,,,Y,Y,,A,07,3,0,0,0,0,0,0,0,0,"- ","- ",36.77825927734375,-120.65711212158203,FRESNO,UNINCORPORATED,-120.65714263916016,36.778240203857422
92087300,2023,2023-06-06,9435,2023-05-30,1810,021148,,2,2,9,1000,0,3,5,,2,010,"MARKS AVE","ALLUVIAL AVE",336.00,S,N,B,-,N,,,,,,,,,,Y,2,0,1,1,A,-,01,23152,A,N,A,I,A,A,H,-,A,D,0,,,,,Y,Y,A,01,1,0,0,0,0,0,0,0,0,"- ","- ",36.842670440673828,-119.84768676757812,FRESNO,UNINCORPORATED,-119.84757995605469,36.843406677246094
92099009,2023,2023-06-21,9435,2023-06-07,1030,015095,,3,1,9,1000,0,3,5,,2,030,"SHIELDS AVENUE","ACADEMY AVENUE",0.00,,Y,B,-,N,,,,,,,,,,Y,1,1,0,2,A,-,12,22450,A,N,D,C,A,A,H,-,A,A,0,,,,Y,Y,,D,22,0,0,0,0,0,0,0,0,0,"- ","- ",36.779190063476562,-119.55577850341797,FRESNO,UNINCORPORATED,-119.55599212646484,36.779140472412109
9211910,2020,2021-05-04,1005,2020-07-17,2032,P731,3052,5,5,7,1005,0,0,0,,0,01F,"FRUIT AV","CHURCH AV",633.00,S,N,A,-,N,,,,,,,,,,N,1,1,0,2,A,-,11,21954,A,N,G,B,E,A,H,-,D,D,0,Y,,,,Y,Y,N,60,0,0,0,1,0,0,0,0,0,"- ","- ",36.714061737060547,-119.81802368164062,FRESNO,FRESNO,-119.81789398193359,36.712322235107422
92124670,2023,2023-07-24,9461,2023-07-16,2134,019052,,7,2,9,1000,0,3,5,,2,060,"ISLAND RD.","BATTON RD.",2640.00,N,N,B,-,N,,,,,,,,,,Y,2,0,1,1,A,-,08,22107,,N,E,I,A,A,H,-,D,D,0,,,,,Y,Y,A,07,1,0,0,0,0,0,0,0,0,"- ","- ",37.033519744873047,-120.55536651611328,FRESNO,UNINCORPORATED,-120.55516052246094,37.033592224121094
92128004,2023,2023-07-27,9435,2023-06-02,"458 ",020854,,5,3,9,1000,0,1,3,,2,107,"STATE ROUTE 99 SOUTHBOUND","KAMM AVENUE",1750.00,N,N,A,-,Y,FRE,,99," ",R,2.722,H,,L,Y,1,1,0,1,A,-,01,23152,G,N,E,I,A,A,H,-,B,D,0,,,,,Y,Y,A,01,0,0,0,0,0,0,0,0,0,"- ","- ",36.536178588867188,-119.58377838134766,FRESNO,UNINCORPORATED,-119.58364868164062,36.536281585693359
92128034,2023,2023-07-27,9435,2023-05-07,"509 ",021589,,7,3,9,1000,0,3,5,,2,015,"CHERRY AVENUE","LINCOLN AVENUE",845.00,S,N,A,-,N,,,,,,,,,,Y,1,1,0,2,A,-,01,23152,A,N,C,E,A,A,H,-,D,D,0,,,,Y,Y,Y,A,01,0,0,0,0,0,0,0,0,0,"- ","- ",36.646430969238281,-119.78179168701172,FRESNO,UNINCORPORATED,-119.78187561035156,36.646450042724609
92133130,2023,2023-08-01,9435,2023-06-16,1745,021386,,5,2,9,1000,0,3,5,,2,034,"JENSEN AVENUE","DEL REY AVENUE",1300.00,W,N,A,-,N,,,,,,,,,,Y,1,1,1,1,A,-,01,23152,A,N,F,A,A,A,H,-,A,D,0,,,,,Y,Y,A,01,1,0,0,0,0,0,0,0,0,"- ","- ",36.706760406494141,-119.59665679931641,FRESNO,UNINCORPORATED,-119.59650421142578,36.706584930419922
92140738,2023,2023-08-10,9495,2023-07-29,1610,021029,,6,2,9,1000,0,1,3,,1,006,"STATE ROUTE 33","SUTTER AVENUE",11616.00,S,N,A,-,Y,FRE,,33," "," ",0.406,H,,R,Y,2,0,1,1,A,-,01,23152,A,N,F,A,A,A,H,-,A,D,0,,,,,Y,Y,A,01,1,0,0,0,0,0,0,0,0,"- ","- ",36.0264892578125,-120.17028045654297,FRESNO,UNINCORPORATED,-120.1702880859375,36.026481628417969
92145488,2023,2023-08-16,9495,2023-08-10,1300,019424,,4,1,9,1000,0,3,5,,2,052,"LOS GATOS CREEK ROAD","DERRICK AVENUE",63360.00,W,N,A,-,N,,,,,,,,,,Y,2,0,1,1,A,-,03,22350,,N,E,I,A,A,H,-,A,D,0,,,,,Y,,A,01,1,0,0,0,0,0,0,0,0,"- ","- ",36.233798980712891,-120.55458831787109,FRESNO,UNINCORPORATED,-120.55445861816406,36.233470916748047
92163416,2023,2023-09-06,9435,2023-08-28,1050,015890,,1,1,9,1000,0,1,3,,1,146,SR-145,"AMERICAN AVE",2662.00,N,N,A,-,Y,FRE,,145," "," ",30.622,H,,R,Y,2,0,3,3,A,-,03,22350,,N,C,C,A,A,H,-,A,D,0,,,,Y,Y,,G,25,1,1,1,0,0,0,0,0,0,"- ","- ",36.669399261474609,-120.06101989746094,FRESNO,UNINCORPORATED,-120.06100463867188,36.669399261474609
92164595,2023,2023-09-07,9435,2023-08-29,1700,020586,,2,2,7,1005,0,1,3,,2,181,"SR-180 WB TO SR-41","CEDAR AVE",1584.00,W,N,A,-,Y,FRE,,180," ",R,59.494,H,,L,N,2,0,1,2,A,-,00,21960,A,N,G,B,D,A,H,-,A,D,0,Y,,,,Y,,N,60,1,0,0,0,1,0,0,0,0,"- ","- ",36.75537109375,-119.76141357421875,FRESNO,FRESNO,-119.76141357421875,36.755153656005859
92169149,2023,2023-09-13,9435,2023-08-02,1741,021555,,3,2,9,1000,0,3,5,,2,050,"MILLERTON ROAD","STATE ROUTE 168",7920.00,W,N,A,-,N,,,,,,,,,,Y,1,1,0,1,A,-,01,23152,G,N,E,I,A,A,H,-,A,D,0,,,,,Y,Y,A,01,0,0,0,0,0,0,0,0,0,"- ","- ",36.978179931640625,-119.55423736572266,FRESNO,UNINCORPORATED,-119.50601959228516,36.953250885009766
92173335,2023,2023-09-19,9435,2023-09-10,1650,021148,,7,2,9,1000,0,3,5,,2,034,"GOLDEN STATE BOULEVARD","GOLDEN STATE FRONTAGE ROAD",20.00,N,N,A,-,N,,,,,,,,,,Y,2,0,1,1,A,-,01,23152,A,N,E,I,A,A,H,-,A,A,0,,,,,Y,Y,A,01,1,0,0,0,0,0,0,0,0,"- ","- ",36.647579193115234,-119.70137786865234,FRESNO,UNINCORPORATED,-119.75621795654297,36.697280883789062
92202774,2023,2023-10-18,9461,2023-10-06,"400 ",021940,,5,3,9,1000,0,2,4,,1,615,"NEES AVE","FAIRFAX AVE",0.00,,Y,A,-,N,,,,,,,,,,Y,2,0,1,2,A,-,09,21802,A,N,D,C,A,A,H,-,D,A,0,,,,Y,Y,,G,25,1,0,0,0,0,0,0,0,0,"- ","- ",36.850948333740234,-120.56337738037109,FRESNO,UNINCORPORATED,-120.56328582763672,36.850914001464844
92207472,2023,2023-10-24,9435,2023-10-21,1230,018746,,6,1,9,1000,0,3,5,,2,025,"SHAW AVENUE","QUAIL LAKE DRIVE",0.00,,Y,A,-,N,,,,,,,,,,Y,2,0,1,2,A,-,09,21804,A,N,D,C,A,A,H,-,A,A,0,,,,,Y,,A,01,1,0,0,0,0,0,0,0,0,"- ","- ",36.808261871337891,-119.59716796875,FRESNO,UNINCORPORATED,-119.59722137451172,36.808273315429688
92235993,2023,2023-11-14,9435,2023-11-06,2028,020592,,1,2,7,1005,0,1,3,,2,105,"STATE ROUTE 99 (NORTHBOUND)","EL DORADO STREET",10.00,S,N,C,-,Y,FRE,,99," "," ",21.455,H,,R,Y,2,0,3,2,A,-,01,23152,A,N,E,I,A,B,H,-,D,D,0,,,,,Y,Y,D,22,1,2,0,0,0,0,0,0,0,"- ","- ",36.738658905029297,-119.80799102783203,FRESNO,FRESNO,-119.80802917480469,36.738609313964844
92266512,2023,2023-12-19,9435,2023-12-07,1244,019603,,4,1,9,1000,0,3,5,,2,015,"MARKS AVENUE","NORTH AVENUE",0.00,,Y,A,-,N,,,,,,,,,,Y,2,0,3,2,A,-,12,22450,A,N,D,D,A,A,H,-,A,A,0,,,,Y,Y,,D,22,3,0,0,0,0,0,0,0,0,"- ","- ",36.692138671875,-119.84451293945312,FRESNO,UNINCORPORATED,-119.84454345703125,36.692100524902344
92287945,2024,2024-01-16,9435,2024-01-05,2335,019523,,5,3,9,1000,0,1,3,,2,106,"STATE ROUTE 99 S/B","JENSEN AVENUE",150.00,N,N,A,-,Y,FRE,,99," "," ",18.598,H,,L,Y,2,0,3,2,A,-,01,23152,A,N,C,C,A,A,H,-,C,D,0,,,,,Y,Y,A,01,2,1,0,0,0,0,0,0,0,"- ","- ",36.707290649414062,-119.77445983886719,FRESNO,UNINCORPORATED,-119.77452850341797,36.707244873046875
92322955,2024,2024-02-26,9435,2024-02-14,2340,015095,,3,3,9,1000,0,3,5,,2,025,"THOMPSON AVENUE",SR-168,35.00,S,N,A,-,N,,,,,,,,,,Y,2,0,1,1,A,-,03,22350,,N,E,I,A,A,H,-,D,D,0,,,,,Y,,A,07,1,0,0,0,0,0,0,0,0,"- ","- ",36.866241455078125,-119.62062072753906,FRESNO,UNINCORPORATED,-119.62218475341797,36.866329193115234
92325345,2024,2024-02-28,9435,2024-02-24,2315,020429,,6,3,9,1000,0,3,5,,2,060,"VINO AVE","RIO VISTA AVE",375.00,E,N,A,-,N,,,,,,,,,,Y,2,0,2,1,A,-,01,23152,A,N,F,0,A,A,H,-,D,D,0,,,,,Y,Y,D,22,2,0,0,0,0,0,0,0,0,"- ","- ",36.65869140625,-119.47415924072266,FRESNO,UNINCORPORATED,-119.47421264648438,36.658718109130859
92352797,2024,2024-04-02,9435,2024-03-22,1854,020122,,5,2,9,1000,0,3,5,,2,034,"WESTBOUND MTN VIEW AVENUE","NORTHBOUND ZEDIKER AVENUE",0.00,,Y,A,-,N,,,,,,,,,,Y,2,0,2,2,A,-,12,21453,A,N,D,C,A,A,H,-,A,A,0,,,,,Y,,A,07,1,1,0,0,0,0,0,0,0,"- ","- ",36.546939849853516,-119.52117919921875,FRESNO,UNINCORPORATED,,
92360863,2023,2024-04-10,9435,2023-10-12,"640 ",018746,,4,1,7,1005,0,1,3,,2,182,"SR-180 W/B TO SR-41 S/B","STATE ROUTE 41 SOUTHBOUND",175.00,E,N,A,-,Y,FRE,,180," ",R,58.640,H,,R,Y,1,1,0,1,A,-,01,23152,F,N,E,I,A,A,H,-,B,D,0,,,Y,,Y,,C,02,0,0,0,0,0,0,0,1,0,"- ","- ",36.754070281982422,-119.77674102783203,FRESNO,FRESNO,-119.77674865722656,36.754112243652344
92360910,2024,2024-04-10,9435,2024-03-30,1323,020095,,6,1,9,1000,0,3,5,,2,034,"QUALITY AVENUE","CALIFORNIA AVENUE",0.00,,Y,A,-,N,,,,,,,,,,Y,2,0,2,2,A,-,09,21802,A,N,D,C,A,A,H,-,A,A,0,,,,,Y,,A,01,1,1,0,0,0,0,0,0,0,"- ","- ",36.721229553222656,-119.54308319091797,FRESNO,UNINCORPORATED,-119.54302978515625,36.721195220947266
92364178,2023,2024-04-15,9435,2023-10-16,2112,021299,,1,2,9,1000,0,1,3,,2,107,"STATE ROUTE 99 NORTHBOUND","MCCALL AVENUE",1530.00,S,N,A,-,Y,FRE,,99," ",R,4.626,H,,R,Y,1,1,3,2,A,-,01,23152,A,F,C,C,A,A,D,-,D,D,0,,,,,Y,Y,A,08,2,1,0,0,0,0,0,0,0,"- ","- ",36.556438446044922,-119.60727691650391,FRESNO,UNINCORPORATED,-119.60723876953125,36.556472778320312
92372057,2024,2024-04-22,9435,2024-04-15,"330 ",022112,,1,3,3,1015,0,1,3,,2,107,"SOUTHBOUND SR-99","SECOND STREET",1320.00,S,N,A,-,Y,FRE,,99," ",R,5.143,H,,R,Y,2,0,1,1,A,-,08,22107,,N,F,A,A,A,D,-,C,A,0,,,,,Y,,D,22,1,0,0,0,0,0,0,0,0,"- ","- ",36.56182861328125,-119.6136474609375,FRESNO,SELMA,-119.61343383789062,36.561981201171875
92433918,2024,2024-08-14,9435,2024-06-27,1840,020977,,4,2,9,1000,0,1,3,,2,106,"STATE ROUTE 99 SOUTHBOUND","CEDAR AVENUE",1056.00,S,N,A,-,Y,FRE,,99," "," ",16.718,H,,L,Y,2,0,1,2,A,-,03,22350,,M,C,C,A,A,H,-,A,D,0,,,Y,,Y,,C,02,1,0,0,0,0,0,0,0,1,"- ","- ",36.686649322509766,-119.75212097167969,FRESNO,UNINCORPORATED,-119.75209045410156,36.686672210693359
92480943,2023,2024-07-22,9435,2023-11-27,1830,020319,,1,2,9,1000,0,1,3,,1,180,"STATE ROUTE 180","FLOYD AVENUE",792.00,W,N,A,-,Y,FRE,,180," "," ",45.989,H,,R,Y,1,1,3,4,A,-,03,22350,,N,C,C,A,A,H,-,D,D,0,,,,,Y,,A,07,1,1,1,0,0,0,0,0,0,"- ","- ",36.734981536865234,-119.99987030029297,FRESNO,UNINCORPORATED,-119.99987030029297,36.734962463378906
92595541,2024,2024-07-23,9435,2024-05-16,1410,021290,,4,2,9,1000,0,3,5,,2,034,"NORTH AVENUE","DEWOLF AVENUE",0.00,,Y,A,-,N,,,,,,,,,,Y,1,2,1,2,A,-,12,22450,A,N,D,C,A,A,H,-,A,A,0,,,,,Y,,A,01,0,1,0,0,0,0,0,0,0,"- ","- ",36.692558288574219,-119.64598083496094,FRESNO,UNINCORPORATED,-119.64596557617188,36.692550659179688
92596445,2024,2024-07-24,9435,2024-04-07,"220 ",022112,,7,3,7,1005,0,1,3,,2,105,"S/B SR-99 TO E/B SR-180","S. FRUIT AVENUE",315.00,E,N,A,-,Y,FRE,,180," ",R,56.169,H,,R,Y,1,1,0,1,A,-,01,23152,G,N,E,I,A,A,H,-,C,D,0,,,Y,,Y,Y,C,02,0,0,0,0,0,0,0,1,0,"- ","- ",36.739810943603516,-119.81632995605469,FRESNO,FRESNO,-119.81636810302734,36.7398681640625
9320197,2021,2021-12-21,1001,2021-06-10,2209,5795,,4,5,5,1001,0,0,0,,0,004,"WEST SHAW AV","PEACH AV",535.00,W,N,A,-,N,,,,,,,,,,N,1,1,0,2,A,-,11,21955,,F,G,B,D,A,H,-,C,D,0,Y,,,,Y,,N,60,0,0,0,1,0,0,0,0,0,"- ","- ",36.808811187744141,-119.71994018554688,FRESNO,CLOVIS,-119.72002410888672,36.808387756347656
94354553,2024,2024-08-14,9435,2024-08-10,1052,020429,,6,1,9,1000,0,1,3,,2,184,"STATE ROUTE 180","GEORGE SMITH ROAD",3300.00,E,N,A,-,Y,FRE,,180," "," ",90.007,H,,R,Y,2,0,2,2,A,-,09,21801,A,N,D,C,A,A,H,-,A,D,0,,,,,Y,,A,01,2,0,0,0,0,0,0,0,0,"- ","- ",36.740291595458984,-119.24756622314453,FRESNO,UNINCORPORATED,-119.24757385253906,36.740299224853516
94369623,2024,2024-08-26,9435,2024-08-16,2055,021930,,5,2,7,1005,0,1,3,,2,181,"SR-180 E/B","CEDAR AVE",2495.00,W,N,A,-,Y,FRE,,180," ",R,59.390,H,,R,Y,2,0,1,2,A,-,03,22350,,N,C,2,A,A,H,-,C,D,0,,,,,Y,,A,01,1,0,0,0,0,0,0,0,0,"- ","- ",36.754871368408203,-119.76328277587891,FRESNO,FRESNO,-119.76328277587891,36.754867553710938
94405801,2024,2024-09-24,9435,2024-09-15,1540,021544,,7,2,9,1000,0,3,5,,2,015,"FRUIT AVE","MANNING AVE",1056.00,N,N,A,-,N,,,,,,,,,,N,2,0,2,1,A,-,08,22107,,N,F,A,A,A,H,-,A,D,0,,,Y,,Y,,C,06,2,0,0,0,0,0,0,0,2,"- ","- ",36.608409881591797,-119.81788635253906,FRESNO,UNINCORPORATED,-119.81785583496094,36.608097076416016
94474132,2024,2024-11-18,9495,2024-10-06,"125 ",022595,,7,3,9,1000,0,1,3,,1,006,"STATE ROUTE 33 (LOST HILLS ROAD)","JAYNE AVENUE",10560.00,S,N,A,-,Y,FRE,,33," "," ",8.736,H,,R,Y,2,0,4,1,A,-,01,23152,A,N,E,I,A,A,H,-,C,D,0,,,,,Y,Y,A,01,3,1,0,0,0,0,0,0,0,"- ","- ",36.108158111572266,-120.2716064453125,FRESNO,UNINCORPORATED,-120.27157592773438,36.108165740966797
94496846,2024,2024-12-13,9435,2024-11-28,"230 ",018944,,4,3,7,1005,0,1,3,,2,105,"STATE ROUTE 99 SOUTHBOUND","KERN STREET",150.00,S,N,B,E,Y,FRE,,99," "," ",20.442,H,,L,Y,2,0,1,1,A,-,01,23152,A,N,E,I,A,A,H,-,C,D,0,,,,,Y,Y,A,07,1,0,0,0,0,0,0,0,0,"- ","- ",36.727821350097656,-119.79569244384766,FRESNO,FRESNO,-119.79573822021484,36.727787017822266
94525507,2024,2025-01-03,9495,2024-12-23,"415 ",022566,,1,3,9,1000,0,1,1,,2,003,"INTERSTATE 5 SOUTHBOUND","JAYNE AVENUE",970.00,N,N,A,-,Y,FRE,,5," "," ",5.696,H,,L,Y,2,0,6,3,A,-,08,22107,,N,C,E,A,A,H,-,C,D,0,,,,Y,Y,,A,01,2,2,2,0,0,0,0,0,0,"- ","- ",36.139949798583984,-120.16117095947266,FRESNO,UNINCORPORATED,-120.1611328125,36.139972686767578
94535647,2024,2025-01-13,9435,2024-09-13,"441 ",021420,,5,3,7,1005,0,1,3,,2,410,"STATE ROUTE 41 NORTHBOUND","SHIELDS AVENUE",0.20,N,N,A,-,Y,FRE,,41," ",R,26.695,H,,R,Y,1,1,0,2,A,-,05,21650,,N,A,G,A,A,H,-,D,D,0,,Y,,,Y,,L,04,0,0,0,0,0,1,0,0,0,"- ","- ",36.782878875732422,-119.78446960449219,FRESNO,FRESNO,-119.78441619873047,36.782878875732422
94608792,2025,2025-03-18,9435,2025-03-07,1640,018609,,5,2,9,1000,0,1,3,,1,169,SR-168,"TOLLHOUSE ROAD",5280.00,W,N,A,-,Y,FRE,,168," ",R,21.608,H,,R,N,2,0,1,1,A,-,08,22107,,N,E,I,A,A,H,-,A,D,0,,,Y,,Y,,C,02,1,0,0,0,0,0,0,0,1,"- ","- ",36.939849853515625,-119.50520324707031,FRESNO,UNINCORPORATED,-119.50519561767578,36.939849853515625
94610230,2024,2025-03-18,9435,2024-05-15,"133 ",018944,,3,3,7,1005,0,1,3,,2,181,"STATE ROUTE 180 EASTBOUND","CHESTNUT AVENUE",581.00,W,N,A,-,Y,FRE,,180," ",R,60.270,H,,R,Y,2,0,2,2,A,-,01,23152,A,N,A,C,A,A,H,-,D,D,0,,,,,Y,Y,A,01,2,0,0,0,0,0,0,0,0,"- ","- ",36.754890441894531,-119.74746704101562,FRESNO,FRESNO,-119.74746704101562,36.754878997802734
94610934,2025,2025-03-19,9435,2025-03-09,1210,016860,,7,1,9,1000,0,3,5,,2,050,"WATTS VALLEY ROAD","MAXON ROAD",9.00,N,N,A,-,N,,,,,,,,,,N,2,0,1,1,A,-,08,22107,,N,F,A,A,A,B,-,A,A,0,,,Y,,Y,,C,02,1,0,0,0,0,0,0,0,1,"- ","- ",36.933158874511719,-119.35214996337891,FRESNO,UNINCORPORATED,-119.35231781005859,36.933185577392578
9464424,2021,2022-09-14,1005,2021-02-24,0612,P1131,3B,3,5,7,1005,0,0,0,,0,2270,"TEMPERANCE AV","MCKINLEY AV",33.00,N,N,A,-,N,,,,,,,,,,Y,1,1,0,1,A,-,01,23152,G,N,E,I,A,A,H,-,D,D,0,,,,,Y,Y,A,01,0,0,0,0,0,0,0,0,0,"- ","- ",36.764900207519531,-119.66407012939453,FRESNO,FRESNO,-119.66407012939453,36.764949798583984
9464425,2021,2023-06-20,1005,2021-02-27,0254,P731,2352,6,5,7,1005,0,0,0,,0,02E,"WEBER AV","FLORADORA AV",55.00,S,N,A,-,N,,,,,,,,,,N,1,1,0,2,A,-,14,21201,D,N,C,G,A,A,H,-,C,D,0,,Y,,,Y,,L,04,0,0,0,0,0,1,0,0,0,"- ","- ",,,FRESNO,FRESNO,-119.82433319091797,36.760658264160156
9464447,2021,2023-06-20,1005,2021-07-10,2351,P1070,CE/A,6,5,7,1005,0,0,0,,0,2052,"SHIELDS AV","CHANNING WY",170.00,E,N,A,-,N,,,,,,,,,,Y,1,1,0,3,A,-,11,21954,A,F,G,B,D,A,H,-,C,D,0,Y,,,,Y,Y,N,60,0,0,0,1,0,0,0,0,0,"- ","- ",36.779411315917969,-119.82427978515625,FRESNO,FRESNO,-119.82373046875,36.779331207275391
94681775,2025,2025-05-09,9495,2025-05-02,"606 ",022247,,5,1,9,1000,0,1,1,,2,003,"INTERSTATE 5 NORTHBOUND","JAYNE AVENUE",6072.00,S,N,A,-,Y,FRE,,5," "," ",4.354,H,,R,Y,2,0,2,2,A,-,03,22350,,N,C,C,A,A,H,-,A,D,0,,,,Y,Y,,E,22,1,0,1,0,0,0,0,0,0,"- ","- ",36.124439239501953,-120.14643859863281,FRESNO,UNINCORPORATED,-120.14646148681641,36.124423980712891
94720651,2025,2025-06-10,9435,2025-05-30,2203,022802,,5,3,7,1005,0,1,3,,2,410,"SR-41 N/B","BELMONT AVE",55.00,N,N,A,-,Y,FRE,,41," ",R,24.274,H,,R,Y,2,0,1,2,A,-,07,21658,A,N,B,C,A,A,H,-,C,D,0,,,Y,,Y,,D,22,1,0,0,0,0,0,0,0,1,"- ","- ",36.750690460205078,-119.77587890625,FRESNO,FRESNO,-119.77595520019531,36.750694274902344
94746257,2025,2025-07-01,9435,2025-06-24,1655,020429,,2,2,9,1000,0,3,5,,2,015,"HAYES AVENUE","PARLIER AVENUE",750.00,N,N,A,-,N,,,,,,,,,,Y,2,0,1,1,A,-,01,23152,A,N,E,I,A,A,H,-,A,D,0,,,,,Y,Y,A,01,1,0,0,0,0,0,0,0,0,"- ","- ",36.614170074462891,-119.89878845214844,FRESNO,UNINCORPORATED,-119.89749908447266,36.612972259521484
94767253,2025,2025-07-17,9435,2025-06-05,"647 ",020540,,4,1,9,1000,0,3,5,,2,060,"BUTTONWILLOW AVENUE","AMERICAN AVENUE",0.00,,Y,A,-,N,,,,,,,,,,Y,1,1,1,2,A,-,09,21802,A,N,A,C,A,A,H,-,A,A,0,,,,,Y,Y,A,01,1,0,0,0,0,0,0,0,0,"- ","- ",36.662239074707031,-119.43051910400391,FRESNO,UNINCORPORATED,-119.43054962158203,36.662220001220703
94774037,2025,2025-07-23,9435,2025-03-05,"236 ",022921,,3,3,7,1005,0,1,3,,1,168,"SR-168 E/B","MCKINLEY AVENUE",56.00,E,N,B,-,Y,FRE,,168," ",R,1.035,H,,R,Y,1,2,0,1,A,-,01,23152,A,N,E,I,A,A,H,-,D,D,0,,,,,Y,Y,A,07,0,0,0,0,0,0,0,0,0,"- ","- ",36.765369415283203,-119.74925994873047,FRESNO,FRESNO,-119.74917602539062,36.765373229980469
94834366,2025,2025-09-08,9435,2025-05-23,2018,021672,,5,2,9,1000,0,1,3,,2,184,"STATE ROUTE 180 EASTBOUND","ALTA AVENUE",7814.00,W,N,A,-,Y,FRE,,180," "," ",79.548,H,,R,Y,1,1,0,1,A,-,01,23152,G,N,E,8,A,A,H,-,D,D,0,,,,,Y,Y,A,01,0,0,0,0,0,0,0,0,0,"- ","- ",36.714801788330078,-119.42047119140625,FRESNO,UNINCORPORATED,-119.42046356201172,36.714881896972656
94839224,2025,2025-09-10,9495,2025-04-10,"510 ",022515,,4,3,9,1000,0,1,1,,2,002,"INTERSTATE 5 SOUTHBOUND","STATE ROUTE 33 (DERRICK AVENUE)",12672.00,S,N,A,-,Y,FRE,,5," "," ",27.501,H,,L,Y,1,1,4,3,A,-,08,22107,,F,C,C,A,A,H,-,D,D,0,,,,,Y,Y,A,01,0,4,0,0,0,0,0,0,0,"- ","- ",36.406761169433594,-120.36850738525391,FRESNO,UNINCORPORATED,-120.36847686767578,36.406776428222656
9488186,2022,2022-08-18,1001,2022-07-09,1452,5694,,6,5,5,1001,0,0,0,,0,005,"BULLARD AV","MINNEWAWA AV",0.00,,Y,A,-,N,,,,,,,,,,Y,2,0,2,2,A,-,01,23153,A,N,A,C,A,A,H,-,A,A,0,,,,,Y,Y,A,01,2,0,0,0,0,0,0,0,0,"- ","- ",36.822929382324219,-119.70890045166016,FRESNO,CLOVIS,-119.70890045166016,36.822967529296875
9499104,2022,2022-10-21,1015,2022-09-30,2006,N130,SELMA,5,5,3,1015,0,0,0,,0,001,"THOMPSON AV","LEWIS ST",42.00,S,N,A,-,N,,,,,,,,,,,2,0,2,3,A,-,10,21950,A,N,G,B,B,A,H,-,C,A,0,Y,,,,Y,,A,01,2,0,0,0,2,0,0,0,0,"- ","- ",36.581298828125,-119.61978149414062,FRESNO,SELMA,-119.61965942382812,36.581172943115234