CASE_ID,ACCIDENT_YEAR,PROC_DATE,JURIS,COLLISION_DATE,COLLISION_TIME,OFFICER_ID,REPORTING_DISTRICT,DAY_OF_WEEK,CHP_SHIFT,POPULATION,CNTY_CITY_LOC,SPECIAL_COND,BEAT_TYPE,CHP_BEAT_TYPE,CITY_DIVISION_LAPD,CHP_BEAT_CLASS,BEAT_NUMBER,PRIMARY_RD,SECONDARY_RD,DISTANCE,DIRECTION,INTERSECTION,WEATHER_1,WEATHER_2,STATE_HWY_IND,CALTRANS_COUNTY,CALTRANS_DISTRICT,STATE_ROUTE,ROUTE_SUFFIX,POSTMILE_PREFIX,POSTMILE,LOCATION_TYPE,RAMP_INTERSECTION,SIDE_OF_HWY,TOW_AWAY,COLLISION_SEVERITY,NUMBER_KILLED,NUMBER_INJURED,PARTY_COUNT,PRIMARY_COLL_FACTOR,PCF_CODE_OF_VIOL,PCF_VIOL_CATEGORY,PCF_VIOLATION,PCF_VIOL_SUBSECTION,HIT_AND_RUN,TYPE_OF_COLLISION,MVIW,PED_ACTION,ROAD_SURFACE,ROAD_COND_1,ROAD_COND_2,LIGHTING,CONTROL_DEVICE,CHP_ROAD_TYPE,PEDESTRIAN_ACCIDENT,BICYCLE_ACCIDENT,MOTORCYCLE_ACCIDENT,TRUCK_ACCIDENT,NOT_PRIVATE_PROPERTY,ALCOHOL_INVOLVED,STWD_VEHTYPE_AT_FAULT,CHP_VEHTYPE_AT_FAULT,COUNT_SEVERE_INJ,COUNT_VISIBLE_INJ,COUNT_COMPLAINT_PAIN,COUNT_PED_KILLED,COUNT_PED_INJURED,COUNT_BICYCLIST_KILLED,COUNT_BICYCLIST_INJURED,COUNT_MC_KILLED,COUNT_MC_INJURED,PRIMARY_RAMP,SECONDARY_RAMP,LATITUDE,LONGITUDE,COUNTY,CITY,POINT_X,POINT_Y
9520638,2022,2023-06-16,1005,2022-01-17,0516,P1953,SOUTH,1,5,7,1005,0,0,0,,0,00E,"CEDAR  AV","BUTLER AV",35.00,S,N,A,-,N,,,,,,,,,,N,1,1,0,2,A,-,11,21955,,N,G,B,D,A,H,-,C,D,0,Y,,,,Y,,N,60,0,0,0,1,0,0,0,0,0,"- ","- ",36.728618621826172,-119.75457000732422,FRESNO,FRESNO,-119.75465393066406,36.728515625
9640830,2024,2024-08-07,1008,2024-04-18,2103,J711,KINGS,4,5,2,1008,0,0,0,,0,,"STROUD AV","GOLDEN STATE BL",99.00,E,N,A,-,N,,,,,,,,,,Y,1,1,0,2,A,-,12,22451,B,N,H,F,A,A,H,-,D,A,0,,,,,Y,,A,07,0,0,0,0,0,0,0,0,0,"- ","- ",36.525108337402344,-119.56713104248047,FRESNO,KINGSBURG,-119.56683349609375,36.525238037109375
9691332,2024,2024-06-28,1012,2024-03-10,"848 ",L161,REEDL,7,5,3,1012,0,0,0,,0,,"MANNING AV","MANNING AV 1500",953.00,W,N,A,-,N,,,,,,,,,,Y,2,0,1,1,A,-,08,22107,,N,F,A,A,A,H,-,A,D,0,,,,,Y,,A,01,1,0,0,0,0,0,0,0,0,"- ","- ",,,FRESNO,REEDLEY,-119.44877624511719,36.604198455810547
9693186,2024,2024-06-20,1001,2024-04-22,"231 ",5880,,1,5,5,1001,0,0,0,,0,005,"CLOVIS AV","BARSTOW AV",300.00,N,N,A,-,N,,,,,,,,,,Y,2,0,1,1,A,-,03,22350,,N,E,I,A,A,H,-,C,A,0,,,,,Y,,A,01,1,0,0,0,0,0,0,0,0,"- ","- ",,,FRESNO,CLOVIS,-119.70027160644531,36.816574096679688
9749018,2024,2024-12-03,1001,2024-11-10,"105 ",5862,,7,5,5,1001,0,0,0,,0,001,"ASHLAN AV","VILLA AV",437.00,E,N,A,-,N,,,,,,,,,,Y,2,0,1,2,A,-,11,21954,A,N,G,B,E,A,G,-,-,D,0,Y,,,,Y,Y,N,60,1,0,0,0,1,0,0,0,0,"- ","- ",36.793891906738281,-119.71365356445312,FRESNO,CLOVIS,-119.712158203125,36.793918609619141
9778198,2025,2025-01-23,1012,2025-01-04,2248,N128,SELMA,6,5,3,1012,0,0,0,,0,SE03,"FRANKWOOD AV","WEST MANNING AV",0.00,,Y,A,-,N,,,,,,,,,,,2,0,3,2,A,-,09,21800,A,N,D,C,A,A,H,-,C,A,0,,,,,Y,,J,48,1,1,1,0,0,0,0,0,0,"- ","- ",36.604179382324219,-119.44873046875,FRESNO,REEDLEY,-119.44877624511719,36.604198455810547
9782896,2024,2025-03-14,1007,2024-08-08,2207,I031,KERMA,4,5,2,1007,0,0,0,,0,I150,"MADERA AV","E ST",227.00,S,N,A,-,Y,FRE,6,145,-,-,34.390,H,-,N,N,2,0,1,2,A,-,11,21954,A,N,G,B,D,A,H,-,C,D,0,Y,,,,Y,,N,60,1,0,0,0,1,0,0,0,0,"- ","- ",36.724601745605469,-120.06036376953125,FRESNO,KERMAN,-120.06024169921875,36.723972320556641
9828470,2025,2025-07-03,1001,2025-06-10,1008,5974,,2,5,5,1001,0,0,0,,0,001,"WEST SHAW AV","PEACH AV",158.00,E,N,A,-,N,,,,,,,,,,Y,2,0,2,3,A,-,03,22350,,N,B,C,A,A,H,-,A,A,0,,,Y,,Y,,C,02,1,0,1,0,0,0,0,0,1,"- ","- ",36.808368682861328,-119.71820831298828,FRESNO,CLOVIS,-119.71765899658203,36.808383941650391
6290169,2014,2015-03-16,9435,2014-02-17,0606,15669,,1,1,2,1008,0,1,3,,2,107,"RT 99","RT 201",1848.00,N,N,B,-,Y,FRE,6,99,-,R,1.300,H,-,S,Y,1,2,0,1,B,-,22,,,N,E,I,A,A,D,-,D,D,1,,,,,Y,,J,48,0,0,0,0,0,0,0,0,0,"- ","- ",36.521459999999998,-119.56607,FRESNO,KINGSBURG,-119.56591342999999,36.521478960000003
6290436,2014,2015-04-15,9435,2014-03-06,1915,15387,,4,2,9,1000,0,1,3,,1,180,"RT 180","GRANTLAND AV",400.00,E,N,A,-,Y,FRE,6,180,-,-,50.680,H,-,E,Y,1,1,0,2,A,-,11,21956,A,N,G,B,E,A,H,-,D,D,0,Y,,,,Y,,N,60,0,0,0,1,0,0,0,0,0,"- ","- ",,,FRESNO,UNINCORPORATED,-119.91515477999999,36.735314320000001
6290556,2014,2015-04-15,9435,2014-03-10,0059,18865,,1,3,7,1005,0,1,3,,2,106,"RT 99","CHESTNUT AVE",550.00,E,N,A,-,Y,FRE,6,99,-,-,15.390,H,-,N,Y,1,1,1,3,A,-,05,21651,B,N,A,C,A,A,H,-,D,D,1,,,,,Y,Y,D,22,1,0,0,0,0,0,0,0,0,"- ","- ",36.672849999999997,-119.73532,FRESNO,FRESNO,-119.73547847,36.673238689999998
6290684,2014,2015-12-29,9435,2014-04-23,1643,17630,,3,2,9,1000,0,3,5,,2,020,"ELKHORN AV","CORNELIA AV",2640.00,W,N,A,-,N,,,,,,,,,,Y,1,1,0,1,A,-,08,22107,,N,E,I,A,A,H,-,A,D,0,,,,,Y,,A,01,0,0,0,0,0,0,0,0,0,"- ","- ",36.488849999999999,-119.89548000000001,FRESNO,UNINCORPORATED,-119.89630511999999,36.488908539999997
6291160,2014,2014-08-25,9435,2014-06-27,2141,17842,,5,2,7,1005,0,1,3,,2,105,"RT 99","CLINTON AV",339.00,S,N,A,-,Y,FRE,6,99,-,-,24.360,H,-,N,Y,1,1,0,1,A,-,01,23152,A,N,E,I,A,A,H,-,D,D,1,,,,,Y,Y,A,01,0,0,0,0,0,0,0,0,0,"- ","- ",36.770940000000003,-119.83781,FRESNO,FRESNO,-119.83795446000001,36.77118694
6291164,2014,2016-04-05,9435,2014-06-18,2120,17842,,3,2,9,1000,0,1,3,,1,147,"RT 145","MCMULLIN GRADE",1256.00,S,N,A,-,Y,FRE,6,145,-,-,24.850,H,-,N,Y,1,1,1,2,A,-,01,23152,A,N,A,C,A,A,H,-,D,D,0,,,,,Y,Y,A,01,1,0,0,0,0,0,0,0,0,"- ","- ",36.586930000000002,-120.06421,FRESNO,UNINCORPORATED,-120.06446020999999,36.586727119999999
6291207,2014,2015-12-24,1013,2014-07-27,1706,M090,M260,7,5,3,1013,0,0,0,,0,002,"7TH ST","L ST",0.00,,Y,A,-,N,,,,,,,,,,Y,1,1,1,2,A,-,12,22450,A,N,H,G,A,A,H,-,A,D,0,,Y,,,Y,Y,L,04,0,0,1,0,0,1,0,0,0,"- ","- ",,,FRESNO,SANGER,-119.55443988,36.706740009999997
6292712,2015,2015-10-01,9435,2015-08-09,0030,17579,,7,3,9,1000,0,3,5,,2,030,"TRIMMER SPRINGS RD","LAKEVIEW AV",457.00,E,N,A,-,N,,,,,,,,,,Y,1,1,2,1,A,-,08,22107,,N,E,I,A,A,H,-,D,D,0,,,,,Y,,D,22,0,2,0,0,0,0,0,0,0,"- ","- ",36.870620000000002,-119.3092,FRESNO,UNINCORPORATED,-119.3085748,36.870799249999997
6395232,2014,2016-03-24,9495,2014-02-13,1600,019424,,4,2,9,1000,0,1,1,,2,002,"RT 5","RT 145",105.00,N,N,A,-,Y,FRE,6,5,-,-,17.980,H,-,S,Y,2,0,1,2,A,-,08,22107,,N,B,C,A,A,H,-,A,D,1,,,,Y,Y,,A,01,1,0,0,0,0,0,0,0,0,"- ","- ",36.294939999999997,-120.26990000000001,FRESNO,UNINCORPORATED,-120.26945363,36.294414549999999
6400332,2014,2016-03-24,9435,2014-02-06,1320,018914,,4,1,7,1005,0,1,3,,2,105,"RT 99","RT 180",528.00,S,N,B,-,Y,FRE,6,99,-,-,22.225,R,2,S,Y,2,0,1,1,A,-,08,22107,,N,E,I,A,B,H,-,A,D,1,,,,,Y,,A,01,1,0,0,0,0,0,0,0,0,"- ","- ",,,FRESNO,FRESNO,-119.8199937,36.744060040000001
6425470,2014,2016-03-24,9461,2014-03-27,0219,017165,,4,3,9,1000,0,1,1,,2,305,"RT 5","PANOCHE RD",5280.00,N,N,A,-,Y,FRE,6,5,-,-,49.990,H,-,N,Y,2,0,2,2,A,-,03,22350,,N,C,C,A,A,H,-,D,D,1,,,,Y,Y,,G,25,2,0,0,0,0,0,0,0,0,"- ","- ",36.660040000000002,-120.63849999999999,FRESNO,UNINCORPORATED,-120.63207774999999,36.651867459999998
6434323,2014,2016-04-12,9435,2014-04-05,1134,014479,,6,1,7,1005,0,1,3,,2,410,"RT 41","SHIELDS AV",650.00,N,N,B,-,Y,FRE,6,41,-,R,26.610,H,-,N,N,2,0,1,1,A,-,07,21658,A,N,F,A,A,A,H,-,A,D,1,,,Y,,Y,,C,02,1,0,0,0,0,0,0,0,1,"- ","- ",36.784080000000003,-119.78455,FRESNO,FRESNO,-119.7844533,36.78184538
6460507,2014,2014-07-09,9435,2014-04-19,1955,018939,,6,2,9,1000,0,3,5,,2,040,"ELKHORN AV","DEL REY AV",0.00,,Y,A,-,N,,,,,,,,,,N,2,0,1,2,A,-,11,21954,A,N,G,B,D,A,H,-,B,A,0,Y,,,,Y,Y,N,60,1,0,0,0,1,0,0,0,0,"- ","- ",36.489150000000002,-119.60030999999999,FRESNO,UNINCORPORATED,-119.60002996999999,36.489080029999997
6498253,2014,2014-07-28,9435,2014-05-14,2140,017579,,3,2,9,1000,0,3,5,,2,015,"HAYES AV","SUMMER AV",445.00,S,N,A,-,N,,,,,,,,,,Y,2,0,1,1,A,-,01,23152,A,N,E,I,A,A,H,-,D,D,0,,,,,Y,Y,D,22,1,0,0,0,0,0,0,0,0,"- ","- ",36.610939999999999,-119.89888999999999,FRESNO,UNINCORPORATED,,
6524077,2014,2016-04-09,9435,2014-04-26,0215,018660,,6,3,9,1000,0,1,3,,2,106,"RT 99","MANNING AV",4224.00,N,N,B,C,Y,FRE,6,99,-,-,9.960,H,-,S,Y,2,0,1,1,A,-,08,22107,,N,E,I,A,B,H,-,D,D,1,,,,,Y,,A,07,1,0,0,0,0,0,0,0,0,"- ","- ",36.614040000000003,-119.67095,FRESNO,UNINCORPORATED,-119.67079338000001,36.614004829999999
6537761,2014,2014-07-25,9435,2014-05-25,0107,17518,,7,3,9,1000,0,3,5,,2,025,"FRIANT RD","MERRILL AV",1056.00,S,N,A,-,N,,,,,,,,,,Y,2,0,1,1,A,-,01,23152,A,N,F,A,A,A,H,-,D,D,0,,,,,Y,Y,A,07,1,0,0,0,0,0,0,0,0,"- ","- ",36.933349999999997,-119.73014999999999,FRESNO,UNINCORPORATED,-119.72800264,36.949897730000004
6559372,2014,2016-05-12,9495,2014-07-04,0750,018253,,5,1,9,1000,0,1,1,,2,002,"RT 5",PARKHURST,575.00,N,N,A,-,Y,FRE,6,5,-,-,26.850,H,-,N,Y,2,0,2,1,A,-,08,22107,,N,F,A,A,A,H,-,A,D,1,,,,,Y,,A,08,1,0,1,0,0,0,0,0,0,"- ","- ",36.400509999999997,-120.36229,FRESNO,UNINCORPORATED,-120.36134766000001,36.399311849999997
6566927,2014,2016-05-12,9495,2014-07-08,2359,019647,,2,3,9,1000,0,1,1,,2,001,"RT 5","HUDSON AV",1433.00,S,N,A,-,Y,FRE,6,5,-,-,42.900,H,-,N,Y,2,0,2,2,A,-,07,21658,A,N,B,C,A,A,H,-,D,D,1,,,,Y,Y,,G,25,1,1,0,0,0,0,0,0,0,"- ","- ",36.5777,-120.54971,FRESNO,UNINCORPORATED,-120.54755151000001,36.57604122
6578774,2014,2016-05-12,9495,2014-07-25,0642,019205,,5,1,9,1000,0,1,1,,2,001,"RT 5","ARROYO HONDO BRIDGE",3696.00,N,N,A,-,Y,FRE,6,5,-,-,34.400,H,-,S,Y,2,0,5,1,A,-,08,22107,,N,E,A,A,A,H,-,A,D,1,,,,,Y,,A,07,2,1,2,0,0,0,0,0,0,"- ","- ",36.486550000000001,-120.44154,FRESNO,UNINCORPORATED,-120.4421155,36.48722832
6606248,2014,2014-10-09,9435,2014-07-06,2345,13780,,7,3,9,1000,0,1,3,,1,169,"RT 168","AUBERRY RD",3168.00,E,N,A,-,Y,FRE,6,168,-,T,31.830,H,-,W,Y,1,1,1,1,A,-,08,22107,,N,E,I,A,A,H,-,D,D,0,,,,,Y,,A,01,0,1,0,0,0,0,0,0,0,"- ","- ",37.043709999999997,-119.49769999999999,FRESNO,UNINCORPORATED,-119.48967666,37.043902750000001
6612268,2014,2016-05-12,9495,2014-08-29,1958,19964,,5,2,9,1000,0,1,1,,2,001,"RT 5","MANNING AV",6336.00,S,N,A,-,Y,FRE,6,5,-,-,44.600,H,-,S,Y,2,0,2,1,A,-,08,22107,,N,F,A,A,A,H,-,B,D,1,,,,,Y,,A,07,1,0,1,0,0,0,0,0,0,"- ","- ",36.588180000000001,-120.56386999999999,FRESNO,UNINCORPORATED,-120.57005948,36.592581850000002
6613094,2014,2014-09-20,9435,2014-08-28,2044,013780,,4,2,9,1000,0,3,5,,2,030,"ASHLAN AV","SIVERLY LN",110.00,W,N,A,-,N,,,,,,,,,,N,2,0,1,2,A,-,11,21954,A,N,G,B,D,A,H,-,D,D,0,Y,,,,Y,Y,N,60,1,0,0,0,1,0,0,0,0,"- ","- ",,,FRESNO,UNINCORPORATED,-119.69412472,36.793961719999999
6617591,2014,2014-09-15,9435,2014-08-13,0104,018421,,3,3,9,1000,0,3,5,,2,034,"FOWLER AV","ERIN AV",80.00,N,N,A,-,N,,,,,,,,,,Y,2,0,1,1,A,-,08,22107,,N,E,I,A,A,H,-,C,A,0,,,,,Y,,A,01,1,0,0,0,0,0,0,0,0,"- ","- ",,,FRESNO,UNINCORPORATED,-119.68214,36.722109580000001
6621627,2014,2014-09-19,9435,2014-08-26,1815,016860,,2,2,9,1000,0,3,5,,2,050,"POWERHOUSE RD","WISH I AH RD",11088.00,N,N,A,-,N,,,,,,,,,,Y,2,0,1,1,A,-,08,22107,,N,E,I,A,A,H,-,A,D,0,,,Y,,Y,,C,02,1,0,0,0,0,0,0,0,1,"- ","- ",37.128680000000003,-119.51651,FRESNO,UNINCORPORATED,-119.51653755,37.12871827
6657257,2014,2014-10-22,9435,2014-09-13,1023,017088,,6,1,9,1000,0,3,5,,2,060,"DAFFODIL LN","CHUCKWAGON RD",1056.00,W,N,A,-,N,,,,,,,,,,Y,2,0,2,2,A,-,05,21650,,N,A,C,A,A,H,-,A,D,0,,,Y,,Y,,C,02,1,0,1,0,0,0,0,0,1,"- ","- ",36.687829999999998,-119.10643,FRESNO,UNINCORPORATED,-119.10681785,36.687907959999997
6678047,2014,2016-02-10,1005,2014-11-14,0941,P731,1949,5,5,7,1005,0,0,0,,0,02G,"WEBER AV","VALENTINE AV",0.00,,Y,A,-,N,,,,,,,,,,N,1,1,0,2,A,-,09,21802,A,N,D,C,A,A,H,-,A,A,0,,,,Y,Y,,A,01,0,0,0,0,0,0,0,0,0,"- ","- ",,,FRESNO,FRESNO,-119.85332987,36.78941004
6678053,2014,2016-02-12,1005,2014-05-02,0055,P904,NEB,5,5,7,1005,0,0,0,,0,1459,"BULLARD AV","CEDAR AV",2640.00,E,N,A,-,N,,,,,,,,,,Y,1,1,0,1,A,-,01,23152,E,N,E,I,A,A,H,-,C,A,0,,,,,Y,,A,01,0,0,0,0,0,0,0,0,0,"- ","- ",,,FRESNO,FRESNO,-119.74526874,36.823100779999997
6678055,2014,2016-02-10,1005,2014-05-01,0430,P904,SWG,4,5,7,1005,0,0,0,,0,2856,"B ST","CALIFORNIA AV",80.00,N,N,A,-,N,,,,,,,,,,Y,1,2,0,1,A,-,01,23152,A,N,E,I,A,A,H,-,C,D,0,,,,,Y,Y,A,01,0,0,0,0,0,0,0,0,0,"- ","- ",,,FRESNO,FRESNO,-119.79174983,36.720985120000002
6678062,2014,2016-02-10,1005,2014-08-18,0931,P904,NEH,1,5,7,1005,0,0,0,,0,2264,"CLINTON WY","FINE AV",0.00,,Y,A,-,N,,,,,,,,,,Y,1,1,0,2,A,-,03,22350,,N,A,C,A,A,H,-,A,D,0,,,Y,Y,Y,,C,02,0,0,0,0,0,0,0,1,0,"- ","- ",,,FRESNO,FRESNO,-119.72686999,36.772280019999997
6678063,2014,2016-02-10,1005,2014-08-19,1325,P927,NW,2,5,7,1005,0,0,0,,0,1649,"SHAW AV","FELAND AV",18.00,W,N,A,-,N,,,,,,,,,,N,1,1,0,2,A,-,10,21950,A,N,G,B,D,A,H,-,A,A,0,Y,,,,Y,,A,01,0,0,0,1,0,0,0,0,0,"- ","- ",,,FRESNO,FRESNO,-119.84936145,36.808389849999998
6678065,2014,2016-02-10,1005,2014-10-03,0941,P731,2755,5,5,7,1005,0,0,0,,0,01G,"FRESNO ST","F ST",0.00,,Y,A,-,N,,,,,,,,,,Y,1,1,0,2,A,-,09,21801,A,N,D,C,A,A,H,-,A,A,0,,,Y,Y,Y,,G,25,0,0,0,0,0,0,0,1,0,"- ","- ",,,FRESNO,FRESNO,-119.79719985,36.732520100000002
6680022,2014,2014-12-23,9495,2014-10-14,1658,019453,,2,2,9,1000,0,3,5,,2,053,"JAYNE AV","EL DORADO AV",3708.00,,N,F,G,N,,,,,,,,,,Y,2,0,1,3,A,-,03,22350,,N,C,C,A,A,H,-,A,D,0,,,,,Y,,A,01,1,0,0,0,0,0,0,0,0,"- ","- ",36.081400000000002,-120.1323,FRESNO,UNINCORPORATED,-120.21050995,36.137450000000001
6695162,2014,2015-01-08,9435,2014-11-01,1120,016860,,6,1,9,1000,0,1,3,,1,169,"RT 168","AUBERRY RD",1584.00,E,N,B,C,Y,,,168,,,,,,,Y,2,0,2,2,A,-,08,22107,,N,D,C,A,B,H,-,A,D,0,,,,,Y,,A,01,1,0,1,0,0,0,0,0,0,"- ","- ",37.035670000000003,-119.51009999999999,FRESNO,UNINCORPORATED,-119.51010054,37.035620190000003
6718275,2014,2015-03-27,9435,2014-11-22,1740,19697,,6,2,9,1000,0,1,3,,1,180,"RT 180","HOWARD AV",1056.00,W,N,A,-,Y,FRE,6,180,-,-,44.400,H,-,E,Y,1,1,1,2,A,-,03,22350,,N,C,C,A,A,H,-,D,D,0,,,,,Y,,A,01,0,0,1,0,0,0,0,0,0,"- ","- ",36.734909999999999,-120.02795999999999,FRESNO,UNINCORPORATED,-120.02850067,36.734948619999997
6718477,2014,2015-07-20,9435,2014-10-31,0035,16048,,5,3,9,1000,0,1,3,,1,183,"RT 180","FOWLER AV",1584.00,E,N,A,-,Y,FRE,6,180,-,R,64.190,H,-,W,Y,1,1,2,2,A,-,01,23152,A,N,A,C,A,A,H,-,C,D,0,,,,,Y,Y,A,01,1,1,0,0,0,0,0,0,0,"- ","- ",36.750889999999998,-119.67224,FRESNO,UNINCORPORATED,-119.67734664,36.751679170000003
6718751,2017,2018-04-05,1005,2017-03-21,1941,P1070,1757,2,5,7,1005,0,0,0,,0,0NE,"GETTYSBURG AV","AUGUSTA ST",231.00,E,N,A,-,N,,,,,,,,,,Y,1,1,0,2,A,-,03,22350,,F,G,B,D,A,H,-,C,D,0,Y,,,,Y,Y,A,07,0,0,0,1,0,0,0,0,0,"- ","- ",36.801400000000001,-119.77915,FRESNO,FRESNO,-119.77831153,36.801310010000002
6718752,2017,2018-03-29,1005,2017-03-24,1650,P1264,1,5,5,7,1005,0,0,0,,0,E2856,"G ST","SANTA CLARA ST",0.00,,Y,A,-,N,,,,,,,,,,N,1,1,0,1,D,-,00,,,N,H,A,A,A,H,-,A,A,0,,Y,,,Y,,-,"- ",0,0,0,0,0,1,0,0,0,"- ","- ",36.726349999999996,-119.78845,FRESNO,FRESNO,-119.78847992999999,36.726240109999999
6718756,2017,2019-04-08,1000,2017-01-26,2217,410,1071,4,5,2,1010,0,0,0,,0,901,"ANCHOR AV","SOUTH AV",304.00,S,N,A,-,N,,,,,,,,,,Y,1,1,0,2,A,-,07,21658,A,N,C,E,A,A,H,-,C,A,0,,,,Y,Y,Y,A,01,0,0,0,0,0,0,0,0,0,"- ","- ",36.365900000000003,-119.1922,FRESNO,"ORANGE COVE",-119.32285,36.61741
6728968,2014,2014-12-11,9435,2014-10-07,0545,19327,,2,3,9,1000,0,3,5,,2,020,"JAMESON AV","SOUTH AV",800.00,S,N,A,-,N,,,,,,,,,,Y,2,0,1,1,A,-,03,22350,,N,F,A,A,B,F,-,D,D,0,,,,,Y,,A,01,1,0,0,0,0,0,0,0,0,"- ","- ",36.616379999999999,-119.98912,FRESNO,UNINCORPORATED,-119.9891198,36.616543759999999
6741870,2014,2016-03-22,9435,2014-11-28,1755,018883,,5,2,9,1000,0,3,5,,2,034,"FAIRBANKS AV","RT 180",600.00,S,N,A,-,N,,,,,,,,,,N,2,0,1,2,A,-,08,22107,,N,A,G,A,A,H,-,D,D,0,,Y,,,Y,,L,04,1,0,0,0,0,0,1,0,0,"- ","- ",36.73348,-119.56977999999999,FRESNO,UNINCORPORATED,-119.56972001,36.734283269999999
6801838,2015,2015-03-02,9435,2015-01-23,1130,13780,,5,1,9,1000,0,3,5,,2,025,"DEWOLF AV","ALLUVIAL AV",0.00,,Y,B,E,N,,,,,,,,,,Y,2,0,2,2,A,-,12,22450,A,N,D,C,A,A,H,-,A,D,0,,,,,Y,,D,22,1,1,0,0,0,0,0,0,0,"- ","- ",,,FRESNO,UNINCORPORATED,-119.64798985,36.844650020000003
6802268,2015,2016-10-28,9435,2015-01-13,0813,015773,,2,1,9,1000,0,1,3,,2,184,"RT 180","CRAWFORD AV",2112.00,W,N,E,-,Y,FRE,6,180,-,-,81.690,H,-,E,Y,2,0,3,3,A,-,08,22107,,N,B,C,A,A,H,-,A,D,0,,,,,Y,,A,01,1,2,0,0,0,0,0,0,0,"- ","- ",36.719630000000002,-119.38341,FRESNO,UNINCORPORATED,-119.38335060999999,36.719607279999998
6802368,2015,2016-10-28,9435,2015-01-18,0530,16870,,7,3,7,1005,0,1,3,,2,182,"RT 180","CLOVIS AV",1056.00,W,N,A,-,Y,FRE,6,180,-,R,62.690,H,-,E,Y,2,0,1,1,A,-,01,23152,A,N,E,I,A,A,H,-,D,D,0,,,,,Y,Y,A,01,1,0,0,0,0,0,0,0,0,"- ","- ",,,FRESNO,FRESNO,-119.70393231,36.752732399999999
6853782,2015,2015-08-27,9461,2015-02-28,1920,016452,,6,2,9,1000,0,3,5,,2,060,"CARMELLIA AV","BRANNON AV",0.00,,Y,B,-,N,,,,,,,,,,Y,2,0,1,1,A,-,01,23152,A,N,E,I,A,A,H,-,D,D,0,,,,,Y,Y,A,01,1,0,0,0,0,0,0,0,0,"- ","- ",36.995800000000003,-120.59954,FRESNO,UNINCORPORATED,-120.59950947999999,36.996140580000002
6854146,2015,2015-04-06,9435,2015-01-14,2357,17579,,3,3,9,1000,0,1,3,,2,107,"RT 99","SIERRA ST",645.00,N,N,E,-,Y,FRE,6,99,-,R,1.070,H,-,S,Y,1,1,0,1,A,-,01,23152,A,N,E,J,A,B,D,-,D,D,1,,,,Y,Y,Y,G,25,0,0,0,0,0,0,0,0,0,"- ","- ",36.519240000000003,-119.56326,FRESNO,UNINCORPORATED,-119.56302837,36.519137379999997
6854235,2015,2015-04-14,9435,2015-02-08,1350,18574,,7,1,9,1000,0,3,5,,2,030,"CLINTON AV","6TH ST",0.00,,Y,A,-,N,,,,,,,,,,Y,1,1,3,2,A,-,09,21802,A,N,D,C,A,A,H,-,A,A,0,,,,,Y,,A,07,0,0,3,0,0,0,0,0,0,"- ","- ",36.772289999999998,-119.76441,FRESNO,UNINCORPORATED,-119.76443986,36.772290030000001
6854698,2015,2016-04-04,9435,2015-05-17,0640,013112,,7,1,9,1000,0,1,3,,1,430,"RT 43","CLARKSON AV",0.00,,Y,A,-,Y,FRE,6,43,-,-,4.340,I,5,S,Y,1,1,1,2,A,-,09,21802,A,N,D,C,A,A,H,-,A,A,0,,,,,Y,,D,22,1,0,0,0,0,0,0,0,0,"- ","- ",36.503160000000001,-119.62896000000001,FRESNO,UNINCORPORATED,-119.62903582,36.50360096
6870175,2015,2015-04-13,9435,2015-03-14,1835,019603,,6,2,9,1000,0,3,5,,2,025,"AUBERRY RD","RENO RD",2112.00,N,N,A,-,N,,,,,,,,,,Y,2,0,3,2,A,-,01,23152,A,N,C,C,A,A,H,-,A,D,0,,,,,Y,Y,A,01,2,1,0,0,0,0,0,0,0,"- ","- ",36.934539999999998,-119.70010000000001,FRESNO,UNINCORPORATED,-119.70837996,36.925668870000003
6885587,2015,2015-04-23,9435,2015-03-26,2013,018746,,4,2,9,1000,0,3,5,,2,040,"LAC JAC AV","DINUBA AV",19.00,N,N,A,-,N,,,,,,,,,,Y,2,0,5,2,A,-,03,22350,,N,C,C,A,A,H,-,D,D,0,,,,,Y,,A,01,1,1,3,0,0,0,0,0,0,"- ","- ",36.589910000000003,-119.48462000000001,FRESNO,UNINCORPORATED,-119.48461949999999,36.589952140000001
6911335,2015,2016-12-03,9435,2015-04-17,2010,017630,,5,2,9,1000,0,1,3,,1,145,"RT 145","ASHLAN AV",2640.00,S,N,A,-,Y,FRE,6,145,-,-,38.670,H,-,S,Y,2,0,1,1,A,-,08,22107,,N,E,I,A,A,H,-,D,D,0,,,,,Y,,A,01,1,0,0,0,0,0,0,0,0,"- ","- ",36.789929999999998,-120.06043,FRESNO,UNINCORPORATED,-120.06035176,36.78601905
6925579,2015,2015-06-09,9435,2015-05-06,0954,014479,,3,1,9,1000,0,3,5,,2,034,"NORTH AV","DEL REY AV",0.00,,Y,A,-,N,,,,,,,,,,Y,2,0,3,2,A,-,12,22450,A,N,D,C,A,A,H,-,A,A,0,,,,,Y,,A,01,1,1,1,0,0,0,0,0,0,"- ","- ",36.69211,-119.59251999999999,FRESNO,UNINCORPORATED,-119.59219994999999,36.69215002
6949560,2015,2015-06-30,9435,2015-05-28,1100,14479,,4,1,9,1000,0,3,5,,2,034,"CENTRAL AV","TEMPERANCE AV",0.00,,Y,A,-,N,,,,,,,,,,Y,2,0,3,2,A,-,12,22450,A,N,D,C,A,A,H,-,A,A,0,,,,Y,Y,,A,01,2,1,0,0,0,0,0,0,0,"- ","- ",36.678080000000001,-119.66364,FRESNO,UNINCORPORATED,-119.66386992,36.678080020000003
6962222,2015,2016-11-05,9461,2015-05-24,0620,019838,,7,1,9,1000,0,1,1,,2,305,"RT 5","LITTLE PANOCHE BR",165.00,S,N,A,-,Y,FRE,6,5,-,-,62.190,H,-,N,Y,2,0,1,1,A,-,08,22107,,N,F,A,A,A,H,-,B,D,1,,,,,Y,,A,01,1,0,0,0,0,0,0,0,0,"- ","- ",36.804409999999997,-120.74207,FRESNO,UNINCORPORATED,-120.74243094000001,36.804804930000003