CASE_ID,ACCIDENT_YEAR,PROC_DATE,JURIS,COLLISION_DATE,COLLISION_TIME,OFFICER_ID,REPORTING_DISTRICT,DAY_OF_WEEK,CHP_SHIFT,POPULATION,CNTY_CITY_LOC,SPECIAL_COND,BEAT_TYPE,CHP_BEAT_TYPE,CITY_DIVISION_LAPD,CHP_BEAT_CLASS,BEAT_NUMBER,PRIMARY_RD,SECONDARY_RD,DISTANCE,DIRECTION,INTERSECTION,WEATHER_1,WEATHER_2,STATE_HWY_IND,CALTRANS_COUNTY,CALTRANS_DISTRICT,STATE_ROUTE,ROUTE_SUFFIX,POSTMILE_PREFIX,POSTMILE,LOCATION_TYPE,RAMP_INTERSECTION,SIDE_OF_HWY,TOW_AWAY,COLLISION_SEVERITY,NUMBER_KILLED,NUMBER_INJURED,PARTY_COUNT,PRIMARY_COLL_FACTOR,PCF_CODE_OF_VIOL,PCF_VIOL_CATEGORY,PCF_VIOLATION,PCF_VIOL_SUBSECTION,HIT_AND_RUN,TYPE_OF_COLLISION,MVIW,PED_ACTION,ROAD_SURFACE,ROAD_COND_1,ROAD_COND_2,LIGHTING,CONTROL_DEVICE,CHP_ROAD_TYPE,PEDESTRIAN_ACCIDENT,BICYCLE_ACCIDENT,MOTORCYCLE_ACCIDENT,TRUCK_ACCIDENT,NOT_PRIVATE_PROPERTY,ALCOHOL_INVOLVED,STWD_VEHTYPE_AT_FAULT,CHP_VEHTYPE_AT_FAULT,COUNT_SEVERE_INJ,COUNT_VISIBLE_INJ,COUNT_COMPLAINT_PAIN,COUNT_PED_KILLED,COUNT_PED_INJURED,COUNT_BICYCLIST_KILLED,COUNT_BICYCLIST_INJURED,COUNT_MC_KILLED,COUNT_MC_INJURED,PRIMARY_RAMP,SECONDARY_RAMP,LATITUDE,LONGITUDE,COUNTY,CITY,POINT_X,POINT_Y
6968715,2015,2016-11-04,9435,2015-06-06,1520,018574,,6,2,7,1005,0,1,3,,2,105,"RT 99","SHAW AV",538.00,N,N,A,-,Y,FRE,6,99,-,-,28.200,H,-,N,Y,1,1,0,1,A,-,03,22350,,N,E,J,A,A,H,-,A,D,1,,,Y,,Y,,C,02,0,0,0,0,0,0,0,1,0,"- ","- ",36.809620000000002,-119.88812,FRESNO,FRESNO,-119.88803392,36.80907526
6993496,2015,2016-12-15,9435,2015-06-28,1249,014479,,7,1,9,1000,0,1,3,,1,169,"RT 168","LODGE RD",2112.00,E,N,A,-,Y,FRE,6,168,-,T,31.640,H,-,W,Y,2,0,4,2,A,-,08,22107,,N,B,C,A,A,H,-,A,D,0,,,,,Y,,A,01,3,1,0,0,0,0,0,0,0,"- ","- ",37.049349999999997,-119.46554999999999,FRESNO,UNINCORPORATED,-119.49302654,37.043297870000004
6998611,2015,2017-01-12,9495,2015-07-06,2245,19834,,1,3,9,1000,0,1,1,,2,001,"RT 5","MANNING AV",3696.00,S,N,A,-,Y,FRE,6,5,-,-,45.200,H,-,N,Y,2,0,3,4,A,-,03,22350,,N,C,C,A,A,H,-,D,D,1,,,,Y,Y,,G,25,1,0,2,0,0,0,0,0,0,"- ","- ",36.598779999999998,-120.57798,FRESNO,UNINCORPORATED,-120.57763891,36.598732269999999
7006140,2015,2015-09-25,9435,2015-03-15,1555,18939,,7,2,7,1005,0,1,3,,2,182,"RT 180","CEDAR AV",1056.00,E,N,A,-,Y,FRE,6,180,-,R,59.085,R,2,E,Y,1,1,2,2,A,-,03,22350,,F,E,I,A,A,H,-,A,D,1,,,,,Y,,A,08,1,1,0,0,0,0,0,0,0,FR,"- ",36.754469999999998,-119.74885999999999,FRESNO,FRESNO,-119.76865562,36.754852229999997
7006161,2015,2017-04-06,9495,2015-07-17,2313,20021,,5,3,9,1000,0,1,1,,2,001,"RT 5","HUDSON AV",5808.00,S,N,A,-,Y,FRE,6,5,-,-,42.070,H,-,S,Y,1,1,1,2,A,-,05,21651,B,N,A,C,A,A,H,-,D,D,1,,,,,Y,Y,A,01,1,0,0,0,0,0,0,0,0,"- ","- ",36.567160000000001,-120.53561000000001,FRESNO,UNINCORPORATED,-120.53682598,36.567484479999997
7006704,2015,2016-04-11,1005,2015-05-01,2246,P1070,3260,5,5,7,1005,0,0,0,,0,03F,"RAILROAD AV","GOLDEN STATE BL",90.00,E,N,A,-,N,,,,,,,,,,Y,1,1,2,1,A,-,01,23152,A,N,E,I,A,A,H,-,C,A,0,,,,,Y,,A,01,1,1,0,0,0,0,0,0,0,"- ","- ",,,FRESNO,FRESNO,-119.75508000000001,36.696840000000002
7012224,2015,2015-08-08,9435,2015-06-23,0300,20019,,2,3,9,1000,0,3,5,,2,050,"TOLLHOUSE RD","STANLEY OAK",528.00,W,N,A,-,N,,,,,,,,,,Y,2,0,1,1,A,-,03,22350,,N,E,I,A,A,H,-,D,D,0,,,,,Y,Y,A,07,1,0,0,0,0,0,0,0,0,"- ","- ",36.586889999999997,-119.2877,FRESNO,UNINCORPORATED,,
7016442,2015,2015-08-24,9435,2015-07-29,1500,18609,,3,2,9,1000,0,3,5,,2,040,"DINUBA AV","LAC JAC AV",0.00,,Y,A,-,N,,,,,,,,,,Y,2,0,2,2,A,-,12,22450,A,N,D,C,A,A,H,-,A,A,0,,,,,Y,,A,01,1,0,1,0,0,0,0,0,0,"- ","- ",36.589939999999999,-119.48454,FRESNO,UNINCORPORATED,-119.48461996,36.589900069999999
7016701,2015,2015-08-17,9435,2015-07-19,1850,016860,,7,2,9,1000,0,3,5,,2,050,"SAMPLE RD","FRONTIER TRAIL LN",528.00,E,N,A,-,N,,,,,,,,,,Y,2,0,1,1,A,-,03,22350,,N,F,A,A,A,G,-,A,D,0,,,Y,,Y,,C,02,1,0,0,0,0,0,0,0,1,"- ","- ",36.90334,-119.50417,FRESNO,UNINCORPORATED,-119.50331568999999,36.904371300000001
7035524,2015,2016-07-26,9435,2015-07-28,2020,015181,,2,2,9,1000,0,3,5,,2,040,"DAVIS AV","RT 43",5808.00,W,N,A,-,N,,,,,,,,,,Y,2,0,1,1,A,-,01,23152,A,N,E,I,A,A,H,-,B,D,0,,,,,Y,Y,A,01,1,0,0,0,0,0,0,0,0,"- ","- ",36.474339999999998,-119.65449,FRESNO,UNINCORPORATED,-119.65597183,36.474293099999997
7035600,2015,2015-08-26,9435,2015-07-23,1955,019032,,4,2,9,1000,0,3,5,,2,030,"TEMPERANCE AV","CHURCH AV",2112.00,N,N,A,-,N,,,,,,,,,,N,2,0,1,2,A,-,08,22107,,N,H,G,A,A,H,-,A,D,0,,Y,,,Y,,L,04,1,0,0,0,0,0,1,0,0,"- ","- ",36.720579999999998,-119.66410999999999,FRESNO,UNINCORPORATED,-119.66409994999999,36.720666700000002
7142988,2014,2016-01-21,1005,2014-03-15,2328,P904,NEF,6,5,7,1005,0,0,0,,0,2056,"SHIELDS AV","BLACKSTONE AV",0.00,,Y,A,-,N,,,,,,,,,,Y,2,0,2,2,A,-,12,21453,A,N,D,C,A,A,H,-,C,A,0,,,,,Y,,A,01,1,1,0,0,0,0,0,0,0,"- ","- ",,,FRESNO,FRESNO,-119.79063994000001,36.779750040000003
7143091,2014,2016-01-20,1005,2014-03-21,1930,P1446,2059,5,5,7,1005,0,0,0,,0,00G,"EAST SHIELDS AV","NORTH CEDAR AV",0.00,,Y,A,-,N,,,,,,,,,,N,2,0,1,2,A,-,17,21207,5,N,H,A,A,A,H,-,C,A,0,,Y,,,Y,Y,L,04,1,0,0,0,0,0,1,0,0,"- ","- ",,,FRESNO,FRESNO,-119.75446999,36.779690000000002
7143111,2014,2016-01-20,1005,2014-03-11,1835,P1323,3056,2,5,7,1005,0,0,0,,0,00H,"S HOLLY AV","EAST CHURCH AV",219.00,S,N,A,-,N,,,,,,,,,,Y,2,0,1,2,A,-,09,21804,A,F,G,B,D,A,H,-,A,D,0,Y,,,,Y,,N,60,1,0,0,0,1,0,0,0,0,"- ","- ",,,FRESNO,FRESNO,-119.78853835,36.713558859999999
7143158,2014,2016-01-20,1005,2014-04-16,1853,P808,SE255,3,5,7,1005,0,0,0,,0,00B,"E TULARE ST","N 6TH ST",0.00,,Y,A,-,N,,,,,,,,,,Y,2,0,1,2,A,-,"- ",,,N,G,B,D,A,H,-,A,A,0,Y,,,,Y,Y,N,60,1,0,0,0,1,0,0,0,0,"- ","- ",,,FRESNO,FRESNO,-119.76435997999999,36.743180080000002
7143228,2014,2016-01-21,1005,2014-06-15,2322,P1298,SE,7,5,7,1005,0,0,0,,0,H3062,"EAST JENSEN AV","S WILLOW AV",24.00,E,N,A,-,N,,,,,,,,,,Y,2,0,1,3,A,-,03,22350,,F,G,B,B,A,H,-,C,A,0,Y,,,,Y,,D,22,1,0,0,0,1,0,0,0,0,"- ","- ",,,FRESNO,FRESNO,-119.72726831,36.707413690000003
7143297,2014,2016-03-21,1005,2014-06-29,2200,P1428,2464,7,5,7,1005,0,0,0,,0,00E,"N PEACH AV","RT 180",114.00,N,N,A,-,Y,FRE,6,180,-,R,62.106,R,4,W,N,2,0,1,2,A,-,11,21954,A,N,G,B,E,A,H,-,C,D,0,Y,,,,Y,,N,60,1,0,0,0,1,0,0,0,0,"- ","- ",,,FRESNO,FRESNO,-119.71451032,36.753342000000004
7143430,2014,2016-01-21,1005,2014-10-29,1648,P1298,,3,5,7,1005,0,0,0,,0,2166,"CLOVIS AV","WESTOVER AV",0.00,,N,A,-,N,,,,,,,,,,Y,2,0,1,2,A,-,"- ",,,F,H,G,A,A,H,-,A,D,0,,Y,,,Y,,D,22,1,0,0,0,0,0,1,0,0,"- ","- ",,,FRESNO,FRESNO,-119.70032996,36.775660019999997
7156033,2014,2016-01-25,1005,2014-12-04,1943,P1070,2763,4,5,7,1005,0,0,0,,0,03G,"PEACH AV","LANE AV",0.00,,N,A,-,N,,,,,,,,,,Y,2,0,1,4,A,-,11,21456,B,N,G,B,D,A,H,-,C,A,0,Y,,,,Y,Y,N,60,1,0,0,0,1,0,0,0,0,"- ","- ",,,FRESNO,FRESNO,-119.71852993,36.732270040000003
7156707,2014,2016-02-17,1005,2014-08-20,2029,P1298,SOUTH,3,5,7,1005,0,0,0,,0,H3060,"EAST JENSEN AV","SOUTH MAPLE AV",898.00,W,N,A,-,N,,,,,,,,,,Y,2,0,1,2,A,-,05,21651,B,F,B,C,A,A,H,-,C,D,0,,,Y,,Y,,D,22,1,0,0,0,0,0,0,0,1,"- ","- ",,,FRESNO,FRESNO,-119.74868132,36.706900009999998
7161613,2015,2016-01-26,1005,2015-10-05,1720,P1651,SW315,1,5,7,1005,0,0,0,,0,00H,"EAST JENSEN AV","S IVY AV",0.00,,Y,A,-,N,,,,,,,,,,N,2,0,1,2,A,-,08,22107,,F,D,C,A,A,H,-,A,D,0,,,,,Y,,A,01,1,0,0,0,0,0,0,0,0,"- ","- ",,,FRESNO,FRESNO,-119.79278994000001,36.706960090000003
7162292,2015,2016-01-26,1005,2015-07-27,1654,P808,2565,1,5,7,1005,0,0,0,,0,00E,"E TULARE ST","N DEWITT AV",0.00,,Y,A,-,N,,,,,,,,,,Y,2,0,6,2,A,-,03,22350,,M,D,C,A,A,H,-,A,D,0,,,,,Y,,A,01,1,2,3,0,0,0,0,0,0,"- ","- ",,,FRESNO,FRESNO,-119.70467993,36.743170059999997
7162300,2015,2016-01-26,1005,2015-07-27,2205,1523,2462,1,5,7,1005,0,0,0,,0,00D,"EAST OLIVE AV","NORTH CHESTNUT AV",0.00,,Y,A,-,N,,,,,,,,,,N,2,0,1,2,A,-,03,22350,,F,G,B,D,A,H,-,C,A,0,Y,,,,Y,,A,01,1,0,0,0,1,0,0,0,0,"- ","- ",,,FRESNO,FRESNO,-119.73645993,36.75770009
7162499,2014,2016-01-29,1005,2014-01-20,2500,P1382,SE286,1,5,7,1005,0,0,0,,0,00H,"E HAMILTON AV","SOUTH CEDAR AV",12.00,W,N,A,-,N,,,,,,,,,,N,2,0,1,2,A,-,03,22350,,N,G,B,B,A,H,-,C,A,0,Y,,,,Y,,D,22,1,0,0,0,1,0,0,0,0,"- ","- ",,,FRESNO,FRESNO,-119.7546907,36.724986610000002
7163241,2014,2016-01-21,1005,2014-11-08,0155,P1070,1652,6,5,7,1005,0,0,0,,0,04B,"WILLOW AV","BARSTOW AV",1265.00,N,N,A,-,N,,,,,,,,,,Y,2,0,1,2,A,-,"- ",,,N,G,B,D,A,H,-,C,A,0,Y,,,,Y,Y,N,60,1,0,0,0,1,0,0,0,0,"- ","- ",,,FRESNO,FRESNO,-119.72729399000001,36.819221069999998
7168581,2015,2016-01-25,1005,2015-05-25,2238,P1646,1848,1,5,7,1005,0,0,0,,0,00A,"N BRAWLEY","WEST SHAW AV",39.00,N,N,A,-,N,,,,,,,,,,Y,2,0,1,2,A,-,01,23153,A,N,C,C,A,A,H,-,C,A,0,,,,Y,Y,Y,A,01,1,0,0,0,0,0,0,0,0,"- ","- ",,,FRESNO,FRESNO,-119.86274797999999,36.808487040000003
7168728,2015,2016-01-25,1005,2015-03-07,0200,P978,NW,6,5,7,1005,0,0,0,,0,00A,"W FIGARDEN DR","W GARDEN DR 4265",0.00,,N,A,-,N,,,,,,,,,,Y,2,0,1,1,A,-,01,23152,,N,E,I,A,A,H,-,C,A,0,,,,,Y,Y,A,01,1,0,0,0,0,0,0,0,0,"- ","- ",,,FRESNO,FRESNO,-119.86824721000001,36.828230900000001
7187328,2014,2016-04-04,1005,2014-11-17,1338,P1131,NORTH,1,5,7,1005,0,0,0,,0,,"CHESTNUT DIAGONAL","POLE 41891",72.00,N,N,A,-,N,,,,,,,,,,Y,2,0,1,1,A,-,01,23152,A,N,A,I,A,A,H,-,A,D,0,,,,,Y,Y,A,01,1,0,0,0,0,0,0,0,0,"- ","- ",,,FRESNO,FRESNO,,
7199720,2015,2016-06-23,1001,2015-12-22,0549,5145,,2,5,5,1001,0,0,0,,0,006,"WEST HERNDON AV","N VILLA AVE N",0.00,,Y,C,-,N,,,,,,,,,,Y,1,1,0,1,D,-,00,,,N,E,I,A,B,H,-,C,A,0,,,,,Y,,-,"- ",0,0,0,0,0,0,0,0,0,"- ","- ",,,FRESNO,CLOVIS,-119.71371994,36.837640059999998
7202889,2016,2016-03-21,1005,2016-02-20,1821,P1298,NW,6,5,7,1005,0,0,0,,0,A1648,"MARTY AV","SHAW AV",0.00,,Y,A,-,N,,,,,,,,,,Y,2,0,1,2,A,-,09,21801,A,N,A,C,A,A,H,-,C,A,0,,,,,Y,,D,22,1,0,0,0,0,0,0,0,0,"- ","- ",,,FRESNO,FRESNO,-119.8580899,36.808370109999998
8014658,2016,2016-05-02,1005,2016-02-26,0054,P1419,NE185,5,5,7,1005,0,0,0,,0,00D,"N FRESNO ST","E HOLLAND AV",0.00,,Y,A,-,N,,,,,,,,,,N,2,0,1,2,A,-,"- ",,,F,H,G,A,A,H,-,C,D,0,,Y,,,Y,,A,01,1,0,0,0,0,0,1,0,0,"- ","- ",,,FRESNO,FRESNO,-119.78156998,36.797700069999998
81182047,2020,2020-02-07,1005,2020-02-03,1235,P1771,SW,1,5,7,1005,0,0,0,,0,00D,"SAN BENITO ST","M ST",0.00,,Y,A,-,N,,,,,,,,,,Y,2,0,2,2,A,-,12,22450,A,N,D,C,A,A,H,-,A,A,0,,,,,Y,,A,01,1,0,1,0,0,0,0,0,0,"- ","- ",36.730060577392578,-119.78032684326172,FRESNO,FRESNO,-119.78044128417969,36.730030059814453
81204852,2020,2020-03-10,1005,2020-02-27,1816,P1969,CE,4,5,7,1005,0,0,0,,0,00B,"DAKOTA AVE","FRESNO ST",0.00,,Y,A,-,N,,,,,,,,,,N,2,0,1,2,A,-,01,23152,B,F,G,B,B,A,H,-,C,A,0,Y,,,,Y,Y,A,01,1,0,0,0,1,0,0,0,0,"- ","- ",36.786930084228516,-119.78147888183594,FRESNO,FRESNO,-119.78147888183594,36.786819458007812
81226636,2020,2020-04-17,1005,2020-04-11,0743,P1264,5,6,5,7,1005,0,0,0,,0,00G,"BLACKSTONE AVE","ASHLAN AVE",0.00,,Y,B,-,N,,,,,,,,,,N,2,0,1,2,A,-,11,21456,B,N,G,B,B,A,H,-,A,B,0,Y,,,,Y,,N,60,1,0,0,0,1,0,0,0,0,"- ","- ",36.794029235839844,-119.79054260253906,FRESNO,FRESNO,-119.79062652587891,36.794101715087891
81240557,2020,2020-05-21,1005,2020-05-14,1715,P1684,NORTH,4,5,7,1005,0,0,0,,0,00E,"SHAW AVE","EFFIE ST",63.00,E,N,A,-,N,,,,,,,,,,Y,2,0,2,4,A,-,03,22350,,N,C,C,A,A,H,-,A,A,0,,,,,Y,,A,01,1,0,1,0,0,0,0,0,0,"- ","- ",36.808460235595703,-119.78774261474609,FRESNO,FRESNO,-119.78746795654297,36.808441162109375
81248881,2020,2020-06-08,1005,2020-06-03,1039,P846,1750,3,5,7,1005,0,0,0,,0,"5 G","N MARKS AVE","W FAIRMONT AVE",0.00,,Y,A,-,N,,,,,,,,,,Y,2,0,1,2,A,-,11,21954,A,N,G,B,D,A,H,-,A,D,0,Y,,,,Y,,N,60,1,0,0,0,1,0,0,0,0,"- ","- ",,,FRESNO,FRESNO,-119.84442901611328,36.806610107421875
81274479,2020,2020-07-27,1005,2020-06-05,1140,P1540,NORTH,5,5,7,1005,0,0,0,,0,00B,"E HERNDON AVE","N MAPLE AVE",805.00,W,N,A,-,Y,,,,,,,,,,Y,2,0,1,1,A,-,03,22350,,N,E,I,A,A,H,-,A,D,0,,,,,Y,,A,01,1,0,0,0,0,0,0,0,0,"- ","- ",,,FRESNO,FRESNO,-119.7479248046875,36.837654113769531
81293333,2020,2020-08-27,1005,2020-08-25,2045,P1640,,2,5,7,1005,0,0,0,,0,,"PALM AVE","SHIELDS AVE",0.00,,Y,A,-,N,,,,,,,,,,Y,2,0,1,2,A,-,03,22350,,N,C,C,A,A,H,-,C,A,0,,,,,Y,Y,A,01,1,0,0,0,0,0,0,0,0,"- ","- ",36.779399871826172,-119.80863952636719,FRESNO,FRESNO,-119.80867004394531,36.77947998046875
81296545,2020,2020-09-01,1005,2020-06-23,1835,P1976,SOUTW,2,5,7,1005,0,0,0,,0,00D,"3030 TULARE ST.","ORCHARD AV",90.00,E,N,A,-,N,,,,,,,,,,N,2,0,1,2,B,-,22,,,N,E,I,A,A,H,-,A,D,0,,,Y,,Y,,D,22,1,0,0,0,0,0,0,0,0,"- ","- ",,,FRESNO,FRESNO,-119.77440643310547,36.743217468261719
81301024,2020,2020-09-09,1005,2020-08-16,2018,P1972,NW,7,5,7,1005,0,0,0,,0,00F,"DAKOTA AVE","SELLAND AVE",294.00,E,N,A,-,N,,,,,,,,,,Y,2,0,1,1,A,-,01,23152,A,N,E,I,A,A,H,-,C,D,0,,,,,Y,Y,A,01,1,0,0,0,0,0,0,0,0,"- ","- ",36.786491394042969,-119.85650634765625,FRESNO,FRESNO,-119.85550689697266,36.786415100097656
81319788,2020,2020-10-08,1005,2020-10-06,1135,P1574,SOUTH,2,5,7,1005,0,0,0,,0,,"OLIVE AVE","CHESTNUT AVE",184.00,E,N,A,-,N,,,,,,,,,,Y,2,0,1,2,C,-,18,,,N,A,C,A,A,H,-,A,D,0,,,,,Y,,-,"- ",1,0,0,0,0,0,0,0,0,"- ","- ",36.757659912109375,-119.73628997802734,FRESNO,FRESNO,-119.73583221435547,36.757694244384766
81338746,2020,2020-11-04,1005,2020-09-20,1024,P959,NORTH,7,5,7,1005,0,0,0,,0,G/2160,"CORNELL AVE","CEDAR AVE",17.00,E,N,A,-,N,,,,,,,,,,N,1,1,0,2,A,-,10,21950,A,N,G,B,E,A,H,-,A,A,0,Y,,,,Y,,A,07,0,0,0,1,0,0,0,0,0,"- ","- ",36.777809143066406,-119.75434112548828,FRESNO,FRESNO,-119.75460815429688,36.776939392089844
81345296,2020,2020-11-16,1005,2020-10-31,1555,P1926,,6,5,7,1005,0,0,0,,0,,"SHIELDS AVE","MARKS AVE",0.00,,Y,A,-,N,,,,,,,,,,N,2,0,3,3,A,-,08,22107,,N,A,C,A,A,H,-,A,D,0,,,,Y,Y,,A,01,1,2,0,0,0,0,0,0,0,"- ","- ",36.7781982421875,-119.84623718261719,FRESNO,FRESNO,-119.84629,36.778080000000003
81354722,2020,2020-11-30,1005,2020-11-15,1622,P1844,SOUTH,7,5,7,1005,0,0,0,,0,,"MCKENZIE AVE","EFFIE ST",0.00,,Y,A,-,N,,,,,,,,,,Y,2,0,1,2,A,-,09,21802,A,F,D,C,A,A,H,-,B,A,0,,,Y,,Y,,C,03,1,0,0,0,0,0,0,0,1,"- ","- ",36.746860504150391,-119.78816223144531,FRESNO,FRESNO,-119.78827667236328,36.746841430664062
81359527,2020,2020-12-07,1005,2020-11-06,2046,P1461,CENTR,5,5,7,1005,0,0,0,,0,00B,"BLACKSTONE AVE","DAYTON AVE",384.00,N,N,A,-,N,,,,,,,,,,Y,2,0,3,2,A,-,03,22350,,N,C,E,A,A,H,-,C,A,0,,,,,Y,,A,01,1,0,2,0,0,0,0,0,0,"- ","- ",36.782649993896484,-119.79046630859375,FRESNO,FRESNO,-119.79064178466797,36.783695220947266
81417436,2021,2021-03-01,1005,2021-01-20,2030,P2020,NW,3,5,7,1005,0,0,0,,0,00F,"CLINTON AVE","MILBURN AVE",18.00,E,N,A,-,N,,,,,,,,,,Y,2,0,1,2,A,-,17,21100,3,N,D,C,A,A,H,-,B,D,0,,,Y,,Y,,A,01,1,0,0,0,0,0,0,0,0,"- ","- ",36.771701812744141,-119.87580871582031,FRESNO,FRESNO,-119.87571716308594,36.77178955078125
81424827,2021,2021-03-11,1005,2021-02-16,1621,P1298,NE,2,5,7,1005,0,0,0,,0,"B / 19","ASHLAN AVE","SHERMAN ST",0.00,,Y,A,-,N,,,,,,,,,,Y,2,0,1,2,A,-,03,22350,,N,D,C,A,A,H,-,A,D,0,,,Y,,Y,,C,02,1,0,0,0,0,0,0,0,1,"- ","- ",,,FRESNO,FRESNO,-119.77358245849609,36.793952941894531
81437356,2021,2021-03-29,1005,2021-03-21,1120,P1354,SOUTH,7,5,7,1005,0,0,0,,0,00F,"BUTLER AVE","WINERY AVE",0.00,,Y,A,-,N,,,,,,,,,,N,2,0,1,2,A,-,17,21451,A,N,D,C,A,A,H,-,A,A,0,,,,,Y,,A,01,1,0,0,0,0,0,0,0,0,"- ","- ",36.727718353271484,-119.73326873779297,FRESNO,FRESNO,-119.73193359375,36.728649139404297
81451627,2021,2021-04-16,1005,2021-04-01,2136,P1748,S/E,4,5,7,1005,0,0,0,,0,,"KINGS CANYON RD","PEACH AVE",250.00,E,N,A,-,Y,,,,,,,,,,N,2,0,1,2,A,-,11,21954,A,N,G,B,D,A,H,-,C,A,0,Y,,,,Y,,N,60,1,0,0,0,1,0,0,0,0,"- ","- ",36.734859466552734,-119.71961212158203,FRESNO,FRESNO,-119.71765899658203,36.735774993896484
81482645,2021,2021-05-27,1005,2021-05-19,1435,P1601,3,3,5,7,1005,0,0,0,,0,,"SHIELDS AVE","SADDLEBACK AVE",0.00,,Y,A,-,N,,,,,,,,,,Y,2,0,1,2,A,-,09,21804,A,N,D,C,A,A,H,-,A,D,0,,,Y,,Y,,A,08,1,0,0,0,0,0,0,0,1,"- ","- ",36.7794189453125,-119.66790008544922,FRESNO,FRESNO,-119.66797637939453,36.779464721679688
81519634,2021,2021-07-14,1005,2021-07-05,0017,P1770,,1,5,7,1005,0,0,0,,0,,"PEACH AVE","180 FWY",0.00,,Y,A,-,N,,,,,,,,,,Y,2,0,2,2,D,-,00,,,N,D,C,A,A,H,-,C,A,0,,,,,Y,,-,"- ",1,0,1,0,0,0,0,0,0,"- ","- ",36.752250671386719,-119.71822357177734,FRESNO,FRESNO,-119.71828600000001,36.752251999999999
81544927,2021,2021-08-16,1005,2021-08-06,2055,P1856,CENTR,5,5,7,1005,0,0,0,,0,00B,"BLACKSTONE AVE","ASHLAN AVE",900.00,S,N,A,-,N,,,,,,,,,,N,2,0,1,2,A,-,11,21955,,N,G,B,D,A,H,-,D,A,0,Y,,,,Y,,N,60,1,0,0,0,1,0,0,0,0,"- ","- ",,,FRESNO,FRESNO,-119.79062652587891,36.791629791259766
81550701,2021,2021-08-23,1005,2021-08-19,1646,P1387,CE,4,5,7,1005,0,0,0,,0,00D,"FRESNO ST","NORMAL AVE",0.00,,Y,A,-,N,,,,,,,,,,Y,2,0,4,2,A,-,03,22350,,N,D,C,A,A,H,-,A,A,0,,,,,Y,,A,01,1,2,1,0,0,0,0,0,0,"- ","- ",36.7677001953125,-119.78163146972656,FRESNO,FRESNO,-119.78153991699219,36.767753601074219
81573957,2021,2021-09-20,1005,2021-09-02,2105,P1984,NE,4,5,7,1005,0,0,0,,0,00F,"CEDAR AVE","FAIRMONT AVE",30.00,N,N,A,-,N,,,,,,,,,,N,2,0,3,2,A,-,11,21954,A,N,G,B,D,A,H,-,C,D,0,Y,,Y,,Y,,N,60,1,1,1,0,1,0,0,0,2,"- ","- ",36.806709289550781,-119.75417327880859,FRESNO,FRESNO,-119.75411224365234,36.806873321533203
81576234,2021,2021-09-22,1005,2021-08-31,0100,P1724,NORTH,2,5,7,1005,0,0,0,,0,00G,"CEDAR AVE","INDIANAPOLIS AVE",348.00,N,N,A,-,N,,,,,,,,,,Y,2,0,2,1,A,-,07,21658,A,N,E,I,A,A,H,-,C,A,0,,,,,Y,Y,A,01,2,0,0,0,0,0,0,0,0,"- ","- ",36.798740386962891,-119.75430297851562,FRESNO,FRESNO,-119.75431823730469,36.799797058105469
81577453,2021,2021-09-23,1005,2021-09-02,2228,P1514,NORTH,4,5,7,1005,0,0,0,,0,00E,"W SHAW AVE","NORTH MARKS AV",1320.00,W,N,A,-,N,,,,,,,,,,Y,2,0,1,2,A,-,03,22350,,F,G,G,A,A,H,-,C,A,0,,Y,,,Y,,A,01,1,0,0,0,0,0,1,0,0,"- ","- ",,,FRESNO,FRESNO,-119.84903717041016,36.808391571044922
81598258,2021,2021-10-18,1005,2021-09-24,1938,P1767,SOUTH,5,5,7,1005,0,0,0,,0,00E,"CEDAR AVE","BUTLER AVE",127.00,S,N,A,-,N,,,,,,,,,,N,2,0,1,2,A,-,11,21954,A,F,G,B,D,A,H,-,C,D,0,Y,,,,Y,,N,60,1,0,0,0,1,0,0,0,0,"- ","- ",36.728618621826172,-119.75457000732422,FRESNO,FRESNO,-119.75464630126953,36.728260040283203
81622286,2021,2021-11-11,1005,2021-11-05,1843,P1996,CENTR,5,5,7,1005,0,0,0,,0,00B,"BLACKSTONE AVE","DAKOTA AVE",0.00,,Y,A,-,N,,,,,,,,,,N,2,0,1,2,A,-,10,21950,A,N,G,B,B,A,H,-,C,A,0,Y,,,,Y,,A,01,1,0,0,0,1,0,0,0,0,"- ","- ",36.786739349365234,-119.79042816162109,FRESNO,FRESNO,-119.79064178466797,36.786762237548828
81630044,2021,2021-11-19,1005,2021-11-17,1320,P1264,5,3,5,7,1005,0,0,0,,0,00A,"MILBURN AVE","ALLUVIAL AVE (N)",0.00,,Y,A,-,N,,,,,,,,,,Y,2,0,1,3,A,-,09,21801,A,N,D,C,A,A,H,-,A,A,0,,,,,Y,,A,01,1,0,0,0,0,0,0,0,0,"- ","- ",36.844631195068359,-119.8792724609375,FRESNO,FRESNO,-119.87928771972656,36.844596862792969
8166697,2016,2018-09-27,1001,2016-12-08,2001,5277,,4,5,5,1001,0,0,0,,0,003,"BARSTOW AV","FOWLER AV",0.00,,Y,B,-,N,,,,,,,,,,Y,1,1,0,2,A,-,11,21453,D,N,G,B,B,B,H,-,C,A,0,Y,,,,Y,,N,60,0,0,0,1,0,0,0,0,0,"- ","- ",,,FRESNO,CLOVIS,-119.68208988000001,36.815840110000003
81673176,2022,2022-01-07,1005,2022-01-04,1815,P1765,G,2,5,7,1005,0,0,0,,0,,"JENSEN AVE","ARMSTRONG AVE",500.00,W,N,A,-,N,,,,,,,,,,N,2,0,1,2,A,-,11,21954,A,N,G,B,E,A,H,-,D,D,0,Y,,,,Y,,N,60,1,0,0,0,1,0,0,0,0,"- ","- ",36.707408905029297,-119.67323303222656,FRESNO,FRESNO,-119.67473602294922,36.707500457763672
8167592,2017,2019-04-09,1005,2017-09-17,1958,P1827,NW184,7,5,7,1005,0,0,0,,0,00C,"WEST ASHLAN AV","N PARKWAY DR",60.00,W,N,A,-,N,,,,,,,,,,N,1,1,0,2,A,-,11,21954,A,N,G,B,D,A,H,-,C,D,0,Y,,,,Y,Y,N,60,0,0,0,1,0,0,0,0,0,"- ","- ",,,FRESNO,FRESNO,-119.86710479,36.793549380000002