CASE_ID,ACCIDENT_YEAR,PROC_DATE,JURIS,COLLISION_DATE,COLLISION_TIME,OFFICER_ID,REPORTING_DISTRICT,DAY_OF_WEEK,CHP_SHIFT,POPULATION,CNTY_CITY_LOC,SPECIAL_COND,BEAT_TYPE,CHP_BEAT_TYPE,CITY_DIVISION_LAPD,CHP_BEAT_CLASS,BEAT_NUMBER,PRIMARY_RD,SECONDARY_RD,DISTANCE,DIRECTION,INTERSECTION,WEATHER_1,WEATHER_2,STATE_HWY_IND,CALTRANS_COUNTY,CALTRANS_DISTRICT,STATE_ROUTE,ROUTE_SUFFIX,POSTMILE_PREFIX,POSTMILE,LOCATION_TYPE,RAMP_INTERSECTION,SIDE_OF_HWY,TOW_AWAY,COLLISION_SEVERITY,NUMBER_KILLED,NUMBER_INJURED,PARTY_COUNT,PRIMARY_COLL_FACTOR,PCF_CODE_OF_VIOL,PCF_VIOL_CATEGORY,PCF_VIOLATION,PCF_VIOL_SUBSECTION,HIT_AND_RUN,TYPE_OF_COLLISION,MVIW,PED_ACTION,ROAD_SURFACE,ROAD_COND_1,ROAD_COND_2,LIGHTING,CONTROL_DEVICE,CHP_ROAD_TYPE,PEDESTRIAN_ACCIDENT,BICYCLE_ACCIDENT,MOTORCYCLE_ACCIDENT,TRUCK_ACCIDENT,NOT_PRIVATE_PROPERTY,ALCOHOL_INVOLVED,STWD_VEHTYPE_AT_FAULT,CHP_VEHTYPE_AT_FAULT,COUNT_SEVERE_INJ,COUNT_VISIBLE_INJ,COUNT_COMPLAINT_PAIN,COUNT_PED_KILLED,COUNT_PED_INJURED,COUNT_BICYCLIST_KILLED,COUNT_BICYCLIST_INJURED,COUNT_MC_KILLED,COUNT_MC_INJURED,PRIMARY_RAMP,SECONDARY_RAMP,LATITUDE,LONGITUDE,COUNTY,CITY,POINT_X,POINT_Y
81722695,2022,2022-03-15,1005,2022-01-22,0200,P2004,SOUTH,6,5,7,1005,0,0,0,,0,00B,"TULARE AVE","N CLOVIS AVE",200.00,E,N,A,E,N,,,,,,,,,,Y,2,0,1,1,A,-,03,22350,,N,E,I,A,A,H,-,C,D,0,,,,,Y,,A,01,1,0,0,0,0,0,0,0,0,"- ","- ",,,FRESNO,FRESNO,-119.69996643066406,36.743148803710938
81739397,2022,2022-04-04,1005,2022-03-12,2037,P1744,SE,6,5,7,1005,0,0,0,,0,00D,"PEACH AVE","LIGHT POLE #69876",24.00,S,N,A,-,N,,,,,,,,,,N,2,0,1,2,A,-,11,21954,A,N,G,B,D,A,H,-,C,A,0,Y,,,,Y,,N,60,1,0,0,0,1,0,0,0,0,"- ","- ",,,FRESNO,FRESNO,,
81756333,2022,2022-04-26,1005,2022-04-07,2156,P2072,SW,4,5,7,1005,0,0,0,,0,00G,"CEDAR AVE","CENTRAL AVE",97.00,S,N,A,-,N,,,,,,,,,,N,2,0,1,2,A,-,03,22350,,F,G,B,E,A,H,-,C,D,0,Y,,,,Y,,A,01,1,0,0,0,1,0,0,0,0,"- ","- ",36.6781005859375,-119.75470733642578,FRESNO,FRESNO,-119.75469970703125,36.677371978759766
81760666,2022,2022-04-29,1005,2022-04-08,2252,P1757,NORTH,5,5,7,1005,0,0,0,,0,,"BLACKSTONE AVE","SIERRA AVE",25.00,S,N,A,-,N,,,,,,,,,,Y,1,1,0,2,A,-,11,21954,A,N,G,B,D,A,H,-,C,A,0,Y,,,,Y,,N,60,0,0,0,1,0,0,0,0,0,"- ","- ",36.830089569091797,-119.79013061523438,FRESNO,FRESNO,-119.79042053222656,36.830070495605469
81780248,2022,2022-05-25,1005,2022-05-08,0145,S227,,7,5,7,1005,0,0,0,,0,,"CHESTNUT AVE","180 FWY (1)",42.00,S,N,A,-,Y,,,,,,,,,,Y,2,0,1,2,A,-,01,23152,A,N,C,C,A,A,H,-,C,A,0,,,,,Y,Y,A,01,1,0,0,0,0,0,0,0,0,"- ","- ",36.754039764404297,-119.73622894287109,FRESNO,FRESNO,,
81802492,2022,2022-06-24,1005,2022-05-19,0517,P1969,SW,4,5,7,1005,0,0,0,,0,00C,"FRESNO ST","KEARNEY BLVD (E)",0.00,,Y,A,-,N,,,,,,,,,,N,2,0,1,2,A,-,03,22350,,F,C,G,A,A,H,-,B,A,0,,Y,,,Y,,-,99,1,0,0,0,0,0,1,0,0,"- ","- ",36.728610992431641,-119.80239868164062,FRESNO,FRESNO,-119.80377197265625,36.727848052978516
81803244,2022,2022-06-27,1005,2022-06-23,1757,P2009,SW,4,5,7,1005,0,0,0,,0,,"REV CHESTER RIGGINS AVE","HOLLY AVE",0.00,,Y,A,-,N,,,,,,,,,,Y,2,0,1,2,A,-,01,23153,F,F,G,B,E,A,H,-,A,D,0,Y,,,,Y,,A,01,1,0,0,0,1,0,0,0,0,"- ","- ",36.717880249023438,-119.78858184814453,FRESNO,FRESNO,,
81816857,2022,2022-07-14,1005,2022-05-29,0621,P1689,SOUTH,7,5,7,1005,0,0,0,,0,00F,"JENSEN AVE","CLOVIS AVE",0.00,,Y,A,-,N,,,,,,,,,,Y,2,0,2,2,A,-,12,21453,A,N,D,C,A,A,H,-,A,A,0,,,,,Y,,A,01,2,0,0,0,0,0,0,0,0,"- ","- ",36.707489013671875,-119.69999694824219,FRESNO,FRESNO,-119.70011138916016,36.707542419433594
81839432,2022,2022-08-15,1005,2022-08-07,2203,P2083,SOUTH,7,5,7,1005,0,0,0,,0,00C,"FOURTH ST","BALCH AVE",100.00,S,N,A,-,N,,,,,,,,,,N,2,0,1,2,A,-,03,22350,,F,G,B,D,A,H,-,C,A,0,Y,,,,Y,,-,99,1,0,0,0,1,0,0,0,0,"- ","- ",36.737380981445312,-119.76882934570312,FRESNO,FRESNO,-119.76762390136719,36.737827301025391
81893709,2022,2022-10-19,1005,2022-10-12,1850,P1982,CENTR,3,5,7,1005,0,0,0,,0,CHARLE,"MCKINLEY AVE","ECHO AVE",0.00,,Y,A,-,N,,,,,,,,,,Y,2,0,1,2,A,-,11,21950,B,N,G,B,B,A,H,-,C,A,0,Y,,,,Y,,N,60,1,0,0,0,1,0,0,0,0,"- ","- ",,,FRESNO,FRESNO,-119.80458068847656,36.764980316162109
81899426,2022,2022-10-26,1005,2022-10-08,1811,P2124,NORTH,6,5,7,1005,0,0,0,,0,04E,"E SHAW AVE","N EFFIE ST",275.00,E,N,A,-,N,,,,,,,,,,Y,2,0,2,2,A,-,12,21453,A,N,D,C,A,A,H,-,B,A,0,,,Y,,Y,Y,C,02,1,1,0,0,0,0,0,0,1,"- ","- ",,,FRESNO,FRESNO,-119.7867431640625,36.808441162109375
81906251,2022,2022-11-01,1005,2022-10-27,0921,P1402,NORTH,4,5,7,1005,0,0,0,,0,00A,"PERRIN AVE","FOXHILL DR",0.00,,Y,A,-,N,,,,,,,,,,N,2,0,1,2,A,-,03,22350,,N,G,B,B,A,H,-,B,A,0,Y,,,,Y,,A,01,1,0,0,0,1,0,0,0,0,"- ","- ",36.868278503417969,-119.76809692382812,FRESNO,FRESNO,-119.7684326171875,36.869014739990234
81912022,2022,2022-11-08,1005,2022-10-24,0155,P2092,SW,1,5,7,1005,0,0,0,,0,00D,"FIRST ST","TULARE ST",280.00,S,N,A,-,Y,,,,,,,,,,N,2,0,1,2,A,-,03,22350,,F,G,B,D,A,H,-,C,D,0,Y,,,,Y,,-,99,1,0,0,0,1,0,0,0,0,"- ","- ",36.743080139160156,-119.7723388671875,FRESNO,FRESNO,-119.77256011962891,36.743171691894531
81918866,2022,2022-11-16,1005,2022-11-05,2146,P1514,NORTH,6,5,7,1005,0,0,0,,0,00E,"E GETTYSBURG","N SECOND ST",100.00,W,N,A,-,N,,,,,,,,,,N,1,1,0,2,A,-,11,21954,A,N,G,B,D,A,H,-,C,A,0,Y,,,,Y,,N,60,0,0,0,1,0,0,0,0,0,"- ","- ",,,FRESNO,FRESNO,-119.76990509033203,36.801319122314453
81919898,2022,2022-11-17,1005,2022-11-08,1734,P731,1852,2,5,7,1005,0,0,0,,0,05G,"BLACKSTONE AVE","HOLLAND AVE",138.00,S,N,B,-,N,,,,,,,,,,N,2,0,1,2,A,-,11,21954,A,N,G,B,D,B,H,-,C,D,0,Y,,,,Y,,N,60,1,0,0,0,1,0,0,0,0,"- ","- ",36.797641754150391,-119.79048156738281,FRESNO,FRESNO,-119.79060363769531,36.797332763671875
81928495,2022,2022-11-29,1005,2022-11-02,1744,P1957,SW,3,5,7,1005,0,0,0,,0,00E,"FRESNO ST","COBB AVE",0.00,,Y,C,-,N,,,,,,,,,,Y,2,0,1,2,A,-,01,23153,A,N,D,C,A,B,H,-,A,D,0,,,,,Y,Y,A,07,1,0,0,0,0,0,0,0,0,"- ","- ",36.721828460693359,-119.81284332275391,FRESNO,FRESNO,-119.81146240234375,36.722305297851562
81960466,2022,2023-01-05,1005,2022-10-14,0746,P1684,SOUTH,5,5,7,1005,0,0,0,,0,"A/ 245","BELMONT AVE","PARKWAY DR (W)",86.00,W,N,A,-,N,,,,,,,,,,Y,1,1,0,1,A,-,07,21658,A,N,E,I,A,A,H,-,A,D,0,,,,,Y,,A,01,0,0,0,0,0,0,0,0,0,"- ","- ",36.750259399414062,-119.82659149169922,FRESNO,FRESNO,-119.82691955566406,36.750247955322266
81994761,2023,2023-02-15,1005,2023-01-17,1735,P1766,NW,2,5,7,1005,0,0,0,,0,00B,"HERNDON AVE","SAN PABLO",65.00,E,N,A,-,N,,,,,,,,,,N,2,0,1,1,A,-,03,22350,,N,E,I,A,A,H,-,C,D,0,,,,,Y,,A,01,1,0,0,0,0,0,0,0,0,"- ","- ",36.836498260498047,-119.79936218261719,FRESNO,FRESNO,-119.7943115234375,36.837409973144531
82004695,2023,2023-02-28,1005,2023-01-03,1820,P1767,CENTR,2,5,7,1005,0,0,0,,0,00B,"SHIELDS AVE","ANNA ST",0.00,,Y,A,-,N,,,,,,,,,,Y,1,1,0,2,A,-,11,21954,A,N,G,B,D,A,H,-,C,D,0,Y,,,,Y,,N,60,0,0,0,1,0,0,0,0,0,"- ","- ",36.77899169921875,-119.78070068359375,FRESNO,FRESNO,-119.77997589111328,36.779750823974609
82007474,2023,2023-03-02,1005,2023-01-29,2159,P1735,CENTR,7,5,7,1005,0,0,0,,0,1856,"ASHLAN AVE","FRESNO ST",12.00,W,N,A,-,N,,,,,,,,,,Y,2,0,3,2,C,-,18,,,N,D,C,A,A,H,-,C,A,0,,,,,Y,,-,"- ",1,0,2,0,0,0,0,0,0,"- ","- ",36.772239685058594,-119.78159332275391,FRESNO,FRESNO,-119.78144836425781,36.794101715087891
82012185,2023,2023-03-08,1005,2023-02-02,"425 ",P2095,SOUTH,4,5,7,1005,0,0,0,,0,00A,"MARKS AVE","OLIVE AVE",861.00,N,N,A,-,N,,,,,,,,,,Y,2,0,1,2,A,-,11,21954,A,F,G,B,D,A,H,-,D,D,0,Y,,,,Y,,A,01,1,0,0,0,1,0,0,0,0,"- ","- ",36.757369995117188,-119.84439849853516,FRESNO,FRESNO,-119.84434509277344,36.759792327880859
82019099,2023,2023-03-16,1005,2023-03-11,1250,P2177,SE,6,5,7,1005,0,0,0,,0,03D,"SIERRA VISTA AVE","TULARE ST (E)",10.00,S,N,A,-,N,,,,,,,,,,N,2,0,1,2,A,-,03,22350,,N,D,G,A,A,H,-,A,A,0,,Y,,,Y,,L,04,1,0,0,0,0,0,1,0,0,"- ","- ",36.742321014404297,-119.74208831787109,FRESNO,FRESNO,-119.74160003662109,36.7431640625
82030166,2023,2023-03-28,1005,2023-03-21,1756,P1795,CENTR,2,5,7,1005,0,0,0,,0,00B,"BLACKSTONE AVE","DAKOTA AVE",117.00,S,N,C,-,Y,,,,,,,,,,Y,2,0,1,2,A,-,03,22350,,N,G,B,F,B,H,-,A,D,0,Y,,,,Y,,A,01,1,0,0,0,1,0,0,0,0,"- ","- ",36.786128997802734,-119.79119110107422,FRESNO,FRESNO,-119.79064178466797,36.78643798828125
82072489,2022,2023-05-19,1005,2022-12-30,1738,P2160,NW,5,5,7,1005,0,0,0,,0,00F,"MARKS AVE","MCKINLEY AVE",0.00,,Y,A,B,Y,,,,,,,,,,Y,2,0,2,2,A,-,12,21453,A,N,D,C,A,A,H,-,C,A,0,,,,,Y,Y,A,01,1,1,0,0,0,0,0,0,0,"- ","- ",36.764629364013672,-119.8443603515625,FRESNO,FRESNO,-119.84423065185547,36.764694213867188
82072672,2023,2023-05-19,1005,2023-05-06,1045,P963,1255,6,5,7,1005,0,0,0,,0,05B,"HERNDON AVE","BLACKSTONE AVE",0.00,,Y,A,-,N,,,,,,,,,,Y,2,0,4,2,A,-,09,21800,A,N,B,C,A,A,H,-,A,A,0,,,,,Y,,A,01,1,2,1,0,0,0,0,0,0,"- ","- ",36.836658477783203,-119.79032897949219,FRESNO,FRESNO,-119.79037475585938,36.837379455566406
82083060,2023,2023-07-17,1005,2023-05-18,1536,P874,2G,4,5,7,1005,0,0,0,,0,2356,"ABBY ST","OLIVE AVE",0.00,,Y,A,-,N,,,,,,,,,,Y,2,0,1,2,A,-,08,22100,B,N,D,C,A,A,H,-,A,A,0,,,,,Y,,A,01,1,0,0,0,0,0,0,0,0,"- ","- ",36.757179260253906,-119.78933715820312,FRESNO,FRESNO,-119.78923034667969,36.757286071777344
82098492,2023,2023-06-21,1005,2023-02-07,"126 ",P1771,,2,5,7,1005,0,0,0,,0,,"BELMONT AVE","FIRST ST",0.00,,Y,E,-,N,,,,,,,,,,Y,2,0,1,2,A,-,01,23152,A,N,D,C,A,A,H,-,C,A,0,,,,Y,Y,Y,A,08,1,0,0,0,0,0,0,0,0,"- ","- ",36.75054931640625,-119.77255249023438,FRESNO,FRESNO,-119.7725830078125,36.750358581542969
82155305,2023,2023-08-28,1005,2023-07-04,2202,P1700,"SE / ",2,5,7,1005,0,0,0,,0,2658,"SIXTH ST","KERCKHOFF AVE",0.00,,Y,A,-,N,,,,,,,,,,Y,2,0,1,2,A,-,01,23152,A,N,D,C,A,A,H,-,C,A,0,,,,,Y,Y,A,01,1,0,0,0,0,0,0,0,0,"- ","- ",36.740730285644531,-119.76448059082031,FRESNO,FRESNO,-119.76435852050781,36.740673065185547
82155332,2023,2023-08-28,1005,2023-07-16,1238,P1360,CENTR,7,5,7,1005,0,0,0,,0,00D,"MCKINLEY AVE","41 HWY (W)",0.00,,Y,A,-,Y,,,,,,,,,,Y,2,0,1,2,-,-,"- ",,,N,D,C,A,A,H,-,A,A,0,,,,,Y,,-,"- ",1,0,0,0,0,0,0,0,0,"- ","- ",36.764961242675781,-119.77934265136719,FRESNO,FRESNO,-119.77716827392578,36.765071868896484
82155348,2023,2023-08-28,1005,2023-07-22,"101 ",P2083,SE,6,5,7,1005,0,0,0,,0,00C,"CEDAR AVE","ILLINOIS AVE",0.00,,Y,A,-,N,,,,,,,,,,N,2,0,3,2,A,-,01,23153,B,N,D,C,A,A,H,-,C,A,0,,,,,Y,Y,A,01,1,0,2,0,0,0,0,0,0,"- ","- ",36.745079040527344,-119.75450897216797,FRESNO,FRESNO,-119.75449371337891,36.745029449462891
82174338,2023,2023-09-20,1005,2023-08-20,1816,P1853,SOUTH,7,5,7,1005,0,0,0,,0,,"MAPLE AVE","FLORENCE AVE",0.00,,Y,C,-,N,,,,,,,,,,N,2,0,3,1,A,-,03,22350,,N,E,I,A,B,H,-,A,A,0,,,,,Y,,A,01,1,2,0,0,0,0,0,0,0,"- ","- ",36.717720031738281,-119.74566650390625,FRESNO,FRESNO,-119.74558258056641,36.717758178710938
82174464,2023,2023-09-20,1005,2023-09-06,1526,P959,SOUTH,3,5,7,1005,0,0,0,,0,2659,"CEDAR AVE","VERRUE AVE",30.00,S,N,A,-,N,,,,,,,,,,Y,2,0,11,12,A,-,01,23152,F,F,G,B,F,A,H,-,A,D,0,Y,,,,Y,,D,22,5,3,3,0,11,0,0,0,0,"- ","- ",36.742828369140625,-119.75449371337891,FRESNO,FRESNO,-119.75450897216797,36.742687225341797
82176723,2023,2023-09-22,1005,2023-08-25,2222,P1982,NORTH,5,5,7,1005,0,0,0,,0,CHARLE,"BLACKSTONE AVE","MAGILL AVE",8.00,N,N,A,-,N,,,,,,,,,,Y,1,1,0,2,A,-,11,21954,A,N,G,B,E,A,H,-,C,D,0,Y,,,,Y,,N,60,0,0,0,1,0,0,0,0,0,"- ","- ",36.835540771484375,-119.79031372070312,FRESNO,FRESNO,-119.7901611328125,36.835601806640625
82201879,2023,2023-10-18,1005,2023-08-16,"430 ",P1662,,3,5,7,1005,0,0,0,,0,,"OLIVE AVE","CLOVIS AVE",97.00,W,N,A,-,Y,,,,,,,,,,N,2,0,1,2,A,-,05,21202,A,F,H,G,A,A,H,-,C,A,0,,Y,,,Y,,L,04,1,0,0,0,0,0,1,0,0,"- ","- ",36.757450103759766,-119.70041656494141,FRESNO,FRESNO,-119.70084381103516,36.757472991943359
82225123,2023,2023-11-01,1005,2023-10-28,2254,P1890,SE,6,5,7,1005,0,0,0,,0,00A,"OLIVE AVE","PEACH AVE",0.00,,Y,A,-,N,,,,,,,,,,Y,2,0,4,3,A,-,12,21453,A,N,D,C,A,A,H,-,C,A,0,,,,,Y,Y,A,01,3,1,0,0,0,0,0,0,0,"- ","- ",36.757488250732422,-119.71820831298828,FRESNO,FRESNO,-119.71837615966797,36.757450103759766
82270582,2023,2023-12-26,1005,2023-12-21,1929,P2164,CENTR,4,5,7,1005,0,0,0,,0,02D,"MICHIGAN AVE","EFFIE ST",19.00,W,N,B,-,N,,,,,,,,,,N,2,0,1,2,A,-,11,21954,A,N,G,B,E,A,H,-,C,D,0,Y,,,,Y,Y,N,60,1,0,0,0,1,0,0,0,0,"- ","- ",36.776210784912109,-119.78907012939453,FRESNO,FRESNO,-119.78836822509766,36.776798248291016
82306476,2024,2024-02-06,1005,2024-01-21,1457,P959,,7,5,7,1005,0,0,0,,0,,"CLOVIS AVE","HUNTINGTON AVE",0.00,,Y,B,-,N,,,,,,,,,,Y,2,0,1,2,A,-,11,21954,A,N,G,B,D,A,H,-,A,D,0,Y,,,,Y,Y,N,60,1,0,0,0,1,0,0,0,0,"- ","- ",36.740020751953125,-119.70014953613281,FRESNO,FRESNO,-119.69996643066406,36.739898681640625
82316640,2024,2024-02-19,1005,2024-02-07,2238,P1700,"NE / ",3,5,7,1005,0,0,0,,0,1657,"SHAW AVE","FISHER ST",275.00,W,N,C,-,N,,,,,,,,,,Y,2,0,1,2,A,-,11,21954,A,N,G,B,D,B,H,-,C,D,0,Y,,,,Y,,N,60,1,0,0,0,1,0,0,0,0,"- ","- ",36.808589935302734,-119.76999664306641,FRESNO,FRESNO,-119.77004241943359,36.808349609375
82365096,2024,2024-04-16,1005,2024-04-07,"345 ",P1711,,7,5,7,1005,0,0,0,,0,00D,"BUTLER AVE","SANTA FE AVE",70.00,W,N,A,-,N,,,,,,,,,,N,2,0,1,2,A,-,03,22350,,F,G,B,E,A,H,-,C,D,0,Y,,,,Y,Y,-,99,1,0,0,0,1,0,0,0,0,"- ","- ",36.728641510009766,-119.77308654785156,FRESNO,FRESNO,-119.77336120605469,36.728660583496094
82390231,2024,2024-05-15,1005,2024-02-24,1050,P1156,,6,5,7,1005,0,0,0,,0,00A,"MAPLE AVE","SKYVIEW AVE",0.00,,Y,A,-,N,,,,,,,,,,N,2,0,1,1,A,-,03,22350,,N,E,I,A,A,H,-,A,D,0,,,Y,,Y,,C,02,1,0,0,0,0,0,0,0,1,"- ","- ",36.868038177490234,-119.74772644042969,FRESNO,FRESNO,-119.74771118164062,36.867977142333984
82405103,2024,2024-06-04,1005,2024-05-25,1616,P1961,,6,5,7,1005,0,0,0,,0,00C,"HERNDON AVE","BLACKSTONE AVE",0.00,,Y,A,-,N,,,,,,,,,,Y,2,0,1,2,A,-,12,21453,A,N,D,C,A,A,H,-,A,A,0,,,,,Y,,A,01,1,0,0,0,0,0,0,0,0,"- ","- ",36.837188720703125,-119.79029083251953,FRESNO,FRESNO,-119.79037475585938,36.837379455566406
82420151,2024,2024-06-21,1005,2024-06-07,2107,P2146,,5,5,7,1005,0,0,0,,0,00D,"CLINTON AVE","FIRST ST",0.00,,Y,A,-,N,,,,,,,,,,N,2,0,1,2,A,-,11,21954,A,N,G,B,E,A,H,-,C,A,0,Y,,,,Y,Y,A,01,1,0,0,0,1,0,0,0,0,"- ","- ",36.771568298339844,-119.77336883544922,FRESNO,FRESNO,-119.77262878417969,36.772262573242188
82425835,2024,2024-06-28,1005,2024-06-19,1932,P1957,,3,5,7,1005,0,0,0,,0,,"CLINTON AVE","BRUNSWICK AVE",0.00,,Y,A,-,N,,,,,,,,,,N,2,0,1,2,A,-,09,21802,A,N,D,C,A,A,H,-,A,A,0,,,Y,,Y,,A,01,1,0,0,0,0,0,0,0,1,"- ","- ",36.7718505859375,-119.86733245849609,FRESNO,FRESNO,-119.86721801757812,36.771831512451172
8404431,2016,2017-08-30,1003,2016-10-17,0633,FI08,,1,5,2,1003,0,0,0,,0,,"RT 33","13TH ST",0.00,,Y,A,B,Y,FRE,6,33,-,-,70.100,I,5,N,Y,1,1,0,2,A,-,11,21950,B,N,G,B,D,A,H,-,C,A,0,Y,,,,Y,,N,60,0,0,0,1,0,0,0,0,0,"- ","- ",36.856169999999999,-120.45523,FRESNO,FIREBAUGH,-120.45540249,36.856222010000003
8413800,2017,2017-08-15,1002,2017-04-14,2140,E1459,,5,5,3,1002,0,0,0,,0,0CO,"WEST ELM AV","7TH ST",0.00,,Y,A,-,N,,,,,,,,,,N,2,0,1,2,A,-,09,21804,A,N,C,C,A,A,H,-,C,D,0,,,,,Y,Y,-,,1,0,0,0,0,0,0,0,0,"- ","- ",,,FRESNO,COALINGA,-120.362292,36.137664000000001
84353375,2024,2024-08-14,1005,2024-07-27,2124,P1972,,6,5,7,1005,0,0,0,,0,00D,"BLACKSTONE AVE","PRINCETON AVE",112.00,S,N,A,-,N,,,,,,,,,,Y,2,0,1,2,A,-,11,21954,A,N,G,B,D,A,H,-,C,A,0,Y,,,,Y,,N,60,1,0,0,0,1,0,0,0,0,"- ","- ",36.775920867919922,-119.79055023193359,FRESNO,FRESNO,-119.79064178466797,36.775592803955078
84383532,2024,2024-09-06,1005,2024-08-18,2038,P2092,,7,5,7,1005,0,0,0,,0,05C,"CORNELIA AVE","DONNER AVE",874.00,N,N,A,-,N,,,,,,,,,,N,2,0,1,3,A,-,01,23152,B,F,C,E,A,A,H,-,C,D,0,,,,,Y,Y,B,01,1,0,0,0,0,0,0,0,0,"- ","- ",36.799648284912109,-119.88095092773438,FRESNO,FRESNO,-119.87989807128906,36.800018310546875
84558637,2024,2025-02-03,1005,2024-09-03,"216 ",P1927,,2,5,7,1005,0,0,0,,0,00B,"CLOVIS AVE","180 FWY (4)",50.00,N,N,A,-,N,,,,,,,,,,Y,2,0,1,2,A,-,01,23152,B,N,C,C,A,A,H,-,C,A,0,,,,,Y,Y,A,01,1,0,0,0,0,0,0,0,0,"- ","- ",36.75408935546875,-119.70137023925781,FRESNO,FRESNO,,
84558864,2024,2025-02-03,1005,2024-10-03,1800,P1947,,4,5,7,1005,0,0,0,,0,00G,"E SHIELDS AVE","N FIRST ST",174.00,E,N,A,-,N,,,,,,,,,,N,2,0,1,2,A,-,10,21954,B,N,G,B,D,A,H,-,B,D,0,Y,,,,Y,Y,N,60,1,0,0,0,1,0,0,0,0,"- ","- ",36.779651641845703,-119.77185821533203,FRESNO,FRESNO,-119.77206420898438,36.779548645019531
84559260,2024,2025-02-03,1005,2024-11-17,1055,P2339,,7,5,7,1005,0,0,0,,0,05E,"BLACKSTONE AVE","BARSTOW AVE",0.00,,Y,A,-,N,,,,,,,,,,Y,2,0,3,2,A,-,12,21453,A,N,D,C,A,A,H,-,A,A,0,,,,,Y,,A,01,1,1,1,0,0,0,0,0,0,"- ","- ",36.815700531005859,-119.79039764404297,FRESNO,FRESNO,-119.79051971435547,36.81573486328125
84559498,2024,2025-02-03,1005,2024-12-15,"30  ",P2268,,7,5,7,1005,0,0,0,,0,00A,"MAPLE AVE","OLIVE AVE",20.00,N,N,A,-,N,,,,,,,,,,N,2,0,1,2,A,-,01,23152,B,F,C,G,A,A,H,-,C,A,0,,Y,,,Y,Y,D,22,1,0,0,0,0,0,1,0,0,"- ","- ",36.757709503173828,-119.74533081054688,FRESNO,FRESNO,-119.74542999267578,36.757766723632812
84559661,2025,2025-02-03,1005,2025-01-05,1813,P1938,,7,5,7,1005,0,0,0,,0,00D,"FIRST ST","HUNTINGTON BLVD (S)",106.00,N,N,A,-,N,,,,,,,,,,N,2,0,1,4,A,-,03,22350,,F,C,C,A,A,H,-,C,A,0,,,,,Y,,D,22,1,0,0,0,0,0,0,0,0,"- ","- ",36.739219665527344,-119.77243804931641,FRESNO,FRESNO,-119.77244567871094,36.739582061767578
84559666,2025,2025-02-03,1005,2025-01-06,1138,P1298,,1,5,7,1005,0,0,0,,0,"C / 26","HUGHES AVE","NIELSEN AVE",485.00,S,N,A,-,N,,,,,,,,,,Y,2,0,1,2,A,-,03,22350,,N,D,C,A,A,H,-,A,D,0,,,,Y,Y,,A,01,1,0,0,0,0,0,0,0,0,"- ","- ",36.742919921875,-119.83547210693359,FRESNO,FRESNO,-119.83554840087891,36.741798400878906
84559670,2025,2025-02-03,1005,2025-01-06,1945,P1415,,1,5,7,1005,0,0,0,,0,00A,"W OLIVE AVE","N GOLDEN ST BLVD",500.00,W,N,A,-,Y,,,,,,,,,,N,2,0,1,2,A,-,05,21650,,F,H,G,A,A,H,-,C,A,0,,Y,,,Y,,L,04,1,0,0,0,0,0,1,0,0,"- ","- ",,,FRESNO,FRESNO,-119.55561065673828,36.699436187744141
84559703,2025,2025-02-03,1005,2025-01-12,"820 ",P1523,,7,5,7,1005,0,0,0,,0,,"MAPLE AVE","FILLMORE AVE",0.00,,Y,A,-,N,,,,,,,,,,N,2,0,4,2,A,-,08,22107,,N,D,C,A,A,H,-,A,D,0,,,,,Y,,A,01,1,3,0,0,0,0,0,0,0,"- ","- ",36.741390228271484,-119.74552917480469,FRESNO,FRESNO,-119.74543762207031,36.741355895996094
8465297,2016,2017-10-12,1005,2016-05-14,1847,P1070,1761,6,5,7,1005,0,0,0,,0,03G,"KINGS CANYON RD","MAPLE AV",0.00,,Y,A,-,N,,,,,,,,,,Y,1,1,3,4,A,-,12,21453,A,F,D,C,A,A,H,-,A,A,0,,,,,Y,,A,08,2,0,1,0,0,0,0,0,0,"- ","- ",36.735840000000003,-119.74538,FRESNO,FRESNO,-119.74547998,36.735970020000003
8465310,2016,2017-10-13,1005,2016-10-21,0553,P1070,1659,5,5,7,1005,0,0,0,,0,04F,"SHAW AV","CEDAR AV",278.00,W,N,B,-,N,,,,,,,,,,Y,1,1,0,2,A,-,11,21954,A,N,G,B,D,A,H,-,C,D,0,Y,,,,Y,Y,N,60,0,0,0,1,0,0,0,0,0,"- ","- ",36.808520000000001,-119.75414000000001,FRESNO,FRESNO,-119.75521895999999,36.808715730000003
8465835,2019,2019-06-04,1005,2019-02-17,1850,P1131,"3 F",7,5,7,1005,0,0,0,,0,3062,"CHESTNUT AV","BURNS AV",66.00,N,N,B,-,N,,,,,,,,,,Y,1,1,5,3,A,-,01,23152,A,N,C,C,A,A,H,-,C,D,0,,,,,Y,Y,A,01,0,5,0,0,0,0,0,0,0,"- ","- ",36.712348937988281,-119.73654174804688,FRESNO,FRESNO,-119.73665618896484,36.712512969970703
84679115,2025,2025-05-07,1005,2025-03-02,1831,P1895,,7,5,7,1005,0,0,0,,0,00G,"KINGS CANYON RD","CLOVIS AVE",10.00,E,N,A,-,N,,,,,,,,,,Y,2,0,1,2,A,-,03,22350,,N,D,G,A,A,H,-,C,A,0,,Y,,,Y,,A,07,1,0,0,0,0,0,1,0,0,"- ","- ",36.734638214111328,-119.70133972167969,FRESNO,FRESNO,-119.69991302490234,36.73590087890625
84679135,2025,2025-05-07,1005,2025-03-14,"413 ",P2225,,5,5,7,1005,0,0,0,,0,01E,"ELM AVE","CALIFORNIA AVE",0.00,,Y,B,-,N,,,,,,,,,,Y,2,0,2,2,A,-,08,22107,,N,A,C,A,B,H,-,C,A,0,,,,,Y,Y,-,"- ",1,1,0,0,0,0,0,0,0,"- ","- ",36.720859527587891,-119.79168701171875,FRESNO,FRESNO,-119.79157257080078,36.720817565917969