CASE_ID,ACCIDENT_YEAR,PROC_DATE,JURIS,COLLISION_DATE,COLLISION_TIME,OFFICER_ID,REPORTING_DISTRICT,DAY_OF_WEEK,CHP_SHIFT,POPULATION,CNTY_CITY_LOC,SPECIAL_COND,BEAT_TYPE,CHP_BEAT_TYPE,CITY_DIVISION_LAPD,CHP_BEAT_CLASS,BEAT_NUMBER,PRIMARY_RD,SECONDARY_RD,DISTANCE,DIRECTION,INTERSECTION,WEATHER_1,WEATHER_2,STATE_HWY_IND,CALTRANS_COUNTY,CALTRANS_DISTRICT,STATE_ROUTE,ROUTE_SUFFIX,POSTMILE_PREFIX,POSTMILE,LOCATION_TYPE,RAMP_INTERSECTION,SIDE_OF_HWY,TOW_AWAY,COLLISION_SEVERITY,NUMBER_KILLED,NUMBER_INJURED,PARTY_COUNT,PRIMARY_COLL_FACTOR,PCF_CODE_OF_VIOL,PCF_VIOL_CATEGORY,PCF_VIOLATION,PCF_VIOL_SUBSECTION,HIT_AND_RUN,TYPE_OF_COLLISION,MVIW,PED_ACTION,ROAD_SURFACE,ROAD_COND_1,ROAD_COND_2,LIGHTING,CONTROL_DEVICE,CHP_ROAD_TYPE,PEDESTRIAN_ACCIDENT,BICYCLE_ACCIDENT,MOTORCYCLE_ACCIDENT,TRUCK_ACCIDENT,NOT_PRIVATE_PROPERTY,ALCOHOL_INVOLVED,STWD_VEHTYPE_AT_FAULT,CHP_VEHTYPE_AT_FAULT,COUNT_SEVERE_INJ,COUNT_VISIBLE_INJ,COUNT_COMPLAINT_PAIN,COUNT_PED_KILLED,COUNT_PED_INJURED,COUNT_BICYCLIST_KILLED,COUNT_BICYCLIST_INJURED,COUNT_MC_KILLED,COUNT_MC_INJURED,PRIMARY_RAMP,SECONDARY_RAMP,LATITUDE,LONGITUDE,COUNTY,CITY,POINT_X,POINT_Y
84679217,2025,2025-05-07,1005,2025-03-31,1012,P1264,,1,5,7,1005,0,0,0,,0,00F,"CALIFORNIA AVE","WEST AVE",0.00,,Y,B,-,N,,,,,,,,,,Y,2,0,1,1,A,-,01,23152,B,N,E,I,A,A,H,-,A,A,0,,,,,Y,Y,A,01,1,0,0,0,0,0,0,0,0,"- ","- ",36.721431732177734,-119.82668304443359,FRESNO,FRESNO,-119.82668304443359,36.721267700195312
84679263,2025,2025-05-07,1005,2025-04-04,1432,P1700,,5,5,7,1005,0,0,0,,0,1344,"HERNDON AVE","POLK AVE",382.00,E,N,A,-,N,,,,,,,,,,Y,2,0,1,1,A,-,08,22107,,N,E,I,A,A,H,-,A,A,0,,,,,Y,,A,01,1,0,0,0,0,0,0,0,0,"- ","- ",36.836971282958984,-119.88954162597656,FRESNO,FRESNO,-119.88817596435547,36.836929321289062
84679440,2025,2025-05-07,1005,2025-05-02,2336,P1684,,5,5,7,1005,0,0,0,,0,G/2064,"CLOVIS AVE","SHIELDS AVE",0.00,,Y,A,-,N,,,,,,,,,,Y,1,2,2,2,A,-,01,23152,B,N,C,C,A,A,H,-,C,A,0,,,,,Y,Y,A,07,0,2,0,0,0,0,0,0,0,"- ","- ",36.779449462890625,-119.70005798339844,FRESNO,FRESNO,-119.70034790039062,36.779373168945312
8473042,2017,2017-11-09,1001,2017-10-12,0008,5696,,4,5,5,1001,0,0,0,,0,007,"HERNDON AV","FOWLER AV",0.00,,Y,A,-,N,,,,,,,,,,Y,2,0,2,3,A,-,00,23153,G,N,C,C,A,A,D,-,C,B,0,,,,Y,Y,Y,A,01,1,1,0,0,0,0,0,0,0,"- ","- ",36.837389999999999,-119.68416999999999,FRESNO,CLOVIS,-119.68416999,36.837390059999997
8495511,2017,2017-12-07,1001,2017-11-11,0338,5635,,6,5,5,1001,0,0,0,,0,001,"PEACH AV","WEST ASHLAN AV",0.00,,Y,A,-,N,,,,,,,,,,Y,2,0,1,3,A,-,01,23153,A,N,D,C,A,B,-,-,C,A,0,,,,,Y,Y,A,01,1,0,0,0,0,0,0,0,0,"- ","- ",36.794119999999999,-119.71817,FRESNO,CLOVIS,-119.71815998,36.794100100000001
8735455,2018,2018-11-14,1002,2018-10-26,2110,E1459,,5,5,3,1002,0,0,0,,0,,"N 3RD ST","DURIAN AV",74.00,W,N,A,-,N,,,,,,,,,,N,2,0,1,2,A,-,11,21954,A,N,G,B,D,A,H,-,C,D,0,Y,,,,Y,Y,N,60,1,0,0,0,1,0,0,0,0,"- ","- ",36.142509460449219,-120.35939025878906,FRESNO,COALINGA,-120.35960388183594,36.142658233642578
8735709,2018,2019-01-11,1001,2018-10-21,2325,5708,,7,5,5,1001,0,0,0,,0,006,"SHAW AV","FOWLER AV",0.00,,Y,A,-,N,,,,,,,,,,Y,2,0,2,3,A,-,11,21453,D,N,G,B,B,A,H,-,C,A,0,Y,,,,Y,,N,60,2,0,0,0,2,0,0,0,0,"- ","- ",36.808521270751953,-119.68206024169922,FRESNO,CLOVIS,-119.68206024169922,36.808670043945312
8738721,2018,2019-01-14,1002,2018-05-24,2029,E1049,,4,5,3,1002,0,0,0,,0,,"EAST ELM AV","WALNUT ST",128.00,S,N,A,-,Y,FRE,6,33,-,-,16.043,H,-,N,Y,2,0,1,2,A,-,04,21703,,N,C,C,A,A,H,-,C,D,0,,,Y,,Y,,C,02,1,0,0,0,0,0,0,0,1,"- ","- ",,,FRESNO,COALINGA,-120.35649871826172,36.143714904785156
8808045,2019,2021-05-25,1015,2019-03-18,1517,N078,A3,1,5,3,1015,0,0,0,,0,SELMA,"MITCHELL AV","NELSON BL",0.00,,Y,A,-,N,,,,,,,,,,Y,1,1,1,2,A,-,12,22450,A,N,E,C,A,A,H,-,A,A,0,,,,,Y,,A,07,0,1,0,0,0,0,0,0,0,"- ","- ",,,FRESNO,SELMA,-119.62368011474609,36.585311889648438
8808329,2018,2019-06-21,1005,2018-05-25,2043,P731,2451,5,5,7,1005,0,0,0,,0,01A,"OLIVE AV","HUGHES AV",300.00,W,N,B,-,N,,,,,,,,,,N,1,1,0,2,A,-,11,21954,A,F,G,B,D,A,H,-,D,D,0,Y,,,,Y,,N,60,0,0,0,1,0,0,0,0,0,"- ","- ",36.757499694824219,-119.835693359375,FRESNO,FRESNO,-119.83658599853516,36.7574462890625
8814201,2018,2019-03-26,1001,2018-06-28,2317,5145,,4,5,5,1001,0,0,0,,0,005,"MINNEWAWA AV","W SAN JOSE AV",0.00,,Y,A,-,N,,,,,,,,,,Y,2,0,3,3,A,-,03,22350,,N,D,C,F,A,H,-,C,A,0,Y,,,,Y,Y,J,48,1,2,0,0,1,0,0,0,0,"- ","- ",36.812149047851562,-119.70900726318359,FRESNO,CLOVIS,-119.70906066894531,36.812118530273438
8847611,2019,2019-04-29,1001,2019-03-25,1500,5723,,1,5,5,1001,0,0,0,,0,006,"HERNDON AV","FOWLER AV",0.00,,Y,A,-,N,,,,,,,,,,Y,2,0,2,2,A,-,12,21453,A,N,A,C,A,A,H,-,A,A,0,,,,,Y,,A,07,1,0,1,0,0,0,0,0,0,"- ","- ",36.837390899658203,-119.68417358398438,FRESNO,CLOVIS,-119.68417358398438,36.837390899658203
8879823,2019,2019-06-18,1001,2019-05-20,2244,5699,,1,5,5,1001,0,0,0,,0,003,"SHAW AV","POWER POLE #12014523",162.00,E,N,A,-,N,,,,,,,,,,Y,2,0,1,2,A,-,11,21956,,N,G,B,E,A,H,-,D,D,0,Y,,,,Y,,N,60,1,0,0,0,1,0,0,0,0,"- ","- ",36.808361053466797,-119.64598083496094,FRESNO,CLOVIS,,
8886656,2019,2019-07-24,1015,2019-06-17,0757,N116,SELMA,1,5,3,1015,0,0,0,,0,001,"WRIGHT ST","ASPEN ST",0.00,,Y,A,-,N,,,,,,,,,,N,2,0,1,2,A,-,10,21950,A,N,G,B,B,A,H,-,A,D,0,Y,,,,Y,,A,07,1,0,0,0,1,0,0,0,0,"- ","- ",36.580230712890625,-119.61508941650391,FRESNO,SELMA,-119.61517333984375,36.580230712890625
8911088,2019,2020-05-19,1005,2019-08-16,2038,P1070,2160,5,5,7,1005,0,0,0,,0,"NE G","SHIELDS AV","CEDAR AV",309.00,E,N,A,-,N,,,,,,,,,,Y,1,1,0,2,A,-,11,21954,A,N,G,B,D,A,H,-,C,D,0,Y,,,,Y,,N,60,0,0,0,1,0,0,0,0,0,"- ","- ",36.779560089111328,-119.75443267822266,FRESNO,FRESNO,-119.75341796875,36.779685974121094
8911108,2019,2020-06-04,1005,2019-02-26,2245,P1070,"CE C",2,5,7,1005,0,0,0,,0,2251,"CLINTON AV","WEBER AV",41.00,E,N,A,B,N,,,,,,,,,,Y,1,1,0,2,A,-,11,21954,A,N,G,B,D,A,H,-,C,A,0,Y,,,,Y,Y,N,60,0,0,0,1,0,0,0,0,0,"- ","- ",36.771991729736328,-119.83408355712891,FRESNO,FRESNO,-119.83396911621094,36.771980285644531
8911120,2019,2020-06-04,1005,2019-10-06,1411,P1131,"5 C",7,5,7,1005,0,0,0,,0,1845,"CORNELIA AV","ASHLAN AV",126.00,N,N,A,-,N,,,,,,,,,,N,1,1,0,1,A,-,03,22350,,N,E,I,A,A,H,-,A,D,0,,,,,Y,,A,01,0,0,0,0,0,0,0,0,0,"- ","- ",36.793540954589844,-119.88038635253906,FRESNO,FRESNO,-119.88038635253906,36.793861389160156
8928348,2019,2019-09-03,1011,2019-08-18,1901,K070,,7,5,3,1011,0,0,0,,0,,"TULARE ST","TULARE ST 830",0.00,,Y,A,-,N,,,,,,,,,,N,2,0,1,2,D,-,00,,,N,G,B,D,A,H,-,B,D,0,Y,,,,Y,,-,"- ",1,0,0,0,1,0,0,0,0,"- ","- ",36.610019683837891,-119.53028106689453,FRESNO,PARLIER,-119.53027400000001,36.610348000000002
8929859,2019,2019-09-06,1013,2019-08-12,1819,M154,M330,1,5,3,1013,0,0,0,,0,003,"RAWSON AV","LIME AV",0.00,,Y,A,-,N,,,,,,,,,,Y,2,0,1,2,A,-,05,21650,,F,A,C,A,A,H,-,A,D,0,,,,,Y,,D,72,1,0,0,0,0,0,0,0,0,"- ","- ",,,FRESNO,SANGER,-119.56484985351562,36.690380096435547
8939154,2019,2019-11-15,1015,2019-10-30,1756,N119,SELMA,3,5,3,1015,0,0,0,,0,0SE,"GOLDEN STATE BL","DINUBA AV",0.00,,Y,A,-,N,,,,,,,,,,Y,1,2,0,2,A,-,09,21804,A,N,D,C,A,A,H,-,A,A,0,,,,,Y,,A,01,0,0,0,0,0,0,0,0,0,"- ","- ",36.590629577636719,-119.63847351074219,FRESNO,SELMA,-119.63864898681641,36.590511322021484
8939452,2019,2021-06-02,1015,2019-12-02,2158,N079,,1,5,3,1015,0,0,0,,0,,"GOLDEN STATE BL","HIGHLAND AV",578.00,N,N,A,-,N,,,,,,,,,,N,1,1,0,2,A,-,11,21954,A,F,G,B,D,A,A,-,D,D,0,Y,,,,Y,Y,N,60,0,0,0,1,0,0,0,0,0,"- ","- ",36.581668853759766,-119.62860870361328,FRESNO,SELMA,-119.62993621826172,36.582569122314453
8942750,2019,2019-10-25,1008,2019-09-06,2027,J159,KINGS,5,5,2,1008,0,0,0,,0,J070,"BETHEL AV","MOUNTAIN VIEW AV",0.00,,Y,A,-,N,,,,,,,,,,Y,2,0,5,2,A,-,01,23153,A,N,D,C,A,A,H,-,C,A,0,,,,,Y,Y,A,08,4,1,0,0,0,0,0,0,0,"- ","- ",36.546779632568359,-119.53878021240234,FRESNO,KINGSBURG,-119.57514190673828,36.546878814697266
8997194,2019,2020-01-25,1011,2019-11-07,0553,K040,,4,5,3,1011,0,0,0,,0,,"S MENDOCINO AV","5TH ST",0.00,,Y,A,-,N,,,,,,,,,,N,2,0,1,2,A,-,09,21804,A,N,B,C,A,A,H,-,B,D,0,,,,,Y,,A,01,1,0,0,0,0,0,0,0,0,"- ","- ",36.612979888916016,-119.54731750488281,FRESNO,PARLIER,-119.54773712158203,36.615371704101562
90014946,2015,2015-10-19,9435,2015-08-16,1235,016570,,7,1,9,1000,0,3,5,,2,030,"PEACH AVE","BELMONT AVE",0.00,,Y,A,-,N,,,,,,,,,,Y,2,0,5,2,A,-,12,21453,A,N,D,C,A,A,H,-,A,A,0,,,,,Y,,D,22,1,2,2,0,0,0,0,0,0,"- ","- ",36.749899999999997,-119.71812,FRESNO,UNINCORPORATED,-120.38953995999999,36.749280069999998
90031637,2015,2016-01-05,9435,2015-08-09,2357,019648,,7,3,9,1000,0,3,5,,2,025,"MILLERTON ROAD","NORTH FORK ROAD",3168.00,N,N,A,-,N,,,,,,,,,,Y,1,2,3,2,A,-,08,22107,,N,E,I,A,A,H,-,D,D,0,,,,,Y,,A,01,3,0,0,0,0,0,0,0,0,"- ","- ",36.992780000000003,-119.70211999999999,FRESNO,UNINCORPORATED,-119.70276117,36.992620119999998
90040885,2015,2015-11-03,9435,2015-09-11,2215,019523,,5,3,9,1000,0,3,5,,2,034,"MINNEWAWA AVE","TULARE AVE",0.00,,Y,A,-,N,,,,,,,,,,Y,1,1,5,2,A,-,01,23152,A,F,D,C,A,A,H,-,D,A,0,,,,,Y,Y,A,07,1,4,0,0,0,0,0,0,0,"- ","- ",36.743209999999998,-119.70927,FRESNO,UNINCORPORATED,-119.70923993,36.755600020000003
90051127,2015,2015-11-16,9435,2015-11-04,2000,016507,,3,2,9,1000,0,3,5,,2,060,"HOGBACK RD",SR-245,20064.00,S,N,A,-,N,,,,,,,,,,Y,2,0,1,1,A,-,08,22107,,N,E,I,A,A,H,-,D,D,0,,,,,Y,,A,07,1,0,0,0,0,0,0,0,0,"- ","- ",36.402900000000002,-119.0016,FRESNO,UNINCORPORATED,-119.00245517,36.645032380000004
90055977,2015,2015-11-20,9435,2015-11-11,0210,015902,,3,3,9,1000,0,1,3,,1,169,"SR-168 (TOLLHOUSE ROAD)","BALSAM SNOW PARK",2112.00,E,N,A,-,Y,,,168,,,,,,,Y,2,0,3,1,A,-,03,22350,,N,E,I,A,A,H,-,D,A,0,,,,,Y,,A,01,1,1,1,0,0,0,0,0,0,"- ","- ",37.15793,-119.23651,FRESNO,UNINCORPORATED,-119.23650661000001,37.157915389999999
90077819,2015,2015-12-18,9435,2015-11-23,1720,019039,,1,2,7,1005,0,1,3,,2,105,"STATE ROUTE 99 NORTHBOUND","EL DORADO STREET",13.00,S,N,A,-,Y,,,99,,,,,,N,Y,2,0,2,3,A,-,03,22350,,N,C,C,A,A,H,-,D,D,0,,,,,Y,,A,01,1,0,1,0,0,0,0,0,0,"- ","- ",36.73856,-119.80795000000001,FRESNO,FRESNO,-119.80794527,36.738569609999999
90079727,2015,2015-12-22,9461,2015-09-21,1845,017911,,1,2,9,1000,0,1,3,,1,603,"RT 33","SHAW AVE",8976.00,S,N,A,-,Y,,,33,,,,,,,Y,1,1,0,1,A,-,08,22107,,N,F,A,A,A,H,-,A,D,0,,,,,Y,,A,07,0,0,0,0,0,0,0,0,0,"- ","- ",36.789769999999997,-120.40927000000001,FRESNO,UNINCORPORATED,-120.40928581999999,36.78975647
90090322,2015,2016-01-07,9435,2015-12-05,1205,013112,,6,1,9,1000,0,3,5,,2,040,"CLOVIS AVE","NEBRASKA AVE",0.00,,Y,A,-,N,,,,,,,,,,Y,2,0,3,2,A,-,12,22450,A,N,D,C,A,A,H,-,A,A,0,,,,,Y,,A,01,1,1,1,0,0,0,0,0,0,"- ","- ",36.561540000000001,-119.70101,FRESNO,UNINCORPORATED,-119.70053,36.561660080000003
90104268,2015,2016-01-28,9435,2015-12-22,1520,016507,,2,2,9,1000,0,1,3,,2,184,"STATE ROUTE 180 (KINGS CANYON ROAD)","COVE AVE",528.00,E,N,B,-,Y,,,,,,,,,,Y,1,1,0,1,A,-,08,22107,,N,E,I,A,A,H,-,A,D,0,,,,,Y,,A,01,0,0,0,0,0,0,0,0,0,"- ","- ",36.4255,-119.2046,FRESNO,UNINCORPORATED,-119.34724074,36.71528009
90104411,2016,2016-01-28,9495,2016-01-10,0300,020418,,7,3,9,1000,0,1,1,,2,001,"INTERSTATE 5 SOUTHBOUND","KAMM AVENUE",4224.00,S,N,B,-,Y,,,5,,,,,,S,Y,2,0,1,1,A,-,08,22107,,N,E,J,A,A,H,-,D,D,0,,,,,Y,,A,01,1,0,0,0,0,0,0,0,0,"- ","- ",36.52214,-120.4769,FRESNO,UNINCORPORATED,-120.47688058999999,36.522165559999998
90106223,2015,2016-02-01,9435,2015-12-26,0030,020060,,6,3,9,1000,0,3,5,,2,015,"MUSCAT AVE","VALENTINE AVE",300.00,W,N,A,-,N,,,,,,,,,,Y,2,0,1,1,A,-,01,23152,A,N,E,I,A,A,H,-,D,D,0,,,,,Y,Y,A,01,1,0,0,0,0,0,0,0,0,"- ","- ",36.684820000000002,-119.85345,FRESNO,UNINCORPORATED,-119.85443246,36.684793970000001
9010655,2019,2020-02-19,1001,2019-11-25,1915,5687,,1,5,5,1001,0,0,0,,0,004,"SHAW AV","PEACH AV",25.00,W,N,A,-,N,,,,,,,,,,N,2,0,1,2,A,-,11,21456,B,N,G,B,B,A,H,-,C,A,0,Y,,,,Y,,N,60,1,0,0,0,1,0,0,0,0,"- ","- ",36.808540344238281,-119.71820068359375,FRESNO,CLOVIS,-119.71828460693359,36.808551788330078
90107766,2016,2016-02-02,9435,2016-01-26,1555,019926,,2,2,9,1000,0,1,3,,1,180,"SR-180 (WHITESBRIDGE AVE)","DICKENSON AVE",3168.00,W,N,A,-,Y,,,180,,,,,,,Y,2,0,1,1,A,-,06,21755,,F,F,A,A,A,H,-,A,D,0,,,,,Y,,A,01,1,0,0,0,0,0,0,0,0,"- ","- ",36.735010000000003,-119.9791,FRESNO,UNINCORPORATED,-119.97909996,36.734995069999997
90111892,2016,2016-02-09,9435,2016-01-05,2025,020082,,2,2,9,1000,0,3,5,,2,034,"ACADEMY AVE","ADAMS AVE",0.00,,Y,B,C,N,,,,,,,,,,Y,2,0,1,2,A,-,12,22450,A,N,D,C,A,B,H,-,D,A,0,,,,,Y,,A,07,1,0,0,0,0,0,0,0,0,"- ","- ",36.634309999999999,-119.55656,FRESNO,UNINCORPORATED,-119.55674992,36.63413001
90115134,2016,2016-02-15,9435,2016-01-29,1323,014479,,5,1,9,1000,0,1,3,,1,169,"SR-168 (HUNTINGTON LAKE ROAD)","SHAVER MARINA LAUNCHING RAMP",2640.00,W,N,A,-,Y,,,168,,,,,,,Y,2,0,3,1,A,-,08,22107,,N,E,I,A,A,H,-,A,D,0,,,,,Y,,A,07,1,2,0,0,0,0,0,0,0,"- ","- ",37.148260000000001,-119.3015,FRESNO,UNINCORPORATED,-119.30160913,37.148254780000002
90136125,2016,2016-04-22,9435,2016-02-01,1703,015181,,1,2,9,1000,0,3,5,,2,020,"MOUNTAIN VIEW AVE","WALNUT AVENUE",905.00,W,N,A,-,N,,,,,,,,,,Y,1,1,1,3,A,-,05,21650,,N,A,C,A,A,H,-,A,D,0,,,,,Y,,A,01,1,0,0,0,0,0,0,0,0,"- ","- ",36.547260000000001,-119.81188,FRESNO,UNINCORPORATED,-119.81189891,36.547250099999999
90164547,2016,2016-04-25,9435,2016-03-28,0640,013112,,1,1,9,1000,0,3,5,,2,020,"MANNING AVE","NAPA AVE",371.00,E,N,A,-,N,,,,,,,,,,Y,2,0,2,2,A,-,03,22350,,N,C,C,A,A,H,-,B,D,0,,,,,Y,,D,22,1,0,1,0,0,0,0,0,0,"- ","- ",36.602429999999998,-120.22418,FRESNO,UNINCORPORATED,-120.22404667000001,36.602490250000002
90172347,2016,2016-07-18,9435,2016-04-22,2000,019327,,5,2,9,1000,0,1,3,,1,411,"SR-41 N/B","ADAMS AVE",20.00,S,N,B,-,Y,,,41,,,,,,N,Y,2,0,4,3,A,-,01,23152,A,N,C,C,A,A,H,-,C,A,0,,,,,Y,Y,A,01,1,1,2,0,0,0,0,0,0,"- ","- ",36.636229999999998,-119.78579000000001,FRESNO,UNINCORPORATED,-119.78582488000001,36.636230050000002
90172733,2016,2016-05-04,9435,2016-04-29,1035,017088,,5,1,9,1000,0,1,3,,1,630,"SR-63 (HILLS VALLEY RD.)","AMERICAN AVE",0.00,,Y,A,-,Y,,,63,,,,,,,Y,2,0,3,2,A,-,09,21801,A,N,A,C,A,A,H,-,A,D,0,,,,,Y,,D,22,1,1,1,0,0,0,0,0,0,"- ","- ",36.660890000000002,-119.30474,FRESNO,UNINCORPORATED,-119.30467364,36.660891110000001
90177782,2016,2016-05-12,9435,2016-03-12,1814,018920,,6,2,9,1000,0,1,3,,1,183,"SR-180 E/B","DE WOLF AVE",1003.00,W,N,B,-,Y,,,180,,,,,,E,Y,1,1,0,1,A,-,01,23152,F,N,F,A,A,A,H,-,B,D,0,,,,,Y,Y,A,07,0,0,0,0,0,0,0,0,0,"- ","- ",36.736460000000001,-119.65036000000001,FRESNO,UNINCORPORATED,-119.65036000000001,36.736934830000003
90183625,2016,2016-05-20,9435,2016-05-10,1640,019263,,2,2,9,1000,0,3,5,,2,050,"JOSE BASIN RD","AUBERRY MISSION RD",5280.00,N,N,A,-,N,,,,,,,,,,Y,2,0,1,1,A,-,08,22107,,N,F,A,A,A,H,-,A,D,0,,,,,Y,,D,22,1,0,0,0,0,0,0,0,0,"- ","- ",37.097490000000001,-119.45941999999999,FRESNO,UNINCORPORATED,-119.47242,37.089480000000002
90187534,2016,2016-05-25,9495,2016-05-17,1530,018253,,2,2,9,1000,0,1,1,,2,002,"INTERSTATE 5 NORTHBOUND","JEFFREY AVENUE",4224.00,N,N,A,-,Y,,,5,,,,,,N,Y,2,0,2,2,A,-,07,21658,A,N,H,C,A,A,H,-,A,D,0,,,,,Y,,-,99,1,1,0,0,0,0,0,0,0,"- ","- ",36.380090000000003,-120.34405,FRESNO,UNINCORPORATED,-120.34410267,36.380043200000003
90187690,2016,2016-05-26,9435,2016-05-14,1620,019263,,6,2,9,1000,0,3,5,,2,025,"WATTS VALLEY RD","PITTMAN HILL RD",10560.00,S,N,A,-,N,,,,,,,,,,Y,2,0,1,1,A,-,08,22107,,N,F,A,A,A,H,-,A,D,0,,,Y,,Y,,C,02,1,0,0,0,0,0,0,0,1,"- ","- ",36.865639999999999,-119.46523000000001,FRESNO,UNINCORPORATED,-119.46506835,36.866395359999999
90196274,2016,2016-06-07,9435,2016-05-26,1107,018920,,4,1,9,1000,0,3,5,,2,034,"JENSEN AVE","MCCALL AVENUE",0.00,,Y,A,-,N,,,,,,,,,,Y,2,0,1,3,A,-,12,21453,A,N,D,C,A,A,H,-,A,A,0,,,,,Y,,D,22,1,0,0,0,0,0,0,0,0,"- ","- ",36.706389999999999,-119.61033,FRESNO,UNINCORPORATED,-119.61022993,36.706610009999999
90211207,2016,2016-06-28,9435,2016-06-17,0408,020078,,5,3,9,1000,0,1,3,,2,106,"SR-99 N/B","AMERICAN AVE",2000.00,N,N,A,-,Y,,,99,,,,,,N,Y,2,0,1,2,A,-,01,23152,A,N,C,C,A,A,H,-,D,D,0,,,,,Y,Y,D,22,1,0,0,0,0,0,0,0,0,"- ","- ",36.668329999999997,-119.72982,FRESNO,UNINCORPORATED,-119.72986606000001,36.668278569999998
90212982,2016,2016-06-30,9435,2016-06-23,1057,015095,,4,1,9,1000,0,3,5,,2,034,"JENSEN AVENUE","PEACH AVENUE",0.00,,Y,A,-,N,,,,,,,,,,Y,2,0,1,2,A,-,09,21800,D,N,D,C,A,A,H,-,A,B,0,,,,Y,Y,,G,25,1,0,0,0,0,0,0,0,0,"- ","- ",36.70731,-119.71783000000001,FRESNO,UNINCORPORATED,-119.71844996999999,36.707780059999997
90219661,2016,2016-07-11,9435,2016-06-24,0422,019323,,5,3,9,1000,0,3,5,,2,034,"DEWOLF AVE","BUTLER AVE",3696.00,S,N,A,-,N,,,,,,,,,,Y,2,0,1,1,C,-,18,,,N,E,H,A,A,H,-,D,D,0,,,Y,,Y,,-,"- ",1,0,0,0,0,0,0,0,1,"- ","- ",36.7194,-119.64601999999999,FRESNO,UNINCORPORATED,-119.64597123,36.719305720000001
90222426,2016,2016-07-14,9435,2016-06-01,1934,015181,,3,2,9,1000,0,3,5,,2,020,"MCMULLIN GRADE","MANNING AVENUE",4224.00,S,N,A,-,N,,,,,,,,,,Y,1,1,0,1,A,-,08,22107,,N,F,A,A,A,H,-,A,D,0,,,,,Y,,A,01,0,0,0,0,0,0,0,0,0,"- ","- ",36.595050000000001,-120.05428999999999,FRESNO,UNINCORPORATED,-120.05343929,36.59565336
90230834,2016,2016-07-26,9435,2016-07-10,2005,019932,,7,2,9,1000,0,3,5,,2,040,"ACADEMY AVE","ROSE AVE",0.00,,Y,A,-,N,,,,,,,,,,Y,2,0,2,2,A,-,12,22450,A,N,D,C,A,A,H,-,A,A,0,,,,Y,Y,,G,25,2,0,0,0,0,0,0,0,0,"- ","- ",36.568689999999997,-119.55678,FRESNO,UNINCORPORATED,-119.55679993,36.568700010000001
90240984,2016,2016-08-09,9435,2016-07-10,0918,019980,,7,1,9,1000,0,3,5,,2,010,"BULLARD AVE","VAN NESS BLVD",0.00,,Y,A,-,N,,,,,,,,,,Y,1,1,3,2,A,-,12,21453,A,N,D,C,A,A,H,-,A,A,0,,,,,Y,,A,01,0,2,1,0,0,0,0,0,0,"- ","- ",36.822749999999999,-119.83541,FRESNO,UNINCORPORATED,-119.83537993,36.822740019999998
90251346,2016,2016-08-24,9435,2016-08-15,1055,018574,,1,1,9,1000,0,1,3,,1,180,"SR-180 E/B","BRAWLEY AVE",0.00,,Y,A,-,Y,,,180,,,,,,E,Y,2,0,1,2,A,-,12,21453,A,N,D,C,A,A,H,-,A,A,0,,,,Y,Y,,A,01,1,0,0,0,0,0,0,0,0,"- ","- ",36.735520000000001,-119.86212999999999,FRESNO,UNINCORPORATED,-119.86212972,36.735498110000002
90254494,2016,2016-09-09,9435,2016-08-19,1724,019962,,5,2,2,1004,0,1,3,,2,106,"STATE ROUTE 99","ADAMS AVENUE",207.00,S,N,A,-,Y,,,99,,,,,,,Y,2,0,4,3,A,-,08,22107,,N,C,C,E,A,H,-,A,D,0,Y,,,,Y,,D,22,2,0,2,0,1,0,0,0,0,"- ","- ",36.63382,-119.69202,FRESNO,FOWLER,-119.69208046,36.633754140000001
90255291,2016,2016-08-29,9435,2016-08-21,1830,019962,,7,2,9,1000,0,3,5,,2,015,"CALIFORNIA AVENUE","ROLINDA AVENUE",800.00,E,N,A,-,N,,,,,,,,,,Y,2,0,1,1,A,-,01,23152,A,N,E,I,A,A,H,-,A,D,0,,,,,Y,Y,A,07,1,0,0,0,0,0,0,0,0,"- ","- ",36.720469999999999,-119.95954999999999,FRESNO,UNINCORPORATED,-119.95827205000001,36.720541099999998
90255844,2016,2016-08-29,9435,2016-08-21,1800,019263,,7,2,9,1000,0,1,3,,1,169,"SR-168 (MORGAN CANYON ROAD)","COUNTRY OAK LN",528.00,W,N,A,-,Y,,,168,,,,,,,Y,2,0,4,1,A,-,03,22350,,N,E,I,A,A,D,-,A,D,0,,,,,Y,Y,A,01,2,2,0,0,0,0,0,0,0,"- ","- ",37.027880000000003,-119.52288,FRESNO,UNINCORPORATED,-119.52289059,37.027888730000001
90264530,2016,2017-10-10,9435,2016-09-05,0955,016570,,1,1,9,1000,0,3,5,,2,034,"ADAMS AVE","ACADEMY AVE",27.00,E,N,A,-,N,,,,,,,,,,Y,1,1,3,2,A,-,01,23152,A,N,C,C,A,A,H,-,A,A,0,,,,,Y,Y,D,22,0,2,1,0,0,0,0,0,0,"- ","- ",36.634160000000001,-119.55647999999999,FRESNO,UNINCORPORATED,-119.55665805,36.634129999999999
90265607,2016,2016-09-12,9461,2016-08-08,0920,018670,,1,1,9,1000,0,1,1,,2,305,"I-5 S/B","CALIFORNIA AVE",618.00,S,N,A,-,Y,,,5,,,,,,S,Y,1,2,3,1,A,-,08,22107,,N,F,A,A,A,H,-,A,D,0,,,,,Y,,A,07,1,0,2,0,0,0,0,0,0,"- ","- ",36.719200000000001,-120.68416999999999,FRESNO,UNINCORPORATED,-120.68411112,36.719239100000003