CASE_ID,ACCIDENT_YEAR,PROC_DATE,JURIS,COLLISION_DATE,COLLISION_TIME,OFFICER_ID,REPORTING_DISTRICT,DAY_OF_WEEK,CHP_SHIFT,POPULATION,CNTY_CITY_LOC,SPECIAL_COND,BEAT_TYPE,CHP_BEAT_TYPE,CITY_DIVISION_LAPD,CHP_BEAT_CLASS,BEAT_NUMBER,PRIMARY_RD,SECONDARY_RD,DISTANCE,DIRECTION,INTERSECTION,WEATHER_1,WEATHER_2,STATE_HWY_IND,CALTRANS_COUNTY,CALTRANS_DISTRICT,STATE_ROUTE,ROUTE_SUFFIX,POSTMILE_PREFIX,POSTMILE,LOCATION_TYPE,RAMP_INTERSECTION,SIDE_OF_HWY,TOW_AWAY,COLLISION_SEVERITY,NUMBER_KILLED,NUMBER_INJURED,PARTY_COUNT,PRIMARY_COLL_FACTOR,PCF_CODE_OF_VIOL,PCF_VIOL_CATEGORY,PCF_VIOLATION,PCF_VIOL_SUBSECTION,HIT_AND_RUN,TYPE_OF_COLLISION,MVIW,PED_ACTION,ROAD_SURFACE,ROAD_COND_1,ROAD_COND_2,LIGHTING,CONTROL_DEVICE,CHP_ROAD_TYPE,PEDESTRIAN_ACCIDENT,BICYCLE_ACCIDENT,MOTORCYCLE_ACCIDENT,TRUCK_ACCIDENT,NOT_PRIVATE_PROPERTY,ALCOHOL_INVOLVED,STWD_VEHTYPE_AT_FAULT,CHP_VEHTYPE_AT_FAULT,COUNT_SEVERE_INJ,COUNT_VISIBLE_INJ,COUNT_COMPLAINT_PAIN,COUNT_PED_KILLED,COUNT_PED_INJURED,COUNT_BICYCLIST_KILLED,COUNT_BICYCLIST_INJURED,COUNT_MC_KILLED,COUNT_MC_INJURED,PRIMARY_RAMP,SECONDARY_RAMP,LATITUDE,LONGITUDE,COUNTY,CITY,POINT_X,POINT_Y
90272927,2016,2017-03-23,9435,2016-08-28,2036,016507,,7,2,9,1000,0,3,5,,2,060,"HILLS VALLEY RD","DINUBA AVE",1056.00,S,N,A,-,N,,,,,,,,,,Y,1,1,0,1,A,-,08,22107,,N,E,I,A,A,H,-,D,D,0,,,,,Y,,D,22,0,0,0,0,0,0,0,0,0,"- ","- ",36.58475,-119.30506,FRESNO,UNINCORPORATED,-119.30502799,36.585292330000001
90277764,2016,2016-09-28,9435,2016-09-18,0145,020062,,7,3,9,1000,0,3,5,,2,015,"VALENTINE AVE","SUMNER AVE",900.00,S,N,A,-,N,,,,,,,,,,Y,2,0,4,1,A,-,01,23152,A,F,E,I,A,A,H,-,C,D,0,,,,,Y,Y,A,01,2,2,0,0,0,0,0,0,0,"- ","- ",36.624400000000001,-119.85377,FRESNO,UNINCORPORATED,-119.85368744,36.624319460000002
90282089,2016,2016-10-03,9495,2016-09-24,2245,020250,,6,3,9,1000,0,1,1,,2,002,"INTERSTATE 5 (SOUTHBOUND)","JEFFREY AVE.",264.00,S,N,A,-,Y,,,5,,,,,,,Y,2,0,2,1,A,-,08,22107,,N,F,A,A,A,H,-,D,D,0,,,,,Y,,A,01,1,0,1,0,0,0,0,0,0,"- ","- ",36.363759999999999,-120.32984999999999,FRESNO,UNINCORPORATED,-120.32993838,36.363681059999998
90286071,2016,2016-10-06,9495,2016-09-26,0530,019111,,1,3,9,1000,0,1,1,,2,001,"INTERSTATE 5 (S/B)","KAMM AVENUE",7392.00,S,N,A,-,Y,,,5,,,,,,,Y,2,0,2,1,A,-,08,22107,,N,F,A,A,A,H,-,D,D,0,,,,,Y,,A,07,1,1,0,0,0,0,0,0,0,"- ","- ",36.5075,-120.4607,FRESNO,UNINCORPORATED,-120.46072469000001,36.50747492
90289891,2016,2017-03-23,9435,2016-09-17,1118,015095,,6,1,9,1000,0,3,5,,2,040,"MOUNTAIN VIEW AVENUE","ZEDIKER AVENUE",278.00,W,N,B,-,N,,,,,,,,,,N,1,1,1,3,A,-,03,22350,,F,F,A,A,A,D,-,A,D,0,,,Y,,Y,,C,02,1,0,0,0,0,0,0,1,1,"- ","- ",36.546729999999997,-119.52217,FRESNO,UNINCORPORATED,-119.52224554999999,36.546798520000003
90294365,2016,2016-10-26,9435,2016-09-30,2054,020060,,5,2,9,1000,0,3,5,,2,034,"ZEDIKER AVE","ADAMS AVE",2000.00,S,N,A,-,N,,,,,,,,,,Y,2,0,1,2,A,-,11,21954,A,F,G,B,E,A,H,-,D,D,0,Y,,,,Y,Y,N,60,1,0,0,0,1,0,0,0,0,"- ","- ",36.625880000000002,-119.52076,FRESNO,UNINCORPORATED,-119.52077427,36.628251130000002
90301279,2016,2016-10-26,9435,2016-09-14,1950,020273,,3,2,9,1000,0,3,5,,2,040,"MOUNTAIN VIEW AVE","CORNELIA AVE",0.00,,Y,A,-,N,,,,,,,,,,Y,1,1,1,2,A,-,12,22450,A,N,D,C,A,A,H,-,D,A,0,,,,,Y,,A,01,0,0,1,0,0,0,0,0,0,"- ","- ",36.455109999999998,-119.49759,FRESNO,UNINCORPORATED,-119.88113993,36.547020009999997
90302674,2016,2016-10-27,9435,2016-10-18,1658,018920,,2,2,9,1000,0,3,5,,2,034,"INDIANOLA AVE","JENSEN AVENUE WESTBOUND",0.00,,Y,A,-,N,,,,,,,,,,Y,2,0,1,2,A,-,09,21802,A,N,D,C,A,A,H,-,A,A,0,,,,,Y,,A,01,1,0,0,0,0,0,0,0,0,"- ","- ",36.70682,-119.58320999999999,FRESNO,UNINCORPORATED,-119.58318,36.706820069999999
9030292,2019,2020-07-15,1002,2019-09-03,1609,E0879,,2,5,3,1002,0,0,0,,0,,"EAST ELM AV","5TH ST",0.00,,Y,A,-,Y,FRE,6,180,-,-,15.707,I,5,E,N,2,0,1,2,A,-,10,21950,A,N,G,B,B,A,H,-,A,D,0,Y,,,,Y,,A,01,1,0,0,0,1,0,0,0,0,"- ","- ",36.139720916748047,-120.36029052734375,FRESNO,COALINGA,,
90318971,2016,2016-11-14,9435,2016-11-02,1230,015468,,3,1,9,1000,0,3,5,,2,010,"BULLARD AVE","VAN NESS BLVD",30.00,E,N,A,-,N,,,,,,,,,,Y,2,0,4,4,A,-,03,22350,,N,C,C,A,A,H,-,A,A,0,,,,,Y,,A,01,1,0,3,0,0,0,0,0,0,"- ","- ",36.822760000000002,-119.83537,FRESNO,UNINCORPORATED,-119.83527757,36.822740420000002
90328276,2016,2016-11-23,9435,2016-11-16,2342,015890,,3,3,7,1005,0,1,3,,2,182,"SR-180 W/B FROM CLOVIS AVE S/B",SR-180,209.00,N,N,A,-,Y,,,180,,,,R,,W,Y,2,0,1,1,A,-,01,23152,A,N,F,A,A,A,H,-,D,D,0,,,Y,,Y,Y,C,02,1,0,0,0,0,0,0,0,1,"- ","- ",36.753529999999998,-119.70079,FRESNO,FRESNO,-119.70079,36.753529999999998
90331558,2016,2016-11-29,9435,2016-11-20,1505,020490,,7,2,9,1000,0,3,5,,2,015,"ELM AVE","CENTRAL AVE",2000.00,S,N,C,-,Y,,,,,,,,,,Y,2,0,1,2,A,-,03,22350,,N,C,C,A,B,H,-,A,D,0,,,,,Y,,D,22,1,0,0,0,0,0,0,0,0,"- ","- ",36.673430000000003,-119.79076999999999,FRESNO,UNINCORPORATED,-119.79077340000001,36.672450069999996
90336329,2016,2016-12-05,9435,2016-11-16,2317,018860,,3,3,9,1000,0,3,5,,2,025,"FRIANT RD","PARKER AVE",34.00,S,N,A,-,N,,,,,,,,,,N,1,1,0,2,A,-,11,21956,A,N,G,B,E,A,H,-,C,D,0,Y,,,,Y,,N,60,0,0,0,1,0,0,0,0,0,"- ","- ",36.987310000000001,-119.71326999999999,FRESNO,UNINCORPORATED,-119.71317813,36.987189170000001
90338282,2016,2017-01-04,9435,2016-11-27,0250,019523,,7,3,7,1005,0,1,3,,2,106,"SR-99 S/B TO JENSEN AVE.","JENSEN AVE",800.00,N,N,C,-,Y,,,99,,,,R,,S,Y,2,0,3,1,A,-,01,23152,A,N,E,I,A,B,H,-,D,D,0,,,,,Y,Y,A,01,2,1,0,0,0,0,0,0,0,"- ","- ",36.70834,-119.77619,FRESNO,FRESNO,-119.77619,36.70834
90362172,2016,2017-02-27,9435,2016-12-27,1039,016833,,2,1,9,1000,0,1,3,,1,411,SR-41,"MT WHITNEY AVE",0.00,,Y,A,-,Y,,,41,,,,,,,Y,2,0,1,2,A,-,12,21453,A,N,D,C,A,A,H,-,A,A,0,,,,Y,Y,,A,01,1,0,0,0,0,0,0,0,0,"- ","- ",36.431060000000002,-119.80101000000001,FRESNO,UNINCORPORATED,-119.80116816,36.43109269
90365882,2016,2017-01-31,9435,2016-11-18,1827,020429,,5,2,9,1000,0,3,5,,2,020,"ADAMS AVENUE","WALNUT AVENUE",0.00,,Y,A,-,N,,,,,,,,,,Y,1,1,1,2,A,-,01,23152,A,N,D,C,A,A,H,-,D,A,0,,,,,Y,Y,D,22,1,0,0,0,0,0,0,0,0,"- ","- ",36.634180000000001,-119.80886,FRESNO,UNINCORPORATED,-119.80880993,36.63417003
90369871,2016,2017-01-16,9461,2016-12-27,1249,018586,,2,1,9,1000,0,1,1,,2,305,"I-5 S/B","SHIELDS AVE",3011.00,S,N,A,-,Y,,,5,,,,,,S,Y,1,1,1,4,A,-,03,22350,,N,C,C,A,A,H,-,A,D,0,,,,,Y,,A,01,1,0,0,0,0,0,0,0,0,"- ","- ",36.770679999999999,-120.71919,FRESNO,UNINCORPORATED,-120.71934138,36.770575950000001
90370965,2016,2017-01-17,9435,2016-11-08,1904,015181,,2,2,9,1000,0,3,5,,2,040,"SAGINAW AVENUE","DE WOLF AVENUE",1584.00,W,N,A,-,N,,,,,,,,,,Y,1,1,0,1,A,-,01,23152,A,N,E,J,A,A,H,-,D,D,0,,,,,Y,Y,A,01,0,0,0,0,0,0,0,0,0,"- ","- ",36.554279999999999,-119.65300999999999,FRESNO,UNINCORPORATED,-119.65214890999999,36.554313290000003
90383659,2016,2017-02-07,9495,2016-12-16,0510,20716,,5,3,9,1000,0,1,1,,2,002,"INTERSTATE 5 NORTHBOUND (WEST SIDE FWY)","TUOLUMNE AVENUE",7920.00,N,N,A,G,Y,,,5,,,,,,N,Y,1,1,1,1,A,-,08,22107,,N,F,A,A,B,H,-,D,D,0,,,,,Y,,A,01,0,1,0,0,0,0,0,0,0,"- ","- ",36.349150000000002,-120.31643,FRESNO,UNINCORPORATED,-120.31646639,36.349117489999998
90390428,2017,2017-02-10,9435,2017-02-03,0430,020078,,5,3,7,1005,0,1,3,,2,105,"SR-99 S/B","OLIVE AVE",110.00,N,N,A,-,Y,,,99,,,,,,S,Y,2,0,2,2,C,-,18,,,N,D,C,A,A,H,-,C,D,0,,,,,Y,,-,"- ",1,0,1,0,0,0,0,0,0,"- ","- ",36.757629999999999,-119.83007000000001,FRESNO,FRESNO,-119.82998756000001,36.757684439999998
90420336,2017,2017-03-24,9435,2017-03-23,1440,020060,,4,2,9,1000,0,3,5,,2,040,"MENDOCINO AVE","DINUBA AVE",7.00,N,N,A,-,N,,,,,,,,,,Y,2,0,1,2,A,-,03,22350,,N,B,C,A,A,H,-,A,D,0,,,Y,,Y,,C,02,1,0,0,0,0,0,0,0,1,"- ","- ",36.590420000000002,-119.54801,FRESNO,UNINCORPORATED,-119.54799,36.590429210000003
90445343,2017,2017-06-16,9435,2017-04-10,0215,020064,,1,3,9,1000,0,1,3,,2,106,"SR-99 N/B TO CLOVIS AVENUE","CLAYTON AVENUE",458.00,S,N,B,-,Y,,,99,,,,R,,N,Y,2,0,1,1,A,-,08,22107,,N,E,I,A,A,H,-,D,D,0,,,,,Y,,A,01,1,0,0,0,0,0,0,0,0,"- ","- ",36.640970000000003,-119.69935,FRESNO,UNINCORPORATED,-119.69935,36.640970000000003
90452600,2017,2018-01-12,9435,2017-04-16,2115,020193,,7,2,9,1000,0,3,5,,2,015,"MANNING AVENUE","CONTRA COSTA ROAD",815.00,E,N,C,-,N,,,,,,,,,,Y,1,2,0,2,A,-,01,23152,A,N,A,C,A,B,H,-,D,D,0,,,,,Y,Y,A,01,0,0,0,0,0,0,0,0,0,"- ","- ",36.602620000000002,-120.25064999999999,FRESNO,UNINCORPORATED,-120.25208459,36.602578039999997
90468835,2017,2017-06-01,9435,2017-05-23,1700,020481,,2,2,9,1000,0,3,5,,2,030,"CLOVIS AVENUE NORTHBOUND","GOLDEN STATE FRONTAGE RD",47.00,S,N,A,-,N,,,,,,,,,,Y,2,0,1,1,A,-,03,22350,,N,F,A,A,A,H,-,A,D,0,,,Y,,Y,,C,02,1,0,0,0,0,0,0,0,1,"- ","- ",36.644309999999997,-119.69994,FRESNO,UNINCORPORATED,-119.70008065,36.646370990000001
90471087,2017,2017-07-14,9461,2017-06-02,1910,019637,,5,2,9,1000,0,1,3,,1,680,"SR-180 (WHITESBRIDGE AVE)","SOUTH SAN BENITO AVE",116.00,E,N,A,-,Y,,,180,,,,,,,Y,2,0,4,2,A,-,01,23152,A,N,A,C,A,A,H,-,A,D,0,,,,,Y,Y,A,01,2,2,0,0,0,0,0,0,0,"- ","- ",36.732280000000003,-120.36114000000001,FRESNO,UNINCORPORATED,-120.3611563,36.732260150000002
90492444,2017,2017-07-03,9435,2017-05-26,1035,014479,,5,1,7,1005,0,1,3,,2,105,"SR-99 N/B","FRESNO STREET",201.00,S,N,A,-,Y,,,99,,,,,,N,Y,1,2,1,1,A,-,08,22107,,N,E,I,A,A,H,-,A,D,0,,,,,Y,,A,01,1,0,0,0,0,0,0,0,0,"- ","- ",36.730820000000001,-119.79875,FRESNO,FRESNO,-119.79879096000001,36.730775219999998
90495268,2017,2017-07-06,9495,2017-05-20,1153,020021,,6,1,9,1000,0,1,1,,2,002,"INTERSTATE 5 NORTHBOUND",SR-145,11088.00,N,N,A,-,Y,,,5,,,,,,N,Y,1,1,1,1,A,-,08,22107,,N,E,I,A,A,H,-,A,D,0,,,,,Y,,A,08,0,1,0,0,0,0,0,0,0,"- ","- ",36.321530000000003,-120.29143000000001,FRESNO,UNINCORPORATED,-120.29138691999999,36.321570979999997
90504450,2017,2017-07-20,9435,2017-07-14,2200,020062,,5,3,9,1000,0,3,5,,2,040,"FOWLER AVE","ELKHORN AVE",300.00,S,N,A,-,N,,,,,,,,,,Y,2,0,1,1,A,-,01,23152,A,N,E,I,A,A,H,-,D,D,0,,,,,Y,Y,A,01,1,0,0,0,0,0,0,0,0,"- ","- ",36.488430000000001,-119.68989999999999,FRESNO,UNINCORPORATED,-119.68988863,36.48845687
90519384,2017,2017-08-09,9435,2017-07-30,0258,020060,,7,3,7,1005,0,1,3,,2,105,"SR-99 S/B","GOLDEN STATE BLVD",151.00,N,N,A,-,Y,,,,,,,,,,Y,2,0,2,2,A,-,08,22107,,N,D,C,A,A,H,-,C,D,0,,,,,Y,Y,D,22,2,0,0,0,0,0,0,0,0,"- ","- ",36.742699999999999,-119.19184,FRESNO,FRESNO,,
90527937,2017,2017-08-22,9435,2017-08-13,1855,015181,,7,2,9,1000,0,3,5,,2,040,"BETHEL AVENUE","ELKHORN AVENUE",0.00,,Y,A,-,N,,,,,,,,,,Y,2,0,1,1,A,-,03,22350,,N,E,J,A,A,H,-,A,A,0,,,,,Y,,A,01,1,0,0,0,0,0,0,0,0,"- ","- ",36.489019999999996,-119.58195000000001,FRESNO,UNINCORPORATED,-119.58189998,36.489000060000002
90542818,2017,2017-09-07,9435,2017-08-29,1440,019369,,2,2,9,1000,0,3,5,,2,010,"SHAW AVE","DICKENSON AVE",0.00,,Y,A,-,N,,,,,,,,,,Y,2,0,4,3,A,-,12,22450,A,N,D,C,A,A,H,-,A,A,0,,,,,Y,,A,01,1,1,2,0,0,0,0,0,0,"- ","- ",36.80771,-119.97033,FRESNO,UNINCORPORATED,-119.97033987,36.807740019999997
90542850,2017,2017-09-07,9435,2017-08-28,0613,015556,,1,1,9,1000,0,3,5,,2,020,"NEBRASKA AVE","MARKS AVE",0.00,,Y,A,-,N,,,,,,,,,,Y,2,0,2,2,A,-,12,22450,A,N,D,C,A,A,H,-,B,A,0,,,,,Y,,D,22,2,0,0,0,0,0,0,0,0,"- ","- ",36.56165,-119.84505,FRESNO,UNINCORPORATED,-119.84502989000001,36.561650110000002
90550902,2017,2017-09-19,9435,2017-09-09,1320,019263,,6,1,9,1000,0,3,5,,2,050,"POWER HOUSE RD","WISH I AH RD",5280.00,N,N,A,-,N,,,,,,,,,,Y,2,0,1,1,A,-,08,22107,,N,F,A,A,A,H,-,A,D,0,,,Y,,Y,,C,02,1,0,0,0,0,0,0,0,1,"- ","- ",37.119819999999997,-119.50870999999999,FRESNO,UNINCORPORATED,-119.50840749,37.11953458
90553281,2017,2017-09-21,9435,2017-09-08,1350,020854,,5,1,7,1005,0,1,3,,1,168,"SR-168 E/B TO BULLARD AVENUE","BULLARD AVENUE",207.00,W,N,A,-,Y,,,,,,,,,,Y,2,0,1,2,A,-,03,22350,,N,C,C,A,A,H,-,A,D,0,,,Y,,Y,,C,02,1,0,0,0,0,0,0,0,1,"- ","- ",36.822330000000001,-119.71607,FRESNO,FRESNO,-119.71738999999999,36.822940000000003
90557841,2017,2017-09-28,9435,2017-09-20,2127,015751,,3,2,9,1000,0,3,5,,2,025,"FRIANT RD S/B","PARKER AVE",62.00,S,N,A,-,N,,,,,,,,,,N,2,0,2,2,A,-,11,21956,A,N,G,B,D,A,H,-,D,D,0,Y,,,,Y,,N,60,1,1,0,0,1,0,0,0,0,"- ","- ",36.987110000000001,-119.71326000000001,FRESNO,UNINCORPORATED,-119.71322601,36.987122599999999
90587649,2017,2017-11-06,9461,2017-10-26,0200,019637,,4,3,9,1000,0,3,5,,2,050,"HUDSON AVE",SR-33,3696.00,N,N,A,-,N,,,,,,,,,,Y,2,0,1,1,A,-,08,22107,,N,F,A,A,A,H,-,D,D,0,,,,,Y,,A,01,1,0,0,0,0,0,0,0,0,"- ","- ",36.920780000000001,-120.54952,FRESNO,UNINCORPORATED,-120.54938256,36.922844050000002
90588409,2017,2018-09-28,9435,2017-09-03,2120,020122,,7,2,9,1000,0,3,5,,2,025,"COPPER AVENUE","MINNEWAWA AVENUE",2800.00,E,N,A,-,N,,,,,,,,,,Y,1,1,1,1,A,-,01,23152,G,N,E,I,A,A,H,-,D,D,0,,,,,Y,,A,01,0,1,0,0,0,0,0,0,0,"- ","- ",36.895760000000003,-119.70189999999999,FRESNO,UNINCORPORATED,-119.70161154,36.895653690000003
90588936,2017,2017-11-07,9435,2017-10-22,0140,019962,,7,3,9,1000,0,1,3,,1,411,"STATE ROUTE 41 NORTHBOUND","CENTRAL AVENUE",2112.00,N,N,A,-,Y,,,41,,,,,,N,Y,2,0,1,1,A,-,01,23152,A,N,F,A,A,A,H,-,D,D,0,,,,,Y,Y,D,22,1,0,0,0,0,0,0,0,0,"- ","- ",36.68497,-119.78632,FRESNO,UNINCORPORATED,-119.78574244000001,36.684971760000003
90592694,2017,2017-11-13,9461,2017-10-29,1438,021854,,7,2,9,1000,0,1,1,,2,305,"I-5 N/B","OXFORD O/C",6336.00,S,N,A,-,Y,,,5,,,,,,N,Y,2,0,2,1,A,-,08,22107,,N,F,A,A,A,H,-,A,D,0,,,,,Y,,A,07,2,0,0,0,0,0,0,0,0,"- ","- ",36.7453,-120.70146,FRESNO,UNINCORPORATED,-120.70154381,36.745242470000001
90597719,2017,2017-11-20,9435,2017-11-04,2310,019648,,6,3,7,1005,0,3,5,,2,030,"MINNEWAWA AVENUE","OLIVE AVENUE",10.00,S,N,A,-,N,,,,,,,,,,N,2,0,1,2,A,-,14,21201,D,F,G,G,A,A,H,-,D,D,0,,Y,,,Y,,L,04,1,0,0,0,0,0,1,0,0,"- ","- ",36.757379999999998,-119.70932999999999,FRESNO,FRESNO,-119.70925,36.757422550000001
90603553,2017,2017-11-28,9495,2017-11-22,1407,020434,,3,2,9,1000,0,1,3,,1,006,"STATE ROUTE 33 (SOUTH ALPINE AVENUE)","LOST HILLS RD",3168.00,N,N,A,-,Y,,,33,,,,,,,Y,2,0,3,2,A,-,08,22107,,N,F,A,A,A,H,-,A,A,0,,,,,Y,,A,07,1,1,1,0,0,0,0,0,0,"- ","- ",36.107570000000003,-120.27121,FRESNO,UNINCORPORATED,-120.27116509,36.107615719999998
90604593,2017,2017-11-29,9435,2017-09-15,1606,020592,,5,2,7,1005,0,1,3,,2,105,"SR-99 S/B","CLINTON AVENUE",3168.00,N,N,A,-,Y,,,99,,,,,,S,Y,1,1,2,3,A,-,03,22350,,N,C,C,A,A,D,-,A,D,0,,,Y,,Y,,C,02,0,0,2,0,0,0,0,1,0,"- ","- ",36.779089999999997,-119.84566,FRESNO,FRESNO,-119.84567795,36.779070679999997
90616602,2017,2017-12-13,9435,2017-12-10,1820,019548,,7,2,9,1000,0,3,5,,2,050,"HUNTINGTON LAKE RD","CAMP SIERRA RD",5808.00,N,N,A,-,N,,,,,,,,,,Y,2,0,1,1,A,-,01,23152,A,N,E,I,A,A,H,-,D,D,0,,,,,Y,Y,D,22,1,0,0,0,0,0,0,0,0,"- ","- ",37.197569999999999,-119.24497,FRESNO,UNINCORPORATED,-119.25070478000001,37.190010440000002
90621273,2017,2017-12-20,9435,2017-12-09,1355,020078,,6,1,9,1000,0,3,5,,2,015,"KEARNEY BLVD","HOWARD AVE",0.00,,Y,A,-,N,,,,,,,,,,Y,2,0,3,2,A,-,01,23152,A,N,D,C,A,A,H,-,A,A,0,,,,,Y,Y,D,22,2,1,0,0,0,0,0,0,0,"- ","- ",36.727679999999999,-120.02424000000001,FRESNO,UNINCORPORATED,-120.02424990999999,36.727680030000002
90622082,2017,2017-12-21,9435,2017-10-15,2500,016507,,7,4,9,1000,0,3,5,,2,060,"FRANKWOOD AVENUE","LILAC AVENUE",370.00,S,N,A,-,N,,,,,,,,,,N,1,1,0,2,A,-,14,21201,D,F,C,G,A,A,H,-,D,D,0,,Y,,,Y,,L,04,0,0,0,0,0,1,0,0,0,"- ","- ",36.578049999999998,-119.44878,FRESNO,UNINCORPORATED,-119.44880793,36.578154689999998
90633575,2017,2018-01-05,9435,2017-12-28,2213,020193,,4,3,9,1000,0,3,5,,2,034,"BELMONT AVENUE","HELM AVENUE",240.00,W,N,A,-,N,,,,,,,,,,Y,2,0,1,2,A,-,01,23152,A,N,G,E,A,A,H,-,C,A,0,,,,,Y,Y,A,01,1,0,0,0,0,0,0,0,0,"- ","- ",36.750329999999998,-119.72364,FRESNO,UNINCORPORATED,-119.7235886,36.750494269999997
90644418,2018,2018-01-22,9435,2018-01-12,1020,017310,,5,1,9,1000,0,3,5,,2,015,"MARKS AVE","JENSEN AVE",0.00,,Y,E,-,N,,,,,,,,,,Y,2,0,1,2,A,-,09,21802,A,N,D,C,A,A,H,-,A,A,0,,,,Y,Y,,G,27,1,0,0,0,0,0,0,0,0,"- ","- ",36.766010284423828,-119.84451293945312,FRESNO,UNINCORPORATED,-119.84449768066406,36.706630706787109
90665262,2018,2018-03-12,9435,2018-02-08,1853,018609,,4,2,9,1000,0,3,5,,2,025,"MILLERTON RD","WINCHELL COVE RD",3168.00,W,N,A,-,N,,,,,,,,,,Y,2,0,2,2,A,-,05,21460,A,N,B,C,A,A,H,-,D,D,0,,,,,Y,Y,A,01,2,0,0,0,0,0,0,0,0,"- ","- ",36.985851287841797,-119.67022705078125,FRESNO,UNINCORPORATED,-119.67008209228516,36.985816955566406
90673468,2017,2018-03-02,9435,2017-12-17,0215,020062,,7,3,9,1000,0,1,3,,2,105,"SR99 S/B","HERNDON AVE",6336.00,S,N,A,-,Y,,,,,,,,,,Y,2,0,1,3,A,-,03,22350,,F,C,C,A,A,H,-,D,D,0,,,,,Y,,A,01,1,0,0,0,0,0,0,0,0,"- ","- ",36.818629999999999,-119.90067000000001,FRESNO,UNINCORPORATED,-119.90228392,36.81998591
90676639,2018,2018-03-07,9435,2018-02-25,0245,020064,,7,3,9,1000,0,3,5,,2,040,"MENDOCINO AVENUE","MOUNTAIN VIEW AVENUE",2640.00,S,N,A,-,N,,,,,,,,,,Y,2,0,2,2,A,-,01,23152,G,N,E,I,F,A,H,-,D,D,0,Y,,,,Y,,A,01,1,1,0,0,1,0,0,0,0,"- ","- ",36.541629791259766,-119.54795837402344,FRESNO,UNINCORPORATED,-119.5479736328125,36.539592742919922
90691365,2018,2018-03-28,9435,2018-03-27,2210,020680,,2,3,9,1000,0,3,5,,2,025,"CLINTON AVE","BOND ST",0.00,,Y,A,-,N,,,,,,,,,,N,2,0,1,2,A,-,08,22107,,F,B,G,A,A,H,-,C,D,0,,Y,,,Y,,-,99,1,0,0,0,0,0,1,0,0,"- ","- ",36.772380828857422,-119.76785278320312,FRESNO,UNINCORPORATED,-119.76789093017578,36.772308349609375
90692709,2018,2018-03-29,9495,2018-03-23,1007,019205,,5,1,9,1000,0,1,1,,2,001,"INTERSTATE 5 FREEWAY (SOUTHBOUND)","PANOCHE JUNTION O/C",3168.00,N,N,A,-,Y,,,5,,,,,,,Y,2,0,1,2,A,-,03,22350,,N,C,C,A,A,H,-,A,D,0,,,,,Y,,A,07,1,0,0,0,0,0,0,0,0,"- ","- ",36.559089660644531,-120.52574920654297,FRESNO,UNINCORPORATED,-120.52573394775391,36.559108734130859
90705137,2018,2018-04-13,9435,2018-04-09,1505,020837,,1,2,9,1000,0,3,5,,2,040,"CEDAR AVENUE","SOUTH AVENUE",0.00,,Y,A,-,N,,,,,,,,,,Y,2,0,1,2,A,-,09,21802,A,N,D,C,A,A,H,-,A,A,0,,,,Y,Y,,F,26,1,0,0,0,0,0,0,0,0,"- ","- ",36.619651794433594,-119.75482940673828,FRESNO,UNINCORPORATED,-119.75482177734375,36.619838714599609
90709947,2018,2018-04-20,9495,2018-04-19,1024,019205,,4,1,9,1000,0,3,5,,2,053,"JAYNE AVENUE","SUTTER AVENUE",92.00,E,N,A,-,Y,,,,,,,,,,Y,2,0,2,2,A,-,03,22350,,N,C,C,A,A,H,-,A,D,0,,,,,Y,,A,01,1,1,0,0,0,0,0,0,0,"- ","- ",36.137569427490234,-120.19985198974609,FRESNO,UNINCORPORATED,-120.199951171875,36.137531280517578
90711687,2018,2018-04-24,9495,2018-04-14,2215,020332,,6,3,9,1000,0,3,5,,2,053,"PARKFIELD GRADE",SR-198,33264.00,S,N,A,-,N,,,,,,,,,,Y,2,0,1,1,A,-,08,22107,,N,E,I,A,A,H,-,D,D,0,,,,,Y,,A,01,1,0,0,0,0,0,0,0,0,"- ","- ",36.027050018310547,-120.47855377197266,FRESNO,UNINCORPORATED,-120.47655487060547,36.029186248779297
90712009,2018,2018-04-24,9435,2018-03-20,0619,017489,,2,1,9,1000,0,1,3,,1,147,SR-145,"KAMM AVENUE",150.00,N,N,A,-,Y,,,145,,,,,,,N,1,1,0,2,A,-,11,21954,A,N,H,B,D,A,H,-,D,D,0,Y,,,,Y,,N,60,0,0,0,1,0,0,0,0,0,"- ","- ",36.531940460205078,-120.09792327880859,FRESNO,UNINCORPORATED,-120.09793090820312,36.531940460205078
90713488,2018,2018-04-26,9435,2018-04-16,0724,013793,,1,1,7,1005,0,1,3,,1,168,"SR-168 W/B","MCKINLEY AVENUE",265.00,W,N,B,-,Y,,,168,,,,,,W,Y,2,0,2,3,A,-,03,22350,,N,C,C,A,A,H,-,A,D,0,,,,,Y,,A,01,1,0,1,0,0,0,0,0,0,"- ","- ",36.764110565185547,-119.74948883056641,FRESNO,FRESNO,-119.74945831298828,36.764110565185547
90720240,2018,2018-05-04,9435,2018-04-29,1207,015095,,7,1,9,1000,0,3,5,,2,010,"SHIELDS AVENUE","CORNELIA AVENUE",375.00,E,N,A,-,N,,,,,,,,,,N,2,0,1,1,A,-,03,22350,,N,E,I,A,A,H,-,A,D,0,,,Y,,Y,,C,02,1,0,0,0,0,0,0,0,1,"- ","- ",36.778240203857422,-119.87635040283203,FRESNO,UNINCORPORATED,-119.87902069091797,36.779037475585938