CASE_ID,ACCIDENT_YEAR,PROC_DATE,JURIS,COLLISION_DATE,COLLISION_TIME,OFFICER_ID,REPORTING_DISTRICT,DAY_OF_WEEK,CHP_SHIFT,POPULATION,CNTY_CITY_LOC,SPECIAL_COND,BEAT_TYPE,CHP_BEAT_TYPE,CITY_DIVISION_LAPD,CHP_BEAT_CLASS,BEAT_NUMBER,PRIMARY_RD,SECONDARY_RD,DISTANCE,DIRECTION,INTERSECTION,WEATHER_1,WEATHER_2,STATE_HWY_IND,CALTRANS_COUNTY,CALTRANS_DISTRICT,STATE_ROUTE,ROUTE_SUFFIX,POSTMILE_PREFIX,POSTMILE,LOCATION_TYPE,RAMP_INTERSECTION,SIDE_OF_HWY,TOW_AWAY,COLLISION_SEVERITY,NUMBER_KILLED,NUMBER_INJURED,PARTY_COUNT,PRIMARY_COLL_FACTOR,PCF_CODE_OF_VIOL,PCF_VIOL_CATEGORY,PCF_VIOLATION,PCF_VIOL_SUBSECTION,HIT_AND_RUN,TYPE_OF_COLLISION,MVIW,PED_ACTION,ROAD_SURFACE,ROAD_COND_1,ROAD_COND_2,LIGHTING,CONTROL_DEVICE,CHP_ROAD_TYPE,PEDESTRIAN_ACCIDENT,BICYCLE_ACCIDENT,MOTORCYCLE_ACCIDENT,TRUCK_ACCIDENT,NOT_PRIVATE_PROPERTY,ALCOHOL_INVOLVED,STWD_VEHTYPE_AT_FAULT,CHP_VEHTYPE_AT_FAULT,COUNT_SEVERE_INJ,COUNT_VISIBLE_INJ,COUNT_COMPLAINT_PAIN,COUNT_PED_KILLED,COUNT_PED_INJURED,COUNT_BICYCLIST_KILLED,COUNT_BICYCLIST_INJURED,COUNT_MC_KILLED,COUNT_MC_INJURED,PRIMARY_RAMP,SECONDARY_RAMP,LATITUDE,LONGITUDE,COUNTY,CITY,POINT_X,POINT_Y
90723191,2018,2018-11-27,9435,2018-03-27,1455,020540,,2,2,9,1000,0,3,5,,2,015,"SISKIYOU AVENUE","CHURCH AVENUE",0.00,,Y,A,-,N,,,,,,,,,,Y,1,1,1,2,A,-,09,21800,B,N,D,C,A,A,H,-,A,D,0,,,,,Y,,A,07,0,0,1,0,0,0,0,0,0,"- ","- ",36.712928771972656,-120.07859802246094,FRESNO,UNINCORPORATED,-120.07858276367188,36.712928771972656
90724249,2018,2018-05-11,9435,2018-05-01,1816,016860,,2,2,9,1000,0,3,5,,2,050,"AUBERRY ROAD","BLUE HERON LN",505.00,N,N,A,-,N,,,,,,,,,,Y,2,0,1,2,A,-,08,22107,,N,F,A,A,A,H,-,A,D,0,,,Y,,Y,Y,C,02,1,0,0,0,0,0,0,0,1,"- ","- ",37.046989440917969,-119.49861907958984,FRESNO,UNINCORPORATED,-119.49864196777344,37.046962738037109
90736613,2018,2018-05-29,9435,2018-05-17,0755,012846,,4,1,7,1005,0,3,5,,2,030,"DEL REY AVE","MCKINLEY AVE",0.00,,Y,A,-,N,,,,,,,,,,Y,2,0,2,2,A,-,09,21802,A,N,D,C,A,A,H,-,A,A,0,,,,,Y,,A,07,1,0,1,0,0,0,0,0,0,"- ","- ",36.764701843261719,-119.59181213378906,FRESNO,FRESNO,-119.59178924560547,36.764678955078125
90739001,2018,2018-06-01,9461,2018-05-26,1525,021854,,6,2,9,1000,0,3,5,,2,010,"DIRT ROAD ON DELTA MENDOTA","SULLIVAN RD",634.00,S,N,A,-,N,,,,,,,,,,N,2,0,1,1,B,-,22,,,N,H,A,A,A,H,-,A,D,0,,,Y,,Y,,C,06,1,0,0,0,0,0,0,0,1,"- ","- ",37.241958618164062,-121.07781982421875,FRESNO,UNINCORPORATED,-121.07798004150391,37.244495391845703
90740211,2018,2018-06-04,9435,2018-05-20,1330,017310,,7,1,9,1000,0,3,5,,2,034,"MOUNTAIN VIEW AVE","ACADEMY AVE",0.00,,Y,A,-,N,,,,,,,,,,Y,2,0,3,2,A,-,12,21453,A,N,D,C,A,A,H,-,A,A,0,,,,,Y,,A,01,2,1,0,0,0,0,0,0,0,"- ","- ",36.546878814697266,-119.55668640136719,FRESNO,UNINCORPORATED,-119.55661010742188,36.546871185302734
90750692,2018,2018-06-19,9461,2018-06-12,0015,020385,,2,3,9,1000,0,1,1,,2,305,"I-5 N/B","SHIELDS AVE",8078.00,N,N,A,-,Y,,,5,,,,,,N,Y,2,0,1,2,A,-,03,22350,,N,C,C,A,A,H,-,D,D,0,,,,Y,Y,,G,25,1,0,0,0,0,0,0,0,0,"- ","- ",36.796718597412109,-120.73684692382812,FRESNO,UNINCORPORATED,-120.73683929443359,36.796726226806641
90757878,2018,2018-06-28,9435,2018-06-23,1345,020871,,6,1,9,1000,0,3,5,,2,015,"CHERRY AVENUE","AMERICAN AVE",1056.00,S,N,A,-,N,,,,,,,,,,Y,2,0,1,2,A,-,05,21650,,F,B,C,A,A,H,-,A,D,0,,,,,Y,,A,01,1,0,0,0,0,0,0,0,0,"- ","- ",36.659450531005859,-119.78189849853516,FRESNO,UNINCORPORATED,-119.78178405761719,36.66046142578125
90765793,2018,2018-07-10,9435,2018-06-30,1530,019263,,6,2,9,1000,0,1,3,,1,169,SR-168,"BEAL FIRE ROAD",2640.00,E,N,A,-,Y,,,168,,,,,,,Y,2,0,1,1,A,-,08,22107,,N,F,A,A,A,H,-,A,D,0,,,,Y,Y,,F,55,1,0,0,0,0,0,0,0,0,"- ","- ",37.052158355712891,-119.39772796630859,FRESNO,UNINCORPORATED,-119.39778137207031,37.052413940429688
90767554,2018,2018-07-12,9435,2018-07-05,0730,018746,,4,1,9,1000,0,3,5,,2,034,"BETHEL AVE","MANNING AVE",0.00,,Y,A,-,N,,,,,,,,,,Y,2,0,1,2,A,-,09,21801,A,N,D,C,A,A,H,-,A,A,0,,,,,Y,,D,22,1,0,0,0,0,0,0,0,0,"- ","- ",36.605079650878906,-119.57485961914062,FRESNO,UNINCORPORATED,-119.57483673095703,36.605190277099609
90769689,2018,2018-07-19,9435,2018-07-10,1332,020122,,2,1,9,1000,0,3,5,,2,034,"NORTH AVE","CHESTNUT AVE",0.00,,Y,A,-,N,,,,,,,,,,Y,2,0,2,2,A,-,09,21801,A,N,A,C,A,A,H,-,A,A,0,,,,,Y,,A,07,1,0,1,0,0,0,0,0,0,"- ","- ",36.692478179931641,-119.73651123046875,FRESNO,UNINCORPORATED,-119.73660278320312,36.692459106445312
90769990,2018,2018-07-16,9495,2018-07-05,1722,020021,,4,2,9,1000,0,1,3,,1,006,"STATE ROUTE 33","SUTTER AVENUE",4224.00,N,N,A,-,N,,,,,,,,,,Y,2,0,4,1,A,-,08,22107,,N,F,A,A,A,H,-,A,D,0,,,,,Y,,D,22,2,1,1,0,0,0,0,0,0,"- ","- ",36.340568542480469,-120.30879211425781,FRESNO,UNINCORPORATED,-120.21049499511719,36.058967590332031
90771627,2018,2018-07-18,9435,2018-07-12,0530,019113,,4,3,9,1000,0,3,5,,2,015,"HENDERSON AVENUE","LINCOLN AVENUE",0.00,,Y,A,-,N,,,,,,,,,,Y,2,0,2,2,A,-,12,22450,A,N,D,C,A,A,H,-,B,A,0,,,,,Y,,D,22,1,1,0,0,0,0,0,0,0,"- ","- ",36.647930145263672,-119.95706176757812,FRESNO,UNINCORPORATED,-119.95702362060547,36.647899627685547
90773272,2018,2018-07-20,9495,2018-07-11,0018,020060,,3,3,9,1000,0,1,1,,2,001,"INTERSTATE 5 SOUTHBOUND","JEFFREY AVENUE",37.00,N,N,A,-,Y,,,5,,,,,,S,Y,2,0,3,1,A,-,08,22107,,N,E,I,A,A,H,-,D,D,0,,,,Y,Y,,F,26,3,0,0,0,0,0,0,0,0,"- ","- ",36.370529174804688,-120.33612823486328,FRESNO,UNINCORPORATED,-120.33609008789062,36.370567321777344
90777023,2018,2018-07-26,9435,2018-07-11,2130,019523,,3,2,7,1005,0,1,3,,1,411,"SR-41 S/B","SR-99 S/B",61.00,S,N,A,-,Y,,,41,,,,,,S,Y,2,0,1,1,A,-,01,23152,A,N,E,I,A,A,H,-,D,D,0,,,,,Y,Y,A,07,1,0,0,0,0,0,0,0,0,"- ","- ",36.716571807861328,-119.78456878662109,FRESNO,FRESNO,-119.78462982177734,36.716564178466797
90781866,2018,2018-08-01,9435,2018-07-21,1910,019610,,6,2,9,1000,0,3,5,,2,015,"CEDAR AVE","ADAMS AVE",550.00,N,N,A,-,N,,,,,,,,,,N,2,0,2,2,A,-,03,22350,,N,C,C,A,A,H,-,A,D,0,,,Y,,Y,,C,02,1,1,0,0,0,0,0,0,2,"- ","- ",36.636371612548828,-119.75482177734375,FRESNO,UNINCORPORATED,-119.75479125976562,36.635890960693359
90782400,2018,2018-08-01,9435,2018-07-20,1835,015890,,5,2,9,1000,0,3,5,,2,025,"MILLERTON ROAD","SKY HARBOUR RD",956.00,W,N,A,-,N,,,,,,,,,,N,2,0,1,2,A,-,08,22107,,N,C,G,A,A,H,-,A,D,0,,Y,,,Y,,D,22,1,0,0,0,0,0,1,0,0,"- ","- ",36.983829498291016,-119.64430999755859,FRESNO,UNINCORPORATED,-119.6441650390625,36.983848571777344
90793603,2018,2018-08-20,9435,2018-08-12,1525,018944,,7,2,9,1000,0,3,5,,2,010,"HERNDON AVE","ROLINDA AVE",3168.00,E,N,A,-,N,,,,,,,,,,N,2,0,1,1,A,-,08,22107,,N,F,A,A,A,H,-,A,D,0,,,Y,,Y,,C,02,1,0,0,0,0,0,0,0,1,"- ","- ",36.832149505615234,-119.95162200927734,FRESNO,UNINCORPORATED,-119.95107269287109,36.832080841064453
90797262,2018,2018-08-24,9435,2018-08-22,0843,015095,,3,1,7,1005,0,1,3,,2,410,"SR-41 NORTHBOUND","OLIVE AVENUE",75.00,S,N,A,-,Y,,,41,,,,,,N,Y,2,0,4,4,A,-,03,22350,,N,C,C,A,A,H,-,A,D,0,,,,,Y,,A,01,2,0,2,0,0,0,0,0,0,"- ","- ",36.757648468017578,-119.77549743652344,FRESNO,FRESNO,-119.77548980712891,36.757648468017578
90799370,2018,2018-08-27,9435,2018-08-12,0157,020481,,7,3,7,1005,0,1,3,,2,105,"STATE ROUTE 99 NORTHBOUND","MCKINLEY AVENUE",90.00,N,N,A,-,Y,,,99,,,,,,N,Y,2,0,1,2,C,-,18,,,N,D,C,A,A,G,-,D,D,0,,,,,Y,Y,-,"- ",1,0,0,0,0,0,0,0,0,"- ","- ",36.764759063720703,-119.83431243896484,FRESNO,FRESNO,-119.83414459228516,36.764862060546875
90803715,2018,2018-08-31,9435,2018-08-25,1715,019548,,6,2,9,1000,0,1,3,,1,169,"STATE ROUTE 168","LITTLEFIELD ROAD",1056.00,E,N,A,-,Y,,,168,,,,,,,Y,2,0,5,1,A,-,01,23152,A,N,E,I,A,A,H,-,A,D,0,,,,,Y,Y,A,07,1,4,0,0,0,0,0,0,0,"- ","- ",37.082939147949219,-119.33415222167969,FRESNO,UNINCORPORATED,-119.33409881591797,37.082912445068359
90807767,2018,2018-09-13,9435,2018-08-27,0730,017166,,1,1,7,1005,0,1,3,,2,410,"SR-41 SOUTHBOUND","VAN NESS AVE",224.00,E,N,A,-,Y,,,41,,,,,,S,Y,2,0,1,2,A,-,08,22107,,N,F,I,A,A,H,-,A,D,0,,,,Y,Y,,G,25,1,0,0,0,0,0,0,0,0,"- ","- ",36.729450225830078,-119.78220367431641,FRESNO,FRESNO,-119.78218078613281,36.729423522949219
90808189,2018,2018-09-07,9435,2018-08-30,1513,018860,,4,2,9,1000,0,3,5,,2,040,"ADAMS AVE","PEACH AVE",0.00,,Y,A,-,N,,,,,,,,,,Y,2,0,3,2,A,-,12,22450,A,N,D,C,A,A,H,-,A,A,0,,,,,Y,,D,22,1,1,1,0,0,0,0,0,0,"- ","- ",36.634471893310547,-119.71775817871094,FRESNO,UNINCORPORATED,-119.71794128417969,36.634449005126953
90817011,2018,2018-09-19,9461,2018-08-05,1803,021387,,7,2,9,1000,0,2,4,,1,310,"RUSSELL AVENUE","SHIELDS AVENUE",0.00,,Y,A,-,N,,,,,,,,,,Y,1,1,0,2,A,-,12,22450,A,N,D,C,A,A,H,-,A,A,0,,,,Y,Y,,A,01,0,0,0,0,0,0,0,0,0,"- ","- ",36.778240203857422,-120.65714263916016,FRESNO,UNINCORPORATED,-120.65709686279297,36.778240203857422
90820428,2018,2018-09-25,9435,2018-09-15,0544,015755,,6,3,9,1000,0,3,5,,2,040,"CHATEAU FRESNO AVE.","CERRINI AVE.",440.00,N,N,A,-,N,,,,,,,,,,Y,2,0,1,2,A,-,08,22107,,N,B,C,A,A,H,-,B,D,0,,,,,Y,,D,22,1,0,0,0,0,0,0,0,0,"- ","- ",36.452510833740234,-119.94096374511719,FRESNO,UNINCORPORATED,-119.94120025634766,36.460708618164062
90821347,2018,2018-09-26,9435,2018-09-18,1430,020078,,2,2,9,1000,0,3,5,,2,015,"AMERICAN AVENUE","SISKIYOU AVENUE",20.00,E,N,A,-,N,,,,,,,,,,Y,2,0,2,2,A,-,01,23152,A,N,C,C,A,A,H,-,A,D,0,,,,,Y,Y,D,22,1,1,0,0,0,0,0,0,0,"- ","- ",36.662040710449219,-120.07888031005859,FRESNO,UNINCORPORATED,-120.0789794921875,36.661972045898438
90832311,2018,2018-10-09,9495,2018-08-23,1605,019829,,4,2,9,1000,0,1,3,,1,006,"STATE ROUTE 33","SUTTER AVENUE",5280.00,N,N,A,-,Y,,,33,,,,,,,Y,2,0,6,2,A,-,08,22107,,F,H,C,A,A,H,-,A,D,0,,,,,Y,,A,07,3,3,0,0,0,0,0,0,0,"- ","- ",36.061729431152344,-120.21408081054688,FRESNO,UNINCORPORATED,-120.21402740478516,36.061790466308594
90835108,2018,2019-05-08,9435,2018-09-09,1805,019610,,7,2,9,1000,0,1,3,,1,183,"SR-180 EASTBOUND","MCCALL AVENUE",95.00,W,N,A,-,Y,,,180,,,,,,E,N,1,1,1,3,A,-,03,22350,,N,C,C,A,A,H,-,A,A,0,,,Y,,Y,Y,C,02,0,0,1,0,0,0,0,1,0,"- ","- ",36.735729217529297,-119.61009979248047,FRESNO,UNINCORPORATED,-119.61009979248047,36.735729217529297
90835696,2018,2018-10-15,9495,2018-08-02,0550,021073,,4,3,9,1000,0,1,3,,1,006,"STATE ROUTE 33 (JAYNE AVENUE)","CALAVERAS AVENUE",2640.00,N,N,A,-,Y,,,33,,,,,,,Y,1,1,1,2,A,-,03,22350,,N,A,C,A,A,H,-,A,D,0,,,,,Y,,A,01,0,1,0,0,0,0,0,0,0,"- ","- ",36.136909484863281,-120.29282379150391,FRESNO,UNINCORPORATED,-120.29281616210938,36.136837005615234
90836162,2018,2018-10-15,9435,2018-10-08,1740,018926,,1,2,9,1000,0,3,5,,2,040,"KEARNEY BLVD","HOWARD AVE",0.00,,Y,A,-,N,,,,,,,,,,Y,2,0,2,2,A,-,12,22450,A,N,D,C,A,A,H,-,A,A,0,,,,,Y,,A,01,1,0,1,0,0,0,0,0,0,"- ","- ",36.727729797363281,-119.02436065673828,FRESNO,UNINCORPORATED,-120.02424621582031,36.727680206298828
90841930,2018,2018-10-23,9435,2018-10-11,1843,019451,,4,2,9,1000,0,3,5,,2,040,"CLOVIS AVENUE","NEBRASKA AVENUE",0.00,,Y,A,-,N,,,,,,,,,,Y,2,0,4,2,A,-,12,22450,A,N,D,C,A,A,H,-,D,A,0,,,,,Y,,A,01,1,0,3,0,0,0,0,0,0,"- ","- ",36.561698913574219,-119.70050048828125,FRESNO,UNINCORPORATED,-119.70053100585938,36.561660766601562
90848108,2018,2018-10-29,9435,2018-09-04,1448,018926,,2,2,9,1000,0,3,5,,2,034,"JENSEN AVENUE","DEWOLF AVENUE",0.00,,Y,A,-,N,,,,,,,,,,Y,1,1,1,2,A,-,09,21802,A,N,D,C,A,A,H,-,A,A,0,,,Y,,Y,,A,01,0,1,0,0,0,0,0,1,0,"- ","- ",36.707340240478516,-119.64615631103516,FRESNO,UNINCORPORATED,-119.64599609375,36.707469940185547
90852761,2018,2018-11-05,9435,2018-10-27,2100,021230,,6,2,9,1000,0,3,5,,2,040,"INDIANOLA AVENUE","CLARKSON AVENUE",0.00,,Y,A,-,N,,,,,,,,,,Y,2,0,1,1,A,-,01,23152,A,N,E,I,A,A,H,-,D,A,0,,,Y,,Y,Y,C,06,1,0,0,0,0,0,0,0,1,"- ","- ",36.503620147705078,-119.58412933349609,FRESNO,UNINCORPORATED,-119.58409881591797,36.503501892089844
90861573,2018,2018-11-16,9435,2018-11-11,0810,015986,,7,1,9,1000,0,3,5,,2,025,"BETHEL AVE","ASHLAN AVENUE",0.00,,Y,A,-,N,,,,,,,,,,Y,2,0,1,2,A,-,09,21802,A,N,D,C,A,A,H,-,A,A,0,,,Y,,Y,,A,01,1,0,0,0,0,0,0,0,1,"- ","- ",36.793701171875,-119.57404327392578,FRESNO,UNINCORPORATED,-119.57401275634766,36.793758392333984
90868327,2018,2018-11-27,9495,2018-11-19,1030,017686,,1,1,9,1000,0,1,3,,2,005,"STATE ROUTE 33","COALINGA MENDOTA ROAD",3696.00,S,N,B,-,Y,,,33,,,,,,,Y,2,0,1,1,A,-,03,22350,,N,F,A,A,A,H,-,A,A,0,,,Y,,Y,,C,02,1,0,0,0,0,0,0,0,1,"- ","- ",36.272361755371094,-120.30532836914062,FRESNO,UNINCORPORATED,-120.30533599853516,36.272365570068359
90870414,2018,2018-12-12,9435,2018-11-17,1910,021148,,6,2,9,1000,0,3,5,,2,025,"MILLERTON RD","BRIGHTEN CREST DRIVE",516.00,E,N,A,-,N,,,,,,,,,,Y,2,0,5,2,A,-,08,22107,,N,A,C,A,A,H,-,D,D,0,,,,,Y,,A,08,2,0,3,0,0,0,0,0,0,"- ","- ",36.983348846435547,-119.64895629882812,FRESNO,UNINCORPORATED,-119.64529418945312,36.9837646484375
90873491,2018,2018-12-03,9435,2018-11-24,1334,020095,,6,1,9,1000,0,3,5,,2,034,"MCCALL AVE","JENSEN AVE",1500.00,N,N,A,-,N,,,,,,,,,,Y,2,0,10,2,A,-,08,22107,,N,A,C,A,A,H,-,A,D,0,,,,,Y,,A,07,1,2,7,0,0,0,0,0,0,"- ","- ",36.711128234863281,-119.61106109619141,FRESNO,UNINCORPORATED,-119.61017608642578,36.710727691650391
90878480,2018,2018-12-07,9435,2018-11-27,1725,018892,,2,2,5,1001,0,1,3,,1,168,"SR-168 E/B","HERNDON AVE",1056.00,W,N,A,-,Y,,,168,,,,,,E,Y,2,0,2,3,A,-,08,22107,,N,B,C,A,A,H,-,D,D,0,,,,,Y,,A,01,1,0,1,0,0,0,0,0,0,"- ","- ",36.833560943603516,-119.70549774169922,FRESNO,CLOVIS,-119.70554351806641,36.833583831787109
90887267,2018,2018-12-20,9435,2018-12-11,0538,019113,,2,3,9,1000,0,3,5,,2,010,"SHIELDS AVENUE","BUTTE AVE",150.00,E,N,A,-,N,,,,,,,,,,Y,2,0,1,1,A,-,08,22107,,N,E,I,A,A,H,-,D,D,0,,,,,Y,,D,22,1,0,0,0,0,0,0,0,0,"- ","- ",36.778388977050781,-120.15071868896484,FRESNO,UNINCORPORATED,-120.15018463134766,36.778499603271484
90887563,2018,2018-12-21,9435,2018-12-15,1820,019962,,6,2,9,1000,0,3,5,,2,040,"CONEJO AVENUE","ELM AVENUE",0.00,,Y,A,-,N,,,,,,,,,,Y,2,0,4,2,A,-,12,22450,A,N,D,C,A,A,H,-,D,A,0,,,,,Y,Y,A,01,1,2,1,0,0,0,0,0,0,"- ","- ",36.518291473388672,-119.79106903076172,FRESNO,UNINCORPORATED,-119.79109191894531,36.518291473388672
90887766,2018,2018-12-21,9435,2018-12-12,1639,019962,,3,2,9,1000,0,3,5,,2,015,"CENTRAL AVENUE","VALENTINE AVENUE",0.00,,Y,A,-,N,,,,,,,,,,Y,2,0,2,2,A,-,09,21802,A,N,D,C,A,A,H,-,B,A,0,,,,,Y,,D,22,1,0,1,0,0,0,0,0,0,"- ","- ",36.677570343017578,-119.85341644287109,FRESNO,UNINCORPORATED,-119.85340118408203,36.677558898925781
90893471,2018,2018-12-28,9495,2018-12-13,0234,019453,,4,3,9,1000,0,1,1,,2,003,"INTERSTATE 5 SOUTHBOUND","STATE ROUTE 269 (LASSEN AVENUE)",5280.00,N,N,A,-,Y,,,5,,,,,,S,Y,2,0,1,1,A,-,01,23152,G,N,H,A,A,A,H,-,C,D,0,,,,,Y,Y,A,01,1,0,0,0,0,0,0,0,0,"- ","- ",36.093498229980469,-120.11840057373047,FRESNO,UNINCORPORATED,-120.11856079101562,36.093353271484375
90899337,2018,2019-01-07,9435,2018-12-27,1736,019610,,4,2,9,1000,0,1,3,,1,183,"RIO VISTA AVE",SR-180,0.00,,Y,B,-,Y,,,,,,,,,,Y,2,0,2,2,A,-,09,21802,A,N,D,C,A,A,H,-,D,A,0,,,,Y,Y,,G,25,1,1,0,0,0,0,0,0,0,"- ","- ",36.731960296630859,-119.47708892822266,FRESNO,UNINCORPORATED,-119.47705078125,36.731960296630859
90902834,2018,2019-01-11,9435,2018-12-20,1520,019962,,4,2,9,1000,0,3,5,,2,034,"MANNING AVENUE","LEONARD AVENUE",0.00,,Y,A,-,N,,,,,,,,,,Y,1,1,1,2,A,-,12,22450,A,N,D,C,A,A,H,-,A,A,0,,,,,Y,Y,A,01,0,1,0,0,0,0,0,0,0,"- ","- ",36.605228424072266,-119.63749694824219,FRESNO,UNINCORPORATED,-119.63748931884766,36.605350494384766
90915414,2018,2019-01-30,9435,2018-11-17,1647,020095,,6,2,9,1000,0,3,5,,2,040,"CLOVIS AVENUE","DINUBA AVE",1325.00,S,N,A,-,N,,,,,,,,,,Y,1,1,0,2,A,-,09,21804,A,N,D,C,A,A,H,-,B,D,0,,,Y,Y,Y,,C,02,0,0,0,0,0,0,0,1,0,"- ","- ",36.587261199951172,-119.70044708251953,FRESNO,UNINCORPORATED,-119.70041656494141,36.587284088134766
90920081,2019,2019-02-06,9435,2019-01-17,2105,018944,,4,2,9,1000,0,3,5,,2,060,"MANNING AVE.","PORTER AVE.",15.00,E,N,A,-,N,,,,,,,,,,Y,2,0,1,1,A,-,01,23152,A,N,E,I,A,A,H,-,D,D,0,,,,,Y,Y,D,22,1,0,0,0,0,0,0,0,0,"- ","- ",36.603618621826172,-119.36715698242188,FRESNO,UNINCORPORATED,-119.36767578125,36.603557586669922
90920609,2019,2019-02-06,9435,2019-01-31,1739,013793,,4,2,7,1005,0,2,S,,2,901,"PLUMAS STREET","AMADOR STREET",151.00,S,N,B,-,N,,,,,,,,,,Y,2,0,1,1,A,-,08,22107,,N,E,I,A,A,H,-,B,A,0,,,,,Y,,A,01,1,0,0,0,0,0,0,0,0,"- ","- ",36.734470367431641,-119.81147003173828,FRESNO,FRESNO,-119.81146240234375,36.734485626220703
90940248,2019,2019-03-05,9435,2019-01-12,2500,018912,,6,4,9,1000,0,3,5,,2,020,"ELKHORN AVENUE","HOWARD AVENUE",828.00,E,N,B,-,N,,,,,,,,,,Y,1,2,0,1,A,-,08,22107,,N,F,A,A,A,H,-,A,D,0,,,,,Y,,A,07,0,0,0,0,0,0,0,0,0,"- ","- ",36.484001159667969,-120.02821350097656,FRESNO,UNINCORPORATED,-120.02882385253906,36.484001159667969
90942590,2019,2019-03-08,9435,2019-01-19,2320,021165,,6,3,9,1000,0,1,3,,2,106,"SR-99 S/B","BETHEL AVE",342.00,N,N,A,-,Y,,,99,,,,,,S,Y,2,0,4,1,A,-,01,23152,A,N,E,I,A,A,H,-,D,D,0,,,,,Y,Y,A,01,2,1,1,0,0,0,0,0,0,"- ","- ",36.532798767089844,-119.5802001953125,FRESNO,UNINCORPORATED,-119.57991027832031,36.533149719238281
90949559,2019,2019-03-20,9435,2019-03-10,1630,019263,,7,2,9,1000,0,3,5,,2,050,"BURROUGH VALLEY RD","SPRING VALLEY RD",528.00,W,N,B,-,N,,,,,,,,,,Y,2,0,1,1,A,-,01,23152,A,N,E,I,A,A,H,-,A,D,0,,,,,Y,Y,A,01,1,0,0,0,0,0,0,0,0,"- ","- ",36.972648620605469,-119.38594818115234,FRESNO,UNINCORPORATED,-119.38632202148438,36.972629547119141
90984795,2019,2019-05-08,9435,2019-05-04,0205,021148,,6,3,7,1005,0,1,3,,2,410,"SR-41 S/B","MCKINLEY AVE",10.00,S,N,A,-,Y,,,41,,,,,,S,Y,2,0,1,1,A,-,01,23152,A,N,E,I,A,A,H,-,C,D,0,,,,,Y,Y,A,01,1,0,0,0,0,0,0,0,0,"- ","- ",36.764881134033203,-119.77690124511719,FRESNO,FRESNO,-119.77693939208984,36.764839172363281
90988986,2019,2019-05-15,9435,2019-05-10,2015,020733,,5,2,7,1005,0,1,3,,2,410,"SR-41 S/B FROM HERNDON AVE E/B","HERNDON AVE",115.00,S,N,A,-,Y,,,41,,,,R,,S,Y,2,0,1,1,A,-,08,22107,,N,F,A,A,A,H,-,C,D,0,,,Y,,Y,,C,02,1,0,0,0,0,0,0,0,1,"- ","- ",36.837009429931641,-119.78556060791016,FRESNO,FRESNO,-119.78556060791016,36.837009429931641
91008812,2019,2019-06-19,9461,2019-06-05,1922,019052,,3,2,9,1000,0,1,3,,1,604,SR-33,"LOZANO ST",4224.00,N,N,B,-,Y,,,33,,,,,,,Y,2,0,2,2,A,-,03,22350,,N,C,C,A,A,H,-,A,D,0,,,,,Y,,A,07,2,0,0,0,0,0,0,0,0,"- ","- ",36.775100708007812,-120.39669799804688,FRESNO,UNINCORPORATED,-120.39669799804688,36.775100708007812
91012885,2019,2019-06-19,9435,2019-06-10,2235,021165,,1,3,9,1000,0,3,5,,2,015,"CALIFORNIA AVE","DICKENSON AVE",2036.00,W,N,A,-,N,,,,,,,,,,Y,2,0,1,1,A,-,08,22107,,N,E,I,A,A,H,-,D,D,0,,,,,Y,,A,01,1,0,0,0,0,0,0,0,0,"- ","- ",36.720359802246094,-119.97728729248047,FRESNO,UNINCORPORATED,-119.97695922851562,36.720451354980469
91013200,2019,2019-06-19,9435,2019-06-09,0325,020193,,7,3,9,1000,0,3,5,,2,010,"MCKINLEY AVE","JAMESON AVE",0.00,,Y,A,-,N,,,,,,,,,,Y,2,0,1,1,A,-,08,22107,,N,E,I,A,A,H,-,D,A,0,,,,,Y,,A,01,1,0,0,0,0,0,0,0,0,"- ","- ",36.764110565185547,-119.98809814453125,FRESNO,UNINCORPORATED,-119.98812103271484,36.76409912109375
91019229,2019,2019-06-27,9435,2019-06-17,1604,020481,,1,2,9,1000,0,3,5,,2,010,"SHIELDS AVENUE","CHATEAU FRESNO AVENUE",0.00,,Y,A,-,N,,,,,,,,,,Y,2,0,2,2,A,-,09,21802,A,N,D,C,A,A,H,-,A,A,0,,,,,Y,,D,22,1,1,0,0,0,0,0,0,0,"- ","- ",36.778751373291016,-119.93431854248047,FRESNO,UNINCORPORATED,-119.93430328369141,36.778759002685547
91027240,2019,2019-07-09,9495,2019-05-13,0855,019104,,1,1,9,1000,0,1,3,,1,013,"STATE ROUTE 145 (FRESNO-COALINGA ROAD)","EXCELSIOR AVENUE",283.00,S,N,A,-,Y,,,145,,,,,,,Y,1,1,2,2,A,-,09,21801,A,N,A,C,A,A,H,-,A,D,0,,,,,Y,,A,01,2,0,0,0,0,0,0,0,0,"- ","- ",36.399990081787109,-120.13997650146484,FRESNO,UNINCORPORATED,-120.139892578125,36.399890899658203