CASE_ID,ACCIDENT_YEAR,PROC_DATE,JURIS,COLLISION_DATE,COLLISION_TIME,OFFICER_ID,REPORTING_DISTRICT,DAY_OF_WEEK,CHP_SHIFT,POPULATION,CNTY_CITY_LOC,SPECIAL_COND,BEAT_TYPE,CHP_BEAT_TYPE,CITY_DIVISION_LAPD,CHP_BEAT_CLASS,BEAT_NUMBER,PRIMARY_RD,SECONDARY_RD,DISTANCE,DIRECTION,INTERSECTION,WEATHER_1,WEATHER_2,STATE_HWY_IND,CALTRANS_COUNTY,CALTRANS_DISTRICT,STATE_ROUTE,ROUTE_SUFFIX,POSTMILE_PREFIX,POSTMILE,LOCATION_TYPE,RAMP_INTERSECTION,SIDE_OF_HWY,TOW_AWAY,COLLISION_SEVERITY,NUMBER_KILLED,NUMBER_INJURED,PARTY_COUNT,PRIMARY_COLL_FACTOR,PCF_CODE_OF_VIOL,PCF_VIOL_CATEGORY,PCF_VIOLATION,PCF_VIOL_SUBSECTION,HIT_AND_RUN,TYPE_OF_COLLISION,MVIW,PED_ACTION,ROAD_SURFACE,ROAD_COND_1,ROAD_COND_2,LIGHTING,CONTROL_DEVICE,CHP_ROAD_TYPE,PEDESTRIAN_ACCIDENT,BICYCLE_ACCIDENT,MOTORCYCLE_ACCIDENT,TRUCK_ACCIDENT,NOT_PRIVATE_PROPERTY,ALCOHOL_INVOLVED,STWD_VEHTYPE_AT_FAULT,CHP_VEHTYPE_AT_FAULT,COUNT_SEVERE_INJ,COUNT_VISIBLE_INJ,COUNT_COMPLAINT_PAIN,COUNT_PED_KILLED,COUNT_PED_INJURED,COUNT_BICYCLIST_KILLED,COUNT_BICYCLIST_INJURED,COUNT_MC_KILLED,COUNT_MC_INJURED,PRIMARY_RAMP,SECONDARY_RAMP,LATITUDE,LONGITUDE,COUNTY,CITY,POINT_X,POINT_Y
91035497,2019,2019-07-22,9435,2019-07-14,1048,019451,,7,1,9,1000,0,1,3,,1,412,"SR-41 N/B (YOSEMITE FREEWAY)","MOUNTAIN VIEW AVENUE",0.00,,Y,A,-,Y,,,41,,,,,,N,Y,2,0,6,2,A,-,12,21453,A,N,D,C,A,A,H,-,A,A,0,,,,,Y,,A,01,5,0,1,0,0,0,0,0,0,"- ","- ",36.547359466552734,-119.78595733642578,FRESNO,UNINCORPORATED,-119.78609466552734,36.547359466552734
91042867,2019,2019-07-31,9495,2019-07-18,0643,021186,,4,1,9,1000,0,3,5,,2,051,"STANISLAUS AVENUE","HARLAN AVENUE",1056.00,S,N,A,-,N,,,,,,,,,,Y,2,0,2,1,A,-,08,22107,,N,E,I,A,A,H,-,A,D,0,,,,,Y,,A,07,1,0,1,0,0,0,0,0,0,"- ","- ",36.439491271972656,-120.33822631835938,FRESNO,UNINCORPORATED,-120.33834075927734,36.440219879150391
9107071,2020,2021-06-23,1012,2020-08-31,1003,L193,REEDL,1,5,3,1012,0,0,0,,0,L04C,"F ST","15TH ST",0.00,,Y,A,-,N,,,,,,,,,,N,1,1,0,2,A,-,12,22450,A,N,D,G,A,A,H,-,A,A,0,,Y,,,Y,,L,04,0,0,0,0,0,1,0,0,0,"- ","- ",,,FRESNO,REEDLEY,-119.44558715820312,36.593040466308594
91085853,2019,2019-09-27,9435,2019-09-19,0725,014363,,4,1,9,1000,0,3,5,,2,034,"CLOVIS AVENUE","CENTRAL AVENUE",950.00,S,N,B,-,N,,,,,,,,,,Y,2,0,2,2,A,-,03,22350,,N,C,C,A,A,H,-,B,D,0,,,,,Y,,A,01,1,0,1,0,0,0,0,0,0,"- ","- ",36.675548553466797,-119.69992828369141,FRESNO,UNINCORPORATED,-119.69993591308594,36.675571441650391
91088256,2019,2019-10-01,9435,2019-09-25,1225,018746,,3,1,9,1000,0,3,5,,2,040,"PEACH AVENUE","KAMM AVE",225.00,N,N,A,-,N,,,,,,,,,,Y,2,0,1,1,A,-,01,23152,A,N,E,J,A,A,H,-,A,D,0,,,,,Y,Y,A,01,1,0,0,0,0,0,0,0,0,"- ","- ",36.533901214599609,-119.71862030029297,FRESNO,UNINCORPORATED,-119.71868896484375,36.533378601074219
91088971,2019,2019-10-02,9435,2019-07-16,1735,016860,,2,2,9,1000,0,1,3,,1,169,SR-168,"SHAVER FOREST ROAD",0.00,,Y,A,-,Y,,,168,,,,,,,Y,1,1,0,2,A,-,08,22107,,N,D,C,A,A,H,-,A,D,0,,,Y,,Y,,A,08,0,0,0,0,0,0,0,1,0,"- ","- ",37.094631195068359,-119.31820678710938,FRESNO,UNINCORPORATED,-119.31818389892578,37.094638824462891
91109817,2019,2019-10-30,9435,2019-10-20,1313,016860,,7,1,9,1000,0,1,3,,1,169,SR-168,"KAISER PASS RD",0.00,,Y,A,-,Y,,,168,,,,,,,Y,2,0,2,1,A,-,03,22350,,N,E,I,A,A,H,-,A,A,0,,,,Y,Y,,F,27,1,1,0,0,0,0,0,0,0,"- ","- ",37.25537109375,-119.16145324707031,FRESNO,UNINCORPORATED,-119.16140747070312,37.255439758300781
91114151,2019,2019-11-05,9495,2019-10-28,0140,021270,,1,3,9,1000,0,1,1,,2,003,"INTERSTATE 5 (SOUTHBOUND)","STATE ROUTE 269",8554.00,N,N,A,-,Y,,,5,,,,,,,Y,2,0,4,2,A,-,08,22107,,N,C,C,A,A,H,-,D,D,0,,,,Y,Y,,A,01,1,1,2,0,0,0,0,0,0,"- ","- ",36.094600677490234,-120.11969757080078,FRESNO,UNINCORPORATED,-120.11968994140625,36.0946044921875
91122957,2019,2019-11-18,9435,2019-11-01,1550,018914,,5,2,7,1005,0,1,3,,2,181,"SR-180 W/B","VAN NESS AVENUE",500.00,E,N,A,-,Y,,,180,,,,,,W,Y,2,0,1,2,A,-,03,22350,,N,C,C,A,A,H,-,A,D,0,,,,,Y,,A,01,1,0,0,0,0,0,0,0,0,"- ","- ",36.750289916992188,-119.79739379882812,FRESNO,FRESNO,-119.79737854003906,36.750259399414062
91124163,2019,2019-11-19,9435,2019-08-13,0610,019113,,2,1,9,1000,0,3,5,,2,040,"MANNING AVENUE","MAPLE AVENUE",0.00,,Y,A,-,N,,,,,,,,,,Y,1,1,1,2,A,-,09,21801,A,N,A,C,A,A,H,-,B,D,0,,,Y,,Y,,A,07,0,0,1,0,0,0,0,1,0,"- ","- ",36.605381011962891,-119.74585723876953,FRESNO,UNINCORPORATED,-119.74585723876953,36.605369567871094
91130456,2019,2019-11-26,9435,2019-11-14,1930,019789,,4,2,9,1000,0,3,5,,2,010,"HOWARD AVE","SHIELDS AVE",0.00,,Y,A,-,N,,,,,,,,,,Y,2,0,3,2,A,-,12,22450,A,N,D,C,A,A,H,-,D,A,0,,,,,Y,,A,01,1,2,0,0,0,0,0,0,0,"- ","- ",36.778671264648438,-120.02448272705078,FRESNO,UNINCORPORATED,-120.02445220947266,36.778648376464844
91142795,2019,2020-02-14,9435,2019-12-04,0620,019451,,3,1,7,1005,0,1,3,,2,105,"STATE ROUTE 99 SOUTHBOUND","HERNDON AVENUE",483.00,N,N,C,-,Y,,,99,,,,,,S,Y,1,1,0,1,A,-,08,22107,,N,E,I,A,B,H,-,D,D,0,,,,,Y,,A,01,0,0,0,0,0,0,0,0,0,"- ","- ",36.833049774169922,-119.91902923583984,FRESNO,FRESNO,-119.91890716552734,36.833202362060547
91143118,2019,2019-12-13,9435,2019-12-03,0645,017310,,2,1,9,1000,0,3,5,,2,034,"GOLDEN STATE BOULEVARD","CHESTNUT AVENUE",380.00,N,N,E,-,N,,,,,,,,,,Y,2,0,1,2,A,-,03,22350,,M,D,C,A,B,H,-,B,D,0,,,,Y,Y,,A,01,1,0,0,0,0,0,0,0,0,"- ","- ",36.680980682373047,-119.73790740966797,FRESNO,UNINCORPORATED,-119.73763275146484,36.681053161621094
91183949,2020,2020-02-10,9435,2020-02-01,1923,020078,,6,2,9,1000,0,1,3,,1,180,"STATE ROUTE 180 EASTBOUND","BRAWLEY AVENUE",2112.00,E,N,A,-,Y,,,180,,,,,,E,Y,2,0,1,2,A,-,01,23152,A,N,F,A,A,A,H,-,D,D,0,,,,,Y,Y,A,01,1,0,0,0,0,0,0,0,0,"- ","- ",36.737251281738281,-119.85552978515625,FRESNO,UNINCORPORATED,-119.85553741455078,36.737262725830078
91188459,2020,2020-02-18,9435,2020-02-06,0640,014363,,4,1,9,1000,0,3,5,,2,040,"BUTTE AVENUE","AMERICAN AVENUE",0.00,,Y,A,-,N,,,,,,,,,,Y,2,0,5,2,A,-,09,21802,A,N,D,C,A,A,H,-,B,A,0,,,,,Y,,A,01,1,0,4,0,0,0,0,0,0,"- ","- ",36.661739349365234,-120.1514892578125,FRESNO,UNINCORPORATED,-120.15154266357422,36.661739349365234
91201676,2020,2020-03-04,9435,2020-02-25,1450,020387,,2,2,9,1000,0,3,5,,2,010,"BELMONT AVENUE","BLYTHE AVENUE",0.00,,Y,A,-,N,,,,,,,,,,Y,2,0,2,2,A,-,09,21802,A,N,D,A,A,A,H,-,A,A,0,,,,,Y,,A,01,1,0,1,0,0,0,0,0,0,"- ","- ",36.750038146972656,-119.87116241455078,FRESNO,UNINCORPORATED,-119.87116241455078,36.750011444091797
91201764,2020,2020-03-04,9435,2020-02-23,1630,019263,,7,2,9,1000,0,3,5,,2,050,"AUBERRY ROAD","CABALLERO ROAD",1584.00,N,N,A,-,N,,,,,,,,,,Y,2,0,1,1,A,-,03,22350,,N,F,A,A,A,H,-,A,D,0,,,Y,,Y,,C,02,1,0,0,0,0,0,0,0,1,"- ","- ",36.996089935302734,-119.59365844726562,FRESNO,UNINCORPORATED,-119.59353637695312,36.996273040771484
91209420,2020,2020-03-16,9435,2020-03-06,1510,020824,,5,2,9,1000,0,1,3,,1,183,"STATE ROUTE 180 WESTBOUND","DE WOLF AVENUE",50.00,E,N,A,-,Y,,,180,,,,,,W,Y,2,0,3,2,A,-,03,22350,,N,C,C,A,A,H,-,A,A,0,,,,,Y,,A,01,1,0,2,0,0,0,0,0,0,"- ","- ",36.737129211425781,-119.64562225341797,FRESNO,UNINCORPORATED,-119.64561462402344,36.737186431884766
91220497,2020,2020-04-03,9435,2020-03-28,1325,021148,,6,1,9,1000,0,3,5,,2,034,"DINUBA AVENUE","ZEDIKER AVENUE",0.00,,Y,B,-,N,,,,,,,,,,Y,2,0,4,2,A,-,12,22450,A,N,D,C,A,A,H,-,A,A,0,,,,,Y,,D,22,1,3,0,0,0,0,0,0,0,"- ","- ",36.590179443359375,-119.52113342285156,FRESNO,UNINCORPORATED,-119.52113342285156,36.590171813964844
9122156,2020,2020-09-08,1013,2020-05-03,1904,M144,SANGE,7,5,3,1013,0,0,0,,0,M310,"MYRTLE AV","CLAREMONT AV",164.00,W,N,A,-,N,,,,,,,,,,,2,0,1,2,A,-,11,21954,A,N,G,B,D,A,H,-,A,D,0,Y,,,,Y,,N,60,1,0,0,0,1,0,0,0,0,"- ","- ",36.698848724365234,-119.57514190673828,FRESNO,SANGER,-119.57554626464844,36.698951721191406
91227612,2019,2020-04-20,9435,2019-09-26,1810,021119,,4,2,9,1000,0,3,5,,2,040,"MOUNTAIN VIEW AVENUE","MCCALL AVENUE",1162.00,W,N,A,-,N,,,,,,,,,,Y,1,1,0,2,A,-,03,22350,,N,H,G,A,A,H,-,B,D,0,,Y,,,Y,,A,01,0,0,0,0,0,1,0,0,0,"- ","- ",36.547069549560547,-119.61463165283203,FRESNO,UNINCORPORATED,-119.61484527587891,36.547042846679688
91227888,2019,2020-04-21,9435,2019-12-21,2359,020680,,6,3,9,1000,0,1,3,,2,182,"STATE ROUTE 180 EASTBOUND","PEACH AVENUE",211.00,W,N,B,-,Y,,,180,,,,,,E,Y,1,1,1,2,A,-,01,23152,A,N,A,C,A,A,H,-,D,D,0,,,,,Y,Y,A,08,1,0,0,0,0,0,0,0,0,"- ","- ",36.753231048583984,-119.71922302246094,FRESNO,UNINCORPORATED,-119.71922302246094,36.753238677978516
91229621,2020,2020-04-27,9435,2020-04-15,0947,015986,,3,1,7,1005,0,1,3,,2,105,"STATE ROUTE 99 NORTHBOUND","CLINTON AVENUE",1584.00,S,N,A,-,Y,,,99,,,,,,N,Y,2,0,2,3,A,-,07,21658,A,N,C,C,A,A,H,-,A,D,0,,,,Y,Y,,A,01,2,0,0,0,0,0,0,0,0,"- ","- ",36.767551422119141,-119.83573150634766,FRESNO,FRESNO,-119.83576202392578,36.767532348632812
91229646,2020,2020-12-10,9435,2020-03-15,0018,020592,,7,3,9,1000,0,3,5,,2,034,"MANNING AVENUE","NURMI AVENUE",430.00,E,N,A,-,N,,,,,,,,,,N,1,1,0,2,A,-,11,21954,A,N,G,B,E,A,H,-,D,D,0,Y,,,,Y,,N,60,0,0,0,1,0,0,0,0,0,"- ","- ",36.604290008544922,-119.47075653076172,FRESNO,UNINCORPORATED,-119.47060394287109,36.604446411132812
91235215,2019,2020-05-08,9435,2019-11-26,1712,020429,,2,2,9,1000,0,3,5,,2,060,"ADAMS AVENUE","ALTA AVENUE",1664.00,W,N,B,-,N,,,,,,,,,,Y,1,1,4,2,A,-,01,23152,F,N,A,C,A,A,H,-,D,D,0,,,,,Y,,A,01,4,0,0,0,0,0,0,0,0,"- ","- ",36.633029937744141,-119.40059661865234,FRESNO,UNINCORPORATED,-119.40046691894531,36.632965087890625
91237959,2020,2020-05-14,9435,2020-05-05,1320,020078,,2,1,9,1000,0,3,5,,2,020,"KAMM AVENUE","JAMESON AVENUE",0.00,,Y,A,-,N,,,,,,,,,,Y,2,0,1,2,A,-,12,22450,A,N,D,C,A,A,H,-,A,A,0,,,,,Y,,D,22,1,0,0,0,0,0,0,0,0,"- ","- ",36.532051086425781,-119.98960876464844,FRESNO,UNINCORPORATED,-119.98960876464844,36.532051086425781
91240344,2020,2020-05-20,9435,2020-02-15,2130,020854,,6,2,9,1000,0,3,5,,2,040,"MITCHELL AVENUE","SAGINAW AVENUE",1140.00,S,N,A,-,N,,,,,,,,,,N,1,1,0,1,A,-,01,23152,A,N,F,A,A,A,H,-,D,D,0,,,Y,,Y,Y,C,06,0,0,0,0,0,0,0,1,0,"- ","- ",36.551239013671875,-119.62438201904297,FRESNO,UNINCORPORATED,-119.62432098388672,36.551280975341797
91241546,2020,2020-05-22,9435,2020-03-27,0905,018926,,5,1,9,1000,0,1,3,,2,106,"STATE ROUTE 99 NORTHBOUND","CLOVIS AVENUE",300.00,S,N,B,-,Y,,,99,,,,,,N,Y,1,1,0,2,A,-,07,21658,A,N,B,C,A,A,H,-,A,D,0,,,,Y,Y,,A,08,0,0,0,0,0,0,0,0,0,"- ","- ",36.639438629150391,-119.69788360595703,FRESNO,UNINCORPORATED,-119.69803619384766,36.639266967773438
91241565,2020,2020-05-25,9435,2020-05-12,1922,021153,,2,2,9,1000,0,3,5,,2,010,"SHAW AVENUE","WISHON AVENUE",165.00,W,N,A,-,N,,,,,,,,,,Y,2,0,2,3,A,-,01,23152,A,N,E,I,A,A,H,-,A,D,0,,,,,Y,Y,A,07,1,0,1,0,0,0,0,0,0,"- ","- ",36.808418273925781,-119.80547332763672,FRESNO,UNINCORPORATED,-119.80454254150391,36.808349609375
91248007,2020,2020-06-05,9461,2020-05-30,0015,021188,,6,3,9,1000,0,2,4,,1,310,"RUSSELL AVENUE","ALTHEA AVENUE",7920.00,N,N,A,-,N,,,,,,,,,,N,2,0,1,2,A,-,11,21954,A,N,G,B,E,A,H,-,D,D,0,Y,,,,Y,,N,60,1,0,0,0,1,0,0,0,0,"- ","- ",36.913631439208984,-120.654541015625,FRESNO,UNINCORPORATED,-120.654541015625,36.912448883056641
91251791,2020,2020-06-15,9435,2020-05-23,2320,019705,,6,3,7,1005,0,1,3,,2,105,"STATE ROUTE 99 NORTHBOUND","SHAW AVENUE",1584.00,S,N,A,-,Y,,,99,,,,,,N,Y,2,0,1,2,A,-,01,23152,A,N,C,C,A,A,H,-,D,D,0,,,,,Y,Y,A,01,1,0,0,0,0,0,0,0,0,"- ","- ",36.804531097412109,-119.88140869140625,FRESNO,FRESNO,-119.88140106201172,36.804542541503906
91253420,2020,2020-06-17,9435,2020-05-23,1045,015602,,6,1,9,1000,0,3,5,,2,034,"NORTH AVENUE","TEMPERANCE AVENUE",0.00,,Y,A,-,N,,,,,,,,,,Y,2,0,2,2,A,-,12,22450,A,N,D,C,A,A,H,-,A,A,0,,,,,Y,,D,22,1,0,1,0,0,0,0,0,0,"- ","- ",36.692848205566406,-119.66397094726562,FRESNO,UNINCORPORATED,-119.66397094726562,36.692829132080078
91259142,2020,2020-06-26,9435,2020-01-20,0851,017166,,1,1,9,1000,0,3,5,,2,010,"DICKENSON AVENUE","HERNDON AVENUE",150.00,N,N,A,-,N,,,,,,,,,,Y,1,1,0,1,A,-,01,23152,A,N,E,I,A,A,H,-,A,D,0,,,,,Y,Y,A,01,0,0,0,0,0,0,0,0,0,"- ","- ",36.832561492919922,-119.97058868408203,FRESNO,UNINCORPORATED,-119.97032928466797,36.831989288330078
91261667,2020,2020-07-01,9435,2020-06-21,0245,019523,,7,3,7,1005,0,1,3,,2,105,"SR-99 S/B TO SR-180 E/B","SR-180 E/B",280.00,S,N,A,-,Y,,,99,,,,R,,S,Y,2,0,1,1,A,-,01,23152,A,N,F,A,A,A,H,-,D,D,0,,,,,Y,Y,A,01,1,0,0,0,0,0,0,0,0,"- ","- ",36.739780426025391,-119.81474304199219,FRESNO,FRESNO,-119.81474304199219,36.739780426025391
91263163,2020,2020-07-03,9495,2020-07-02,0647,020332,,4,1,9,1000,0,1,3,,1,013,"STATE ROUTE 145 (FRESNO-COALINGA ROAD)","COLUSA AVE",20.00,N,N,A,-,Y,,,145,,,,,,,Y,2,0,2,2,A,-,03,22350,,N,C,C,A,A,H,-,A,D,0,,,,,Y,,D,22,1,0,1,0,0,0,0,0,0,"- ","- ",36.356739044189453,-120.19371795654297,FRESNO,UNINCORPORATED,-120.19371795654297,36.356739044189453
91264570,2020,2020-07-07,9435,2020-05-29,1325,020540,,5,1,9,1000,0,3,5,,2,060,"SUMNER AVENUE","HILL AVENUE",1146.00,E,N,A,-,N,,,,,,,,,,Y,2,0,4,3,A,-,03,22350,,N,C,C,A,A,H,-,A,D,0,,,,,Y,,A,01,1,1,2,0,0,0,0,0,0,"- ","- ",36.624740600585938,-119.33657073974609,FRESNO,UNINCORPORATED,-119.33644866943359,36.624828338623047
91265440,2020,2020-07-08,9435,2020-06-29,1449,020942,,1,2,9,1000,0,1,3,,1,180,"STATE ROUTE 180, WESTBOUND","BISHOP AVENUE",2270.00,W,N,A,-,Y,,,180,,,,,,W,Y,2,0,2,2,A,-,08,22107,,N,A,C,A,A,H,-,A,D,0,,,,,Y,,A,01,1,1,0,0,0,0,0,0,0,"- ","- ",36.734939575195312,-120.01393127441406,FRESNO,UNINCORPORATED,-120.01393127441406,36.734954833984375
91268106,2020,2020-07-14,9435,2020-06-23,0314,017165,,2,3,7,1005,0,1,3,,2,410,"STATE ROUTE 41 NORTHBOUND","ASHLAN AVENUE",328.00,N,N,A,-,Y,,,41,,,,,,N,Y,2,0,3,2,A,-,01,23152,F,N,A,C,A,A,H,-,C,D,0,,,,,Y,,D,22,2,0,1,0,0,0,0,0,0,"- ","- ",36.795139312744141,-119.78484344482422,FRESNO,FRESNO,-119.78489685058594,36.795131683349609
91283133,2020,2020-08-10,9495,2020-07-31,0850,020332,,5,1,9,1000,0,3,5,,2,053,"JAYNE AVENUE","INTERSTATE 5 NORTHBOUND TO JAYNE AVENUE",0.00,,Y,A,-,Y,,,,,,,,,,Y,2,0,6,2,A,-,09,21802,A,N,D,C,A,A,H,-,A,A,0,,,,,Y,,A,07,3,1,2,0,0,0,0,0,0,"- ","- ",36.137969970703125,-120.15644073486328,FRESNO,UNINCORPORATED,,
91285268,2020,2020-08-12,9435,2020-08-04,0659,018823,,2,1,9,1000,0,3,5,,2,010,"JAMESON AVE","SHAW AVE",0.00,,Y,A,-,N,,,,,,,,,,Y,2,0,3,2,A,-,12,22450,A,N,D,C,A,A,H,-,A,A,0,,,,,Y,,A,01,1,2,0,0,0,0,0,0,0,"- ","- ",36.807540893554688,-119.98835754394531,FRESNO,UNINCORPORATED,-119.98837280273438,36.8077392578125
91286900,2020,2020-08-17,9435,2020-07-01,1700,020078,,3,2,9,1000,0,3,5,,2,015,"ELM AVENUE","NORTH AVENUE",2482.00,S,N,A,-,N,,,,,,,,,,N,1,1,0,2,A,-,08,22107,,F,G,B,F,A,H,-,A,D,0,Y,,,,Y,,A,01,0,0,0,1,0,0,0,0,0,"- ","- ",36.685798645019531,-119.7908935546875,FRESNO,UNINCORPORATED,-119.79079437255859,36.685466766357422
91305226,2020,2020-09-15,9435,2020-09-08,1547,020429,,2,2,9,1000,0,3,5,,2,030,"GOODFELLOW AVENUE","CHANNEL ROAD",550.00,S,N,A,-,N,,,,,,,,,,Y,2,0,2,2,A,-,05,21460,A,N,A,C,A,A,H,-,A,D,0,,,,,Y,,D,22,1,1,0,0,0,0,0,0,0,"- ","- ",36.673488616943359,-119.63838195800781,FRESNO,UNINCORPORATED,-119.53840637207031,36.673549652099609
91306751,2020,2020-09-17,9435,2020-05-12,2034,019789,,2,2,9,1000,0,3,5,,2,015,"CHESTNUT AVENUE","JEFFERSON AVENUE",890.00,S,N,A,-,N,,,,,,,,,,N,1,1,0,2,A,-,11,21954,A,F,G,B,E,A,H,-,D,D,0,Y,,,,Y,,N,60,0,0,0,1,0,0,0,0,0,"- ","- ",36.653751373291016,-119.73681640625,FRESNO,UNINCORPORATED,-119.73676300048828,36.653717041015625
91307318,2020,2020-09-18,9435,2020-07-27,2340,021165,,1,3,7,1005,0,1,3,,2,182,"STATE ROUTE 180 EASTBOUND","CLOVIS AVENUE",1598.00,W,N,A,-,Y,,,180,,,,,,E,Y,1,1,1,2,A,-,11,21954,A,N,G,B,E,A,H,-,D,D,0,Y,,,,Y,,N,60,0,1,0,1,0,0,0,0,0,"- ","- ",36.752830505371094,-119.70600128173828,FRESNO,FRESNO,-119.70600128173828,36.752822875976562
91312616,2019,2020-09-28,9435,2019-09-27,1910,020871,,5,2,9,1000,0,3,5,,2,040,"CLOVIS AVENUE","MOUNTAIN VIEW AVENUE",0.00,,Y,A,-,N,,,,,,,,,,Y,1,1,2,3,A,-,12,22450,A,N,D,C,A,A,H,-,B,A,0,,,,Y,Y,,G,25,0,1,1,0,0,0,0,0,0,"- ","- ",36.547161102294922,-119.70068359375,FRESNO,UNINCORPORATED,-119.70068359375,36.547199249267578
91314460,2020,2020-09-29,9495,2020-09-23,0700,019733,,3,1,9,1000,0,3,5,,2,052,"MOUNT WHITNEY AVENUE","SOUTH MADERA AVENUE",528.00,E,N,A,-,N,,,,,,,,,,Y,2,0,1,2,A,-,05,21650,,N,A,C,A,A,H,-,A,D,0,,,,Y,Y,,A,07,1,0,0,0,0,0,0,0,0,"- ","- ",36.429721832275391,-120.06630706787109,FRESNO,UNINCORPORATED,-120.06524658203125,36.429744720458984
91316093,2020,2020-10-01,9435,2020-05-24,1152,020019,,7,1,9,1000,0,3,5,,2,025,"AUBERRY ROAD","VENTANA DRIVE",2112.00,W,N,A,-,N,,,,,,,,,,N,1,1,1,2,A,-,08,22107,,N,H,G,A,A,H,-,A,D,0,,Y,Y,,Y,,L,04,0,1,0,0,0,1,0,0,1,"- ","- ",36.966251373291016,-119.63847351074219,FRESNO,UNINCORPORATED,-119.63784790039062,36.966339111328125
91327511,2020,2020-11-12,9461,2020-10-04,1719,019052,,7,2,9,1000,0,1,3,,1,604,"STATE ROUTE 33","SHAW AVENUE",6336.00,S,N,A,-,Y,,,33,,,,,,,Y,1,1,0,1,A,-,08,22107,,N,F,A,A,A,H,-,A,D,0,,,,,Y,,D,22,0,0,0,0,0,0,0,0,0,"- ","- ",36.792221069335938,-120.41171264648438,FRESNO,UNINCORPORATED,-120.41152954101562,36.792377471923828
91329702,2020,2020-10-22,9435,2020-10-12,0110,020193,,1,3,9,1000,0,3,5,,2,034,"PIEDRA ROAD","TRIMMER SPRINGS ROAD",0.00,,Y,A,-,N,,,,,,,,,,Y,2,0,2,1,A,-,01,23152,A,N,E,I,A,A,H,-,D,A,0,,,,,Y,Y,A,07,2,0,0,0,0,0,0,0,0,"- ","- ",36.820999145507812,-119.38271331787109,FRESNO,UNINCORPORATED,-119.38269805908203,36.820941925048828
91331545,2020,2020-10-26,9435,2020-10-16,1550,019789,,5,2,9,1000,0,1,3,,1,412,"STATE ROUTE 41","MOUNT WHITNEY AVENUE",2112.00,S,N,A,-,Y,,,41,,,,,,,Y,2,0,1,2,A,-,03,22350,,N,C,C,A,A,H,-,A,D,0,,,,Y,Y,,D,22,1,0,0,0,0,0,0,0,0,"- ","- ",36.423858642578125,-119.80265808105469,FRESNO,UNINCORPORATED,-119.80265808105469,36.423858642578125
91332142,2020,2020-10-27,9435,2020-10-16,1620,020942,,5,2,9,1000,0,3,5,,2,010,"SHAW AVENUE","MAROA AVENUE",581.00,W,N,A,-,N,,,,,,,,,,Y,2,0,2,4,A,-,01,23152,A,N,B,C,A,A,H,-,A,D,0,,,Y,,Y,Y,C,02,1,1,0,0,0,0,0,0,2,"- ","- ",36.80841064453125,-119.80174255371094,FRESNO,UNINCORPORATED,-119.80142974853516,36.808547973632812
91333074,2020,2020-10-28,9435,2020-10-19,0530,015602,,1,3,9,1000,0,3,5,,2,034,"NORTH AVENUE","TEMPERANCE AVENUE",0.00,,Y,A,-,N,,,,,,,,,,Y,2,0,1,2,A,-,09,21802,A,N,D,C,A,A,H,-,D,A,0,,,,,Y,,A,08,1,0,0,0,0,0,0,0,0,"- ","- ",36.692840576171875,-119.66388702392578,FRESNO,UNINCORPORATED,-119.66397094726562,36.692829132080078
91338632,2020,2020-11-03,9435,2020-09-23,1910,020871,,3,2,9,1000,0,3,5,,2,034,"WILLOW AVENUE","VINE AVENUE",140.00,N,N,A,-,N,,,,,,,,,,Y,2,0,1,2,A,-,08,22107,,N,E,I,A,A,H,-,A,D,0,,,,,Y,,A,01,1,0,0,0,0,0,0,0,0,"- ","- ",36.704658508300781,-119.72727203369141,FRESNO,UNINCORPORATED,-119.72735595703125,36.704032897949219
91341314,2020,2020-11-06,9435,2020-08-13,1917,020871,,4,2,9,1000,0,1,3,,1,430,"STATE ROUTE 43","ELKHORN AVENUE",0.00,,Y,A,-,Y,,,43,,,,,,,Y,1,1,0,2,A,-,01,23152,A,N,D,C,A,A,H,-,A,A,0,,,,,Y,Y,A,01,0,0,0,0,0,0,0,0,0,"- ","- ",36.489151000976562,-119.62912750244141,FRESNO,UNINCORPORATED,-119.62910461425781,36.489151000976562
91347770,2020,2020-11-18,9435,2020-10-31,1220,016860,,6,1,9,1000,0,3,5,,2,050,"AUBERRY ROAD","ACORN ROAD",2112.00,E,N,A,-,N,,,,,,,,,,Y,2,0,1,1,A,-,08,22107,,N,F,A,A,A,H,-,A,D,0,,,Y,,Y,,C,02,1,0,0,0,0,0,0,0,1,"- ","- ",37.089008331298828,-119.43399810791016,FRESNO,UNINCORPORATED,-119.43259429931641,37.088031768798828
91350484,2020,2020-11-20,9435,2020-11-14,0844,020122,,6,1,9,1000,0,2,S,,2,001,"WESTBOUND CLAYTON AVENUE","SOUTHBOUND MAPLE AVENUE",0.00,,Y,A,-,N,,,,,,,,,,Y,2,0,2,2,A,-,09,21802,A,N,D,C,A,A,H,-,A,A,0,,,,,Y,,A,01,1,0,1,0,0,0,0,0,0,"- ","- ",36.641651153564453,-119.74579620361328,FRESNO,UNINCORPORATED,-119.74579620361328,36.641651153564453