CASE_ID,ACCIDENT_YEAR,PROC_DATE,JURIS,COLLISION_DATE,COLLISION_TIME,OFFICER_ID,REPORTING_DISTRICT,DAY_OF_WEEK,CHP_SHIFT,POPULATION,CNTY_CITY_LOC,SPECIAL_COND,BEAT_TYPE,CHP_BEAT_TYPE,CITY_DIVISION_LAPD,CHP_BEAT_CLASS,BEAT_NUMBER,PRIMARY_RD,SECONDARY_RD,DISTANCE,DIRECTION,INTERSECTION,WEATHER_1,WEATHER_2,STATE_HWY_IND,CALTRANS_COUNTY,CALTRANS_DISTRICT,STATE_ROUTE,ROUTE_SUFFIX,POSTMILE_PREFIX,POSTMILE,LOCATION_TYPE,RAMP_INTERSECTION,SIDE_OF_HWY,TOW_AWAY,COLLISION_SEVERITY,NUMBER_KILLED,NUMBER_INJURED,PARTY_COUNT,PRIMARY_COLL_FACTOR,PCF_CODE_OF_VIOL,PCF_VIOL_CATEGORY,PCF_VIOLATION,PCF_VIOL_SUBSECTION,HIT_AND_RUN,TYPE_OF_COLLISION,MVIW,PED_ACTION,ROAD_SURFACE,ROAD_COND_1,ROAD_COND_2,LIGHTING,CONTROL_DEVICE,CHP_ROAD_TYPE,PEDESTRIAN_ACCIDENT,BICYCLE_ACCIDENT,MOTORCYCLE_ACCIDENT,TRUCK_ACCIDENT,NOT_PRIVATE_PROPERTY,ALCOHOL_INVOLVED,STWD_VEHTYPE_AT_FAULT,CHP_VEHTYPE_AT_FAULT,COUNT_SEVERE_INJ,COUNT_VISIBLE_INJ,COUNT_COMPLAINT_PAIN,COUNT_PED_KILLED,COUNT_PED_INJURED,COUNT_BICYCLIST_KILLED,COUNT_BICYCLIST_INJURED,COUNT_MC_KILLED,COUNT_MC_INJURED,PRIMARY_RAMP,SECONDARY_RAMP,LATITUDE,LONGITUDE,COUNTY,CITY,POINT_X,POINT_Y
91354658,2020,2020-11-27,9435,2020-11-18,1615,020836,,3,2,7,1005,0,1,3,,1,168,"SR-168 E/B FROM SHAW AVE W/B","SHAW AVENUE",900.00,E,N,A,-,Y,,,168,,,,R,,E,Y,2,0,3,2,A,-,03,22350,,N,C,C,A,A,H,-,A,A,0,,,,,Y,,D,22,1,0,2,0,0,0,0,0,0,"- ","- ",36.810981750488281,-119.73062896728516,FRESNO,FRESNO,-119.73062896728516,36.810981750488281
91354908,2020,2020-11-30,9435,2020-11-21,0055,018944,,6,3,9,1000,0,1,3,,1,411,"STATE ROUTE 41 SOUTHBOUND","CLAYTON AVENUE",1584.00,N,N,A,-,N,,,41,,,,,,S,Y,2,0,2,1,A,-,01,23152,A,N,F,A,A,A,H,-,D,D,0,,,,,Y,Y,A,01,2,0,0,0,0,0,0,0,0,"- ","- ",36.646308898925781,-119.78591156005859,FRESNO,UNINCORPORATED,-119.78589630126953,36.646308898925781
91360082,2020,2020-12-07,9435,2020-09-04,1507,020078,,5,2,7,1005,0,1,3,,2,105,"SR-99 SOUTHBOUND TO SR-41 SOUTHBOUND","REVEREND CHESTER RIGGINS AVENUE",250.00,N,N,A,-,Y,,,99,,,,R,,S,Y,1,1,2,3,A,-,08,22107,,N,F,A,A,A,H,-,A,D,0,,,,,Y,,A,01,1,0,1,0,0,0,0,0,0,"- ","- ",36.718578338623047,-119.78603363037109,FRESNO,FRESNO,-119.78603363037109,36.718578338623047
91375066,2020,2020-12-24,9435,2020-10-02,0456,020586,,5,3,9,1000,0,3,5,,2,034,"GOLDEN STATE BOULEVARD NORTHBOUND","JEFFERSON AVENUE",136.00,N,N,A,-,N,,,,,,,,,,N,1,1,0,2,A,-,11,21954,A,N,G,B,D,A,H,-,D,D,0,Y,,,,Y,,N,60,0,0,0,1,0,0,0,0,0,"- ","- ",36.656631469726562,-119.71077728271484,FRESNO,UNINCORPORATED,-119.71108245849609,36.656539916992188
91376913,2020,2021-02-19,9435,2020-09-06,0030,019705,,7,3,9,1000,0,1,3,,1,411,"STATE ROUTE 41","HARLAN AVENUE",7392.00,N,N,A,-,Y,,,41,,,,,,,Y,1,1,0,2,A,-,01,23152,A,N,A,C,A,A,H,-,D,D,0,,,,Y,Y,Y,A,01,0,0,0,0,0,0,0,0,0,"- ","- ",36.465709686279297,-119.79477691650391,FRESNO,UNINCORPORATED,-119.79485321044922,36.465721130371094
91378801,2020,2020-12-31,9435,2020-08-13,0204,018609,,4,3,9,1000,0,3,5,,2,050,"AUBERRY ROAD","GREEN MEADOW LANE",1584.00,N,N,A,-,N,,,,,,,,,,Y,1,1,0,1,A,-,01,23152,A,N,E,I,A,A,H,-,D,D,0,,,,,Y,Y,A,01,0,0,0,0,0,0,0,0,0,"- ","- ",37.009281158447266,-119.58628082275391,FRESNO,UNINCORPORATED,-119.58640289306641,37.008579254150391
91379006,2020,2020-12-31,9495,2020-12-25,2104,019104,,5,2,9,1000,0,1,1,,2,002,"INTERSTATE 5 NORTHBOUND","STATE ROUTE 145",10032.00,N,N,A,-,Y,,,5,,,,,,N,Y,2,0,5,2,A,-,07,21658,A,N,C,C,A,A,H,-,D,D,0,,,,,Y,,A,01,1,2,2,0,0,0,0,0,0,"- ","- ",36.317951202392578,-120.28766632080078,FRESNO,UNINCORPORATED,-120.28787994384766,36.317764282226562
91382016,2020,2021-01-06,9435,2020-12-29,1208,019113,,2,1,7,1005,0,1,3,,2,182,"STATE ROUTE 180 WESTBOUND","PEACH AVENUE",1287.00,W,N,A,-,Y,,,180,,,,,,W,Y,2,0,1,3,A,-,07,21658,A,N,B,C,A,A,H,-,A,D,0,,,Y,,Y,,C,02,1,0,0,0,0,0,0,0,1,"- ","- ",36.753620147705078,-119.72293853759766,FRESNO,FRESNO,-119.72293853759766,36.753597259521484
91392763,2020,2021-01-22,9435,2020-11-25,1800,020871,,3,2,9,1000,0,3,5,,2,034,"TEMPERANCE AVENUE","LINCOLN AVENUE",0.00,,Y,A,-,N,,,,,,,,,,Y,1,1,0,2,A,-,12,22450,A,N,D,C,A,A,H,-,D,A,0,,,,Y,Y,,G,25,0,0,0,0,0,0,0,0,0,"- ","- ",36.649021148681641,-119.66413116455078,FRESNO,UNINCORPORATED,-119.66407012939453,36.817420959472656
91392919,2021,2021-01-22,9435,2021-01-16,1515,020019,,6,2,9,1000,0,3,5,,2,015,"BRAWLEY AVENUE","LINCOLN AVENUE",0.00,,Y,A,-,N,,,,,,,,,,Y,1,1,3,2,A,-,12,22450,A,N,D,C,A,A,H,-,A,A,0,,,,,Y,,A,01,0,2,1,0,0,0,0,0,0,"- ","- ",36.648571014404297,-119.86248779296875,FRESNO,UNINCORPORATED,-119.86248016357422,36.648612976074219
91421603,2021,2021-04-09,9435,2021-01-01,0100,020064,,5,3,9,1000,0,3,5,,2,010,"SHAW AVENUE, EASTBOUND","DEL MAR AVENUE",59.00,E,N,B,-,N,,,,,,,,,,Y,1,1,1,1,A,-,01,23152,A,N,E,I,A,A,H,-,D,D,0,,,,,Y,Y,A,01,1,0,0,0,0,0,0,0,0,"- ","- ",36.808399200439453,-119.79463958740234,FRESNO,UNINCORPORATED,-119.79474639892578,36.808422088623047
91424484,2021,2021-03-10,9435,2021-03-03,0723,019113,,3,1,9,1000,0,1,3,,1,146,"STATE ROUTE 145","LINCOLN AVENUE",1427.00,N,N,B,-,Y,,,145,,,,,,,Y,2,0,1,1,A,-,08,22107,,N,F,A,A,A,H,-,A,D,0,,,,,Y,Y,A,07,1,0,0,0,0,0,0,0,0,"- ","- ",36.643520355224609,-120.06123352050781,FRESNO,UNINCORPORATED,-120.06119537353516,36.643520355224609
91424575,2021,2021-03-10,9435,2021-03-03,1952,017310,,3,2,9,1000,0,1,3,,2,181,"STATE ROUTE 180 EASTBOUND","9TH STREET",1320.00,E,N,A,-,Y,,,,,,,,,,N,2,0,1,2,A,-,11,21954,A,N,G,B,E,A,H,-,D,D,0,Y,,,,Y,,N,60,1,0,0,0,1,0,0,0,0,"- ","- ",36.754901885986328,-119.75441741943359,FRESNO,UNINCORPORATED,-120.374755859375,36.750587463378906
91434516,2021,2021-03-24,9435,2021-03-13,0640,020019,,6,1,3,1015,0,1,3,,2,107,"STATE ROUTE 99 SOUTHBOUND","MOUNTAIN VIEW AVENUE",1584.00,N,N,A,-,Y,,,99,,,,,,S,Y,2,0,2,1,A,-,01,23152,A,N,E,I,A,A,H,-,B,D,0,,,,,Y,Y,A,01,1,1,0,0,0,0,0,0,0,"- ","- ",36.550128936767578,-119.60018920898438,FRESNO,SELMA,-119.60010528564453,36.55023193359375
91439675,2021,2021-03-30,9495,2021-03-21,1345,019829,,7,1,9,1000,0,1,3,,1,009,"STATE ROUTE 198 (WARTHAN CANYON ROAD)","PARSONS ROAD",2640.00,W,N,A,-,Y,,,,,,,,,,N,2,0,1,2,A,-,03,22350,,N,D,C,A,A,H,-,A,D,0,,,Y,,Y,,C,02,1,0,0,0,0,0,0,0,1,"- ","- ",36.055850982666016,-120.25079345703125,FRESNO,UNINCORPORATED,-120.42386627197266,36.094619750976562
91447836,2021,2021-04-12,9435,2021-04-03,1935,020078,,6,2,9,1000,0,3,5,,2,020,"HENDERSON ROAD","FLORAL AVENUE",565.00,S,N,A,-,N,,,,,,,,,,Y,2,0,3,2,A,-,01,23152,A,N,A,C,A,A,H,-,B,D,0,,,,,Y,Y,A,01,1,2,0,0,0,0,0,0,0,"- ","- ",36.574741363525391,-119.87017059326172,FRESNO,UNINCORPORATED,-119.87017059326172,36.574741363525391
91449231,2021,2021-04-13,9435,2021-04-08,1640,020429,,4,2,9,1000,0,3,5,,2,060,"DUNLAP ROAD","NIAGARA RIDGE",1700.00,E,N,A,-,N,,,,,,,,,,Y,2,0,1,2,A,-,06,21750,,N,B,C,A,A,H,-,A,D,0,,,Y,,Y,,A,01,1,0,0,0,0,0,0,0,1,"- ","- ",36.699840545654297,-119.07437896728516,FRESNO,UNINCORPORATED,-119.07495880126953,36.699539184570312
91452069,2021,2021-04-16,9435,2021-04-07,1005,014363,,3,1,9,1000,0,3,5,,2,034,"ZEDIKER AVENUE","ROSE AVENUE",0.00,,Y,A,-,N,,,,,,,,,,Y,2,0,2,3,A,-,09,21802,A,N,D,C,A,A,H,-,A,A,0,,,,,Y,,A,07,1,1,0,0,0,0,0,0,0,"- ","- ",36.568489074707031,-119.52130889892578,FRESNO,UNINCORPORATED,-119.52126312255859,36.568511962890625
9145548,2020,2021-06-23,1008,2020-12-26,1453,J310,KINGS,6,5,2,1008,0,0,0,,0,0KI,"DRAPER ST","SIMPSON ST",0.00,,Y,A,-,N,,,,,,,,,,Y,1,1,1,3,A,-,12,21453,A,N,D,C,A,A,H,-,A,A,0,,,Y,Y,Y,,C,02,0,1,0,0,0,0,0,1,0,"- ","- ",36.513519287109375,-119.55426025390625,FRESNO,KINGSBURG,-119.55438995361328,36.513679504394531
91459764,2021,2021-04-27,9435,2021-04-20,0235,020540,,2,3,9,1000,0,3,5,,2,060,"STATE ROUTE 63","ANCHOR AVENUE",2640.00,N,N,A,-,Y,,,63,,,,,,,Y,2,0,2,1,A,-,01,23152,A,N,E,I,A,A,H,-,D,D,0,,,,,Y,Y,A,01,1,0,1,0,0,0,0,0,0,"- ","- ",36.704891204833984,-119.30439758300781,FRESNO,UNINCORPORATED,-119.30448150634766,36.704891204833984
91460330,2021,2021-04-28,9435,2021-04-16,1815,019263,,5,2,9,1000,0,1,3,,1,169,"STATE ROUTE 168","GOOSEBERRY LANE",3168.00,W,N,A,-,Y,,,168,,,,,,,Y,2,0,1,2,A,-,05,21460,A,N,B,C,A,A,H,-,A,D,0,,,Y,,Y,,C,02,1,0,0,0,0,0,0,0,1,"- ","- ",37.008941650390625,-119.52877807617188,FRESNO,UNINCORPORATED,-119.52880096435547,37.008945465087891
91467381,2021,2021-05-06,9435,2021-03-11,1900,019926,,4,2,7,1005,0,1,3,,2,105,"STATE ROUTE 99 SOUTHBOUND","DAKOTA AVENUE",150.00,N,N,B,-,Y,,,99,,,,,,S,Y,1,1,0,2,A,-,11,21954,A,N,G,B,E,A,H,-,D,D,0,Y,,,,Y,,N,60,0,0,0,1,0,0,0,0,0,"- ","- ",36.786849975585938,-119.85485076904297,FRESNO,FRESNO,-119.85459136962891,36.787139892578125
91472386,2021,2021-05-13,9435,2021-05-03,2005,020824,,1,2,9,1000,0,1,3,,2,107,"STATE ROUTE 99 N/B","MOUNTAIN VIEW AVENUE",2640.00,S,N,A,-,Y,,,99,,,,,,N,Y,2,0,2,2,A,-,08,22107,,N,C,C,A,A,D,-,D,D,0,,,,Y,Y,,G,25,1,0,1,0,0,0,0,0,0,"- ","- ",36.542240142822266,-119.59034729003906,FRESNO,UNINCORPORATED,-119.59037017822266,36.542213439941406
91477636,2021,2021-05-20,9435,2021-05-01,0225,019523,,6,3,9,1000,0,3,5,,2,040,"MOUNTAIN VIEW AVE","CHERRY AVENUE",1056.00,E,N,A,-,N,,,,,,,,,,Y,2,0,1,1,A,-,08,22107,,N,E,I,A,A,H,-,D,D,0,,,,,Y,Y,A,01,1,0,0,0,0,0,0,0,0,"- ","- ",36.547420501708984,-119.77764129638672,FRESNO,UNINCORPORATED,-119.77838897705078,36.547378540039062
91490780,2021,2021-06-07,9435,2021-05-14,0850,019962,,5,1,9,1000,0,3,5,,2,015,"JENSEN AVENUE","CORNELIA AVENUE",4.00,E,N,A,-,N,,,,,,,,,,Y,2,0,2,2,A,-,09,21802,A,N,D,C,A,A,H,-,A,A,0,,,,Y,Y,,A,07,1,1,0,0,0,0,0,0,0,"- ","- ",36.706378936767578,-119.88046264648438,FRESNO,UNINCORPORATED,-119.88050842285156,36.7064208984375
91491693,2021,2021-06-08,9435,2021-05-24,0826,018609,,1,1,9,1000,0,3,5,,2,025,"FRIANT ROAD","BIRKHEAD AVENUE",3168.00,N,N,A,-,N,,,,,,,,,,Y,2,0,1,2,A,-,09,21804,A,N,D,C,A,A,H,-,A,D,0,,,,Y,Y,,G,26,1,0,0,0,0,0,0,0,0,"- ","- ",36.930530548095703,-119.73075866699219,FRESNO,UNINCORPORATED,-119.73120880126953,36.929485321044922
91508831,2021,2021-06-29,9435,2021-06-18,1702,018926,,5,2,2,1008,0,1,3,,2,107,"STATE ROUTE 99, NORTHBOUND","SIERRA STREET",1056.00,N,N,A,-,Y,,,99,,,,,,N,Y,2,0,2,3,A,-,03,22350,,N,C,C,A,A,D,-,A,D,0,,,,,Y,,A,01,1,1,0,0,0,0,0,0,0,"- ","- ",36.520000457763672,-119.56390380859375,FRESNO,KINGSBURG,-119.56387329101562,36.520034790039062
91510316,2021,2021-06-30,9435,2021-06-22,1028,018609,,2,1,7,1005,0,1,3,,2,181,"STATE ROUTE 180 WESTBOUND","CEDAR AVENUE",1584.00,W,N,A,-,Y,,,180,,,,,,W,Y,2,0,1,2,A,-,07,21658,A,N,B,C,A,A,H,-,A,D,0,,,Y,,Y,,C,02,1,0,0,0,0,0,0,0,1,"- ","- ",36.755210876464844,-119.75968933105469,FRESNO,FRESNO,-119.75968933105469,36.755149841308594
91515101,2021,2021-07-23,9435,2021-06-28,0440,020680,,1,3,9,1000,0,3,5,,2,034,"DINUBA AVE","LAC JAC AVE",0.00,,Y,A,-,N,,,,,,,,,,Y,2,0,1,2,A,-,12,22450,A,N,D,C,A,A,H,-,D,D,0,,,,,Y,,A,07,1,0,0,0,0,0,0,0,0,"- ","- ",36.589859008789062,-119.48459625244141,FRESNO,UNINCORPORATED,-119.48466491699219,36.589885711669922
91522294,2021,2021-07-16,9435,2021-07-06,1158,020095,,2,1,9,1000,0,3,5,,2,025,"TRIMMER SPRINGS RD","FLUME AVE",9134.00,E,N,A,-,N,,,,,,,,,,Y,2,0,1,2,A,-,03,22350,,N,C,C,A,A,H,-,C,D,0,,,,,Y,,A,07,1,0,0,0,0,0,0,0,0,"- ","- ",36.779560089111328,-119.43260192871094,FRESNO,UNINCORPORATED,-119.44064331054688,36.769489288330078
91528354,2021,2021-08-31,9435,2021-07-24,0347,021178,,6,3,9,1000,0,3,5,,2,030,"FRIANT AVENUE","BLUFF VIEW AVE",1056.00,N,N,A,-,N,,,,,,,,,,N,1,1,0,2,A,-,11,21954,A,N,G,B,E,A,H,-,D,D,0,Y,,,,Y,,N,60,0,0,0,1,0,0,0,0,0,"- ","- ",36.955741882324219,-119.72624969482422,FRESNO,UNINCORPORATED,-119.72579956054688,36.953441619873047
91530887,2021,2021-07-28,9435,2021-06-10,1855,020836,,4,2,9,1000,0,1,3,,1,183,"STATE ROUTE 180 EASTBOUND","MCCALL AVENUE",973.00,W,N,A,-,Y,,,180,,,,,,E,Y,1,1,1,2,A,-,03,22350,,N,C,C,A,A,H,-,A,A,0,,,,,Y,,D,22,0,1,0,0,0,0,0,0,0,"- ","- ",36.735710144042969,-119.61347198486328,FRESNO,UNINCORPORATED,-119.61347198486328,36.735748291015625
91541417,2021,2021-08-10,9435,2021-07-30,1430,020871,,5,2,9,1000,0,1,3,,2,184,"STATE ROUTE 180","KINGS CANYON LODGE",15840.00,E,N,B,-,Y,,,180,,,,,,,Y,2,0,1,1,C,-,18,,,N,E,J,A,A,H,-,A,D,0,,,,,Y,,-,"- ",1,0,0,0,0,0,0,0,0,"- ","- ",36.823921203613281,-118.84787750244141,FRESNO,UNINCORPORATED,-118.847900390625,36.823917388916016
91547168,2021,2021-08-17,9435,2021-08-06,1717,020942,,5,2,9,1000,0,3,5,,2,034,"MCCALL AVENUE","STATE ROUTE 180",85.00,S,N,A,-,N,,,,,,,,,,Y,2,0,1,2,A,-,03,22350,,N,D,C,A,A,H,-,A,D,0,,,Y,,Y,,C,02,1,0,0,0,0,0,0,0,1,"- ","- ",36.735389709472656,-119.61006927490234,FRESNO,UNINCORPORATED,-119.61007690429688,36.735515594482422
91548085,2021,2021-08-18,9495,2021-08-12,0955,019829,,4,1,9,1000,0,1,1,,2,003,"INTERSTATE 5 NORTHBOUND","STATE ROUTE 198",5280.00,S,N,A,-,Y,,,5,,,,,,N,Y,2,0,3,2,A,-,03,22350,,N,C,C,A,A,H,-,A,D,0,,,,Y,Y,,D,22,1,0,2,0,0,0,0,0,0,"- ","- ",36.238151550292969,-120.2335205078125,FRESNO,UNINCORPORATED,-120.23357391357422,36.238113403320312
91558546,2021,2021-08-30,9435,2021-08-23,1438,020429,,1,2,9,1000,0,3,5,,2,060,"AMERICAN AVENUE","COVE ROAD",0.00,,Y,A,-,N,,,,,,,,,,Y,2,0,3,2,A,-,09,21802,A,N,D,C,A,A,H,-,A,D,0,,,,,Y,,A,07,1,2,0,0,0,0,0,0,0,"- ","- ",36.661228179931641,-119.34957885742188,FRESNO,UNINCORPORATED,-119.34967041015625,36.661201477050781
91568091,2021,2022-08-05,9435,2021-09-01,1843,020078,,3,2,9,1000,0,3,5,,2,020,"BOWLES AVENUE","ORMUS AVENUE",110.00,E,N,A,-,N,,,,,,,,,,N,2,0,1,2,A,-,11,21954,A,N,G,B,D,A,H,-,A,D,0,Y,,,,Y,Y,N,60,1,0,0,0,1,0,0,0,0,"- ","- ",36.601081848144531,-119.90303039550781,FRESNO,UNINCORPORATED,-119.90306854248047,36.601051330566406
91569919,2021,2021-09-14,9435,2021-07-14,0935,013660,,3,1,9,1000,0,3,5,,2,034,"DE WOLF AVENUE","NORTH AVENUE",0.00,,Y,A,-,N,,,,,,,,,,Y,1,1,0,2,A,-,12,22450,A,N,D,C,A,A,H,-,A,A,0,,,,,Y,,A,01,0,0,0,0,0,0,0,0,0,"- ","- ",36.692569732666016,-119.64598083496094,FRESNO,UNINCORPORATED,-119.64596557617188,36.692550659179688
91572107,2021,2021-09-16,9435,2021-09-05,2110,021402,,7,2,9,1000,0,3,5,,2,040,"S. ELM AVENUE","HARLAN AVENUE",145.00,N,N,A,-,N,,,,,,,,,,Y,2,0,3,1,A,-,01,23152,A,N,F,A,A,A,H,-,D,D,0,,,,,Y,Y,D,22,3,0,0,0,0,0,0,0,0,"- ","- ",36.446090698242188,-119.79757690429688,FRESNO,UNINCORPORATED,-119.79696655273438,36.445571899414062
91572534,2021,2021-09-16,9435,2021-09-05,1950,021544,,7,2,9,1000,0,3,5,,2,020,"SANTA FE COUNTY ROAD","AMERICAN AVE",500.00,N,N,A,-,N,,,,,,,,,,Y,2,0,1,2,A,-,01,23152,A,N,B,C,A,A,H,-,D,D,0,,,,,Y,Y,A,01,1,0,0,0,0,0,0,0,0,"- ","- ",36.663318634033203,-120.33573913574219,FRESNO,UNINCORPORATED,-120.33538818359375,36.662620544433594
91574525,2021,2021-09-20,9435,2021-09-12,1725,021386,,7,2,9,1000,0,3,5,,2,040,"CONEJO AVENUE","DEL REY AVENUE",1693.00,E,N,A,-,N,,,,,,,,,,Y,2,0,1,1,A,-,01,23152,A,N,E,I,A,A,H,-,A,D,0,,,,,Y,Y,A,01,1,0,0,0,0,0,0,0,0,"- ","- ",36.517948150634766,-119.58743286132812,FRESNO,UNINCORPORATED,-119.58745574951172,36.517982482910156
91576456,2021,2021-09-22,9435,2021-09-11,2205,021247,,6,3,9,1000,0,1,3,,1,180,"STATE ROUTE 180","PANOCHE ROAD",5808.00,E,N,A,-,Y,,,180,,,,,,,Y,2,0,2,2,A,-,01,23153,A,F,B,C,A,A,H,-,D,D,0,,,,,Y,Y,A,01,2,0,0,0,0,0,0,0,0,"- ","- ",36.733188629150391,-120.338623046875,FRESNO,UNINCORPORATED,-120.338623046875,36.733211517333984
91583082,2021,2022-04-26,9435,2021-07-31,0125,021247,,6,3,7,1005,0,1,3,,2,105,"STATE ROUTE 99 NORTHBOUND","CLINTON AVENUE",1795.00,S,N,A,-,Y,,,99,,,,,,N,N,1,1,0,2,A,-,11,21954,A,N,G,B,D,A,H,-,D,D,0,Y,,,,Y,Y,N,60,0,0,0,1,0,0,0,0,0,"- ","- ",36.767410278320312,-119.83561706542969,FRESNO,FRESNO,-119.83567047119141,36.767379760742188
91590583,2021,2021-10-07,9435,2021-09-26,0935,021315,,7,1,9,1000,0,3,5,,2,020,SR-43,"CONEJO AVENUE",2.00,W,N,A,-,N,,,43,,,,,,,Y,2,0,1,2,A,-,06,21755,A,N,D,C,A,A,H,-,A,A,0,,,Y,Y,Y,,C,02,1,0,0,0,0,0,0,0,1,"- ","- ",36.518180847167969,-119.62905120849609,FRESNO,UNINCORPORATED,-119.62894439697266,36.518180847167969
91593494,2021,2021-10-11,9495,2021-10-03,0435,021351,,7,3,9,1000,0,1,1,,2,001,"INTERSTATE 5 (NORTHBOUND)","STATE ROUTE 33 (DERRRICK AVE)",3168.00,N,N,A,-,Y,,,5,,,,,,,Y,2,0,2,2,A,-,01,23152,A,N,C,C,A,A,H,-,C,D,0,,,,Y,Y,Y,A,01,2,0,0,0,0,0,0,0,0,"- ","- ",36.443038940429688,-120.40045928955078,FRESNO,UNINCORPORATED,-120.40046691894531,36.443031311035156
91595703,2021,2021-10-13,9435,2021-09-22,2248,019523,,3,3,9,1000,0,1,3,,1,411,"STATE ROUTE 41 SOUTHBOUND","AMERICAN AVENUE",1100.00,S,N,A,-,Y,,,41,,,,,,S,Y,2,0,2,1,A,-,01,23152,A,N,F,A,A,A,H,-,D,D,0,,,,,Y,Y,A,01,2,0,0,0,0,0,0,0,0,"- ","- ",36.660179138183594,-119.78597259521484,FRESNO,UNINCORPORATED,-119.78610992431641,36.660179138183594
91601718,2021,2021-10-20,9435,2021-06-11,1930,018914,,5,2,7,1005,0,1,3,,1,168,"STATE ROUTE 168 WESTBOUND","BULLARD AVENUE",677.00,W,N,A,-,Y,,,,,,,,,,Y,1,1,0,1,A,-,08,22107,,N,E,I,A,A,H,-,A,D,0,,,Y,,Y,,C,02,0,0,0,0,0,0,0,1,0,"- ","- ",36.821498870849609,-119.71943664550781,FRESNO,FRESNO,-119.71878051757812,36.821910858154297
91605837,2021,2021-10-25,9435,2021-10-15,1835,021179,,5,2,7,1005,0,3,5,,2,010,"SR-145 N/B","BARSTOW AVENUE",1500.00,N,N,A,-,Y,,,,,,,,,,Y,2,0,1,1,A,-,08,22107,,N,F,A,A,A,H,-,D,D,0,,,Y,,Y,,C,02,1,0,0,0,0,0,0,0,1,"- ","- ",36.820240020751953,-120.05610656738281,FRESNO,FRESNO,-120.05613708496094,36.818439483642578
91606749,2021,2021-10-29,9435,2021-10-15,2100,020586,,5,2,9,1000,0,3,5,,2,040,"EAST AVENUE","ADAMS AVENUE",0.00,,Y,A,-,N,,,,,,,,,,Y,2,0,3,2,A,-,01,23152,A,N,D,C,A,A,H,-,D,A,0,,,,,Y,Y,A,01,1,2,0,0,0,0,0,0,0,"- ","- ",36.634319305419922,-119.7728271484375,FRESNO,UNINCORPORATED,-119.77278900146484,36.634311676025391
91615045,2021,2021-11-03,9435,2021-10-17,0405,019523,,7,3,9,1000,0,3,5,,2,010,"COLORADO AVENUE","MORTON AVENUE",1500.00,N,N,A,-,N,,,,,,,,,,Y,2,0,1,1,A,-,01,23152,A,N,F,A,A,A,H,-,D,D,0,,,,,Y,Y,A,01,1,0,0,0,0,0,0,0,0,"- ","- ",36.646308898925781,-120.24447631835938,FRESNO,UNINCORPORATED,-120.24393463134766,36.646217346191406
91621991,2021,2021-11-10,9435,2021-11-06,1623,020019,,6,2,9,1000,0,1,3,,1,169,"STATE ROUTE 168","AUBERRY ROAD",528.00,E,N,A,-,Y,,,168,,,,,,,Y,2,0,1,1,A,-,08,22107,,N,F,A,A,A,H,-,A,D,0,,,Y,,Y,,C,02,1,0,0,0,0,0,0,0,1,"- ","- ",37.060718536376953,-119.36322021484375,FRESNO,UNINCORPORATED,-119.36325836181641,37.060787200927734
91623018,2021,2021-11-12,9435,2021-10-15,0942,017052,,5,1,7,1005,0,1,3,,2,105,"SR-99 S/B","ASHLAN AVE",528.00,N,N,A,-,Y,,,99,,,,,,S,Y,2,0,4,3,A,-,07,21658,A,N,B,C,A,A,H,-,A,D,0,,,,Y,Y,,A,08,1,0,3,0,0,0,0,0,0,"- ","- ",36.796939849853516,-119.87065124511719,FRESNO,FRESNO,-119.87061309814453,36.796989440917969
91624857,2021,2021-11-15,9435,2021-11-04,0213,021153,,4,3,9,1000,0,1,3,,2,181,"STATE ROUTE 180 (WESTBOUND)","STATE ROUTE 99",686.00,E,N,A,-,Y,,,,,,,,,,Y,2,0,1,1,A,-,01,23152,A,N,E,I,A,A,H,-,D,D,0,,,,,Y,Y,A,01,1,0,0,0,0,0,0,0,0,"- ","- ",36.742210388183594,-119.81279754638672,FRESNO,UNINCORPORATED,-119.81269073486328,36.741779327392578
91626397,2021,2023-01-30,9435,2021-11-14,0110,021402,,7,3,9,1000,0,3,5,,2,010,"OLIVE AVENUE","BLYTHE AVENUE",45.00,E,N,E,-,N,,,,,,,,,,Y,2,0,2,2,A,-,08,22107,,M,D,C,A,B,H,-,D,D,0,,,,,Y,Y,A,07,1,1,0,0,0,0,0,0,0,"- ","- ",36.757308959960938,-119.87091064453125,FRESNO,UNINCORPORATED,-119.87104797363281,36.757301330566406
91630792,2021,2021-11-19,9435,2021-11-09,2152,020064,,2,2,7,1005,0,1,3,,2,410,"STATE ROUTE 41 (SR-41) SOUTHBOUND","BULLARD AVENUE",250.00,S,N,B,-,Y,,,41,,,,,,S,Y,2,0,2,2,A,-,01,23152,A,F,C,C,A,A,H,-,D,D,0,,,Y,,Y,Y,A,01,1,1,0,0,0,0,0,0,1,"- ","- ",36.822181701660156,-119.78540802001953,FRESNO,FRESNO,-119.78543090820312,36.822181701660156