CASE_ID,ACCIDENT_YEAR,PROC_DATE,JURIS,COLLISION_DATE,COLLISION_TIME,OFFICER_ID,REPORTING_DISTRICT,DAY_OF_WEEK,CHP_SHIFT,POPULATION,CNTY_CITY_LOC,SPECIAL_COND,BEAT_TYPE,CHP_BEAT_TYPE,CITY_DIVISION_LAPD,CHP_BEAT_CLASS,BEAT_NUMBER,PRIMARY_RD,SECONDARY_RD,DISTANCE,DIRECTION,INTERSECTION,WEATHER_1,WEATHER_2,STATE_HWY_IND,CALTRANS_COUNTY,CALTRANS_DISTRICT,STATE_ROUTE,ROUTE_SUFFIX,POSTMILE_PREFIX,POSTMILE,LOCATION_TYPE,RAMP_INTERSECTION,SIDE_OF_HWY,TOW_AWAY,COLLISION_SEVERITY,NUMBER_KILLED,NUMBER_INJURED,PARTY_COUNT,PRIMARY_COLL_FACTOR,PCF_CODE_OF_VIOL,PCF_VIOL_CATEGORY,PCF_VIOLATION,PCF_VIOL_SUBSECTION,HIT_AND_RUN,TYPE_OF_COLLISION,MVIW,PED_ACTION,ROAD_SURFACE,ROAD_COND_1,ROAD_COND_2,LIGHTING,CONTROL_DEVICE,CHP_ROAD_TYPE,PEDESTRIAN_ACCIDENT,BICYCLE_ACCIDENT,MOTORCYCLE_ACCIDENT,TRUCK_ACCIDENT,NOT_PRIVATE_PROPERTY,ALCOHOL_INVOLVED,STWD_VEHTYPE_AT_FAULT,CHP_VEHTYPE_AT_FAULT,COUNT_SEVERE_INJ,COUNT_VISIBLE_INJ,COUNT_COMPLAINT_PAIN,COUNT_PED_KILLED,COUNT_PED_INJURED,COUNT_BICYCLIST_KILLED,COUNT_BICYCLIST_INJURED,COUNT_MC_KILLED,COUNT_MC_INJURED,PRIMARY_RAMP,SECONDARY_RAMP,LATITUDE,LONGITUDE,COUNTY,CITY,POINT_X,POINT_Y
91638577,2021,2021-11-30,9435,2021-11-22,0825,020078,,1,1,9,1000,0,3,5,,2,040,"MCMULLIN GRADE","SOUTH AVENUE",35.00,N,N,E,-,N,,,,,,,,,,Y,2,0,5,2,A,-,06,21751,,F,E,J,A,B,H,-,A,D,0,,,,,Y,,-,99,1,3,1,0,0,0,0,0,0,"- ","- ",36.618171691894531,-120.02555084228516,FRESNO,UNINCORPORATED,-120.02566528320312,36.618118286132812
91641169,2021,2021-12-02,9495,2021-11-24,0855,019733,,3,1,9,1000,0,1,1,,2,001,"INTERSTATE 5 SOUTHBOUND","MOUNTAIN VIEW AVENUE",3696.00,N,N,A,-,Y,,,5,,,,,,S,Y,2,0,1,2,A,-,07,21658,A,F,B,C,A,A,H,-,A,D,0,,,,,Y,,A,01,1,0,0,0,0,0,0,0,0,"- ","- ",36.561740875244141,-120.52887725830078,FRESNO,UNINCORPORATED,-120.52900695800781,36.561573028564453
91644960,2021,2021-12-07,9435,2021-11-23,1200,020481,,2,1,9,1000,0,1,3,,2,105,"STATE ROUTE 99 SOUTHBOUND","CLINTON AVENUE",1490.00,S,N,A,-,Y,,,,,,,,,,N,2,0,1,1,C,-,18,,,N,H,H,A,A,H,-,A,D,0,,,Y,,Y,,-,"- ",1,0,0,0,0,0,0,0,1,"- ","- ",36.768440246582031,-119.83670806884766,FRESNO,UNINCORPORATED,-119.83786773681641,36.770591735839844
91644974,2021,2021-12-07,9435,2021-11-30,0645,017310,,2,1,9,1000,0,1,3,,2,181,SR-180,"MAPLE AVENUE",700.00,E,N,A,-,Y,,,,,,,,,,Y,2,0,1,3,A,-,03,22350,,N,C,C,A,A,H,-,A,D,0,,,,,Y,,D,22,1,0,0,0,0,0,0,0,0,"- ","- ",36.754871368408203,-119.74294281005859,FRESNO,UNINCORPORATED,-119.74417114257812,36.754859924316406
91658707,2021,2021-12-22,9435,2021-12-19,2210,021178,,7,3,9,1000,0,1,3,,2,182,"SR-180 E/B","WILLOW AVE",681.00,E,N,E,-,Y,,,180,,,,,,E,Y,2,0,1,2,A,-,01,23152,A,N,A,C,A,A,H,-,D,D,0,,,,,Y,Y,D,22,1,0,0,0,0,0,0,0,0,"- ","- ",36.753379821777344,-119.72299957275391,FRESNO,UNINCORPORATED,-119.72299957275391,36.753353118896484
91670476,2021,2022-01-05,9435,2021-12-26,0710,019263,,7,1,9,1000,0,1,3,,1,147,"STATE ROUTE 168","BEAL FIRE ROAD",1056.00,W,N,B,-,Y,,,168,,,,,,,Y,2,0,1,1,A,-,03,22350,,N,E,I,A,C,H,-,A,D,0,,,,,Y,,D,22,1,0,0,0,0,0,0,0,0,"- ","- ",37.046489715576172,-119.40828704833984,FRESNO,UNINCORPORATED,-119.40824127197266,37.046524047851562
91677732,2022,2022-01-13,9435,2022-01-08,1320,020019,,6,1,9,1000,0,3,5,,2,034,"KINGS CANYON ROAD","STANFORD AVENUE",0.00,,Y,A,-,N,,,,,,,,,,N,2,0,1,2,A,-,05,21650,,N,D,G,A,A,H,-,A,A,0,,Y,,,Y,,L,04,1,0,0,0,0,0,1,0,0,"- ","- ",36.736549377441406,-119.68601226806641,FRESNO,UNINCORPORATED,-119.68606567382812,36.736579895019531
91680106,2022,2022-01-18,9435,2022-01-11,1755,020836,,2,2,9,1000,0,3,5,,2,040,"KEARNEY BOULEVARD","HAYES AVENUE",0.00,,Y,A,-,N,,,,,,,,,,Y,2,0,2,2,A,-,05,21752,D,N,B,C,A,A,H,-,D,D,0,,,,,Y,,D,22,1,0,1,0,0,0,0,0,0,"- ","- ",36.728141784667969,-119.89875793457031,FRESNO,UNINCORPORATED,-119.89875793457031,36.728126525878906
91682698,2022,2022-01-27,9435,2022-01-14,1014,020592,,5,1,9,1000,0,3,5,,2,010,"SHAW AVENUE","FLOYD AVENUE",182.00,W,N,E,-,N,,,,,,,,,,Y,2,0,1,2,A,-,05,21650,,N,A,C,A,A,H,-,A,D,0,,,,Y,Y,,A,01,1,0,0,0,0,0,0,0,0,"- ","- ",36.807720184326172,-119.99817657470703,FRESNO,UNINCORPORATED,-119.99810028076172,36.807743072509766
91685995,2022,2022-01-26,9495,2022-01-19,1845,019104,,3,2,9,1000,0,1,3,,1,009,"STATE ROUTE 198 (WARTHAN CANYON)","COALINGA MINERAL SPRINGS ROAD",2640.00,E,N,B,-,Y,FRE,,198,,,10.217,H,,R,Y,2,0,1,1,A,-,03,22350,,N,E,I,A,A,H,-,D,D,0,,,Y,,Y,,C,02,1,0,0,0,0,0,0,0,1,"- ","- ",36.092159271240234,-120.51419830322266,FRESNO,UNINCORPORATED,-120.51414489746094,36.092250823974609
91696269,2022,2022-02-08,9495,2022-02-01,1755,019453,,2,2,9,1000,0,1,1,,2,001,"INTERSTATE 5 NORTHBOUND","HUDSON AVENUE",4488.00,S,N,A,G,Y,FRE,,5,,,42.339,H,,R,Y,2,0,1,1,A,-,08,22107,,N,F,A,A,A,H,-,B,D,0,,,,,Y,,D,22,1,0,0,0,0,0,0,0,0,"- ","- ",36.570529937744141,-120.54013061523438,FRESNO,UNINCORPORATED,-120.54019927978516,36.570472717285156
91704122,2022,2022-02-18,9435,2022-01-28,2208,021247,,5,3,7,1005,0,1,3,,2,105,"STATE ROUTE 99  SOUTHBOUND","CLINTON AVENUE",3802.00,N,N,A,-,Y,FRE,,99,,R,25.168,H,,L,Y,1,1,0,1,A,-,08,22107,,N,E,I,A,A,H,-,D,D,0,,,,,Y,Y,A,01,0,0,0,0,0,0,0,0,0,"- ","- ",36.780120849609375,-119.84755706787109,FRESNO,FRESNO,-119.84743499755859,36.78021240234375
91704177,2022,2022-02-18,9435,2022-02-08,1822,020122,,2,2,9,1000,0,1,3,,1,183,"STATE ROUTE 180","DE WOLF AVENUE",0.00,,Y,A,-,Y,FRE,,180,,R,66.354,H,,R,Y,2,0,1,2,A,-,01,23152,A,N,A,C,A,A,H,-,C,A,0,,,,,Y,Y,D,22,1,0,0,0,0,0,0,0,0,"- ","- ",36.736930847167969,-119.64598846435547,FRESNO,UNINCORPORATED,-119.64598846435547,36.736930847167969
91710012,2022,2022-02-25,9435,2022-02-17,1830,020193,,4,2,9,1000,0,3,5,,2,034,"ROSE AVENUE","ZEDIKER AVENUE",0.00,,Y,A,-,N,,,,,,,,,,Y,2,0,3,3,A,-,09,21802,A,N,D,C,A,A,H,-,D,A,0,,,,,Y,,A,01,1,1,1,0,0,0,0,0,0,"- ","- ",36.568500518798828,-119.52124786376953,FRESNO,UNINCORPORATED,-119.52126312255859,36.568511962890625
91712060,2022,2022-03-01,9435,2022-02-20,2230,021299,,7,3,9,1000,0,3,5,,2,040,"COLORADO RD.","ADAMS AVE",1090.00,S,N,A,-,N,,,,,,,,,,Y,2,0,1,1,A,-,08,22107,,N,E,I,A,A,H,-,D,D,0,,,,,Y,,A,07,1,0,0,0,0,0,0,0,0,"- ","- ",36.628849029541016,-120.21939849853516,FRESNO,UNINCORPORATED,-120.22080230712891,36.629814147949219
91714752,2022,2022-03-03,9435,2022-02-28,0430,021247,,1,3,9,1000,0,3,5,,2,010,"MARKS AVENUE","BELMONT AVENUE",187.00,N,N,A,-,N,,,,,,,,,,Y,2,0,1,1,A,-,08,22107,,N,E,I,A,A,H,-,D,D,0,,,,,Y,,D,22,1,0,0,0,0,0,0,0,0,"- ","- ",36.750850677490234,-119.84416198730469,FRESNO,UNINCORPORATED,-119.84429931640625,36.750652313232422
91718936,2022,2022-03-09,9435,2022-03-04,0210,020680,,5,3,5,1001,0,1,3,,1,168,"STATE ROUTE 168 EASTBOUND","HERNDON AVE",246.00,E,N,B,-,Y,FRE,,168,,R,6.946,H,,R,Y,2,0,1,1,A,-,01,23152,A,N,E,I,A,A,H,-,C,D,0,,,,,Y,Y,D,22,1,0,0,0,0,0,0,0,0,"- ","- ",36.838058471679688,-119.70279693603516,FRESNO,CLOVIS,-119.70257568359375,36.837928771972656
91720086,2022,2022-03-10,9435,2022-03-03,0745,015890,,4,1,9,1000,0,3,5,,2,015,"BUTTE AVE","NORTH AVE",803.00,N,N,A,-,N,,,,,,,,,,Y,2,0,1,1,A,-,08,22107,,N,E,I,A,A,H,-,A,D,0,,,,,Y,,-,"- ",1,0,0,0,0,0,0,0,0,"- ","- ",36.692989349365234,-120.15122222900391,FRESNO,UNINCORPORATED,-120.15123748779297,36.692966461181641
91726438,2022,2022-03-18,9435,2022-03-13,1404,020836,,7,2,9,1000,0,1,3,,2,107,"SR-99 S/B TO MANNING AVENUE","MANNING AVENUE",360.00,S,N,A,-,Y,,,,,,,,,,Y,2,0,1,1,A,-,03,22350,,N,E,I,A,A,H,-,A,A,0,,,,,Y,,A,01,1,0,0,0,0,0,0,0,0,"- ","- ",36.604351043701172,-119.66098022460938,FRESNO,UNINCORPORATED,-119.66098022460938,36.604351043701172
91728478,2022,2022-03-22,9435,2022-03-11,2223,021153,,5,3,9,1000,0,3,5,,2,034,"BELMONT AVENUE (EASTBOUND)","DEWITT AVENUE",13.00,E,N,A,-,N,,,,,,,,,,Y,2,0,5,1,A,-,01,23152,A,N,E,I,A,A,H,-,D,D,0,,,,,Y,Y,A,07,4,1,0,0,0,0,0,0,0,"- ","- ",36.750308990478516,-119.70455932617188,FRESNO,UNINCORPORATED,-119.70459747314453,36.750370025634766
91750390,2022,2022-04-18,9435,2022-04-10,0055,020854,,7,3,9,1000,0,3,5,,2,020,"WALNUT AVENUE","SOUTH AVENUE",1115.00,S,N,A,-,N,,,,,,,,,,Y,2,0,1,1,A,-,01,23152,A,N,E,I,A,A,H,-,D,D,0,,,,,Y,Y,A,07,1,0,0,0,0,0,0,0,0,"- ","- ",36.616531372070312,-119.8089599609375,FRESNO,UNINCORPORATED,-120.17391967773438,36.618240356445312
91758493,2022,2022-04-28,9435,2022-04-17,2225,020062,,7,3,7,1005,0,1,3,,2,410,"SR41 SOUTHBOUND","VANNESS AVE",300.00,N,N,A,-,Y,FRE,,41,,R,22.707,H,,L,Y,2,0,1,2,A,-,01,23152,A,M,B,C,A,A,H,-,D,D,0,,,,,Y,Y,A,01,1,0,0,0,0,0,0,0,0,"- ","- ",36.729461669921875,-119.78230285644531,FRESNO,FRESNO,-119.78223419189453,36.729415893554688
91761938,2022,2022-05-02,9435,2022-04-23,1735,016507,,6,2,9,1000,0,3,5,,2,060,"PARLIER AVE","ENGLEHART AVE",0.00,,Y,A,-,N,,,,,,,,,,Y,2,0,6,2,A,-,12,22450,A,N,D,C,A,A,H,-,A,A,0,,,,,Y,,A,01,2,3,1,0,0,0,0,0,0,"- ","- ",36.611301422119141,-119.41297149658203,FRESNO,UNINCORPORATED,-119.41304779052734,36.611278533935547
91788631,2022,2022-06-06,9435,2022-05-31,1140,020540,,2,1,9,1000,0,1,3,,2,184,"STATE ROUTE 180","3000' ELEVATION",6864.00,W,N,A,-,Y,FRE,,180,,,98.134,H,,R,Y,2,0,1,1,A,-,08,22107,,N,F,A,A,A,H,-,A,D,0,,,,,Y,,A,07,1,0,0,0,0,0,0,0,0,"- ","- ",36.758319854736328,-119.12196350097656,FRESNO,UNINCORPORATED,-119.12196350097656,36.75836181640625
91792104,2022,2022-06-09,9461,2022-05-27,1616,017029,,5,2,9,1000,0,2,4,,1,610,"FAIRFAX AVE.","NEES AVE",0.00,,Y,B,-,N,,,,,,,,,,Y,2,0,5,2,A,-,12,22450,A,N,D,C,A,A,H,-,A,A,0,,,,,Y,,A,01,1,1,3,0,0,0,0,0,0,"- ","- ",36.850948333740234,-120.56330108642578,FRESNO,UNINCORPORATED,-120.56328582763672,36.850914001464844
91797876,2022,2022-06-17,9435,2022-06-11,1710,016507,,6,2,9,1000,0,3,5,,2,060,"REED AVE","CENTRAL AVE",0.00,,Y,A,-,N,,,,,,,,,,Y,2,0,4,2,A,-,09,21801,A,N,D,C,A,A,H,-,A,D,0,,,,,Y,,D,22,1,3,0,0,0,0,0,0,0,"- ","- ",36.676841735839844,-119.45741271972656,FRESNO,UNINCORPORATED,-119.45745086669922,36.676853179931641
91820470,2022,2022-07-19,9435,2022-03-14,2500,021148,,1,4,9,1000,0,3,5,,2,020,"DINUBA AVENUE","PLUMAS AVENUE",341.00,E,N,A,-,N,,,,,,,,,,Y,1,1,0,1,A,-,01,23152,A,N,E,I,A,A,H,-,D,D,0,,,,,Y,Y,A,01,0,0,0,0,0,0,0,0,0,"- ","- ",36.58905029296875,-120.14103698730469,FRESNO,UNINCORPORATED,-120.14105224609375,36.589126586914062
91826318,2022,2022-07-27,9435,2022-03-19,2233,021402,,6,3,9,1000,0,1,3,,1,180,"STATE ROUTE 180 WESTBOUND","JAMES ROAD",992.00,E,N,A,-,Y,FRE,,180,,,34.786,H,,L,Y,1,1,1,2,A,-,11,21954,A,N,G,B,E,A,H,-,D,D,0,Y,,,,Y,,N,60,0,1,0,1,0,0,0,0,0,"- ","- ",36.734638214111328,-120.20163726806641,FRESNO,UNINCORPORATED,-120.20163726806641,36.734588623046875
91832253,2022,2022-08-03,9435,2022-06-18,1135,019548,,6,1,9,1000,0,3,5,,2,050,"PITTMAN HILL ROAD","STONEY HILL LANE",353.00,S,N,A,-,N,,,,,,,,,,Y,1,1,0,1,A,-,08,22107,,N,E,I,A,A,H,-,A,D,0,,,,,Y,,A,07,0,0,0,0,0,0,0,0,0,"- ","- ",36.9334716796875,-119.45762634277344,FRESNO,UNINCORPORATED,-119.45758056640625,36.933475494384766
91833441,2022,2022-08-04,9435,2022-07-28,1550,021148,,4,2,9,1000,0,3,5,,2,025,"COPPER AVE","PEACH AVENUE",305.00,W,N,A,-,N,,,,,,,,,,Y,2,0,1,2,A,-,06,21760,B,N,C,G,A,A,H,-,A,D,0,,Y,,,Y,,A,01,1,0,0,0,0,0,1,0,0,"- ","- ",36.895919799804688,-119.72135162353516,FRESNO,UNINCORPORATED,-119.72127532958984,36.895881652832031
91836432,2022,2022-08-09,9435,2022-07-31,0230,016860,,7,3,9,1000,0,3,5,,2,050,"AUBERRY ROAD","CORLEW MTN RD",2640.00,N,N,A,-,N,,,,,,,,,,N,2,0,1,2,D,-,00,,,F,G,B,E,A,H,-,D,D,0,Y,,,,Y,Y,-,"- ",1,0,0,0,1,0,0,0,0,"- ","- ",37.021419525146484,-119.54412841796875,FRESNO,UNINCORPORATED,-119.54324340820312,37.022815704345703
91841218,2022,2022-08-16,9435,2022-04-24,1545,021179,,7,2,9,1000,0,3,5,,2,040,"CHESTNUT AVENUE","CLAYTON AVENUE",0.00,,Y,A,-,N,,,,,,,,,,Y,1,1,1,4,A,-,12,22450,A,N,D,C,A,A,H,-,A,A,0,,,,,Y,,A,07,1,0,0,0,0,0,0,0,0,"- ","- ",36.641689300537109,-119.73681640625,FRESNO,UNINCORPORATED,-119.73677825927734,36.641674041748047
91854602,2022,2022-08-31,9435,2022-08-21,1105,020680,,7,1,9,1000,0,3,5,,2,025,"FRIANT RD","BELCHER ST",95.00,S,N,A,-,N,,,,,,,,,,Y,2,0,1,1,A,-,03,22350,,N,E,I,A,A,H,-,A,D,0,,,Y,,Y,,C,02,1,0,0,0,0,0,0,0,1,"- ","- ",36.978748321533203,-119.71938323974609,FRESNO,UNINCORPORATED,-119.71954345703125,36.9788818359375
91863405,2022,2022-09-13,9461,2022-08-07,2500,018586,,7,4,9,1000,0,3,5,,2,060,"NORTH SAN DIEGO AVENUE","BULLARD AVENUE",2000.00,S,N,A,-,N,,,,,,,,,,Y,1,1,0,1,A,-,08,22107,,N,E,I,A,A,H,-,D,C,0,,,,,Y,,A,01,0,0,0,0,0,0,0,0,0,"- ","- ",36.816158294677734,-120.44007873535156,FRESNO,UNINCORPORATED,-120.4400634765625,36.816108703613281
91870211,2022,2022-09-21,9435,2022-05-30,1655,021299,,1,2,9,1000,0,3,5,,2,015,"SOUTH AVENUE","CHERRY AVENUE",0.00,,Y,A,-,N,,,,,,,,,,Y,1,2,2,2,A,-,09,21801,A,N,D,C,A,A,H,-,A,A,0,,,,,Y,,D,22,1,1,0,0,0,0,0,0,0,"- ","- ",36.619781494140625,-119.78189086914062,FRESNO,UNINCORPORATED,-119.78185272216797,36.619739532470703
91872013,2022,2022-09-23,9435,2022-09-22,0605,015095,,4,1,7,1005,0,1,3,,2,410,"SR-41 S/B","GETTYSBURG AVENUE",100.00,S,N,A,-,Y,FRE,,41,,R,27.947,H,,L,Y,2,0,1,2,A,-,01,23152,A,N,C,C,A,A,H,-,C,D,0,,,,,Y,Y,A,07,1,0,0,0,0,0,0,0,0,"- ","- ",36.800979614257812,-119.78556060791016,FRESNO,FRESNO,-119.78549957275391,36.800979614257812
91876563,2022,2022-09-29,9435,2022-09-23,1155,015986,,5,1,7,1005,0,1,3,,2,105,SR99,"GOLDEN STATE BLVD",354.00,S,N,A,-,Y,FRE,,99,,R,25.858,H,,R,Y,2,0,2,2,A,-,03,22350,,N,C,C,A,A,H,-,A,D,0,,,,,Y,,D,22,1,1,0,0,0,0,0,0,0,"- ","- ",36.787849426269531,-119.85559844970703,FRESNO,FRESNO,-119.85559844970703,36.787853240966797
91876618,2022,2022-09-29,9435,2022-09-25,1953,021153,,7,2,7,1005,0,1,3,,2,181,"STATE ROUTE 180 (WESTBOUND)","BLACKSTONE AVENUE",1426.00,E,N,A,-,Y,FRE,,180,,R,58.214,H,,R,Y,2,0,1,1,A,-,03,22350,,N,E,I,A,A,H,-,D,D,0,,,,,Y,,A,01,1,0,0,0,0,0,0,0,0,"- ","- ",36.753261566162109,-119.78437042236328,FRESNO,FRESNO,-119.78432464599609,36.753089904785156
91889921,2022,2022-10-13,9435,2022-08-08,1202,020429,,1,1,9,1000,0,3,5,,2,060,"MANNING AVENUE","HILLS VALLEY ROAD",0.00,,Y,A,-,N,,,,,,,,,,Y,1,2,1,2,A,-,12,22450,A,N,D,C,A,A,H,-,A,D,0,,,,Y,Y,,A,07,0,1,0,0,0,0,0,0,0,"- ","- ",36.602691650390625,-119.30484771728516,FRESNO,UNINCORPORATED,-119.30484771728516,36.602703094482422
91889924,2022,2022-10-13,9435,2022-05-23,0244,021589,,1,3,9,1000,0,3,5,,2,015,"ELM AVENUE","NORTH AVENUE",1267.00,S,N,A,-,N,,,,,,,,,,Y,1,1,0,2,A,-,01,23152,G,N,D,C,A,A,H,-,D,D,0,,,,Y,Y,Y,A,01,0,0,0,0,0,0,0,0,0,"- ","- ",36.688800811767578,-119.79078674316406,FRESNO,UNINCORPORATED,-119.79078674316406,36.688800811767578
91895461,2022,2022-10-20,9435,2022-10-10,1233,015890,,1,1,9,1000,0,3,5,,2,015,"MARKS AVE","LINCOLN AVE",0.00,,Y,A,-,N,,,,,,,,,,Y,2,0,2,2,A,-,12,22450,A,N,D,C,A,A,H,-,A,A,0,,,,,Y,,A,07,2,0,0,0,0,0,0,0,0,"- ","- ",36.648601531982422,-119.84446716308594,FRESNO,UNINCORPORATED,-119.844482421875,36.648601531982422
91899582,2021,2022-10-26,9435,2021-09-06,2053,020095,,1,2,2,1004,0,1,3,,2,106,"STATE ROUTE 99 NORTHBOUND","MERCED STREET",740.00,N,N,A,-,Y,,,99,,,,,,N,Y,1,1,0,3,A,-,11,21954,A,N,G,B,E,A,H,-,D,D,0,Y,,,,Y,,N,60,0,0,0,1,0,0,0,0,0,"- ","- ",36.628318786621094,-119.68604278564453,FRESNO,FOWLER,-119.68608093261719,36.628276824951172
91899587,2022,2022-10-26,9435,2022-06-24,1052,020095,,5,1,9,1000,0,3,5,,2,020,"MARKS AVENUE","MANNING AVENUE",0.00,,Y,A,-,N,,,,,,,,,,Y,1,1,0,2,A,-,09,21802,A,N,D,C,A,A,H,-,A,A,0,,,,Y,Y,,D,22,0,0,0,0,0,0,0,0,0,"- ","- ",36.605121612548828,-119.84480285644531,FRESNO,UNINCORPORATED,-119.84480285644531,36.605098724365234
91907350,2022,2022-11-02,9435,2022-10-22,1830,021402,,6,2,9,1000,0,3,5,,2,015,"CENTRAL AVENUE","FIG AVENUE",80.00,E,N,A,-,N,,,,,,,,,,N,2,0,1,2,A,-,05,21202,A,F,C,G,A,A,H,-,D,D,0,,Y,,,Y,,L,04,1,0,0,0,0,0,1,0,0,"- ","- ",36.677860260009766,-119.79947662353516,FRESNO,UNINCORPORATED,-119.79954528808594,36.677841186523438
91908494,2022,2022-11-03,9435,2022-10-25,1005,014363,,2,1,9,1000,0,3,5,,2,034,"CALVIN AENUE","CHESTNUT AVENUE",0.00,,Y,A,-,N,,,,,,,,,,Y,2,0,2,2,A,-,09,21802,B,N,D,C,A,A,H,-,A,A,0,,,,,Y,,A,01,1,0,1,0,0,0,0,0,0,"- ","- ",36.685260772705078,-119.73665618896484,FRESNO,UNINCORPORATED,,
91911168,2022,2022-11-07,9435,2022-06-23,1110,020095,,4,1,9,1000,0,3,5,,2,040,"BETHEL AVENUE","CLARKSON AVENUE",0.00,,Y,A,-,N,,,,,,,,,,Y,1,1,1,2,A,-,12,22450,A,M,D,C,A,A,H,-,A,A,0,,,,,Y,,A,01,0,0,1,0,0,0,0,0,0,"- ","- ",36.503459930419922,-119.57514953613281,FRESNO,UNINCORPORATED,-119.57514190673828,36.503452301025391
91927580,2022,2022-11-28,9495,2022-11-13,0423,021628,,7,3,9,1000,0,1,1,,2,001,"INTERSTATE 5 NORTHBOUND","MOUNTAIN VIEW AVENUE",1584.00,N,N,A,-,Y,,,,,,,,,,Y,2,0,3,1,A,-,08,22107,,N,E,I,A,A,H,-,D,D,0,,,,,Y,,A,01,1,2,0,0,0,0,0,0,0,"- ","- ",36.556720733642578,-122.52188873291016,FRESNO,UNINCORPORATED,-120.53481292724609,36.566398620605469
91939608,2022,2022-12-12,9435,2022-06-07,2005,021357,,2,2,9,1000,0,3,5,,2,040,"FLORAL AVENUE","DE WOLF AVENUE",0.00,,Y,A,-,N,,,,,,,,,,Y,1,2,1,2,A,-,09,21801,A,N,A,C,A,A,H,-,B,D,0,,,,,Y,Y,A,07,1,0,0,0,0,0,0,0,0,"- ","- ",36.576351165771484,-119.64663696289062,FRESNO,UNINCORPORATED,-119.64659118652344,36.576351165771484
91939733,2022,2022-12-12,9435,2022-08-26,1425,021148,,5,2,9,1000,0,3,5,,2,040,"ELM AVENUE","RIVERDALE AVENUE",1110.00,S,N,A,-,N,,,,,,,,,,Y,1,1,0,2,A,-,06,21750,,N,C,C,A,A,H,-,A,D,0,,,Y,Y,Y,,C,02,0,0,0,0,0,0,0,1,0,"- ","- ",36.435249328613281,-119.79843902587891,FRESNO,UNINCORPORATED,-119.79837799072266,36.435264587402344
91955844,2022,2022-12-29,9435,2022-12-17,0950,020062,,6,1,9,1000,0,1,3,,1,183,"SR180 WESTBOUND","ACADEMY AVENUE",140.00,N,N,E,-,Y,FRE,,180,,R,71.372,H,,L,Y,2,0,2,4,A,-,03,22350,,N,C,2,A,A,H,-,A,A,0,,,,,Y,,D,22,1,1,0,0,0,0,0,0,0,"- ","- ",36.736141204833984,-119.55561828613281,FRESNO,UNINCORPORATED,-119.55561828613281,36.736175537109375
91960151,2022,2023-01-04,9435,2022-12-26,1008,020062,,1,1,7,1005,0,1,3,,2,106,"SR99 SOUTHBOUND","JENSEN AVENUE",2640.00,S,N,B,E,Y,FRE,,99,,,18.018,H,,L,Y,2,0,1,1,A,-,08,22107,,N,F,A,A,A,H,-,A,D,0,,,Y,,Y,,C,02,1,0,0,0,0,0,0,0,1,"- ","- ",36.700691223144531,-119.76805877685547,FRESNO,FRESNO,-119.76811218261719,36.700656890869141
91961212,2022,2023-01-05,9435,2022-12-27,1300,014363,,2,1,9,1000,0,3,5,,2,034,"CENTRAL AVENUE","CLOVIS AVENUE",0.00,,Y,B,C,N,,,,,,,,,,N,2,0,1,2,A,-,09,21801,A,N,A,C,A,B,H,-,A,A,0,,,,,Y,,D,22,1,0,0,0,0,0,0,0,0,"- ","- ",36.678230285644531,-119.6998291015625,FRESNO,UNINCORPORATED,-119.69992828369141,36.678176879882812
91963853,2022,2023-01-09,9495,2022-12-27,1710,019453,,2,2,9,1000,0,3,5,,2,053,"JAYNE AVENUE","INTERSTATE 5 NORTHBOUND TO JAYNE AVENUE",28.00,E,N,C,-,N,,,,,,,,,,Y,2,0,7,2,A,-,03,22350,,N,A,C,A,B,H,-,C,A,0,,,,,Y,,A,01,2,2,3,0,0,0,0,0,0,"- ","- ",36.137798309326172,-120.15631103515625,FRESNO,UNINCORPORATED,-120.27165222167969,36.137001037597656
91969141,2022,2023-01-16,9461,2022-03-05,2500,017029,,6,4,9,1000,0,3,5,,2,030,"PANOCHE ROAD","INTERSTATE 5",24288.00,W,N,B,-,N,,,,,,,,,,Y,1,1,0,1,A,-,08,22107,,N,E,J,A,A,B,-,A,A,0,,,,,Y,,-,"- ",0,0,0,0,0,0,0,0,0,"- ","- ",36.603229522705078,-120.68421936035156,FRESNO,UNINCORPORATED,-120.62458038330078,36.638771057128906
91971006,2023,2023-01-18,9435,2023-01-07,"35  ",021606,,6,3,7,1005,0,3,5,,2,010,"SIERRA AVE.","DELNO AVE.",5.00,W,N,A,-,N,,,,,,,,,,N,2,0,1,3,A,-,01,23152,A,N,A,E,A,A,H,-,C,D,0,,,,,Y,Y,A,01,1,0,0,0,0,0,0,0,0,"- ","- ",36.830009460449219,-119.81947326660156,FRESNO,FRESNO,-119.81943511962891,36.830001831054688
91974388,2023,2023-01-23,9435,2023-01-01,"110 ",021544,,7,3,7,1005,0,3,5,,2,010,"3000 BLOCK PALM AVENUE","PONTIAC WAY",0.00,,Y,C,-,N,,,,,,,,,,Y,2,0,2,2,A,-,08,22107,,F,C,C,A,B,H,-,C,D,0,,,,,Y,,A,01,1,1,0,0,0,0,0,0,0,"- ","- ",36.789421081542969,-119.80873870849609,FRESNO,FRESNO,-119.80863952636719,36.789379119873047