CASE_ID,ACCIDENT_YEAR,PROC_DATE,JURIS,COLLISION_DATE,COLLISION_TIME,OFFICER_ID,REPORTING_DISTRICT,DAY_OF_WEEK,CHP_SHIFT,POPULATION,CNTY_CITY_LOC,SPECIAL_COND,BEAT_TYPE,CHP_BEAT_TYPE,CITY_DIVISION_LAPD,CHP_BEAT_CLASS,BEAT_NUMBER,PRIMARY_RD,SECONDARY_RD,DISTANCE,DIRECTION,INTERSECTION,WEATHER_1,WEATHER_2,STATE_HWY_IND,CALTRANS_COUNTY,CALTRANS_DISTRICT,STATE_ROUTE,ROUTE_SUFFIX,POSTMILE_PREFIX,POSTMILE,LOCATION_TYPE,RAMP_INTERSECTION,SIDE_OF_HWY,TOW_AWAY,COLLISION_SEVERITY,NUMBER_KILLED,NUMBER_INJURED,PARTY_COUNT,PRIMARY_COLL_FACTOR,PCF_CODE_OF_VIOL,PCF_VIOL_CATEGORY,PCF_VIOLATION,PCF_VIOL_SUBSECTION,HIT_AND_RUN,TYPE_OF_COLLISION,MVIW,PED_ACTION,ROAD_SURFACE,ROAD_COND_1,ROAD_COND_2,LIGHTING,CONTROL_DEVICE,CHP_ROAD_TYPE,PEDESTRIAN_ACCIDENT,BICYCLE_ACCIDENT,MOTORCYCLE_ACCIDENT,TRUCK_ACCIDENT,NOT_PRIVATE_PROPERTY,ALCOHOL_INVOLVED,STWD_VEHTYPE_AT_FAULT,CHP_VEHTYPE_AT_FAULT,COUNT_SEVERE_INJ,COUNT_VISIBLE_INJ,COUNT_COMPLAINT_PAIN,COUNT_PED_KILLED,COUNT_PED_INJURED,COUNT_BICYCLIST_KILLED,COUNT_BICYCLIST_INJURED,COUNT_MC_KILLED,COUNT_MC_INJURED,PRIMARY_RAMP,SECONDARY_RAMP,LATITUDE,LONGITUDE,COUNTY,CITY,POINT_X,POINT_Y
91999148,2023,2023-05-17,9435,2023-02-12,2058,021402,,7,2,7,1005,0,3,5,,2,034,"CHESTNUT AVENUE","ANNADALE AVENUE",5.00,N,N,A,-,N,,,,,,,,,,Y,2,0,1,1,A,-,01,23152,A,M,E,I,A,A,H,-,C,D,0,,,,,Y,,A,07,1,0,0,0,0,0,0,0,0,"- ","- ",36.699840545654297,-119.73664093017578,FRESNO,FRESNO,-119.73657989501953,36.699653625488281
92001337,2023,2023-02-23,9435,2023-02-13,1720,021031,,1,2,9,1000,0,3,5,,2,040,"CEDAR AVENUE","MOUNT WHITNEY AVENUE",0.00,,Y,A,-,N,,,,,,,,,,Y,2,0,1,2,A,-,12,22450,A,N,D,C,A,A,H,-,A,A,0,,,,,Y,,A,07,1,0,0,0,0,0,0,0,0,"- ","- ",36.431060791015625,-119.76248931884766,FRESNO,UNINCORPORATED,-119.762451171875,36.431026458740234
92001513,2023,2023-02-23,9435,2023-02-12,2053,021031,,7,2,9,1000,0,1,3,,2,410,"DINUBA AVENUE","LAC JAC AVENUE",0.00,,Y,A,-,N,,,,,,,,,,Y,2,0,7,2,A,-,12,22450,A,N,D,8,A,A,H,-,D,A,0,,,,,Y,,A,01,2,5,0,0,0,0,0,0,0,"- ","- ",36.589870452880859,-119.48458862304688,FRESNO,UNINCORPORATED,-119.48466491699219,36.589885711669922
92008149,2022,2023-03-02,9435,2022-03-14,0100,021386,,1,3,9,1000,0,3,5,,2,025,"COPPER AVENUE","PEACH AVENUE",0.00,,Y,A,-,N,,,,,,,,,,Y,1,1,0,2,A,-,03,22350,,N,E,I,A,A,D,-,D,A,0,,,Y,,Y,,C,02,0,0,0,0,0,0,0,1,0,"- ","- ",36.895828247070312,-119.72019958496094,FRESNO,UNINCORPORATED,-119.72023010253906,36.895858764648438
92008312,2022,2023-03-02,9435,2022-09-18,1345,020592,,7,1,9,1000,0,3,5,,2,040,"FLORAL AVENUE","CEDAR AVENUE",0.00,,Y,A,-,N,,,,,,,,,,N,1,3,1,2,A,-,12,22450,A,N,D,C,A,A,H,-,A,A,0,,,,Y,Y,,A,07,1,0,0,0,0,0,0,0,0,"- ","- ",36.576370239257812,-119.75498962402344,FRESNO,UNINCORPORATED,-119.7548828125,36.576332092285156
92010395,2023,2023-03-06,9435,2023-02-20,1140,020680,,1,1,7,1005,0,1,3,,2,181,"SR-180 W/B TO SR-99 N/B","G ST",450.00,W,N,B,-,Y,FRE,,180," ",R,56.589,H,,L,Y,2,0,1,4,A,-,02,22400,A,N,C,C,A,A,H,-,A,D,0,,,,,Y,,A,01,1,0,0,0,0,0,0,0,0,"- ","- ",36.743320465087891,-119.81063842773438,FRESNO,FRESNO,-119.81062316894531,36.743293762207031
92051840,2023,2023-04-24,9435,2023-04-13,1547,021386,,4,2,9,1000,0,1,3,,1,412,"STATE ROUTE 41 NORTHBOUND","NEBRASKA AVENUE",0.00,,Y,A,-,Y,FRE,,41," ",R,11.111,H,,R,Y,2,0,2,2,A,-,09,21802,A,N,D,C,A,A,H,-,A,A,0,,,,,Y,,A,08,1,0,1,0,0,0,0,0,0,"- ","- ",36.561870574951172,-119.78592681884766,FRESNO,UNINCORPORATED,-119.78594207763672,36.561870574951172
92055023,2023,2023-04-27,9435,2023-02-17,2330,021544,,5,3,9,1000,0,3,5,,2,015,"NORTH AVE","MARKS AVE",0.00,,Y,A,-,N,,,,,,,,,,Y,2,0,1,2,A,-,12,22450,A,N,D,C,A,A,H,-,D,A,0,,,,,Y,,D,22,1,0,0,0,0,0,0,0,0,"- ","- ",36.692138671875,-119.84456634521484,FRESNO,UNINCORPORATED,-119.84454345703125,36.692100524902344
92065306,2023,2023-06-08,9435,2023-04-27,2326,020062,,4,3,9,1000,0,3,5,,2,010,"BARSTOW AVENUE","FLOYD AVENUE",300.00,E,N,A,-,N,,,,,,,,,,Y,1,1,0,1,A,-,08,22107,,N,E,I,A,A,H,-,D,D,0,,,,,Y,,A,01,0,0,0,0,0,0,0,0,0,"- ","- ",36.815029144287109,-119.99636840820312,FRESNO,UNINCORPORATED,-119.99651336669922,36.81500244140625
92067688,2023,2023-05-12,9461,2023-05-02,"855 ",014933,,2,1,9,1000,0,1,3,,1,604,SR-33,"CALIFORNIA AVE.",0.00,,Y,B,-,Y,FRE,,33," "," ",59.428,H,,R,Y,2,0,1,2,A,-,12,22450,A,N,D,C,A,A,H,-,A,A,0,,,,Y,Y,,G,25,1,0,0,0,0,0,0,0,0,"- ","- ",36.720100402832031,-120.38716888427734,FRESNO,UNINCORPORATED,-120.38718414306641,36.720100402832031
92075428,2023,2023-05-23,9435,2023-05-19,1720,021555,,5,2,9,1000,0,3,5,,2,050,"LODGE ROAD","WINTERMUTE LANE",1056.00,E,N,A,-,N,,,,,,,,,,Y,2,0,1,1,C,-,18,,,N,E,H,A,A,H,-,A,D,0,,,Y,,Y,,-,"- ",1,0,0,0,0,0,0,0,1,"- ","- ",37.037841796875,-119.46074676513672,FRESNO,UNINCORPORATED,-119.46036529541016,37.037773132324219
92076274,2023,2023-06-30,9435,2023-05-16,1530,020193,,2,2,9,1000,0,3,5,,2,034,"CLOVIS AVENUE","JENSEN AVENUE",0.00,,Y,A,-,N,,,,,,,,,,N,2,0,4,2,A,-,09,21453,C,N,D,C,A,A,H,-,A,A,0,,,,,Y,,A,01,1,1,2,0,0,0,0,0,0,"- ","- ",36.707351684570312,-119.70008850097656,FRESNO,UNINCORPORATED,-119.70011901855469,36.707408905029297
92076733,2023,2023-05-24,9435,2023-05-19,2101,021555,,5,2,9,1000,0,3,5,,2,050,"TOLLHOUSE RD","LINSON ROAD",2640.00,S,N,A,-,N,,,,,,,,,,Y,2,0,2,1,A,-,03,22350,,N,F,A,A,A,H,-,D,D,0,,,,,Y,,A,01,1,1,0,0,0,0,0,0,0,"- ","- ",37.038639068603516,-119.39652252197266,FRESNO,UNINCORPORATED,-119.38496398925781,37.038562774658203
92081615,2022,2023-05-30,9435,2022-12-21,1215,019603,,3,1,9,1000,0,3,5,,2,010,"JAMESON AVENUE","MCKINLEY AVENUE",0.00,,Y,B,-,N,,,,,,,,,,Y,1,1,2,2,A,-,12,22450,A,N,D,C,A,A,H,-,A,A,0,,,,,Y,,A,01,0,1,1,0,0,0,0,0,0,"- ","- ",36.76409912109375,-119.98809814453125,FRESNO,UNINCORPORATED,-119.98812103271484,36.76409912109375
92081640,2022,2023-05-30,9435,2022-10-02,1020,018746,,7,1,9,1000,0,3,5,,2,025,"WATTS VALLEY ROAD","PITTMAN HILL ROAD",15418.00,S,N,A,-,N,,,,,,,,,,Y,1,1,0,2,A,-,05,21460,A,N,A,G,A,A,H,-,A,D,0,,Y,,,Y,,A,01,0,0,0,0,0,1,0,0,0,"- ","- ",36.854579925537109,-119.46759796142578,FRESNO,UNINCORPORATED,-119.46761322021484,36.854484558105469
92082794,2023,2023-05-31,9435,2023-05-26,1655,021687,,5,2,7,1005,0,1,3,,2,410,"SR-41 SOUTHBOUND","ASHLAN AVENUE",100.00,N,N,A,-,Y,FRE,,41," ",R,27.499,H,,L,Y,2,0,1,1,A,-,01,23152,A,N,F,A,A,A,H,-,A,D,0,,,,,Y,Y,A,07,1,0,0,0,0,0,0,0,0,"- ","- ",36.794540405273438,-119.78502655029297,FRESNO,FRESNO,-119.78514862060547,36.794528961181641
92093756,2023,2023-06-14,9435,2023-05-30,"14  ",021031,,2,3,9,1000,0,3,5,,2,025,"MILLERTON ROAD","WINCHELL COVE RD",680.00,W,N,A,-,N,,,,,,,,,,Y,2,0,2,2,A,-,05,21460,A,N,A,C,A,A,H,-,D,D,0,,,,,Y,,A,01,1,0,1,0,0,0,0,0,0,"- ","- ",36.98419189453125,-119.66201019287109,FRESNO,UNINCORPORATED,-119.66191864013672,36.984165191650391
92114209,2023,2023-07-11,9435,2023-05-31,2217,020680,,3,3,9,1000,0,1,3,,1,180,"STATE ROUTE 180","BRYAN AVENUE",0.00,,Y,A,-,Y,FRE,,180," "," ",51.091,H,,R,Y,1,1,0,2,A,-,00,21960,A,N,G,B,E,A,H,-,D,D,0,Y,,,,Y,,N,60,0,0,0,1,0,0,0,0,0,"- ","- ",36.735298156738281,-119.90782928466797,FRESNO,UNINCORPORATED,-119.90782928466797,36.735343933105469
9211650,2020,2022-06-18,1009,2020-12-27,1810,R090,MENDO,7,5,2,1009,0,0,0,,0,0ME,"RT 33","BASS AV",332.00,S,N,A,-,Y,FRE,6,33,-,R,62.450,H,-,N,N,1,1,0,2,A,-,11,21954,A,N,G,B,D,A,H,-,D,D,0,Y,,,,Y,Y,N,60,0,0,0,1,0,0,0,0,0,"- ","- ",,,FRESNO,MENDOTA,-120.38698577880859,36.764190673828125
9211752,2020,2022-03-24,1006,2020-12-31,2350,H156,HURON,4,5,2,1006,0,0,0,,0,H030,"LASSEN AV","CHERRY ST",132.00,N,N,A,-,Y,FRE,6,269,-,-,8.790,H,-,N,Y,1,1,0,2,A,-,03,22350,,F,G,B,D,A,H,-,C,D,0,Y,,,,Y,,A,01,0,0,0,1,0,0,0,0,0,"- ","- ",,,FRESNO,HURON,-120.10341644287109,36.197860717773438
9211887,2020,2021-04-29,1005,2020-01-18,2032,P1131,4F,6,5,7,1005,0,0,0,,0,1659,"SHAW AV","CEDAR AV",734.00,W,N,A,-,N,,,,,,,,,,Y,1,1,0,3,A,-,11,21954,A,F,G,B,D,A,H,-,E,D,0,Y,,,,Y,,N,60,0,0,0,1,0,0,0,0,0,"- ","- ",36.808521270751953,-119.75414276123047,FRESNO,FRESNO,-119.75677490234375,36.808708190917969
9211888,2020,2022-06-11,1005,2020-01-24,1822,P1070,2248,5,5,7,1005,0,0,0,,0,NWF,"BRAWLEY AV","WELDON AV",430.00,S,N,A,-,N,,,,,,,,,,Y,1,1,0,2,A,-,03,22350,,N,G,B,E,A,E,-,C,D,0,Y,,,,Y,,D,22,0,0,0,1,0,0,0,0,0,"- ","- ",36.768638610839844,-119.86226654052734,FRESNO,FRESNO,-119.86225128173828,36.767429351806641
9211899,2020,2021-04-29,1005,2020-04-23,2115,P1070,CEC,4,5,7,1005,0,0,0,,0,2154,"SHIELDS AV","COLLEGE AV",164.00,W,N,A,-,N,,,,,,,,,,Y,1,1,0,2,A,-,01,23152,F,N,G,B,D,A,H,-,C,D,0,Y,,,,Y,,A,01,0,0,0,1,0,0,0,0,0,"- ","- ",36.779560089111328,-119.79727935791016,FRESNO,FRESNO,-119.79788970947266,36.779548645019531
92122157,2023,2023-07-20,9435,2023-07-10,1525,021148,,1,2,9,1000,0,3,5,,2,030,"DEWOLF AVE","TULARE AVE",0.00,,Y,A,-,N,,,,,,,,,,Y,2,0,1,2,A,-,01,23152,A,N,D,C,A,A,H,-,A,D,0,,,,Y,Y,Y,A,01,1,0,0,0,0,0,0,0,0,"- ","- ",36.744049072265625,-119.64595031738281,FRESNO,UNINCORPORATED,-119.64595031738281,36.744037628173828
92128008,2023,2023-07-27,9435,2023-04-12,"40  ",019523,,3,3,9,1000,0,1,3,,2,105,"STATE ROUTE 99 NORTHBOUND","KERN STREET",130.00,S,N,A,-,Y,FRE,,99," "," ",20.432,H,,R,Y,1,1,0,2,A,-,11,21954,A,N,G,B,E,A,H,-,C,D,0,Y,,,,Y,,N,60,0,0,0,1,0,0,0,0,0,"- ","- ",36.727760314941406,-119.79546356201172,FRESNO,UNINCORPORATED,-119.79547882080078,36.727748870849609
92137753,2023,2023-08-07,9435,2023-07-27,1109,015106,,4,1,9,1000,0,1,3,,1,168,SR-168,"SHEPHERD AVE",0.00,,Y,A,-,Y,FRE,,168," "," ",14.745,H,,R,N,2,0,1,2,A,-,09,21802,A,N,D,C,A,A,H,-,A,A,0,,,,,Y,,A,07,1,0,0,0,0,0,0,0,0,"- ","- ",36.867710113525391,-119.56501007080078,FRESNO,UNINCORPORATED,-119.56498718261719,36.867687225341797
92138650,2023,2023-08-08,9435,2023-07-29,2028,020429,,6,2,9,1000,0,3,5,,2,060,"ALTA AVENUE","HUNTSMAN AVENUE",450.00,S,N,A,-,N,,,,,,,,,,N,2,0,1,2,A,-,01,23152,A,N,G,B,D,A,H,-,D,D,0,Y,,,,Y,Y,A,01,1,0,0,0,1,0,0,0,0,"- ","- ",36.58087158203125,-119.39511871337891,FRESNO,UNINCORPORATED,-119.39505767822266,36.580913543701172
92138923,2023,2023-08-08,9435,2023-08-06,"710 ",017310,,7,1,9,1000,0,1,3,,2,181,"STATE ROUTE 180 WESTBOUND TO FOWLER AVENUE","FOWLER AVENUE",680.00,E,N,A,-,Y,,,,,,,,,,N,2,0,1,1,A,-,08,22107,,N,F,C,A,A,H,-,A,D,0,,,Y,,Y,,C,02,1,0,0,0,0,0,0,0,1,"- ","- ",36.752708435058594,-119.67900085449219,FRESNO,UNINCORPORATED,-119.67900085449219,36.752708435058594
92143295,2023,2023-08-14,9435,2023-08-04,"810 ",019705,,5,1,9,1000,0,3,5,,2,015,"MAPLE AVE","AMERICAN AVE",0.00,,Y,A,-,N,,,,,,,,,,Y,2,0,2,2,A,-,12,22450,A,N,D,C,A,A,H,-,A,A,0,,,,,Y,,A,01,2,0,0,0,0,0,0,0,0,"- ","- ",36.663429260253906,-119.74574279785156,FRESNO,UNINCORPORATED,-119.74571990966797,36.663463592529297
92177346,2023,2023-09-22,9435,2023-09-14,"10  ",019523,,4,3,9,1000,0,3,5,,2,020,"MARKS AVENUE","CONEJO AVENUE",1584.00,N,N,A,-,N,,,,,,,,,,Y,2,0,2,2,A,-,01,23152,A,M,E,I,A,A,H,-,D,D,0,,,,,Y,Y,A,07,1,0,1,0,0,0,0,0,0,"- ","- ",36.521930694580078,-119.84529876708984,FRESNO,UNINCORPORATED,-119.84534454345703,36.522457122802734
92196558,2023,2023-10-11,9435,2023-08-17,2050,020193,,4,2,9,1000,0,3,5,,2,020,"MOUNT WHITNEY AVENUE","GARFIELD AVENUE",5280.00,W,N,A,-,N,,,,,,,,,,Y,1,2,0,2,A,-,01,23152,F,N,A,C,A,A,H,-,D,D,0,,,Y,,Y,,-,"- ",0,0,0,0,0,0,0,2,0,"- ","- ",36.430419921875,-119.93408966064453,FRESNO,UNINCORPORATED,-119.95010375976562,36.430259704589844
92207627,2023,2023-10-24,9435,2023-10-15,1804,021315,,7,2,9,1000,0,3,5,,2,015,"KEARNEY BLVD","CORNELIA AVE",1800.00,E,N,A,-,N,,,,,,,,,,Y,2,0,1,1,A,-,01,23152,A,N,E,I,A,A,H,-,A,D,0,,,,,Y,Y,A,07,1,0,0,0,0,0,0,0,0,"- ","- ",36.724689483642578,-119.87606811523438,FRESNO,UNINCORPORATED,-119.87613677978516,36.724800109863281
92223191,2023,2023-10-31,9435,2023-09-02,1850,021290,,6,2,9,1000,0,3,5,,2,015,"KEARNEY BOULEVARD","VALENTINE AVE",1937.00,E,N,A,-,N,,,,,,,,,,Y,1,1,0,1,A,-,08,22107,,N,E,I,A,A,H,-,A,D,0,,,Y,,Y,,C,02,0,0,0,0,0,0,0,1,0,"- ","- ",36.724971771240234,-119.84745025634766,FRESNO,UNINCORPORATED,-119.84694671630859,36.725093841552734
92223439,2023,2023-10-31,9435,2023-10-18,1151,015890,,3,1,9,1000,0,1,3,,1,412,"SR-41 (N/B)","NEBRASKA AVE",0.00,,Y,A,-,Y,FRE,,41," ",R,11.113,H,,R,Y,2,0,5,2,A,-,12,22450,A,N,D,C,A,A,H,-,A,A,0,,,,,Y,,A,01,1,2,2,0,0,0,0,0,0,"- ","- ",36.561901092529297,-119.78592681884766,FRESNO,UNINCORPORATED,-119.78594207763672,36.561901092529297
92226768,2023,2023-11-02,9435,2023-10-30,1248,020429,,1,1,9,1000,0,3,5,,2,060,"ALTA AVENUE","SOUTH AVENUE",0.00,,Y,A,-,N,,,,,,,,,,Y,2,0,3,2,A,-,12,22450,A,N,D,C,A,A,H,-,A,D,0,,,,,Y,,A,07,1,1,1,0,0,0,0,0,0,"- ","- ",36.618431091308594,-119.39486694335938,FRESNO,UNINCORPORATED,-119.39481353759766,36.618427276611328
92227691,2023,2023-11-03,9435,2023-07-14,"502 ",021031,,5,3,9,1000,0,3,5,,2,015,"MANNING AVENUE","MCMULLIN GRADE",0.00,,Y,A,-,N,,,,,,,,,,Y,1,1,2,2,A,-,12,22450,A,N,D,2,A,A,H,-,B,A,0,,,,Y,Y,,A,01,1,0,1,0,0,0,0,0,0,"- ","- ",36.603839874267578,-120.04331207275391,FRESNO,UNINCORPORATED,-120.04328918457031,36.603874206542969
92231298,2023,2023-11-08,9435,2023-11-01,1700,020429,,3,2,9,1000,0,3,5,,2,060,"SAND CREEK ROAD","ENNIS ROAD",700.00,S,N,A,-,N,,,,,,,,,,N,2,0,1,2,A,-,11,21954,A,N,G,B,E,A,H,-,A,D,0,Y,,,,Y,,N,60,1,0,0,0,1,0,0,0,0,"- ","- ",36.680698394775391,-119.20796966552734,FRESNO,UNINCORPORATED,-119.20793151855469,36.680747985839844
92240570,2023,2023-11-20,9435,2023-11-10,2231,021402,,5,3,9,1000,0,3,5,,2,040,"FOWLER AVENUE","BARRETT AVENUE",1500.00,N,N,A,-,N,,,,,,,,,,N,2,0,1,2,A,-,08,22107,,F,B,C,A,A,H,-,D,D,0,,,Y,,Y,,-,99,1,0,0,0,0,0,0,0,1,"- ","- ",36.482311248779297,-119.69016265869141,FRESNO,UNINCORPORATED,-119.69062805175781,36.452766418457031
92251629,2023,2023-12-04,9435,2023-11-20,"358 ",021703,,1,3,7,1005,0,1,3,,2,106,"SR-41 S/B","CHURCH AVE",528.00,N,N,A,-,Y,FRE,,99," "," ",19.344,H,,L,Y,2,0,2,2,A,-,03,22350,,N,A,C,A,A,B,C,C,D,0,,,,,Y,,A,01,1,1,0,0,0,0,0,0,0,"- ","- ",36.715641021728516,-119.78302001953125,FRESNO,FRESNO,-119.78285217285156,36.715740203857422
92257108,2023,2023-12-08,9435,2023-01-19,"152 ",020064,,4,3,7,1005,0,1,3,,1,168,"STATE ROUTE 168 EASTBOUND TO ASHLAN AVENUE","ASHLAN AVENUE",594.00,W,N,B,-,Y,,,,,,,,,,Y,1,1,0,1,A,-,01,23152,G,N,F,A,A,B,H,-,C,D,0,,,,,Y,Y,A,01,0,0,0,0,0,0,0,0,0,"- ","- ",36.792728424072266,-119.74720001220703,FRESNO,FRESNO,-119.74720001220703,36.792728424072266
92274033,2023,2023-12-28,9435,2023-11-14,1955,021315,,2,2,9,1000,0,3,5,,2,034,"MADISON AVENUE","PEACH AVENUE",233.00,W,N,A,-,N,,,,,,,,,,N,1,1,0,1,A,-,01,23152,A,N,G,B,A,A,H,-,D,D,0,,,,,Y,Y,D,22,0,0,0,0,0,0,0,0,0,"- ","- ",36.749530792236328,-119.71917724609375,FRESNO,UNINCORPORATED,-119.71916198730469,36.749523162841797
92305084,2023,2025-02-19,9435,2023-11-04,"24  ",021687,,6,3,7,1005,0,1,3,,1,183,"STATE ROUTE 180 WESTBOUND","BELMONT AVENUE",30.00,N,N,A,-,Y,FRE,,180," ",R,64.371,H,,L,Y,1,1,2,2,A,-,01,23152,A,N,D,2,A,A,H,-,D,D,0,,,,,Y,Y,A,01,0,2,0,0,0,0,0,0,0,"- ","- ",36.750259399414062,-119.67475128173828,FRESNO,FRESNO,-119.67477416992188,36.750236511230469
92306766,2024,2024-02-06,9435,2024-01-28,1815,020887,,7,2,7,1005,0,1,3,,2,181,"SR-180 EB FROM CHESTNUT AVE","WILLOW AVE",739.00,W,N,A,-,Y,FRE,,180," ",R,61.251,H,,R,Y,2,0,1,2,A,-,03,22350,,F,D,C,A,A,H,-,D,D,0,,,Y,,Y,,-,99,1,0,0,0,0,0,0,0,1,"- ","- ",36.753471374511719,-119.72994995117188,FRESNO,FRESNO,-119.72993469238281,36.753597259521484
92330441,2023,2024-09-16,9435,2023-09-26,1104,019603,,2,1,9,1000,0,3,5,,2,040,"DINUBA AVENUE","WEST AVENUE",0.00,,Y,A,-,N,,,,,,,,,,Y,1,1,2,2,A,-,12,22450,A,N,D,D,A,A,H,-,A,A,0,,,,,Y,,A,01,2,0,0,0,0,0,0,0,0,"- ","- ",36.5906982421875,-119.82692718505859,FRESNO,UNINCORPORATED,-119.82682037353516,36.590671539306641
92335101,2024,2024-03-11,9495,2024-02-29,"615 ",019789,,4,1,9,1000,0,3,5,,2,053,"JAYNE AVENUE","LAKE AVE",275.00,E,N,A,-,N,,,,,,,,,,Y,2,0,1,2,A,-,03,22350,,N,B,C,A,A,H,-,A,D,0,,,Y,,Y,,C,02,1,0,0,0,0,0,0,0,1,"- ","- ",36.137828826904297,-120.13752746582031,FRESNO,UNINCORPORATED,-120.13755035400391,36.137832641601562
92350673,2024,2024-03-29,9435,2024-03-20,2355,020680,,3,3,9,1000,0,3,5,,2,025,"SIMPSON AVE","CHESTNUT AVE",100.00,W,N,A,-,N,,,,,,,,,,N,2,0,1,2,A,-,11,21954,A,N,G,B,E,A,H,-,D,D,0,Y,,,,Y,,N,60,1,0,0,0,1,0,0,0,0,"- ","- ",36.777660369873047,-119.73683929443359,FRESNO,UNINCORPORATED,-119.73674011230469,36.777698516845703
92353002,2024,2024-04-02,9435,2024-03-26,1755,020205,,2,2,9,1000,0,3,5,,2,030,"TRIMMER SPRINGS RD","PIEDRA RD",9134.00,W,N,A,-,N,,,,,,,,,,Y,2,0,1,1,A,-,03,22350,,N,E,I,A,A,H,-,A,D,0,,,Y,,Y,,C,02,1,0,0,0,0,0,0,0,1,"- ","- ",36.800350189208984,-119.40068054199219,FRESNO,UNINCORPORATED,-119.39573669433594,36.801727294921875
92365349,2024,2024-04-16,9435,2024-03-02,"320 ",018944,,6,3,9,1000,0,3,5,,2,015,"KEARNEY BOULEVARD","POLK AVENUE",610.00,E,N,B,-,N,,,,,,,,,,Y,2,0,1,1,A,-,01,23152,A,N,E,I,A,B,H,-,D,D,0,,,,,Y,Y,A,01,1,0,0,0,0,0,0,0,0,"- ","- ",36.728240966796875,-119.88760375976562,FRESNO,UNINCORPORATED,-119.88764953613281,36.728157043457031
92374283,2024,2024-04-24,9435,2024-04-13,1930,020887,,6,2,9,1000,0,3,5,,2,034,"JENSEN AVE","MAPLE AVE",792.00,W,N,C,-,N,,,,,,,,,,N,2,0,4,2,A,-,03,22350,,N,C,C,A,B,H,-,C,D,0,,,,,Y,,D,22,1,0,3,0,0,0,0,0,0,"- ","- ",36.706840515136719,-119.74844360351562,FRESNO,UNINCORPORATED,-119.74832153320312,36.706901550292969
92381385,2023,2024-05-03,9495,2023-05-07,"38  ",021619,,7,3,9,1000,0,1,3,,1,008,"STATE ROUTE 198","DICKENSON AVENUE",2640.00,W,N,A,-,Y,FRE,,198," "," ",41.479,H,,R,Y,1,1,1,1,A,-,08,22107,,N,E,I,A,A,H,-,D,D,0,,,,,Y,,D,22,0,1,0,0,0,0,0,0,0,"- ","- ",36.255378723144531,-119.98133850097656,FRESNO,UNINCORPORATED,-119.98133850097656,36.255474090576172
92382563,2024,2024-05-06,9435,2024-04-26,2345,022112,,5,3,9,1000,0,3,5,,2,025,"MCCALL AVENUE","BULLARD AVE",1056.00,N,N,B,-,N,,,,,,,,,,Y,2,0,1,1,A,-,01,23152,A,N,F,8,A,A,H,-,D,A,0,,,,,Y,,D,22,1,0,0,0,0,0,0,0,0,"- ","- ",36.824211120605469,-119.61004638671875,FRESNO,UNINCORPORATED,-119.61013031005859,36.825859069824219
92385824,2024,2024-05-09,9435,2024-05-04,2155,021703,,6,2,9,1000,0,3,5,,2,040,"MOUNT WHITNEY AVE","CHESTNUT AVE",385.00,W,N,A,-,N,,,,,,,,,,Y,2,0,1,1,A,-,08,22107,,N,E,I,A,A,H,-,D,D,0,,,,,Y,Y,-,"- ",1,0,0,0,0,0,0,0,0,"- ","- ",36.431121826171875,-119.74588775634766,FRESNO,UNINCORPORATED,-119.74581146240234,36.430992126464844
92394407,2024,2024-05-20,9495,2024-05-11,2009,021602,,6,2,9,1000,0,1,3,,1,006,"STATE ROUTE 33 (JAYNE AVENUE)","CALAVERAS AVENUE",4224.00,W,N,A,-,Y,FRE,,33," "," ",12.144,H,,R,Y,2,0,1,1,A,-,01,23152,A,N,E,I,A,A,H,-,B,D,0,,,,,Y,Y,A,01,1,0,0,0,0,0,0,0,0,"- ","- ",36.136890411376953,-120.29752349853516,FRESNO,UNINCORPORATED,-120.29751586914062,36.1368408203125
92427740,2023,2024-07-01,9435,2023-03-05,1006,018609,,7,1,9,1000,0,1,3,,1,169,"STATE ROUTE 168","AUBERRY ROAD",2112.00,E,N,C,-,Y,FRE,,168," ",T,31.624,H,,R,Y,1,1,2,1,A,-,01,23152,A,N,E,I,A,B,H,-,D,D,0,,,,,Y,Y,D,22,2,0,0,0,0,0,0,0,0,"- ","- ",37.043548583984375,-119.49230194091797,FRESNO,UNINCORPORATED,-119.49228668212891,37.04351806640625
9256085,2020,2021-05-04,1005,2020-10-16,1949,P1131,NE/E,5,5,7,1005,0,0,0,,0,1857,"FIRST ST","ASHLAN AV",65.00,N,N,A,-,N,,,,,,,,,,N,1,1,0,2,A,-,12,21453,A,F,G,B,D,A,H,-,C,A,0,Y,,,,Y,Y,D,22,0,0,0,1,0,0,0,0,0,"- ","- ",36.79412841796875,-119.77240753173828,FRESNO,FRESNO,-119.77265930175781,36.793941497802734