CASE_ID,ACCIDENT_YEAR,PROC_DATE,JURIS,COLLISION_DATE,COLLISION_TIME,OFFICER_ID,REPORTING_DISTRICT,DAY_OF_WEEK,CHP_SHIFT,POPULATION,CNTY_CITY_LOC,SPECIAL_COND,BEAT_TYPE,CHP_BEAT_TYPE,CITY_DIVISION_LAPD,CHP_BEAT_CLASS,BEAT_NUMBER,PRIMARY_RD,SECONDARY_RD,DISTANCE,DIRECTION,INTERSECTION,WEATHER_1,WEATHER_2,STATE_HWY_IND,CALTRANS_COUNTY,CALTRANS_DISTRICT,STATE_ROUTE,ROUTE_SUFFIX,POSTMILE_PREFIX,POSTMILE,LOCATION_TYPE,RAMP_INTERSECTION,SIDE_OF_HWY,TOW_AWAY,COLLISION_SEVERITY,NUMBER_KILLED,NUMBER_INJURED,PARTY_COUNT,PRIMARY_COLL_FACTOR,PCF_CODE_OF_VIOL,PCF_VIOL_CATEGORY,PCF_VIOLATION,PCF_VIOL_SUBSECTION,HIT_AND_RUN,TYPE_OF_COLLISION,MVIW,PED_ACTION,ROAD_SURFACE,ROAD_COND_1,ROAD_COND_2,LIGHTING,CONTROL_DEVICE,CHP_ROAD_TYPE,PEDESTRIAN_ACCIDENT,BICYCLE_ACCIDENT,MOTORCYCLE_ACCIDENT,TRUCK_ACCIDENT,NOT_PRIVATE_PROPERTY,ALCOHOL_INVOLVED,STWD_VEHTYPE_AT_FAULT,CHP_VEHTYPE_AT_FAULT,COUNT_SEVERE_INJ,COUNT_VISIBLE_INJ,COUNT_COMPLAINT_PAIN,COUNT_PED_KILLED,COUNT_PED_INJURED,COUNT_BICYCLIST_KILLED,COUNT_BICYCLIST_INJURED,COUNT_MC_KILLED,COUNT_MC_INJURED,PRIMARY_RAMP,SECONDARY_RAMP,LATITUDE,LONGITUDE,COUNTY,CITY,POINT_X,POINT_Y
9256086,2020,2021-05-04,1005,2020-10-27,1851,P731,1555,2,5,7,1005,0,0,0,,0,05E,"BLACKSTONE AV","BULLARD AV",620.00,S,N,A,-,N,,,,,,,,,,Y,1,1,1,2,A,-,01,23152,F,N,B,C,A,A,H,-,C,D,0,,,Y,,Y,,C,02,1,0,0,0,0,0,0,1,1,"- ","- ",36.822860717773438,-119.79026031494141,FRESNO,FRESNO,-119.79046630859375,36.821269989013672
92595545,2024,2024-07-23,9435,2024-03-07,"440 ",020854,,4,3,9,1000,0,3,5,,2,034,"MANNING AVENUE (WESTBOUND)","DE WOLF AVENUE",24.00,W,N,A,-,N,,,,,,,,,,Y,1,1,0,2,A,-,01,23152,F,F,C,C,A,A,H,-,D,D,0,,,Y,,Y,,C,02,0,0,0,0,0,0,0,1,0,"- ","- ",36.605499267578125,-119.64668273925781,FRESNO,UNINCORPORATED,-119.64661407470703,36.605369567871094
9320413,2020,2022-02-23,1005,2020-11-07,0013,P1131,"NW G",6,5,7,1005,0,0,0,,0,1755,"BLACKSTONE AV","SANTA ANA AV",0.00,,Y,A,-,N,,,,,,,,,,Y,1,1,1,2,A,-,03,22350,,N,G,B,B,A,H,-,D,D,0,Y,,,,Y,,A,01,0,1,0,1,0,0,0,0,0,"- ","- ",36.804851531982422,-119.79054260253906,FRESNO,FRESNO,-119.79058074951172,36.804908752441406
93767989,2024,2024-08-07,9435,2024-05-05,2115,021315,,7,2,9,1000,0,3,5,,2,034,"MENDOCINO AVE","DINUBA AVE",0.00,,Y,A,-,N,,,,,,,,,,Y,2,0,3,2,A,-,12,22450,A,M,D,2,A,A,H,-,D,A,0,,,,,Y,,D,22,2,0,1,0,0,0,0,0,0,"- ","- ",36.590408325195312,-119.5479736328125,FRESNO,UNINCORPORATED,-119.54798889160156,36.590408325195312
9379165,2021,2022-01-07,1013,2021-12-21,1850,M178,M160,2,5,3,1013,0,0,0,,0,B01,"BETHEL AV","JENSEN AV",16.00,E,N,A,-,N,,,,,,,,,,,2,0,1,2,A,-,10,21950,A,N,G,B,B,A,H,-,C,A,0,Y,,,,Y,,A,01,1,0,0,0,1,0,0,0,0,"- ","- ",,,FRESNO,SANGER,-119.57427215576172,36.706771850585938
94402403,2024,2024-09-20,9435,2024-09-16,"713 ",020062,,1,1,9,1000,0,3,5,,2,030,"BELMONT AVENUE","MCCALL AVE",0.00,,Y,A,-,N,,,,,,,,,,Y,2,0,1,2,A,-,12,22450,A,N,D,C,A,A,H,-,A,A,0,,,,,Y,,A,07,1,0,0,0,0,0,0,0,0,"- ","- ",36.750190734863281,-119.61018371582031,FRESNO,UNINCORPORATED,-119.61014556884766,36.750186920166016
94404893,2024,2024-09-23,9435,2024-09-10,1142,015890,,2,1,9,1000,0,3,5,,2,015,"WEST AVENUE","CENTRAL AVENUE",0.00,,Y,A,-,N,,,,,,,,,,Y,2,0,2,2,A,-,12,22450,A,N,D,C,A,A,H,-,A,A,0,,,,,Y,,A,01,2,0,0,0,0,0,0,0,0,"- ","- ",36.677768707275391,-119.82688140869141,FRESNO,UNINCORPORATED,-119.82688140869141,36.677764892578125
94416276,2024,2025-03-17,9435,2024-07-31,2326,020064,,3,3,9,1000,0,3,5,,2,025,"FOWLER AVENUE","PERRIN ROAD",282.00,S,N,A,-,N,,,,,,,,,,N,1,1,0,3,A,-,11,21954,A,N,G,B,E,A,H,-,D,D,0,Y,,,,Y,Y,N,60,0,0,0,1,0,0,0,0,0,"- ","- ",36.872970581054688,-119.68402099609375,FRESNO,UNINCORPORATED,-119.68398284912109,36.872997283935547
94419894,2024,2024-10-04,9435,2024-03-30,"100 ",020680,,6,3,7,1005,0,1,3,,2,410,"SR-41 S/B TO SR-180 W/B","SR-180 W/B",231.00,N,N,B,C,Y,,,,,,,,,,Y,1,1,3,2,A,-,01,23152,A,F,G,1,F,B,H,-,C,D,0,Y,,,,Y,Y,A,07,1,2,0,1,0,0,0,0,0,"- ","- ",36.755069732666016,-119.77713012695312,FRESNO,FRESNO,-119.77607727050781,36.754608154296875
94420107,2024,2024-10-04,9435,2024-08-21,"100 ",021402,,3,3,9,1000,0,3,5,,2,010,"BELMONT AVENUE","WESTLAWN AVENUE",0.00,,Y,A,-,N,,,,,,,,,,Y,1,2,0,2,A,-,01,23152,A,N,D,C,A,A,H,-,D,A,0,,,,Y,Y,Y,M,96,0,0,0,0,0,0,0,0,0,"- ","- ",36.749691009521484,-119.95172119140625,FRESNO,UNINCORPORATED,-119.95176696777344,36.749691009521484
94422062,2024,2024-10-07,9435,2024-08-20,2500,020205,,2,4,9,1000,0,3,5,,2,034,"RAINBOW ROUTE","CALIFORNIA AVENUE",1133.00,S,N,A,-,N,,,,,,,,,,Y,1,1,0,1,A,-,08,22107,,N,E,I,A,A,H,-,D,D,0,,,,,Y,,A,01,0,0,0,0,0,0,0,0,0,"- ","- ",36.718441009521484,-119.52940368652344,FRESNO,UNINCORPORATED,-119.52951812744141,36.718608856201172
94466933,2024,2024-11-12,9461,2024-11-05,2035,019052,,2,2,9,1000,0,2,4,,1,615,"NEES AVE","DOUGLAS AVE",3168.00,W,N,B,-,N,,,,,,,,,,Y,2,0,2,2,A,-,05,21650,,F,B,C,A,A,H,-,D,D,0,,,,,Y,,D,22,2,0,0,0,0,0,0,0,0,"- ","- ",36.851028442382812,-120.50582122802734,FRESNO,UNINCORPORATED,-120.50424194335938,36.851024627685547
94468551,2024,2024-11-13,9435,2024-09-19,1030,017310,,4,1,7,1005,0,1,3,,2,410,"SR-41 N/B TO SR-180 E/B","FRESNO STREET",200.00,W,N,A,-,Y,,,,,,,,,,N,1,1,0,2,A,-,11,21954,A,N,G,B,E,A,H,-,A,D,0,Y,,,,Y,,N,60,0,0,0,1,0,0,0,0,0,"- ","- ",36.754051208496094,-119.77430725097656,FRESNO,FRESNO,-119.78125762939453,36.768028259277344
94476807,2024,2024-11-20,9435,2024-11-19,"635 ",016507,,2,1,9,1000,0,3,5,,2,060,"WAKEFIELD AVE","SOUTH AVE",0.00,,Y,A,-,N,,,,,,,,,,Y,2,0,2,2,A,-,12,22450,A,N,D,2,A,A,H,-,B,A,0,,,,,Y,,A,07,1,1,0,0,0,0,0,0,0,"- ","- ",36.632530212402344,-119.35875701904297,FRESNO,UNINCORPORATED,-119.35887145996094,36.618019104003906
94486436,2024,2024-11-27,9435,2024-10-30,"415 ",021940,,3,3,9,1000,0,1,3,,2,182,"SR-180 W/B","TEMPERANCE AVE",898.00,W,N,A,-,Y,FRE,,180," ",R,65.116,H,,L,N,2,0,1,2,A,-,00,21960,A,N,G,B,D,A,H,-,C,D,0,Y,,,,Y,Y,N,60,1,0,0,0,1,0,0,0,0,"- ","- ",36.741569519042969,-119.66654968261719,FRESNO,UNINCORPORATED,-119.66657257080078,36.741554260253906
94493597,2024,2024-12-05,9435,2024-11-28,"345 ",021148,,4,3,7,1005,0,1,3,,2,181,"SR-180 W/B","BLACKSTONE AVENUE",0.00,,Y,E,-,Y,FRE,,180," ",R,57.892,H,,L,Y,2,0,1,1,A,-,01,23152,A,N,E,J,A,B,H,-,D,D,0,,,,,Y,Y,A,01,1,0,0,0,0,0,0,0,0,"- ","- ",36.7523193359375,-119.78997039794922,FRESNO,FRESNO,-119.78993988037109,36.752239227294922
94509261,2024,2024-12-18,9435,2024-11-03,2110,021402,,7,2,9,1000,0,1,3,,1,412,"STATE ROUTE 41 NORTHBOUND","MOUNTAIN VIEW AVENUE",0.00,,Y,A,-,Y,FRE,,41," ",R,10.106,H,,R,Y,1,1,2,2,A,-,12,21453,A,N,D,2,A,A,H,-,C,A,0,,,,,Y,,A,01,0,2,0,0,0,0,0,0,0,"- ","- ",36.547328948974609,-119.78595733642578,FRESNO,UNINCORPORATED,-119.78603363037109,36.547328948974609
94509951,2024,2024-12-19,9435,2024-09-13,"244 ",020854,,5,3,9,1000,0,3,5,,2,015,"KEARNEY BOULEVARD","GARFIELD AVENUE",772.00,W,N,A,-,N,,,,,,,,,,Y,1,3,0,1,A,-,01,23152,G,N,E,I,A,A,H,-,D,D,0,,,,,Y,Y,A,01,0,0,0,0,0,0,0,0,0,"- ","- ",36.728111267089844,-119.92817687988281,FRESNO,UNINCORPORATED,-119.92807006835938,36.727947235107422
94533318,2025,2025-01-10,9435,2025-01-03,2150,020854,,5,2,7,1005,0,1,3,,2,182,"STATE ROUTE 180 WESTBOUND","CHESTNUT AVENUE",10.00,E,N,C,-,Y,FRE,,180," ",R,60.906,H,,L,Y,2,0,2,2,A,-,03,22350,,N,C,C,A,A,H,-,C,D,0,,,,,Y,,A,07,2,0,0,0,0,0,0,0,0,"- ","- ",36.754978179931641,-119.73600769042969,FRESNO,FRESNO,-119.73605346679688,36.754829406738281
94541866,2024,2025-01-17,9435,2024-11-13,1335,016860,,3,1,9,1000,0,1,3,,1,169,"STATE ROUTE 168","QUALLS PRATHER ROAD",4224.00,E,N,B,-,Y,FRE,,168," ",L,29.063,H,,R,Y,1,1,0,1,A,-,03,22350,,N,F,0,A,A,H,-,A,A,0,,,,Y,Y,,F,26,0,0,0,0,0,0,0,0,0,"- ","- ",37.064769744873047,-119.45717620849609,FRESNO,UNINCORPORATED,-119.45709991455078,37.064659118652344
94556340,2024,2025-01-30,9435,2024-11-03,"304 ",020977,,7,3,9,1000,0,3,5,,2,010,"MCKINLEY AVENUE","BRAWLEY AVENUE",528.00,E,N,A,-,N,,,,,,,,,,Y,1,1,0,1,A,-,01,23152,A,N,E,8,A,A,H,-,D,D,0,,,,,Y,Y,A,07,0,0,0,0,0,0,0,0,0,"- ","- ",36.764518737792969,-119.86025238037109,FRESNO,UNINCORPORATED,-119.86043548583984,36.764583587646484
94596093,2025,2025-03-04,9435,2025-02-23,"129 ",021315,,7,3,7,1005,0,1,3,,2,410,"STATE ROUTE 41 NORTHBOUND","DAKOTA AVENUE",809.00,N,N,A,-,Y,FRE,,41," ",R,27.123,H,,R,Y,2,0,4,3,A,-,01,23152,A,N,C,2,A,A,H,-,D,D,0,,,,,Y,Y,A,01,1,3,0,0,0,0,0,0,0,"- ","- ",36.789081573486328,-119.78410339355469,FRESNO,FRESNO,-119.78415679931641,36.789077758789062
94632787,2025,2025-04-01,9435,2025-03-22,1940,021982,,6,2,9,1000,0,3,5,,2,025,"BELMONT AVE","ACADEMY AVE",160.00,W,N,A,-,N,,,,,,,,,,N,2,0,1,2,A,-,08,22107,,F,G,B,E,A,H,-,D,D,0,Y,,,,Y,,-,99,1,0,0,0,1,0,0,0,0,"- ","- ",36.75006103515625,-119.55674743652344,FRESNO,UNINCORPORATED,-119.55672454833984,36.750076293945312
9464430,2021,2022-09-13,1005,2021-03-15,2234,P1131,SW/G,1,5,7,1005,0,0,0,,0,3560,"CENTRAL AV","CEDAR AV",1332.00,E,N,A,-,N,,,,,,,,,,Y,1,2,0,2,A,-,12,22451,A,N,H,F,A,A,H,-,D,A,0,,,,,Y,,A,01,0,0,0,0,0,0,0,0,0,"- ","- ",36.6781005859375,-119.75470733642578,FRESNO,FRESNO,-119.75090789794922,36.677818298339844
9464436,2021,2022-09-13,1005,2021-04-02,2050,P731,2057,5,5,7,1005,0,0,0,,0,02B,"1ST ST","SHIELDS AV",670.00,N,N,A,-,N,,,,,,,,,,Y,1,1,0,2,A,-,11,21954,A,N,G,B,D,A,H,-,C,D,0,Y,,,,Y,Y,N,60,0,0,0,1,0,0,0,0,0,"- ","- ",36.779598236083984,-119.77262878417969,FRESNO,FRESNO,-119.77262878417969,36.781398773193359
9464445,2021,2022-09-14,1005,2021-06-17,2336,P1070,NE/A,4,5,7,1005,0,0,0,,0,2336,"FRIANT RD","FORT WASHINGTON RD",8.00,N,N,A,-,N,,,,,,,,,,N,1,1,0,2,A,-,12,21453,A,N,G,B,B,A,H,-,C,A,0,Y,,,,Y,,A,01,0,0,0,1,0,0,0,0,0,"- ","- ",36.872459411621094,-119.77903747558594,FRESNO,FRESNO,-119.77885437011719,36.872413635253906
9464454,2021,2022-09-14,1005,2021-10-17,0529,P731,4F,7,5,7,1005,0,0,0,,0,1759,"SHAW AV","CEDAR AV",23.00,W,N,A,-,N,,,,,,,,,,Y,1,1,0,2,A,-,01,23152,B,N,B,C,A,A,H,-,C,A,0,,,Y,,Y,Y,C,02,0,0,0,0,0,0,0,1,0,"- ","- ",36.808521270751953,-119.75414276123047,FRESNO,FRESNO,-119.75434875488281,36.808540344238281
9464460,2021,2022-09-16,1005,2021-11-07,0056,P1131,5/A,7,5,7,1005,0,0,0,,0,1241,"ELGIN AV","EVEREST AV",348.00,S,N,A,-,N,,,,,,,,,,Y,1,1,1,2,A,-,01,23152,A,F,C,E,A,A,H,-,C,D,0,,,,,Y,Y,A,01,0,0,1,0,0,0,0,0,0,"- ","- ",36.838481903076172,-119.91619110107422,FRESNO,FRESNO,-119.91679382324219,36.837562561035156
9464461,2021,2022-09-16,1005,2021-11-08,0050,P1070,NE/E,1,5,7,1005,0,0,0,,0,1658,"SHAW AV","MILLBROOK AV",147.00,E,N,A,-,N,,,,,,,,,,Y,1,1,0,2,A,-,03,22350,,N,B,C,A,A,H,-,C,A,0,,,,,Y,,A,01,0,0,0,0,0,0,0,0,0,"- ","- ",36.808551788330078,-119.76093292236328,FRESNO,FRESNO,-119.760498046875,36.808521270751953
94685035,2025,2025-05-13,9435,2025-05-05,2015,021672,,1,2,9,1000,0,1,3,,2,184,SR-180,"COVE AVE",6864.00,E,N,A,-,Y,,,,,,,,,,Y,2,0,1,1,A,-,08,22107,,N,E,I,A,A,H,-,D,D,0,,,,,Y,,A,07,1,0,0,0,0,0,0,0,0,"- ","- ",36.718330383300781,-119.32565307617188,FRESNO,UNINCORPORATED,-119.32669067382812,36.718368530273438
94687795,2025,2025-05-14,9435,2025-03-04,2500,017310,,2,4,7,1005,0,1,3,,2,410,"SR-41 S/B TO SR-99 S/B",SR-41,34.00,W,N,A,-,Y,FRE,,41," ",R,21.787,H,,L,Y,1,1,0,1,A,-,01,23152,G,N,E,I,A,A,H,-,D,D,0,,,,,Y,Y,A,01,0,0,0,0,0,0,0,0,0,"- ","- ",36.716709136962891,-119.78437805175781,FRESNO,FRESNO,-119.78464508056641,36.716682434082031
94688749,2025,2025-06-06,9435,2025-04-26,1220,019705,,6,1,9,1000,0,1,3,,1,180,SR-180,"SHASTA AVE",1056.00,E,N,B,C,Y,FRE,,180," "," ",40.282,H,,R,Y,2,0,7,4,A,-,06,21751,,N,A,2,A,B,H,-,A,D,0,,,,,Y,,A,01,1,2,4,0,0,0,0,0,0,"- ","- ",36.734748840332031,-120.10236358642578,FRESNO,UNINCORPORATED,-120.10236358642578,36.734722137451172
94688879,2025,2025-05-15,9435,2025-04-18,2105,022112,,5,2,7,1005,0,1,3,,2,106,"SR-41 S/B","SR-99 N/B",112.00,E,N,A,-,Y,FRE,,41," ",R,21.950,H,,L,Y,2,0,1,1,A,-,01,23152,A,N,F,A,A,A,H,-,C,D,0,,,,,Y,Y,A,01,1,0,0,0,0,0,0,0,0,"- ","- ",36.718990325927734,-119.78527069091797,FRESNO,FRESNO,-119.78506469726562,36.719013214111328
94690440,2025,2025-05-16,9435,2025-05-09,1710,022339,,5,2,9,1000,0,3,5,,2,025,"MILLERTON RD","VIA MIRA BELLA",2170.00,E,N,A,-,N,,,,,,,,,,Y,2,0,3,2,A,-,08,22107,,N,A,C,A,A,H,-,A,D,0,,,,,Y,,A,01,1,2,0,0,0,0,0,0,0,"- ","- ",36.988021850585938,-119.69119262695312,FRESNO,UNINCORPORATED,,
94705751,2025,2025-05-29,9435,2025-05-17,1435,023103,,6,2,9,1000,0,1,3,,2,181,"SR-181 W/B","H ST",175.00,E,N,A,-,Y,FRE,,180," ",R,56.870,H,,L,Y,2,0,5,3,A,-,03,22350,,N,C,2,A,A,H,-,A,D,0,,,,,Y,,A,08,1,0,4,0,0,0,0,0,0,"- ","- ",36.745628356933594,-119.80634307861328,FRESNO,UNINCORPORATED,-119.80631256103516,36.745597839355469
94716170,2025,2025-06-06,9435,2025-05-24,2330,021930,,6,3,9,1000,0,1,3,,1,180,SR-180,"BLYTHE AVE",0.00,,Y,A,-,Y,FRE,,180," "," ",53.091,H,,R,Y,2,0,3,2,A,-,01,23152,A,N,D,C,A,A,H,-,D,A,0,,,,,Y,Y,A,01,1,1,1,0,0,0,0,0,0,"- ","- ",36.735481262207031,-119.87155914306641,FRESNO,UNINCORPORATED,-119.87155914306641,36.735492706298828
94739901,2025,2025-06-25,9435,2025-06-20,"245 ",018944,,5,3,9,1000,0,1,3,,2,105,"STATE ROUTE 99 NORTHBOUND","HERNDON AVENUE",4541.00,N,N,A,-,Y,FRE,,99," "," ",31.364,H,,R,Y,2,0,1,1,A,-,08,22107,,N,F,A,A,A,H,-,D,D,0,,,,Y,Y,,G,25,1,0,0,0,0,0,0,0,0,"- ","- ",36.841201782226562,-119.92878723144531,FRESNO,UNINCORPORATED,-119.92884063720703,36.841136932373047
94741332,2025,2025-06-26,9435,2025-06-16,"803 ",019263,,1,1,7,1005,0,1,3,,2,410,"SR-41 S/B","TULARE STREET",40.00,N,N,A,-,Y,FRE,,41," ",R,23.718,H,,L,Y,2,0,1,2,A,-,07,21658,A,N,C,C,A,A,H,-,A,D,0,,,Y,Y,Y,,C,02,1,0,0,0,0,0,0,0,1,"- ","- ",36.742599487304688,-119.77758026123047,FRESNO,FRESNO,-119.77754974365234,36.742595672607422
94784800,2025,2025-07-31,9435,2025-06-23,2143,021930,,1,2,9,1000,0,3,5,,2,030,"SHIELDS AVENUE","DE WOLF AVENUE",505.00,W,N,A,-,N,,,,,,,,,,N,1,1,0,2,A,-,11,21954,A,N,G,B,D,A,H,-,D,D,0,Y,,,,Y,,N,60,0,0,0,1,0,0,0,0,0,"- ","- ",36.779369354248047,-119.64781188964844,FRESNO,UNINCORPORATED,-119.64768981933594,36.779354095458984
9516947,2022,2022-12-30,1001,2022-11-07,0753,5652,,1,5,5,1001,0,0,0,,0,001,"PEACH AV","SWIFT AV",31.00,S,N,C,-,N,,,,,,,,,,Y,2,0,1,2,A,-,09,21804,A,N,B,C,A,B,H,-,A,D,0,,,,,Y,,A,01,1,0,0,0,0,0,0,0,0,"- ","- ",36.796039581298828,-119.71817016601562,FRESNO,CLOVIS,-119.71817016601562,36.795955657958984
9520080,2022,2022-11-23,1012,2022-09-28,1107,L193,REEDL,3,5,3,1012,0,0,0,,0,L04C,"G ST","10TH ST",185.00,S,N,A,-,N,,,,,,,,,,N,1,1,0,2,A,-,08,22107,,N,G,B,D,A,H,-,A,D,0,Y,,,,Y,,D,22,0,0,0,1,0,0,0,0,0,"- ","- ",,,FRESNO,REEDLEY,-119.45156097412109,36.597023010253906
9520500,2023,2025-07-22,1008,2023-01-20,"640 ",J264,,5,5,2,1008,0,0,0,,0,,"DRAPER ST","FRONTAGE RD",32.00,E,N,A,-,N,,,,,,,,,,N,1,1,0,2,A,-,11,21954,A,N,G,B,D,A,H,-,C,D,0,Y,,,,Y,Y,N,60,0,0,0,1,0,0,0,0,0,"- ","- ",,,FRESNO,KINGSBURG,-119.55494689941406,36.513286590576172
9599087,2023,2024-01-30,1001,2023-12-31,1846,5880,,7,5,5,1001,0,0,0,,0,006,"FOWLER AV","SHAW AV",0.00,,Y,A,-,N,,,,,,,,,,N,2,0,1,2,A,-,11,21950,B,N,G,B,B,A,H,-,C,A,0,Y,,,,Y,,N,60,1,0,0,0,1,0,0,0,0,"- ","- ",,,FRESNO,CLOVIS,-119.68206024169922,36.808525085449219
9605561,2023,2023-09-08,1008,2023-06-05,1722,J614,KINGS,1,5,2,1008,0,0,0,,0,KINGSB,"14TH AV","TULARE ST",0.00,,Y,A,-,N,,,,,,,,,,N,2,0,2,2,A,-,12,22450,A,N,D,C,A,A,H,-,A,A,0,,,,,Y,,A,07,1,0,1,0,0,0,0,0,0,"- ","- ",,,FRESNO,KINGSBURG,-119.55239868164062,36.518939971923828
9622968,2023,2023-11-13,1015,2023-10-31,1925,N147,SELMA,2,5,3,1015,0,0,0,,0,003,"ROSE AV","DOCKERY AV",0.00,,Y,A,-,N,,,,,,,,,,N,2,0,2,3,A,-,10,21950,A,N,G,B,B,A,H,-,C,D,0,Y,,,,Y,,A,01,1,0,1,0,2,0,0,0,0,"- ","- ",36.568828582763672,-119.601806640625,FRESNO,SELMA,-119.60182952880859,36.568828582763672
9633145,2023,2024-01-25,1015,2023-11-03,2056,N154,SELMA,5,5,3,1015,0,0,0,,0,N400,"THOMPSON AV","CHANDLER ST",0.00,,Y,A,-,N,,,,,,,,,,Y,2,0,1,2,A,-,09,21801,A,N,A,C,A,A,H,-,C,D,0,,,Y,,Y,,A,07,1,0,0,0,0,0,0,0,1,"- ","- ",,,FRESNO,SELMA,-119.61968231201172,36.574867248535156
9640008,2022,2023-11-22,1005,2022-12-05,1744,P1689,NORTH,1,5,7,1005,0,0,0,,0,00C,"ASHLAN AV","BLYTHE AV",0.00,,Y,D,-,N,,,,,,,,,,Y,1,1,0,2,A,-,11,21456,B,N,G,B,B,A,H,-,C,A,0,Y,,,,Y,,N,60,0,0,0,1,0,0,0,0,0,"- ","- ",36.793498992919922,-119.87135314941406,FRESNO,FRESNO,-119.87134552001953,36.793701171875
9640595,2023,2024-06-19,1005,2023-07-04,2228,P1689,SOUTH,2,5,7,1005,0,0,0,,0,00A,"CLINTON AV","GARDEN AV",0.00,,Y,A,-,N,,,,,,,,,,Y,1,2,0,2,A,-,01,23152,F,N,D,C,A,A,H,-,C,A,0,,,Y,,Y,,A,01,0,0,0,0,0,0,0,2,0,"- ","- ",36.771289825439453,-119.73497009277344,FRESNO,FRESNO,-119.73413848876953,36.772235870361328
9641017,2023,2024-10-16,1005,2023-06-13,2146,P1689,SOUTH,2,5,7,1005,0,0,0,,0,00A,"MCKINLEY AV","HELM AV",74.00,W,N,A,-,N,,,,,,,,,,Y,1,1,2,2,A,-,01,23152,B,N,C,C,A,A,H,-,C,D,0,,,,,Y,Y,D,22,0,2,0,0,0,0,0,0,0,"- ","- ",36.765228271484375,-119.72379302978516,FRESNO,FRESNO,-119.72417449951172,36.765239715576172
9643641,2023,2023-11-29,1001,2023-10-22,"302 ",5886,,7,5,5,1001,0,0,0,,0,003,"LOCAN AV","SHAW AV",0.00,,Y,A,-,N,,,,,,,,,,Y,2,0,2,2,A,-,12,21453,A,N,D,C,A,A,H,-,C,A,0,,,,,Y,Y,D,22,1,1,0,0,0,0,0,0,0,"- ","- ",36.808399200439453,-119.65500640869141,FRESNO,CLOVIS,-119.65500640869141,36.808433532714844
9711060,2024,2024-08-15,1008,2024-06-25,"400 ",J159,KINGS,2,5,2,1008,0,0,0,,0,J070,"BETHEL AV","MOUNTAIN VIEW AV",1013.00,S,N,A,-,N,,,,,,,,,,Y,2,0,1,2,A,-,21,22106,,N,B,C,A,A,H,-,D,A,0,,,,Y,Y,,G,25,1,0,0,0,0,0,0,0,0,"- ","- ",,,FRESNO,KINGSBURG,-119.57518005371094,36.543979644775391
9727169,2024,2025-02-28,1001,2024-12-01,"204 ",5880,,7,5,5,1001,0,0,0,,0,002,"GETTYSBURG AV","FOWLER AV",0.00,,Y,B,-,N,,,,,,,,,,Y,1,2,5,6,A,-,01,23153,A,N,D,C,A,A,H,-,C,A,0,,,,,Y,Y,A,01,4,0,1,0,0,0,0,0,0,"- ","- ",,,FRESNO,CLOVIS,-119.68221282958984,36.801242828369141
9727687,2024,2024-09-11,1015,2024-08-12,1535,N158,SELMA,1,5,3,1015,0,0,0,,0,0SE,"NORTH ST","SYLVIA ST",45.00,E,N,A,-,N,,,,,,,,,,N,2,0,1,2,A,-,09,21804,B,N,D,G,A,A,H,-,A,D,0,,Y,,,Y,,L,04,1,0,0,0,0,0,1,0,0,"- ","- ",,,FRESNO,SELMA,-119.616455078125,36.567531585693359
9756227,2024,2024-12-02,1001,2024-11-08,1103,5880,,5,5,5,1001,0,0,0,,0,,"WILLOW AV","BEHYMER AV",0.00,,Y,A,-,N,,,,,,,,,,Y,2,0,2,2,A,-,12,21453,A,N,D,C,A,A,H,-,A,A,0,,,,,Y,,A,01,1,0,1,0,0,0,0,0,0,"- ","- ",,,FRESNO,CLOVIS,-119.73000335693359,36.881351470947266
9761102,2024,2024-12-24,1013,2024-11-17,1806,M158,M350,7,5,3,1013,0,0,0,,0,M03,"ANNADALE AV","J ST",26.00,W,N,A,-,N,,,,,,,,,,Y,2,0,1,2,A,-,01,23152,A,N,C,E,A,A,H,-,D,D,0,,,,Y,Y,Y,D,22,1,0,0,0,0,0,0,0,0,"- ","- ",,,FRESNO,SANGER,-119.55021667480469,36.699489593505859
9786117,2024,2025-04-29,1005,2024-06-07,2323,P1684,NW,5,5,7,1005,0,0,0,,0,F2149,"CLINTON AV","MARKS AV",440.00,E,N,A,-,N,,,,,,,,,,N,1,1,0,2,A,-,03,22350,,N,C,G,A,A,H,-,E,D,0,,Y,,,Y,Y,D,22,0,0,0,0,0,1,0,0,0,"- ","- ",36.771881103515625,-119.84430694580078,FRESNO,FRESNO,-119.8428955078125,36.771919250488281
9786293,2024,2025-05-20,1012,2024-12-10,"621 ",L193,REEDL,2,5,3,1012,0,0,0,,0,L04B,"HUNTSMAN AV","S HOPE AV",38.00,W,N,A,-,N,,,,,,,,,,Y,1,1,0,3,A,-,08,22107,,N,C,E,A,A,H,-,D,D,0,,,,,Y,,A,01,0,0,0,0,0,0,0,0,0,"- ","- ",,,FRESNO,REEDLEY,-119.45571136474609,36.582450866699219
9828467,2025,2025-07-03,1001,2025-06-14,2239,5904,,6,5,5,1001,0,0,0,,0,004,"VILLA AV","9TH ST",114.00,S,N,A,-,N,,,,,,,,,,N,2,0,1,2,A,-,11,21950,B,N,G,B,D,-,H,-,C,D,0,Y,,,,Y,Y,N,60,1,0,0,0,1,0,0,0,0,"- ","- ",36.818679809570312,-119.71349334716797,FRESNO,CLOVIS,-119.7135009765625,36.818367004394531
5912133,2014,2014-02-20,9495,2014-01-07,1625,19111,,2,2,9,1000,0,1,3,,2,005,"RT 33","NEBRASKA AV",124.00,S,N,B,-,Y,FRE,6,33,-,-,48.390,H,-,N,Y,1,2,1,1,A,-,08,22107,,N,E,I,A,A,H,-,A,D,0,,,,,Y,,A,01,0,1,0,0,0,0,0,0,0,"- ","- ",36.559080000000002,-120.38890000000001,FRESNO,UNINCORPORATED,-120.38897708,36.559453990000002