CASE_ID,ACCIDENT_YEAR,PROC_DATE,JURIS,COLLISION_DATE,COLLISION_TIME,OFFICER_ID,REPORTING_DISTRICT,DAY_OF_WEEK,CHP_SHIFT,POPULATION,CNTY_CITY_LOC,SPECIAL_COND,BEAT_TYPE,CHP_BEAT_TYPE,CITY_DIVISION_LAPD,CHP_BEAT_CLASS,BEAT_NUMBER,PRIMARY_RD,SECONDARY_RD,DISTANCE,DIRECTION,INTERSECTION,WEATHER_1,WEATHER_2,STATE_HWY_IND,CALTRANS_COUNTY,CALTRANS_DISTRICT,STATE_ROUTE,ROUTE_SUFFIX,POSTMILE_PREFIX,POSTMILE,LOCATION_TYPE,RAMP_INTERSECTION,SIDE_OF_HWY,TOW_AWAY,COLLISION_SEVERITY,NUMBER_KILLED,NUMBER_INJURED,PARTY_COUNT,PRIMARY_COLL_FACTOR,PCF_CODE_OF_VIOL,PCF_VIOL_CATEGORY,PCF_VIOLATION,PCF_VIOL_SUBSECTION,HIT_AND_RUN,TYPE_OF_COLLISION,MVIW,PED_ACTION,ROAD_SURFACE,ROAD_COND_1,ROAD_COND_2,LIGHTING,CONTROL_DEVICE,CHP_ROAD_TYPE,PEDESTRIAN_ACCIDENT,BICYCLE_ACCIDENT,MOTORCYCLE_ACCIDENT,TRUCK_ACCIDENT,NOT_PRIVATE_PROPERTY,ALCOHOL_INVOLVED,STWD_VEHTYPE_AT_FAULT,CHP_VEHTYPE_AT_FAULT,COUNT_SEVERE_INJ,COUNT_VISIBLE_INJ,COUNT_COMPLAINT_PAIN,COUNT_PED_KILLED,COUNT_PED_INJURED,COUNT_BICYCLIST_KILLED,COUNT_BICYCLIST_INJURED,COUNT_MC_KILLED,COUNT_MC_INJURED,PRIMARY_RAMP,SECONDARY_RAMP,LATITUDE,LONGITUDE,COUNTY,CITY,POINT_X,POINT_Y
6290283,2014,2015-07-20,9435,2014-02-15,1906,18939,,6,2,9,1000,0,3,5,,2,020,"EXCELSIOR AVE","MARKS AV",0.00,,Y,A,-,N,,,,,,,,,,Y,1,5,1,2,A,-,12,22450,A,N,D,C,A,A,H,-,D,A,0,,,,,Y,,A,08,0,1,0,0,0,0,0,0,0,"- ","- ",36.40202,-119.8518,FRESNO,UNINCORPORATED,-119.85123994,36.40202008
6290479,2014,2015-10-06,9435,2014-04-01,1716,17630,,2,2,9,1000,0,3,5,,2,040,"KAMM AV","CORNELIA AV",2.00,E,N,A,-,N,,,,,,,,,,Y,1,1,0,2,A,-,11,21954,A,N,G,B,D,A,H,-,A,D,0,Y,,,,Y,,N,60,0,0,0,1,0,0,0,0,0,"- ","- ",36.532589999999999,-119.88160999999999,FRESNO,UNINCORPORATED,-119.8812132,36.53252002
6290561,2014,2015-12-29,9435,2014-04-08,0220,19032,,2,3,9,1000,0,3,5,,2,025,"ACADEMY AV","SIERRA AV",268.00,S,N,A,-,N,,,,,,,,,,Y,1,1,0,1,A,-,08,22107,,N,E,I,A,A,H,-,D,D,0,,,,,Y,,A,07,0,0,0,0,0,0,0,0,0,"- ","- ",36.827719999999999,-119.55591,FRESNO,UNINCORPORATED,-119.55583787,36.827564510000002
6290683,2014,2015-12-29,9435,2014-04-22,2330,15890,,2,3,9,1000,0,3,5,,2,040,"TEMPERANCE AV","FLORAL AV",165.00,S,N,A,-,N,,,,,,,,,,Y,1,1,0,1,A,-,01,23152,A,N,E,I,A,A,H,-,D,D,0,,,,,Y,Y,D,22,0,0,0,0,0,0,0,0,0,"- ","- ",36.57573,-119.66455000000001,FRESNO,UNINCORPORATED,-119.66455359,36.575907119999997
6291073,2014,2014-08-19,9435,2014-04-23,0455,19323,,3,3,7,1005,0,1,3,,2,105,"RT 99","HERNDON AV",5280.00,S,N,A,-,Y,FRE,6,99,-,-,30.010,H,-,S,Y,1,1,0,2,A,-,11,21954,A,F,G,B,E,A,H,-,D,D,1,Y,,,,Y,,N,60,0,0,0,1,0,0,0,0,0,"- ","- ",36.827750000000002,-119.91213999999999,FRESNO,FRESNO,-119.91158276,36.827355869999998
6291565,2014,2015-06-17,9435,2014-10-04,0720,017489,,6,1,7,1005,0,1,3,,1,411,"RT 41","NORTH AV",2640.00,N,N,A,-,Y,FRE,6,41,-,R,20.563,H,-,N,Y,1,1,0,1,A,-,01,23152,A,N,E,I,A,A,H,-,A,D,1,,,,,Y,Y,A,01,0,0,0,0,0,0,0,0,0,"- ","- ",36.698860000000003,-119.78599,FRESNO,FRESNO,-119.78573369999999,36.699102349999997
6291610,2014,2016-01-07,9435,2014-09-09,0600,14547,,2,1,7,1005,0,1,3,,2,410,"RT 41","FLORADORA AV",300.00,N,N,A,-,Y,FRE,6,41,-,R,25.090,H,-,N,Y,1,1,2,5,A,-,11,21956,,N,G,B,E,A,H,-,B,D,1,Y,,,,Y,,N,60,0,0,2,1,0,0,0,0,0,"- ","- ",36.762439999999998,-119.77539,FRESNO,FRESNO,-119.77565748000001,36.763306839999998
6291624,2014,2014-11-13,9435,2014-09-28,2059,17088,,7,2,9,1000,0,3,5,,2,060,"DINUBA AV","ENGLEHART AV",0.00,,Y,B,-,N,,,,,,,,,,Y,1,1,5,2,A,-,01,23152,A,N,D,C,A,A,H,-,D,A,0,,,,,Y,Y,D,22,3,2,0,0,0,0,0,0,0,"- ","- ",36.589869999999998,-119.41293,FRESNO,UNINCORPORATED,-119.41298994,36.58951003
6291626,2014,2015-12-30,9495,2014-09-29,0005,19523,,1,3,9,1000,0,1,1,,2,001,"RT 5","PANOCHE JUNCTION",5280.00,N,N,A,-,Y,FRE,6,5,-,-,41.430,H,-,N,Y,1,1,1,1,A,-,08,22107,,N,F,A,A,A,H,-,D,D,1,,,,,Y,,A,07,0,1,0,0,0,0,0,0,0,"- ","- ",36.559739999999998,-120.52592,FRESNO,UNINCORPORATED,-120.52823840000001,36.561430450000003
6291842,2014,2015-07-20,9435,2014-10-25,0109,19422,,6,3,7,1005,0,1,3,,1,411,"RT 41","JENSEN AV",850.00,N,N,A,-,Y,FRE,6,41,-,R,21.080,H,-,S,Y,1,1,1,1,A,-,08,22107,,N,F,A,A,A,H,-,C,D,1,,,,,Y,,A,01,0,1,0,0,0,0,0,0,0,"- ","- ",36.708399999999997,-119.78492,FRESNO,FRESNO,-119.78518395,36.706588269999997
6291990,2014,2015-12-28,1005,2014-03-01,0554,P904,SED,6,5,7,1005,0,0,0,,0,2662,"CHESTNUT AV","BALCH AV",4.00,S,N,B,-,N,,,,,,,,,,N,1,1,0,2,A,-,11,21456,B,N,G,B,B,A,H,-,C,A,0,Y,,,,Y,,N,60,0,0,0,1,0,0,0,0,0,"- ","- ",,,FRESNO,FRESNO,-119.73643025,36.738639020000001
6292111,2014,2016-01-13,9435,2014-11-22,1720,17630,,6,2,9,1000,0,1,3,,1,180,"RT 180","SAN MATEO AV",4224.00,W,N,A,-,Y,FRE,6,180,-,-,27.700,H,-,W,Y,1,1,3,4,A,-,01,23152,A,N,A,C,A,A,H,-,D,D,0,,,,,Y,Y,D,22,1,0,2,0,0,0,0,0,0,"- ","- ",36.73404,-120.33051,FRESNO,UNINCORPORATED,-120.32940162,36.734300869999998
6292143,2015,2016-04-04,9435,2015-02-25,1825,19075,,3,2,9,1000,0,3,5,,2,034,"MCCALL AV","ANNADALE AV",1066.00,S,N,A,-,N,,,,,,,,,,N,1,1,0,2,A,-,11,21956,A,N,G,B,E,A,H,-,D,D,0,Y,,,,Y,,N,60,0,0,0,1,0,0,0,0,0,"- ","- ",36.698689999999999,-119.61032,FRESNO,UNINCORPORATED,-119.61034085999999,36.696424409999999
6292294,2015,2015-06-30,9435,2015-04-12,1247,18934,,7,1,9,1000,0,1,3,,1,412,"RT 41","LAGUNA AV",0.00,,Y,A,-,Y,FRE,6,41,-,R,1.013,I,5,N,Y,1,1,2,2,A,-,09,21802,A,N,D,C,A,A,H,-,A,A,0,,,,,Y,,A,08,1,1,0,0,0,0,0,0,0,"- ","- ",36.416559999999997,-119.80413,FRESNO,UNINCORPORATED,-119.80412373999999,36.416733309999998
6292303,2015,2015-07-01,9435,2015-04-22,1335,18860,,3,1,9,1000,0,1,3,,1,180,"RT 180","BLYTHE AV",35.00,E,N,A,-,Y,FRE,6,180,-,-,53.080,H,-,E,Y,1,1,1,1,A,-,08,22107,,N,E,I,A,A,H,-,A,D,0,,,,,Y,,D,22,0,1,0,0,0,0,0,0,0,"- ","- ",36.735460000000003,-119.87025,FRESNO,UNINCORPORATED,-119.87183689,36.735487259999999
6292439,2015,2016-04-04,9435,2015-06-15,1338,19113,,1,1,9,1000,0,3,5,,2,025,"AUBERRY RD","COPPER AV",0.00,,Y,A,-,N,,,,,,,,,,Y,1,1,0,2,A,-,09,21802,A,N,D,C,A,A,H,-,A,A,0,,,,Y,Y,,A,01,0,0,0,0,0,0,0,0,0,"- ","- ",36.895780000000002,-119.71589,FRESNO,UNINCORPORATED,-119.71568988999999,36.895780049999999
6292591,2015,2015-09-11,9495,2015-07-04,0635,19205,,6,1,9,1000,0,1,1,,2,001,"RT 5","HUDSON AV",198.00,S,N,A,-,Y,FRE,6,5,-,-,43.140,H,-,N,Y,1,1,3,2,A,-,08,22107,,N,C,E,A,A,H,-,A,D,1,,,,,Y,,A,01,0,1,2,0,0,0,0,0,0,"- ","- ",36.578969999999998,-120.55132,FRESNO,UNINCORPORATED,-120.55071766,36.578415909999997
6292801,2015,2016-02-24,9495,2015-08-02,0730,18253,,7,1,9,1000,0,1,1,,2,001,"RT 5","MANNING AV",2640.00,N,N,A,-,Y,FRE,6,5,-,-,46.310,H,-,N,Y,1,1,3,1,A,-,08,22107,,N,F,A,A,A,H,-,A,D,1,,,,,Y,,A,01,1,2,0,0,0,0,0,0,0,"- ","- ",36.61063,-120.59327999999999,FRESNO,UNINCORPORATED,-120.59213124,36.609663660000002
6292928,2016,2017-10-02,1005,2016-01-14,1740,P731,2048,4,5,7,1005,0,0,0,,0,02F,"SHIELDS AV","SELLAND AV",100.00,E,N,B,-,N,,,,,,,,,,Y,1,1,0,2,A,-,11,21954,A,N,G,B,D,A,H,-,C,D,0,Y,,,,Y,,N,60,0,0,0,1,0,0,0,0,0,"- ","- ",,,FRESNO,FRESNO,-119.85565875,36.779139999999998
6292932,2016,2017-10-02,1005,2016-03-13,1736,P731,2149,7,5,7,1005,0,0,0,,0,NWF,"PARKWAY DR","SHIELDS AV",432.00,N,N,B,C,N,,,,,,,,,,Y,1,1,2,2,A,-,05,21460,A,N,A,C,A,B,H,-,B,D,0,,,,,Y,,A,01,2,0,0,0,0,0,0,0,0,"- ","- ",36.778199999999998,-119.84623999999999,FRESNO,FRESNO,-119.84660563,36.779332439999997
6292933,2016,2017-10-02,1005,2016-03-25,0725,P1070,2250,5,5,7,1005,0,0,0,,0,05F,"CLINTON AV","MARKS AV",250.00,E,N,A,-,N,,,,,,,,,,Y,1,1,0,2,A,-,11,21954,A,N,G,B,D,A,H,-,A,D,0,Y,,,,Y,,N,60,0,0,0,1,0,0,0,0,0,"- ","- ",36.771880000000003,-119.84430999999999,FRESNO,FRESNO,-119.84354707999999,36.771920000000001
6292935,2016,2017-10-02,1001,2016-04-20,0605,5277,,3,5,5,1001,0,0,0,,0,003,"SHAW AV","AQUA DULCE",326.00,W,N,A,-,N,,,,,,,,,,Y,1,1,0,2,A,-,00,23153,E,N,C,G,A,A,H,-,B,D,0,,Y,,,Y,,A,01,0,0,0,0,0,1,0,0,0,"- ","- ",,,FRESNO,CLOVIS,-119.63422537,36.808305449999999
6292939,2016,2017-10-02,1015,2016-11-04,1530,N084,SELMA,5,5,3,1015,0,0,0,,0,004,"THOMPSON AV","SAGINAW ST",391.00,S,N,A,-,N,,,,,,,,,,N,1,1,0,1,A,-,03,22350,,F,E,I,A,A,H,-,A,B,0,,,,,Y,,-,,0,0,0,0,0,0,0,0,0,"- ","- ",,,FRESNO,SELMA,,
6292941,2016,2017-10-02,1005,2016-02-03,2024,P1514,NORTH,3,5,7,1005,0,0,0,,0,00A,"E PERRIN AV","N 10TH ST",37.00,W,N,A,-,N,,,,,,,,,,Y,2,0,1,2,C,-,18,,,N,-,I,A,A,H,-,C,A,0,,,Y,,Y,Y,-,"- ",1,0,0,0,0,0,0,0,0,"- ","- ",,,FRESNO,FRESNO,-119.75835635999999,36.873907029999998
6330676,2014,2014-06-18,9435,2014-01-07,1742,018963,,2,2,9,1000,0,3,5,,2,015,"FRUIT AV","JENSEN AV",0.00,,Y,A,-,N,,,,,,,,,,Y,2,0,1,2,A,-,12,22450,A,N,D,C,A,A,H,-,C,D,0,,,,,Y,,B,07,1,0,0,0,0,0,0,0,0,"- ","- ",36.707329999999999,-119.81841,FRESNO,UNINCORPORATED,-119.81790999,36.706740050000001
6354845,2014,2015-11-16,9435,2014-01-08,1555,015181,,3,2,9,1000,0,1,3,,1,147,"RT 145","COLORADO AV",6864.00,N,N,A,-,Y,FRE,6,145,-,-,21.950,H,-,S,Y,2,0,2,2,A,-,05,21650,,N,A,C,A,A,H,-,A,D,0,,,,,Y,,A,01,2,0,0,0,0,0,0,0,0,"- ","- ",36.555399999999999,-120.09764,FRESNO,UNINCORPORATED,-120.09772748,36.55562561
6361005,2014,2014-06-06,1015,2014-01-22,1646,N023,SELMA,3,5,3,1015,0,0,0,,0,001,"FLORAL AV","THOMPSON AV",0.00,,Y,A,-,N,,,,,,,,,,N,2,0,1,2,A,-,09,21804,A,N,H,G,A,A,H,-,A,A,0,,Y,,,Y,,L,04,1,0,0,0,0,0,1,0,0,"- ","- ",,,FRESNO,SELMA,-119.61967989999999,36.576270030000003
6390479,2014,2014-06-10,9435,2014-01-26,1055,15773,,7,1,9,1000,0,3,5,,2,060,"FRANKWOOD AV","ADAMS AV",2112.00,N,N,B,-,N,,,,,,,,,,Y,2,0,1,1,A,-,03,22350,,N,E,J,A,A,H,-,A,D,0,,,,,Y,,A,01,1,0,0,0,0,0,0,0,0,"- ","- ",36.638680000000001,-119.44871999999999,FRESNO,UNINCORPORATED,-119.44865135000001,36.639015809999997
6421067,2014,2014-07-01,9435,2014-03-06,2335,016507,,4,3,9,1000,0,3,5,,2,060,"PIEDRA RD","THERMAL RD",1584.00,W,N,A,-,N,,,,,,,,,,Y,2,0,1,1,A,-,01,23152,A,N,H,H,A,A,H,-,D,D,0,,,,,Y,Y,A,01,1,0,0,0,0,0,0,0,0,"- ","- ",36.758769999999998,-119.4286,FRESNO,UNINCORPORATED,-119.42926749999999,36.758206039999997
6421071,2014,2016-03-24,9435,2014-03-11,0012,018746,,2,3,7,1005,0,1,3,,2,105,"RT 99","ASHLAN AV",5808.00,N,N,A,-,Y,FRE,6,99,-,-,27.650,H,-,N,Y,2,0,1,1,A,-,01,23152,A,N,E,I,A,A,H,-,D,D,1,,,,,Y,Y,A,01,1,0,0,0,0,0,0,0,0,"- ","- ",36.802250000000001,-119.87809,FRESNO,FRESNO,-119.88043472,36.803892310000002
6438275,2014,2015-11-16,9435,2014-02-26,0150,15902,,3,3,9,1000,0,1,3,,1,169,"RT 168","COUNTRY OAK LN",5.00,W,N,A,-,Y,FRE,6,168,-,T,29.360,H,-,W,Y,2,0,1,1,A,-,01,23152,A,N,F,A,A,A,H,-,D,D,0,,,,,Y,Y,A,01,1,0,0,0,0,0,0,0,0,"- ","- ",37.028579999999998,-119.52209999999999,FRESNO,UNINCORPORATED,-119.52213528999999,37.028598789999997
6447683,2014,2016-03-24,9495,2014-03-18,0915,018253,,2,1,9,1000,0,1,1,,2,001,"RT 5","MANNING AV",3696.00,N,N,A,-,Y,FRE,6,5,-,-,46.500,H,-,S,Y,2,0,2,1,A,-,08,22107,,N,F,A,A,A,H,-,A,D,1,,,,,Y,,D,22,2,0,0,0,0,0,0,0,0,"- ","- ",36.611690000000003,-120.59527,FRESNO,UNINCORPORATED,-120.59514351,36.611517370000001
6459842,2014,2014-07-10,9435,2014-04-11,1400,018284,,5,2,9,1000,0,3,5,,2,040,"BETHEL AV","PARKWAY DR",0.00,,Y,A,-,N,,,,,,,,,,Y,2,0,1,2,A,-,09,21802,A,F,D,C,A,A,H,-,A,A,0,,,Y,,Y,,D,22,1,0,0,0,0,0,0,0,1,"- ","- ",36.527610000000003,-119.57531,FRESNO,UNINCORPORATED,-119.57533986,36.527660050000001
6484903,2014,2015-03-26,9435,2014-05-05,0800,013182,,1,1,9,1000,0,3,5,,2,030,"MOUNTAIN VIEW AV","MENDOCINO AV",798.00,E,N,A,-,N,,,,,,,,,,Y,2,0,1,2,A,-,05,21650,,N,B,C,A,A,H,-,A,D,0,,,,Y,Y,,A,01,1,0,0,0,0,0,0,0,0,"- ","- ",36.546909999999997,-119.54519000000001,FRESNO,UNINCORPORATED,-119.54528558,36.54683953
6487243,2014,2014-07-15,9435,2014-04-30,1715,013780,,3,2,9,1000,0,3,5,,2,030,"ASHLAN AV","CLOVIS AV",190.00,W,N,A,-,N,,,,,,,,,,Y,2,0,1,2,A,-,01,23152,A,N,D,C,A,A,H,-,A,D,0,,,Y,,Y,Y,C,02,1,0,0,0,0,0,0,0,1,"- ","- ",,,FRESNO,UNINCORPORATED,-119.70110843000001,36.79318
6501074,2014,2016-04-09,9435,2014-05-12,1647,018823,,1,2,9,1000,0,1,3,,1,180,"RT 180","BLYTHE AV",0.00,,Y,A,-,Y,FRE,6,180,-,-,53.090,I,5,W,Y,2,0,2,2,A,-,09,21802,A,N,D,C,A,A,H,-,A,A,0,,,,,Y,,A,01,1,0,1,0,0,0,0,0,0,"- ","- ",36.735399999999998,-119.87179999999999,FRESNO,UNINCORPORATED,-119.87165452000001,36.735487130000003
6505341,2014,2014-07-30,9435,2014-05-23,1805,018574,,5,2,9,1000,0,3,5,,2,025,"FRIANT RD","BELCHER AV",342.00,S,N,A,-,N,,,,,,,,,,Y,2,0,1,1,A,-,08,22107,,N,E,I,A,A,H,-,A,D,0,,,Y,,Y,,C,02,1,0,0,0,0,0,0,0,1,"- ","- ",36.97784,-119.72042,FRESNO,UNINCORPORATED,-119.71986651,36.978252400000002
6517321,2014,2014-08-06,9435,2014-05-26,2010,018914,,1,2,9,1000,0,3,5,,2,025,"MANILA AV","SUSSEX WY",0.00,,Y,A,-,N,,,,,,,,,,N,2,0,1,2,A,-,01,23152,A,N,A,G,A,A,H,-,B,D,0,,Y,,,Y,Y,D,22,1,0,0,0,0,0,1,0,0,"- ","- ",,,FRESNO,UNINCORPORATED,-119.69422998,36.790700049999998
6547131,2014,2016-04-09,9435,2014-06-28,2355,016507,,6,3,9,1000,0,1,3,,2,184,"RT 180","COVE AV",12672.00,E,N,A,-,Y,FRE,6,180,-,-,86.210,H,-,W,Y,2,0,1,1,A,-,08,22107,,N,E,I,A,A,H,-,D,D,0,,,,,Y,,A,01,1,0,0,0,0,0,0,0,0,"- ","- ",36.722250000000003,-119.30862999999999,FRESNO,UNINCORPORATED,-119.30846162,36.722449789999999
6547660,2014,2014-08-23,9435,2014-07-05,2345,18574,,6,3,9,1000,0,3,5,,2,015,"ELM AV","NORTH AV",1056.00,S,N,A,-,N,,,,,,,,,,N,2,0,1,2,D,-,00,,,F,G,B,D,A,H,-,D,D,0,Y,,,,Y,Y,-,"- ",1,0,0,0,1,0,0,0,0,"- ","- ",36.688789999999997,-119.79088,FRESNO,UNINCORPORATED,-119.79079283,36.689381320000003
6549569,2014,2014-08-21,1015,2014-07-08,1756,N094,SELMA,2,5,3,1015,0,0,0,,0,003,"VALLEY VIEW ST","SHERIDAN ST",0.00,,Y,A,-,N,,,,,,,,,,N,2,0,1,2,A,-,12,22450,A,N,C,G,A,A,H,-,A,A,0,,Y,,,Y,,L,04,1,0,0,0,0,0,1,0,0,"- ","- ",,,FRESNO,SELMA,-119.61317987,36.557990089999997
6550242,2014,2016-04-12,9435,2014-06-18,1300,012846,,3,1,7,1005,0,1,3,,2,410,"RT 41","FLORADORA AV",1060.00,S,N,A,-,Y,FRE,6,41,-,R,24.800,H,-,S,Y,2,0,1,1,A,-,08,22107,,N,F,A,A,A,H,-,A,A,1,,,Y,,Y,,C,02,1,0,0,0,0,0,0,0,1,"- ","- ",,,FRESNO,FRESNO,-119.77574721000001,36.758946729999998
6550266,2014,2014-08-21,9435,2014-06-13,2145,019422,,5,2,9,1000,0,3,5,,2,015,"NAPA AV","MANNING AV",4224.00,S,N,A,-,N,,,,,,,,,,Y,2,0,1,1,A,-,08,22107,,N,E,I,A,A,H,-,D,D,0,,,,,Y,,A,01,1,0,0,0,0,0,0,0,0,"- ","- ",36.60004,-120.22519,FRESNO,UNINCORPORATED,-120.22542033000001,36.590884860000003
6550278,2014,2015-09-11,9435,2014-06-06,1750,018914,,5,2,9,1000,0,3,5,,2,025,"MILLERTON RD","MILLERTON LAKE ENTRANCE",1421.00,E,N,A,-,N,,,,,,,,,,N,2,0,3,2,A,-,05,21460,A,N,A,C,A,A,H,-,A,D,0,,,,,Y,,A,01,1,0,2,0,0,0,0,0,0,"- ","- ",,,FRESNO,UNINCORPORATED,-119.70881939,36.994706710000003
6550314,2014,2014-08-21,9435,2014-06-22,0600,017489,,7,1,9,1000,0,3,5,,2,010,"POLK AV","SHIELDS AV",427.00,N,N,A,-,N,,,,,,,,,,Y,2,0,2,1,A,-,01,23152,A,N,F,A,A,A,H,-,A,A,0,,,,,Y,Y,A,01,1,1,0,0,0,0,0,0,0,"- ","- ",36.77948,-119.88929,FRESNO,UNINCORPORATED,-119.88933,36.780162150000002
6553852,2014,2014-08-05,9435,2014-05-26,2056,018823,,1,2,9,1000,0,3,5,,2,025,"FRIANT RD","BLUFF VIEW AV",2000.00,S,N,A,-,N,,,,,,,,,,Y,2,0,3,1,A,-,08,22107,,N,E,I,A,A,H,-,A,D,0,,,,,Y,,A,01,1,1,1,0,0,0,0,0,0,"- ","- ",39.947400000000002,-119.7302,FRESNO,UNINCORPORATED,-119.72592,36.95241
6565371,2014,2014-08-26,9435,2014-07-13,1658,017591,,7,2,9,1000,0,3,5,,2,020,"MOUNT WHITNEY AV","CORNELIA AV",300.00,W,N,A,-,N,,,,,,,,,,Y,2,0,2,2,A,-,08,22107,,N,A,C,A,A,H,-,A,D,0,,,,,Y,,A,01,1,1,0,0,0,0,0,0,0,"- ","- ",36.490989999999996,-119.06943,FRESNO,UNINCORPORATED,-119.88811912,36.430813030000003
6566372,2014,2016-01-15,9435,2014-07-01,1920,014650,,2,2,9,1000,0,3,5,,2,050,"DINKEY CREEK RD","RT 168",43296.00,E,N,A,-,N,,,,,,,,,,Y,2,0,3,1,A,-,03,22350,,N,E,I,A,A,H,-,B,D,0,,,,,Y,Y,A,07,2,1,0,0,0,0,0,0,0,"- ","- ",37.08334,-119.20502,FRESNO,UNINCORPORATED,-119.19120021000001,37.07771649
6581181,2014,2014-08-15,9435,2014-07-18,0515,18574,,5,3,9,1000,0,3,5,,2,034,"GOLDEN STATE BL","CLAYTON AV",200.00,N,N,A,-,N,,,,,,,,,,Y,2,0,2,1,A,-,01,23152,A,N,E,I,A,A,H,-,D,D,0,,,,,Y,Y,D,22,2,0,0,0,0,0,0,0,0,"- ","- ",36.642859999999999,-119.69613,FRESNO,UNINCORPORATED,-119.69526112,36.642131339999999
6584746,2014,2014-08-27,9461,2014-07-25,0510,019724,,5,3,9,1000,0,1,3,,1,680,CALIFORNIA,"SAN DIEGO ST",6336.00,E,N,A,-,N,,,,,,,,,,Y,2,0,2,1,A,-,03,22350,,N,E,I,A,A,H,-,D,D,0,,,,,Y,,D,22,1,1,0,0,0,0,0,0,0,"- ","- ",36.720010000000002,-120.42005,FRESNO,UNINCORPORATED,-120.41985833,36.72002749
6587493,2014,2014-09-05,9435,2014-08-02,1800,16860,,6,2,9,1000,0,3,5,,2,050,"HUNTINGTON LAKE RD","POINT RD",2112.00,N,N,B,-,N,,,,,,,,,,Y,2,0,1,1,A,-,03,22350,,N,F,A,A,A,H,-,A,D,0,,,Y,,Y,,C,02,1,0,0,0,0,0,0,0,1,"- ","- ",37.209099999999999,-119.24776,FRESNO,UNINCORPORATED,-119.24765601,37.209357320000002
6596908,2014,2016-05-13,9435,2014-08-12,1430,018284,,2,2,3,1015,0,1,3,,2,107,"RT 99","2ND ST",1056.00,N,N,A,-,Y,FRE,6,99,-,R,5.550,H,-,N,Y,2,0,2,3,A,-,03,22350,,N,C,C,A,A,H,-,A,D,1,,,,Y,Y,,D,22,1,0,1,0,0,0,0,0,0,"- ","- ",36.564070000000001,-119.61562000000001,FRESNO,SELMA,-119.61820129,36.566288710000002
6604204,2014,2016-05-11,9435,2014-08-01,0930,016507,,5,1,9,1000,0,3,5,,2,060,"RT 180","HUME LAKE RD",6864.00,E,N,A,-,Y,FRE,6,180,-,-,118.150,H,-,E,Y,2,0,1,1,A,-,08,22107,,N,E,I,A,A,H,-,A,D,0,,,Y,,Y,,C,02,1,0,0,0,0,0,0,0,1,"- ","- ",36.811199999999999,-118.91296,FRESNO,UNINCORPORATED,-118.9143656,36.810157820000001
6606157,2014,2015-07-29,9435,2014-05-12,1723,17088,,1,2,9,1000,0,3,5,,2,060,"GOODFELLOW AV","RIO VISTA AV",1584.00,W,N,A,-,N,,,,,,,,,,Y,1,1,1,2,A,-,08,22107,,N,A,C,A,A,H,-,A,D,0,,,,,Y,Y,D,22,0,1,0,0,0,0,0,0,0,"- ","- ",36.669780000000003,-119.48358,FRESNO,UNINCORPORATED,-119.47548,36.669750000000001
6606174,2014,2014-09-29,9495,2014-05-17,1231,19647,,6,1,9,1000,0,1,3,,1,008,"RT 198","RT 5",9504.00,W,N,A,-,Y,FRE,6,198,-,-,24.960,H,-,E,Y,1,1,2,2,A,-,08,22107,,N,A,C,A,A,H,-,A,D,0,,,,,Y,Y,A,01,0,0,2,0,0,0,0,0,0,"- ","- ",36.250239999999998,-120.27556,FRESNO,UNINCORPORATED,-120.27561003,36.250196209999999
6625888,2014,2016-05-09,9435,2014-08-22,1750,017052,,5,2,7,1005,0,1,3,,2,410,"RT 41","O ST",300.00,N,N,A,-,Y,FRE,6,41,-,R,23.040,H,-,S,Y,2,0,1,1,D,-,00,,,N,E,I,A,A,H,-,A,D,1,,,,,Y,,-,"- ",1,0,0,0,0,0,0,0,0,"- ","- ",36.733130000000003,-119.77844,FRESNO,FRESNO,-119.77846623000001,36.732818170000002
6631005,2014,2016-05-07,9495,2014-09-14,1120,016254,,7,1,9,1000,0,1,1,,2,002,"RT 5","TUOLUMNE AV",5280.00,S,N,A,-,Y,FRE,6,5,-,-,20.000,H,-,N,Y,2,0,3,1,A,-,08,22107,,N,E,I,A,A,H,-,A,D,1,,,,,Y,,A,01,1,1,1,0,0,0,0,0,0,"- ","- ",36.320129999999999,-120.2901,FRESNO,UNINCORPORATED,-120.28906569999999,36.319090629999998
6631197,2014,2014-10-01,9435,2014-08-15,0555,017215,,5,3,9,1000,0,3,5,,2,010,"THORNE AV","INDIANAPOLIS AV",0.00,,Y,A,-,N,,,,,,,,,,N,2,0,1,2,A,-,09,21801,A,N,D,G,A,A,H,-,A,D,0,,Y,,,Y,,A,01,1,0,0,0,0,0,1,0,0,"- ","- ",36.799300000000002,-119.81298,FRESNO,UNINCORPORATED,-119.81297986,36.799310089999999
6632213,2014,2014-10-03,9435,2014-09-04,2035,017138,,4,2,9,1000,0,3,5,,2,040,"MANNING AV","MCCALL AV",2640.00,W,N,A,-,N,,,,,,,,,,Y,2,0,1,2,A,-,09,21804,A,N,D,C,A,A,H,-,D,D,0,,,Y,,Y,Y,C,06,1,0,0,0,0,0,0,0,1,"- ","- ",36.605269999999997,-119.61944,FRESNO,UNINCORPORATED,-119.61969722000001,36.605409999999999
6657253,2014,2014-10-16,9435,2014-09-14,1513,018746,,7,2,9,1000,0,3,5,,2,025,"MADISON AV","DEWITT AV",77.00,E,N,A,-,N,,,,,,,,,,N,2,0,1,2,A,-,05,21650,,N,G,B,D,A,H,-,A,D,0,Y,,,,Y,,A,01,1,0,0,0,1,0,0,0,0,"- ","- ",36.749029999999998,-119.70471000000001,FRESNO,UNINCORPORATED,-119.70441739,36.749523019999998