CASE_ID,ACCIDENT_YEAR,PROC_DATE,JURIS,COLLISION_DATE,COLLISION_TIME,OFFICER_ID,REPORTING_DISTRICT,DAY_OF_WEEK,CHP_SHIFT,POPULATION,CNTY_CITY_LOC,SPECIAL_COND,BEAT_TYPE,CHP_BEAT_TYPE,CITY_DIVISION_LAPD,CHP_BEAT_CLASS,BEAT_NUMBER,PRIMARY_RD,SECONDARY_RD,DISTANCE,DIRECTION,INTERSECTION,WEATHER_1,WEATHER_2,STATE_HWY_IND,CALTRANS_COUNTY,CALTRANS_DISTRICT,STATE_ROUTE,ROUTE_SUFFIX,POSTMILE_PREFIX,POSTMILE,LOCATION_TYPE,RAMP_INTERSECTION,SIDE_OF_HWY,TOW_AWAY,COLLISION_SEVERITY,NUMBER_KILLED,NUMBER_INJURED,PARTY_COUNT,PRIMARY_COLL_FACTOR,PCF_CODE_OF_VIOL,PCF_VIOL_CATEGORY,PCF_VIOLATION,PCF_VIOL_SUBSECTION,HIT_AND_RUN,TYPE_OF_COLLISION,MVIW,PED_ACTION,ROAD_SURFACE,ROAD_COND_1,ROAD_COND_2,LIGHTING,CONTROL_DEVICE,CHP_ROAD_TYPE,PEDESTRIAN_ACCIDENT,BICYCLE_ACCIDENT,MOTORCYCLE_ACCIDENT,TRUCK_ACCIDENT,NOT_PRIVATE_PROPERTY,ALCOHOL_INVOLVED,STWD_VEHTYPE_AT_FAULT,CHP_VEHTYPE_AT_FAULT,COUNT_SEVERE_INJ,COUNT_VISIBLE_INJ,COUNT_COMPLAINT_PAIN,COUNT_PED_KILLED,COUNT_PED_INJURED,COUNT_BICYCLIST_KILLED,COUNT_BICYCLIST_INJURED,COUNT_MC_KILLED,COUNT_MC_INJURED,PRIMARY_RAMP,SECONDARY_RAMP,LATITUDE,LONGITUDE,COUNTY,CITY,POINT_X,POINT_Y
6669921,2014,2014-12-19,9495,2014-10-08,1855,019453,,3,2,9,1000,0,1,3,,1,014,"RT 269","MOUNT WHITNEY AV",1638.00,S,N,A,-,Y,,,269,,,,,,,Y,2,0,1,1,A,-,08,22107,,N,F,A,A,A,H,-,D,D,0,,,,,Y,,A,07,1,0,0,0,0,0,0,0,0,"- ","- ",36.426600000000001,-120.1032,FRESNO,UNINCORPORATED,-120.10311526,36.426599590000002
6678024,2015,2016-01-29,9435,2015-06-22,0205,19385,,1,3,9,1000,0,3,5,,2,020,"WEST AV","HENDERSON RD",29.00,N,N,A,-,N,,,,,,,,,,Y,1,2,0,2,A,-,01,23152,A,N,E,I,A,A,H,-,D,D,0,,,,,Y,,D,22,0,0,0,0,0,0,0,0,0,"- ","- ",36.538150000000002,-119.82677,FRESNO,UNINCORPORATED,-119.82683865,36.5382496
6678052,2014,2016-02-10,1005,2014-03-08,2103,P904,NEE,6,5,7,1005,0,0,0,,0,1658,"SHAW AV","9TH ST",253.00,W,N,A,-,N,,,,,,,,,,Y,1,1,0,2,A,-,11,21954,A,N,G,B,D,A,H,-,C,D,0,Y,,,,Y,,N,60,0,0,0,1,0,0,0,0,0,"- ","- ",,,FRESNO,FRESNO,-119.75961358000001,36.808522080000003
6678056,2014,2016-02-10,1005,2014-05-01,0052,P731,2050,4,5,7,1005,0,0,0,,0,02G,"SHIELDS AV","WEBER AV",40.00,E,N,A,-,N,,,,,,,,,,Y,1,1,0,1,A,-,01,23152,A,N,E,I,A,A,H,-,C,D,0,,,,,Y,Y,A,01,0,0,0,0,0,0,0,0,0,"- ","- ",,,FRESNO,FRESNO,-119.84181361,36.77920426
6678059,2014,2016-02-10,1005,2014-06-20,1819,P904,NWC,5,5,7,1005,0,0,0,,0,1946,"CORNELIA AV","GRIFFITH WY",0.00,,Y,A,-,N,,,,,,,,,,Y,1,1,1,2,A,-,09,21801,A,N,D,C,A,A,H,-,A,D,0,,,Y,,Y,,A,01,0,1,0,0,0,0,0,1,0,"- ","- ",,,FRESNO,FRESNO,-119.88038994999999,36.790300029999997
6678069,2015,2016-02-11,1005,2015-04-02,1927,P731,2060,4,5,7,1005,0,0,0,,0,04H,"CEDAR AV","DAYTON AV",400.00,S,N,A,-,N,,,,,,,,,,Y,1,1,1,2,A,-,01,23152,A,N,G,B,D,A,A,-,B,D,0,Y,,,,Y,,A,01,0,1,0,1,0,0,0,0,0,"- ","- ",,,FRESNO,FRESNO,-119.75445999999999,36.781922090000002
6678076,2015,2016-02-11,1005,2015-07-20,1156,P731,2360,1,5,7,1005,0,0,0,,0,03C,"CEDAR AV","FLORADORA AV",0.00,,Y,A,-,N,,,,,,,,,,N,1,1,0,2,A,-,03,22350,,F,G,B,D,A,H,-,A,A,0,Y,,,,Y,,D,22,0,0,0,1,0,0,0,0,0,"- ","- ",,,FRESNO,FRESNO,-119.75450999,36.761430019999999
6678284,2014,2015-12-29,9435,2014-09-01,1622,17591,,1,2,9,1000,0,3,5,,2,020,"BRAWLEY AV","MOUNT WHITNEY AV",3181.00,S,N,A,-,N,,,,,,,,,,Y,1,1,0,1,A,-,01,23152,A,N,E,I,A,A,H,-,A,D,0,,,,,Y,Y,A,07,0,0,0,0,0,0,0,0,0,"- ","- ",36.422310000000003,-119.86915,FRESNO,UNINCORPORATED,-119.86914021,36.422077559999998
6679676,2014,2015-01-06,9495,2014-10-07,0748,018253,,2,1,9,1000,0,3,5,,2,053,"PHELPS AV","CALAVERAS AV",0.00,,Y,A,-,N,,,,,,,,,,Y,2,0,1,3,A,-,12,22450,A,N,D,C,A,A,H,-,A,A,0,,,,Y,Y,,A,01,1,0,0,0,0,0,0,0,0,"- ","- ",36.151600000000002,-120.28324000000001,FRESNO,UNINCORPORATED,-120.28323994,36.151670060000001
6688384,2015,2017-01-14,9435,2015-07-12,0730,17310,,7,1,9,1000,0,1,3,,1,168,"RT 168","SHEPHERD AV",55.00,E,N,A,-,Y,FRE,6,168,-,-,14.850,H,-,E,Y,2,0,6,2,A,-,06,21755,,N,B,C,A,A,H,-,A,D,0,,,,,Y,,A,01,3,3,0,0,0,0,0,0,0,"- ","- ",36.867730000000002,-119.56478,FRESNO,UNINCORPORATED,-119.56558095,36.86718681
6696575,2014,2015-01-07,9495,2014-10-26,0415,19834,,7,3,9,1000,0,1,1,,2,001,"RT 5","KAMM AV",2640.00,N,N,A,-,Y,,,,,,,,,,Y,2,0,1,1,A,-,08,22107,,N,E,I,A,A,H,-,D,D,0,,,,,Y,,A,01,1,0,0,0,0,0,0,0,0,"- ","- ",36.478789999999996,-120.28336,FRESNO,UNINCORPORATED,-120.4947643,36.535739130000003
6706288,2014,2015-01-09,9435,2014-11-07,0720,017138,,5,1,9,1000,0,3,5,,2,040,"ZEDIKER AV","HUNTSMAN AV",5.00,N,N,E,-,N,,,,,,,,,,Y,2,0,2,2,A,-,03,22350,,N,D,C,A,A,H,-,A,A,0,,,,Y,Y,,A,01,1,0,1,0,0,0,0,0,0,"- ","- ",36.583190000000002,-119.52131,FRESNO,UNINCORPORATED,-119.52119987,36.58302372
6706554,2014,2015-01-12,9435,2014-11-07,1510,014650,,5,2,9,1000,0,1,3,,1,412,"RT 41","MOUNTAIN VIEW AV",502.00,N,N,A,-,Y,,,41,,,,,,,Y,2,0,4,3,A,-,03,22350,,N,C,C,A,A,H,-,A,D,0,,,,,Y,,A,01,1,0,3,0,0,0,0,0,0,"- ","- ",36.549030000000002,-119.78614,FRESNO,UNINCORPORATED,-119.78608846,36.549029869999998
6717628,2014,2016-07-01,9435,2014-11-02,2010,019697,,7,2,9,1000,0,1,3,,1,183,"RT 180","INDIANOLA AV",0.00,,Y,A,-,Y,FRE,6,180,-,-,70.120,I,5,E,Y,2,0,1,2,A,-,09,21802,A,F,D,C,A,A,H,-,D,D,0,,,Y,,Y,,D,22,1,0,0,0,0,0,0,0,1,"- ","- ",36.448999999999998,-119.3458,FRESNO,UNINCORPORATED,-119.58301311,36.735871860000003
6718048,2014,2015-01-22,9435,2014-12-02,1515,19369,,2,2,9,1000,0,3,5,,2,034,"DEL REY AV","AMERICAN AV",0.00,,Y,B,-,N,,,,,,,,,,Y,1,1,0,2,A,-,09,21802,A,N,D,C,A,A,H,-,A,A,0,,,,Y,Y,,A,01,0,0,0,0,0,0,0,0,0,"- ","- ",36.66319,-119.59249,FRESNO,UNINCORPORATED,-119.59248998,36.66320005
6718304,2015,2015-05-04,9435,2015-01-28,0300,16911,,3,3,9,1000,0,1,3,,1,411,"RT 41","CENTRAL AV",528.00,N,N,E,-,Y,FRE,6,41,-,R,19.290,H,-,N,Y,1,1,1,3,A,-,08,22107,,N,G,E,E,B,H,-,D,D,1,Y,,,Y,Y,,G,79,0,1,0,1,0,0,0,0,0,"- ","- ",36.610950000000003,-119.78568,FRESNO,UNINCORPORATED,-119.78573978999999,36.680477539999998
6718306,2015,2015-05-28,1011,2015-01-29,0940,K037,PARLI,4,5,3,1011,0,0,0,,0,0PA,"MADSEN AV","EVA DONNA ST",0.00,,N,E,-,N,,,,,,,,,,N,1,1,4,4,A,-,03,22350,,N,G,B,F,B,H,-,A,A,0,Y,,,,Y,,-,,0,2,2,1,2,0,0,0,0,"- ","- ",,,FRESNO,PARLIER,-119.53884997999999,36.609259999999999
6718685,2017,2019-04-08,1012,2017-12-31,1159,L069,REEDL,7,5,3,1012,0,0,0,,0,002,"S BUTTONWILLOW AV","E HUNTSMAN AV",0.00,,Y,A,-,N,,,,,,,,,,Y,1,1,1,2,A,-,08,22107,,N,A,C,A,A,H,-,A,A,0,,,,,Y,Y,-,,0,1,0,0,0,0,0,0,0,"- ","- ",,,FRESNO,REEDLEY,-119.43081986,36.583030049999998
6720551,2014,2015-01-09,1012,2014-11-05,1313,L042,FRESN,3,5,3,1012,0,0,0,,0,001,"W MANNING AV","N REED AV",133.00,W,N,A,-,N,,,,,,,,,,N,2,0,2,1,A,-,03,22350,,N,E,I,A,A,H,-,A,D,0,,,,,Y,,-,,2,0,0,0,0,0,0,0,0,"- ","- ",,,FRESNO,REEDLEY,-119.45814271,36.604230000000001
6721857,2014,2015-01-14,9435,2014-11-10,1600,018883,,1,2,9,1000,0,3,5,,2,034,"JENSEN AV","CEDAR AV",0.00,,Y,A,-,N,,,,,,,,,,Y,2,0,1,2,A,-,09,21802,A,N,D,C,A,A,H,-,A,A,0,,,,,Y,,A,01,1,0,0,0,0,0,0,0,0,"- ","- ",36.706879999999998,-119.75433,FRESNO,UNINCORPORATED,-119.75465997000001,36.706910090000001
6728977,2014,2015-01-15,9435,2014-11-17,1220,18284,,1,1,7,1005,0,1,3,,2,410,"RT 41","ASHLAN AV",1056.00,S,N,A,-,Y,,,41,,,,,,,Y,2,0,3,3,A,-,07,21658,A,F,C,C,A,A,H,-,A,D,0,,,,,Y,,-,99,1,0,2,0,0,0,0,0,0,"- ","- ",36.790819999999997,-119.78416,FRESNO,FRESNO,-119.78425663,36.790812000000003
6735543,2014,2015-02-05,9435,2014-12-20,1908,018883,,6,2,9,1000,0,3,5,,2,034,"ZEDIKER AV","SOUTH AV",248.00,N,N,B,-,N,,,,,,,,,,Y,2,0,1,1,A,-,01,23152,A,N,F,A,A,A,H,-,D,D,0,,,,,Y,Y,A,01,1,0,0,0,0,0,0,0,0,"- ","- ",36.619810000000001,-119.5209,FRESNO,UNINCORPORATED,-119.52083622000001,36.61961977
6740045,2015,2016-04-04,9435,2015-03-28,0225,019323,,6,3,9,1000,0,1,3,,1,147,"RT 145","DAVIS AV",3168.00,S,N,A,-,Y,FRE,6,145,-,-,15.600,H,-,S,Y,1,1,0,1,A,-,08,22107,,N,E,I,A,A,H,-,D,D,0,,,,,Y,,D,22,0,0,0,0,0,0,0,0,0,"- ","- ",36.463900000000002,-120.10299999999999,FRESNO,UNINCORPORATED,-120.10308762,36.464279990000001
6740049,2015,2016-04-04,9435,2015-03-17,1803,018284,,2,2,9,1000,0,3,5,,2,015,"WALNUT AV","SOUTH AV",145.00,N,N,A,-,N,,,,,,,,,,Y,1,1,0,1,A,-,01,23152,A,N,E,I,A,A,H,-,A,D,0,,,,,Y,Y,A,07,0,0,0,0,0,0,0,0,0,"- ","- ",36.620139999999999,-119.80889999999999,FRESNO,UNINCORPORATED,-119.80883926,36.620068029999999
6780450,2014,2015-01-21,1001,2014-10-17,0600,5465,,5,5,5,1001,0,0,0,,0,003,"WEST SHAW AV","STREET LIGHT POLE #52474",116.00,E,N,A,-,N,,,,,,,,,,Y,2,0,1,2,A,-,11,21956,,N,G,B,E,A,H,-,C,D,0,Y,,,,Y,Y,N,60,1,0,0,0,1,0,0,0,0,"- ","- ",36.808520000000001,-119.68206000000001,FRESNO,CLOVIS,,
6786768,2014,2015-02-12,9435,2014-12-16,1718,19648,,2,2,9,1000,0,3,5,,2,015,"ELM AV","NORTH AV",1056.00,S,N,A,-,N,,,,,,,,,,Y,2,0,1,2,A,-,11,21954,A,N,G,B,E,A,H,-,D,D,0,Y,,,,Y,Y,N,60,1,0,0,0,1,0,0,0,0,"- ","- ",36.691760000000002,-119.79076000000001,FRESNO,UNINCORPORATED,-119.79079283,36.689381320000003
6787256,2015,2016-10-19,9435,2015-01-01,0315,016911,,4,3,7,1005,0,1,3,,2,106,"RT 99","CHURCH AV",800.00,N,N,A,-,Y,FRE,6,99,-,-,19.350,H,-,S,Y,2,0,1,1,A,-,01,23152,A,N,E,I,A,A,H,-,C,D,1,,,,,Y,Y,A,01,1,0,0,0,0,0,0,0,0,"- ","- ",36.715440000000001,-119.7825,FRESNO,FRESNO,-119.78293779000001,36.71581638
6792964,2015,2016-10-20,9435,2015-01-11,1218,019*039,,7,1,9,1000,0,1,3,,1,169,"RT 168","DRY CREEK CANAL",1056.00,W,N,A,-,Y,FRE,6,168,-,T,24.190,H,-,E,Y,2,0,1,2,A,-,03,22350,,N,A,C,A,A,H,-,A,D,0,,,Y,,Y,,C,02,1,0,0,0,0,0,0,0,1,"- ","- ",36.937530000000002,-119.50297999999999,FRESNO,UNINCORPORATED,-119.52027425999999,36.965768660000002
6795572,2014,2015-02-17,1001,2014-10-16,1421,5095,,4,5,5,1001,0,0,0,,0,,"N WILLOW AV","W ALLUVIAL AV W",0.00,,Y,A,-,N,,,,,,,,,,Y,2,0,2,1,A,-,01,23152,B,N,E,I,A,A,H,-,-,A,0,,,,,Y,Y,-,,2,0,0,0,0,0,0,0,0,"- ","- ",,,FRESNO,CLOVIS,-119.72975996,36.844850039999997
6801803,2015,2016-10-28,9435,2015-01-23,1203,17088,,5,1,9,1000,0,1,3,,2,184,"RT 180","GEORGE SMITH RD",3168.00,E,N,A,-,Y,FRE,6,180,-,-,89.970,H,-,W,Y,2,0,3,3,A,-,09,21804,A,N,D,C,F,A,H,-,A,D,0,Y,,,,Y,,D,22,2,1,0,0,1,0,0,0,0,"- ","- ",36.442480000000003,-119.14521999999999,FRESNO,UNINCORPORATED,-119.24822526,36.74009642
6843225,2015,2015-04-08,9435,2015-02-12,0635,014479,,4,1,9,1000,0,3,5,,2,040,"MANNING AV","SMITH AV",1584.00,E,N,E,-,N,,,,,,,,,,Y,2,0,3,4,A,-,05,21651,B,N,A,C,A,A,H,-,A,D,0,,,,Y,Y,,A,01,3,0,0,0,0,0,0,0,0,"- ","- ",36.604610000000001,-119.49673,FRESNO,UNINCORPORATED,-119.50246,36.604500000000002
6852722,2015,2015-05-04,1015,2015-03-12,1713,N075,SELMA,4,5,3,1015,0,0,0,,0,001,"FLORAL AV","STATION LINE",163.00,W,N,A,-,N,,,,,,,,,,N,2,0,2,2,A,-,03,22350,,N,A,C,A,A,H,-,A,D,0,,,,,Y,,-,,2,0,0,0,0,0,0,0,0,"- ","- ",,,FRESNO,SELMA,,
6854002,2014,2015-03-23,9435,2014-11-07,1717,17630,,5,2,7,1005,0,1,3,,2,105,"RT 99","VENTURA ST",265.00,N,N,A,-,Y,FRE,6,99,-,-,20.230,H,-,N,Y,1,1,0,2,A,-,16,24002,A,N,E,I,A,A,H,-,D,D,1,,,,Y,Y,,F,26,0,0,0,0,0,0,0,0,0,"- ","- ",36.721589999999999,-119.78919,FRESNO,FRESNO,-119.79306711,36.72558094
6854017,2014,2015-03-20,9435,2014-12-08,1548,18609,,1,2,9,1000,0,3,5,,2,015,"MARKS AV","LINCOLN AV",0.00,,Y,B,-,N,,,,,,,,,,Y,1,1,1,2,A,-,09,21802,A,N,D,C,A,A,H,-,A,A,0,,,,,Y,,A,01,0,0,1,0,0,0,0,0,0,"- ","- ",36.648620000000001,-119.84448999999999,FRESNO,UNINCORPORATED,-119.84447986000001,36.648600000000002
6854025,2014,2015-03-20,9435,2014-12-18,1131,19113,,4,1,9,1000,0,3,5,,2,040,"CONEJO AV","FOWLER AV",0.00,,Y,A,-,N,,,,,,,,,,Y,1,1,2,2,A,-,12,22450,A,N,D,C,A,A,H,-,A,A,0,,,,Y,Y,,A,01,2,0,0,0,0,0,0,0,0,"- ","- ",36.518219999999999,-119.68295000000001,FRESNO,UNINCORPORATED,-119.68295994,36.518170060000003
6854088,2015,2016-04-04,9435,2015-02-14,1850,17088,,6,2,9,1000,0,3,5,,2,060,"ADAMS AV","ALTA AV",528.00,E,N,A,-,N,,,,,,,,,,Y,1,1,0,2,A,-,11,21954,A,N,G,B,D,A,H,-,D,D,0,Y,,,,Y,Y,N,60,0,0,0,1,0,0,0,0,0,"- ","- ",36.63288,-119.39162,FRESNO,UNINCORPORATED,-119.3930024,36.632917249999998
6854245,2015,2016-04-04,9435,2015-02-17,1525,16507,,2,2,9,1000,0,3,5,,2,060,"WILDERNESS DR","PIEDRA RD",0.00,,Y,A,-,N,,,,,,,,,,Y,1,1,1,2,A,-,09,21802,A,N,H,G,A,A,H,-,A,A,0,,Y,,,Y,,L,04,0,0,1,0,0,1,0,0,0,"- ","- ",36.735120000000002,-119.46289,FRESNO,UNINCORPORATED,-119.46279989,36.735060099999998
6854322,2014,2016-01-13,1005,2014-09-20,2141,P904,NWD,6,5,7,1005,0,0,0,,0,1650,"SHAW AV","SHAW LN",397.00,W,N,A,-,N,,,,,,,,,,Y,1,1,1,2,A,-,11,21954,A,N,G,B,D,A,H,-,C,D,0,Y,,,,Y,Y,N,60,0,1,0,1,0,0,0,0,0,"- ","- ",,,FRESNO,FRESNO,-119.84245463000001,36.808350320000002
6854466,2014,2015-04-22,9435,2014-12-25,1820,17630,,4,2,9,1000,0,3,5,,2,015,"MCMULLIN GRADE","LINCOLN AV",4224.00,S,N,A,-,N,,,,,,,,,,Y,1,1,2,1,A,-,08,22107,,N,E,I,A,A,H,-,D,D,0,,,,,Y,,A,07,0,1,1,0,0,0,0,0,0,"- ","- ",36.638779999999997,-120.00015,FRESNO,UNINCORPORATED,-119.99907571999999,36.639619320000001
6854523,2015,2015-07-10,9435,2015-04-07,0410,019032,,2,3,9,1000,0,3,5,,2,034,"BETHEL AV","MANNING AV",0.00,,Y,A,-,N,,,,,,,,,,Y,1,1,1,2,A,-,12,22450,A,N,D,C,A,A,H,-,D,A,0,,,,,Y,,A,01,1,0,0,0,0,0,0,0,0,"- ","- ",36.605119999999999,-119.57559000000001,FRESNO,UNINCORPORATED,-119.57483996000001,36.605190010000001
6854592,2015,2015-05-19,9435,2015-01-26,1040,14547,,1,1,9,1000,0,1,3,,1,183,"RT 180","TEMPERANCE AV",2719.00,W,N,B,-,Y,FRE,6,180,-,R,64.760,H,-,W,Y,1,1,1,3,A,-,08,22107,,N,D,D,A,A,H,-,A,D,0,,,,,Y,,A,01,0,1,0,0,0,0,0,0,0,"- ","- ",,,FRESNO,UNINCORPORATED,-119.67011477,36.745751890000001
6870143,2015,2015-04-21,9435,2015-03-21,2243,019385,,6,3,9,1000,0,3,5,,2,020,"MARKS AV","MAGNOLIA AV",800.00,S,N,A,-,N,,,,,,,,,,Y,2,0,6,2,A,-,01,23152,A,N,A,C,A,A,H,-,D,D,0,,,,,Y,Y,A,01,2,1,3,0,0,0,0,0,0,"- ","- ",36.508499999999998,-119.84546,FRESNO,UNINCORPORATED,-119.84545605,36.508683910000002
6870187,2015,2015-04-13,9435,2015-03-24,2358,015751,,2,3,9,1000,0,3,5,,2,025,"HERNDON AV","LANGLEY AV",10.00,W,N,A,-,N,,,,,,,,,,N,2,0,1,2,A,-,11,21954,A,N,G,B,E,A,H,-,D,D,0,Y,,,,Y,,N,60,1,0,0,0,1,0,0,0,0,"- ","- ",36.837350000000001,-119.63375000000001,FRESNO,UNINCORPORATED,-119.63355414999999,36.837389999999999
6870210,2015,2015-04-13,9435,2015-03-28,0014,019648,,6,3,9,1000,0,3,5,,2,040,"MURPHY AV","PIO PICO AV",265.00,E,N,A,-,N,,,,,,,,,,N,2,0,4,1,A,-,01,23152,A,N,F,A,A,A,H,-,D,D,0,,,,,Y,Y,M,96,1,3,0,0,0,0,0,0,0,"- ","- ",36.436619999999998,-119.68325,FRESNO,UNINCORPORATED,-119.68337507,36.436507769999999
6870238,2015,2015-05-28,9435,2015-03-07,1253,014479,,6,1,9,1000,0,3,5,,2,025,"FRIANT RD","BELCHER AV",500.00,S,N,A,-,N,,,,,,,,,,N,2,0,1,2,A,-,03,22350,,F,C,C,A,A,H,-,A,D,0,,,Y,,Y,,C,02,1,0,0,0,0,0,0,0,1,"- ","- ",36.978340000000003,-119.71975,FRESNO,UNINCORPORATED,-119.72012937,36.977873850000002
6883769,2015,2016-11-04,9435,2015-04-02,1731,018860,,4,2,9,1000,0,1,3,,2,106,"RT 99","CEDAR AV",100.00,N,N,A,-,Y,FRE,6,99,-,-,19.650,H,-,S,Y,2,0,1,2,A,-,03,22350,,N,C,C,A,A,H,-,A,D,1,,,,,Y,,D,22,1,0,0,0,0,0,0,0,0,"- ","- ",,,FRESNO,UNINCORPORATED,-119.78626022,36.719062630000003
6885583,2015,2015-04-23,9435,2015-03-29,0130,019385,,7,3,9,1000,0,3,5,,2,034,"ADAMS AV","PEACH AV",1584.00,W,N,A,-,N,,,,,,,,,,Y,2,0,5,1,A,-,08,22107,,N,D,A,A,A,H,-,D,D,0,,,,,Y,,A,01,1,0,4,0,0,0,0,0,0,"- ","- ",36.634480000000003,-119.72355,FRESNO,UNINCORPORATED,-119.72333475000001,36.634450039999997
6885608,2015,2016-12-08,9435,2015-04-05,0130,18809,,7,3,9,1000,0,1,3,,1,183,"RT 180","BETHEL AV",550.00,E,N,A,-,Y,FRE,6,180,-,-,70.720,H,-,E,Y,2,0,1,2,A,-,03,22350,,F,C,C,A,A,H,-,C,D,0,,,Y,,Y,,C,02,1,0,0,0,0,0,0,0,1,"- ","- ",36.735950000000003,-119.57263,FRESNO,UNINCORPORATED,-119.57239799,36.73591613
6889648,2015,2015-04-29,9435,2015-04-05,1457,017088,,7,2,9,1000,0,3,5,,2,060,"SUNDEW RD","DUNLAP RD",2640.00,W,N,A,-,N,,,,,,,,,,Y,2,0,1,2,A,-,01,23152,A,N,B,C,A,A,H,-,A,D,0,,,Y,,Y,Y,C,02,1,0,0,0,0,0,0,0,1,"- ","- ",36.414900000000003,-119.0535,FRESNO,UNINCORPORATED,-119.09287925,36.696929619999999
6894487,2015,2015-05-11,1001,2015-04-11,1535,5250,,6,5,5,1001,0,0,0,,0,007,"DEWITT AV","8TH ST",0.00,,Y,A,-,N,,,,,,,,,,Y,2,0,1,2,A,-,09,21800,A,N,D,C,A,A,G,-,A,A,0,,,Y,,Y,,A,01,1,0,0,0,0,0,0,0,1,"- ","- ",36.820749999999997,-119.70440000000001,FRESNO,CLOVIS,-119.70439989,36.820750080000003
6911332,2015,2015-05-16,9435,2015-04-23,1347,018860,,4,1,9,1000,0,3,5,,2,025,"SHEPHERD AV","SUNNYSIDE AV",1000.00,E,N,A,-,N,,,,,,,,,,Y,2,0,1,1,A,-,01,23152,E,N,E,I,A,A,H,-,A,D,0,,,,,Y,,A,01,1,0,0,0,0,0,0,0,0,"- ","- ",36.866610000000001,-119.69091,FRESNO,UNINCORPORATED,-119.68961133000001,36.86663257
6928885,2015,2016-11-05,9435,2015-05-11,1155,13780,,1,1,7,1005,0,1,3,,2,410,"RT 41","MCKINLEY AV",100.00,S,N,A,-,Y,FRE,6,41,-,R,25.250,H,-,N,Y,2,0,1,2,A,-,07,21658,A,N,B,C,A,A,H,-,A,D,1,,,,,Y,,A,01,1,0,0,0,0,0,0,0,0,"- ","- ",,,FRESNO,FRESNO,-119.77697266,36.765343080000001
6929331,2015,2015-06-05,9435,2015-04-30,1910,18284,,4,2,9,1000,0,3,5,,2,040,"NEBRASKA AV","ZEDIKER AV",0.00,,Y,A,-,N,,,,,,,,,,Y,2,0,2,2,A,-,01,23152,A,N,D,C,A,A,H,-,A,D,0,,,,,Y,Y,D,22,1,1,0,0,0,0,0,0,0,"- ","- ",36.45185,-119.51719,FRESNO,UNINCORPORATED,-119.52124992,36.561280109999998
6929344,2015,2016-12-17,9435,2015-05-04,0220,18809,,1,3,7,1005,0,1,3,,2,106,"RT 99","RT 41",1500.00,S,N,A,-,Y,FRE,6,99,-,-,18.260,H,-,N,Y,2,0,3,2,A,-,01,23152,A,F,C,C,A,A,H,-,C,D,1,,,,,Y,Y,A,01,1,2,0,0,0,0,0,0,0,"- ","- ",36.712009999999999,-119.77882,FRESNO,FRESNO,-119.77047410999999,36.703337519999998
6932616,2015,2015-05-28,9435,2015-04-19,1323,019610,,7,1,9,1000,0,3,5,,2,025,"AUBERRY RD","RENO AV",5280.00,N,N,A,-,N,,,,,,,,,,Y,2,0,1,1,A,-,01,23152,A,N,E,I,A,A,H,-,A,D,0,,,Y,,Y,Y,C,02,1,0,0,0,0,0,0,0,1,"- ","- ",36.921300000000002,-119.7123,FRESNO,UNINCORPORATED,-119.70483545,36.933708639999999
6949711,2015,2015-06-25,9435,2015-05-30,0900,16860,,6,1,9,1000,0,3,5,,2,050,"PITTMAN HILL RD","SALES CREEK RD",4752.00,S,N,A,-,N,,,,,,,,,,Y,2,0,1,1,A,-,08,22107,,N,F,A,A,A,H,-,A,D,0,,,Y,,Y,,C,02,1,0,0,0,0,0,0,0,1,"- ","- ",36.917610000000003,-119.45708999999999,FRESNO,UNINCORPORATED,-119.45711943000001,36.917115840000001
6991514,2015,2015-08-04,9435,2015-07-09,1050,017310,,4,1,9,1000,0,3,5,,2,034,"DINUBA AV","LAC JAC AV",0.00,,Y,A,-,N,,,,,,,,,,Y,2,0,2,2,A,-,09,21802,A,N,D,C,A,A,H,-,A,A,0,,,,,Y,,A,01,1,0,1,0,0,0,0,0,0,"- ","- ",36.589829999999999,-119.4849,FRESNO,UNINCORPORATED,-119.48461996,36.589900069999999
6993497,2015,2016-12-15,9435,2015-06-21,0003,019075,,7,3,7,1005,0,1,3,,1,168,"RT 168","SHAW AV",1056.00,E,N,A,-,Y,FRE,6,168,-,R,4.510,H,-,W,Y,2,0,1,2,A,-,01,23152,A,N,E,I,A,A,H,-,D,D,1,,,,,Y,Y,A,01,1,0,0,0,0,0,0,0,0,"- ","- ",36.811959999999999,-119.73038,FRESNO,FRESNO,-119.73091834,36.811384310000001
6995018,2015,2017-01-12,9495,2015-07-15,1809,019463,,3,2,9,1000,0,1,1,,2,001,"RT 5","KAMM AV",8448.00,S,N,A,-,Y,FRE,6,5,-,-,36.760,H,-,S,Y,2,0,1,1,A,-,08,22107,,N,E,I,A,A,H,-,A,D,1,,,,,Y,,D,22,1,0,0,0,0,0,0,0,0,"- ","- ",36.520020000000002,-120.47432999999999,FRESNO,UNINCORPORATED,-120.46838687,36.514295199999999
6996779,2015,2015-07-31,1013,2015-05-17,0458,M014,M390,7,5,3,1013,0,0,0,,0,003,"ACADEMY AV","MUSCAT AV",0.00,,Y,A,-,N,,,,,,,,,,Y,2,0,1,1,A,-,07,21658,A,N,A,I,A,A,H,-,C,A,0,,,,,Y,Y,A,01,1,0,0,0,0,0,0,0,0,"- ","- ",,,FRESNO,SANGER,-119.55640990000001,36.685120079999997
7006017,2015,2015-07-23,9435,2015-06-18,0545,18944,,4,3,9,1000,0,3,5,,2,034,"RIVERBEND AV","RAINBOW AV",1000.00,S,N,A,-,N,,,,,,,,,,Y,1,1,0,1,A,-,08,22107,,N,E,I,A,A,H,-,B,D,0,,,,,Y,,A,01,0,0,0,0,0,0,0,0,0,"- ","- ",36.72222,-119.51097,FRESNO,UNINCORPORATED,-119.5109672,36.722567890000001
7006238,2015,2015-11-12,9435,2015-02-19,1755,18914,,4,2,9,1000,0,3,5,,2,025,"FRIANT RD","OLD FRIANT RD",0.00,,Y,A,-,N,,,,,,,,,,Y,1,1,0,2,A,-,01,21200,5,N,D,G,A,A,H,-,B,D,0,,Y,,,Y,Y,L,04,0,0,0,0,0,1,0,0,0,"- ","- ",36.911290000000001,-119.74267,FRESNO,UNINCORPORATED,-119.76598998,36.895449999999997