CASE_ID,ACCIDENT_YEAR,PROC_DATE,JURIS,COLLISION_DATE,COLLISION_TIME,OFFICER_ID,REPORTING_DISTRICT,DAY_OF_WEEK,CHP_SHIFT,POPULATION,CNTY_CITY_LOC,SPECIAL_COND,BEAT_TYPE,CHP_BEAT_TYPE,CITY_DIVISION_LAPD,CHP_BEAT_CLASS,BEAT_NUMBER,PRIMARY_RD,SECONDARY_RD,DISTANCE,DIRECTION,INTERSECTION,WEATHER_1,WEATHER_2,STATE_HWY_IND,CALTRANS_COUNTY,CALTRANS_DISTRICT,STATE_ROUTE,ROUTE_SUFFIX,POSTMILE_PREFIX,POSTMILE,LOCATION_TYPE,RAMP_INTERSECTION,SIDE_OF_HWY,TOW_AWAY,COLLISION_SEVERITY,NUMBER_KILLED,NUMBER_INJURED,PARTY_COUNT,PRIMARY_COLL_FACTOR,PCF_CODE_OF_VIOL,PCF_VIOL_CATEGORY,PCF_VIOLATION,PCF_VIOL_SUBSECTION,HIT_AND_RUN,TYPE_OF_COLLISION,MVIW,PED_ACTION,ROAD_SURFACE,ROAD_COND_1,ROAD_COND_2,LIGHTING,CONTROL_DEVICE,CHP_ROAD_TYPE,PEDESTRIAN_ACCIDENT,BICYCLE_ACCIDENT,MOTORCYCLE_ACCIDENT,TRUCK_ACCIDENT,NOT_PRIVATE_PROPERTY,ALCOHOL_INVOLVED,STWD_VEHTYPE_AT_FAULT,CHP_VEHTYPE_AT_FAULT,COUNT_SEVERE_INJ,COUNT_VISIBLE_INJ,COUNT_COMPLAINT_PAIN,COUNT_PED_KILLED,COUNT_PED_INJURED,COUNT_BICYCLIST_KILLED,COUNT_BICYCLIST_INJURED,COUNT_MC_KILLED,COUNT_MC_INJURED,PRIMARY_RAMP,SECONDARY_RAMP,LATITUDE,LONGITUDE,COUNTY,CITY,POINT_X,POINT_Y
7006242,2015,2015-11-12,9435,2015-06-05,1537,16860,,5,2,9,1000,0,3,5,,2,050,"AUBERRY RD","MILLERTON RD",1838.00,N,N,A,-,N,,,,,,,,,,Y,1,2,3,4,A,-,01,23152,E,N,A,C,A,A,H,-,A,D,0,,,Y,,Y,,D,22,0,2,1,0,0,0,0,2,0,"- ","- ",36.973640000000003,-119.6086,FRESNO,UNINCORPORATED,-119.61867166,36.970876220000001
7015667,2015,2016-12-15,9435,2015-05-21,2017,18914,,4,2,9,1000,0,1,3,,1,168,"RT 168","SHEPHERD AV",3696.00,E,N,A,-,Y,FRE,6,168,-,R,12.120,H,-,E,Y,2,0,2,1,A,-,01,23152,A,N,E,I,A,A,H,-,D,D,0,,,,,Y,Y,A,01,2,0,0,0,0,0,0,0,0,"- ","- ",,,FRESNO,UNINCORPORATED,-119.61986419999999,36.866456730000003
7016705,2015,2015-08-17,9435,2015-07-21,1544,018860,,2,2,9,1000,0,3,5,,2,015,"AMERICAN AV","EAST AV",0.00,,Y,A,-,N,,,,,,,,,,Y,2,0,2,1,A,-,03,22350,,F,E,I,A,A,H,-,A,D,0,,,,,Y,,A,07,2,0,0,0,0,0,0,0,0,"- ","- ",36.663350000000001,-119.77305,FRESNO,UNINCORPORATED,-119.77274997000001,36.663380029999999
7016752,2015,2015-08-14,9435,2015-07-06,1500,015773,,1,2,9,1000,0,3,5,,2,060,"WAKEFIELD AV","ADAMS AV",0.00,,Y,A,-,N,,,,,,,,,,Y,2,0,2,2,A,-,01,23152,A,N,D,C,A,A,H,-,A,A,0,,,,,Y,Y,A,07,1,0,1,0,0,0,0,0,0,"- ","- ",36.63252,-119.35885,FRESNO,UNINCORPORATED,-119.35874991,36.632520059999997
7017477,2015,2015-08-26,9495,2015-07-29,1340,019111,,3,1,9,1000,0,3,5,,2,052,"OAKLAND AV","BUTTE AV",3696.00,W,N,A,-,N,,,,,,,,,,Y,2,0,1,2,A,-,08,22107,,N,B,C,A,A,H,-,A,D,0,,,,Y,Y,,D,22,1,0,0,0,0,0,0,0,0,"- ","- ",36.20532,-120.10311,FRESNO,UNINCORPORATED,-120.17017342,36.342250360000001
7117991,2015,2015-11-30,1001,2015-11-04,1808,5683,,3,5,5,1001,0,0,0,,0,004,"BARSTOW AV","KAREN AV",0.00,,Y,A,-,N,,,,,,,,,,N,2,0,1,2,A,-,11,21954,A,N,B,C,A,A,H,-,C,D,0,,,,,Y,,-,,1,0,0,0,0,0,0,0,0,"- ","- ",36.815739999999998,-119.72112,FRESNO,CLOVIS,-119.71974994,36.815750080000001
7142992,2014,2016-01-20,1005,2014-03-19,0618,P904,NWE,3,5,7,1005,0,0,0,,0,2053,"SHIELDS AV","THORNE AV",149.00,W,N,A,-,N,,,,,,,,,,Y,2,0,1,2,A,-,11,21954,A,N,G,B,D,A,H,-,D,D,0,Y,,,,Y,,N,60,1,0,0,0,1,0,0,0,0,"- ","- ",,,FRESNO,FRESNO,-119.81358833,36.77940108
7143189,2014,2016-01-20,1005,2014-04-30,1534,P874,1659,3,5,7,1005,0,0,0,,0,04B,"CEDAR AV","BULLDOG LN",0.00,,N,A,-,N,,,,,,,,,,Y,2,0,1,2,A,-,09,21801,A,N,D,C,A,-,H,-,A,A,0,,,,,Y,,A,01,1,0,0,0,0,0,0,0,0,"- ","- ",,,FRESNO,FRESNO,-119.75426987,36.812270030000001
7143287,2014,2016-01-21,1005,2014-07-11,2149,P1577,SW285,5,5,7,1005,0,0,0,,0,00G,"C ST","INYO ST",0.00,,Y,A,-,N,,,,,,,,,,Y,2,0,1,2,A,-,01,23153,A,F,C,C,A,A,H,-,C,D,0,,,Y,,Y,Y,A,01,1,0,0,0,0,0,0,0,0,"- ","- ",,,FRESNO,FRESNO,-119.79584988000001,36.726310040000001
7143324,2014,2016-01-20,1005,2014-07-26,0740,P836,1254,6,5,7,1005,0,0,0,,0,00B,"WEST HERNDON AV","N INGRAM AV",0.00,,Y,A,-,N,,,,,,,,,,Y,2,0,1,2,A,-,08,22107,,N,C,C,A,A,H,-,A,D,0,,,,,Y,,I,11,1,0,0,0,0,0,0,0,0,"- ","- ",,,FRESNO,FRESNO,-119.80189996999999,36.837390050000003
7143337,2014,2016-01-20,1005,2014-07-25,0033,P1070,1700,5,5,7,1005,0,0,0,,0,04D,"SHAW AV","1ST ST",0.00,,N,A,-,N,,,,,,,,,,Y,2,0,3,4,A,-,01,23152,B,N,D,C,A,A,H,-,C,A,0,,,,,Y,Y,A,07,1,1,1,0,0,0,0,0,0,"- ","- ",,,FRESNO,FRESNO,-119.77241986999999,36.808480109999998
7143357,2014,2016-01-21,1005,2014-07-20,2153,P904,"SE H",7,5,7,1005,0,0,0,,0,2862,"BUTLER AV","WINERY AV",163.00,E,N,A,-,N,,,,,,,,,,Y,2,0,1,2,A,-,21,22106,,F,G,B,E,A,H,-,C,D,0,Y,,,,Y,,A,01,1,0,0,0,1,0,0,0,0,"- ","- ",,,FRESNO,FRESNO,-119.73137418,36.728650000000002
7143359,2014,2016-01-21,1005,2014-07-02,0608,P1614,2254,3,5,7,1005,0,0,0,,0,00H,"EAST MCKINLEY AV","N WISHON AV",15.00,W,N,A,-,N,,,,,,,,,,Y,2,0,1,3,A,-,12,21453,A,N,D,I,A,A,H,-,A,A,0,,,,,Y,,A,01,1,0,0,0,0,0,0,0,0,"- ","- ",,,FRESNO,FRESNO,-119.80113117,36.764989550000003
7155960,2014,2016-01-25,1005,2014-04-14,2209,P1447,NE145,1,5,7,1005,0,0,0,,0,00C,"N 1ST ST","E ESCALON AV",81.00,N,N,A,-,N,,,,,,,,,,N,2,0,1,1,A,-,03,22350,,N,H,-,A,A,H,-,C,D,0,,,Y,,Y,,C,02,1,0,0,0,0,0,0,0,1,"- ","- ",,,FRESNO,FRESNO,-119.77244711,36.826752319999997
7156005,2014,2016-01-22,1005,2014-12-23,0958,P775,1860,2,5,7,1005,0,0,0,,0,00E,"ASHLAN AV","BARTON AV",6.00,E,N,A,-,N,,,,,,,,,,N,2,0,2,3,A,-,10,21950,A,N,G,B,B,A,H,-,A,A,0,Y,,,,Y,,A,07,1,1,0,0,2,0,0,0,0,"- ","- ",,,FRESNO,FRESNO,-119.74974988,36.794323060000004
7156007,2014,2016-01-22,1005,2014-09-22,0245,P1571,SE276,1,5,7,1005,0,0,0,,0,00G,"EAST KINGS CYN RD","S WILLOW AV",520.00,W,N,A,-,N,,,,,,,,,,N,2,0,1,2,A,-,07,21658,A,N,B,C,A,A,H,-,C,D,0,,,,,Y,Y,A,01,1,0,0,0,0,0,0,0,0,"- ","- ",,,FRESNO,FRESNO,-119.72917279000001,36.73598793
7156035,2014,2016-01-22,1005,2014-04-19,1113,P1608,SER29,6,5,7,1005,0,0,0,,0,00H,"S MERIDIAN AV","E BELGRAVIA AV",60.00,S,N,A,-,N,,,,,,,,,,N,2,0,1,2,A,-,05,21202,A,N,B,G,A,A,H,-,A,D,0,,Y,,,Y,,L,04,1,0,0,0,0,0,1,0,0,"- ","- ",,,FRESNO,FRESNO,-119.74658441,36.715915350000003
7159885,2015,2016-10-20,1002,2015-02-11,1247,E1420,,3,5,3,1002,0,0,0,,0,0CO,"RT 198","PACIFIC ST",0.00,,N,A,-,Y,FRE,6,198,-,-,22.050,H,-,W,N,2,0,1,2,A,-,08,22107,,N,A,I,A,A,H,-,A,D,0,,,,,Y,,-,,1,0,0,0,0,0,0,0,0,"- ","- ",,,FRESNO,COALINGA,-120.36701913,36.132671160000001
7162094,2015,2016-01-28,1005,2015-07-18,2100,P1590,NW124,6,5,7,1005,0,0,0,,0,00B,"WEST HERNDON AV","NORTH MARKS AV",0.00,,Y,C,-,N,,,,,,,,,,Y,2,0,1,2,A,-,09,21800,A,N,D,C,A,B,H,-,E,B,0,,,,,Y,,A,01,1,0,0,0,0,0,0,0,0,"- ","- ",,,FRESNO,FRESNO,-119.84750988,36.837370020000002
7162132,2015,2016-01-27,1005,2015-01-02,0500,P1218,NE206,5,5,7,1005,0,0,0,,0,00H,"E AIRWAYS BL","N PEACH AV",1056.00,S,N,A,-,N,,,,,,,,,,Y,2,0,1,2,A,-,03,22350,,N,D,C,A,A,H,-,C,D,0,,,,,Y,,D,22,1,0,0,0,0,0,0,0,0,"- ","- ",,,FRESNO,FRESNO,-119.71745730000001,36.78398679
7162142,2015,2016-01-27,1005,2015-04-18,2301,P1648,SW285,6,5,7,1005,0,0,0,,0,00E,"E KEARNEY BL","FRESNO ST",0.00,,Y,A,-,N,,,,,,,,,,Y,2,0,1,2,A,-,12,22450,A,N,D,C,A,A,H,-,C,D,0,,,Y,,Y,,A,01,1,0,0,0,0,0,0,0,1,"- ","- ",,,FRESNO,FRESNO,-119.80376990000001,36.727849999999997
7162317,2015,2016-02-17,1005,2015-08-25,0535,P731,2554,2,5,7,1005,0,0,0,,0,01D,FULTON,"MADISON AV",0.00,,N,A,-,N,,,,,,,,,,Y,2,0,2,2,B,-,22,,,N,D,C,A,A,H,-,C,A,0,,,,,Y,,J,48,1,1,0,0,0,0,0,0,0,"- ","- ",,,FRESNO,FRESNO,,
7162491,2014,2016-01-29,1005,2014-04-19,2242,P1444,SE245,6,5,7,1005,0,0,0,,0,00B,"EAST BELMONT AV","N 3RD ST",0.00,,Y,A,-,N,,,,,,,,,,N,2,0,1,2,A,-,"- ",,,N,G,B,D,A,H,-,C,D,0,Y,,,,Y,Y,N,60,1,0,0,0,1,0,0,0,0,"- ","- ",,,FRESNO,FRESNO,-119.76922998000001,36.750410090000003
7163213,2014,2016-03-22,1005,2014-08-05,1836,P774,4G,2,5,7,1005,0,0,0,,0,2158,"SHIELDS AV","MILLBROOK AV",0.00,,-,A,-,N,,,,,,,,,,Y,2,0,1,2,A,-,09,21800,A,N,D,C,A,-,H,-,A,A,0,,,Y,,Y,,A,01,1,0,0,0,0,0,0,0,1,"- ","- ",,,FRESNO,FRESNO,-119.76351993,36.779660079999999
7164513,2015,2016-02-17,1001,2015-12-17,1727,5465,,4,5,5,1001,0,0,0,,0,004,"WEST BULLARD AV","VILLA AV",0.00,N,N,B,-,N,,,,,,,,,,Y,1,1,0,2,A,-,11,21954,A,N,G,B,D,A,H,-,E,D,0,Y,,,,Y,,N,60,0,0,0,1,0,0,0,0,0,"- ","- ",36.823059999999998,-119.71339,FRESNO,CLOVIS,-119.71339994,36.823070100000002
7168613,2015,2016-01-26,1005,2015-09-05,1952,P1676,NW214,6,5,7,1005,0,0,0,,0,00F,"WEST CLINTON AV","N VALENTINE AVE",140.00,W,N,A,-,N,,,,,,,,,,Y,2,0,1,2,A,-,03,22350,,N,C,C,A,A,H,-,B,A,0,,,,,Y,,A,01,1,0,0,0,0,0,0,0,0,"- ","- ",,,FRESNO,FRESNO,-119.85379748,36.771901139999997
7168627,2015,2016-01-26,1005,2015-09-09,2232,P731,1843,3,5,7,1005,0,0,0,,0,02C,"GRANTLAND AV","ASHLAN AV",0.00,,N,A,-,N,,,,,,,,,,Y,2,0,1,2,A,-,09,21802,A,N,D,C,A,A,H,-,C,A,0,,,,,Y,,A,01,1,0,0,0,0,0,0,0,0,"- ","- ",,,FRESNO,FRESNO,-119.91648993,36.793510009999999
7168696,2015,2016-01-26,1005,2015-09-14,1120,P168,NE105,1,5,7,1005,0,0,0,,0,00F,"N BLACKSTONE AV","E GRIFFITH WY",200.00,S,N,C,-,N,,,,,,,,,,N,2,0,1,1,A,-,03,22350,,N,H,A,A,B,H,-,A,D,0,,,Y,,Y,,C,03,1,0,0,0,0,0,0,0,1,"- ","- ",,,FRESNO,FRESNO,-119.79063443,36.789911029999999
7168778,2015,2016-01-27,1005,2015-07-18,0639,P866,NE205,6,5,7,1005,0,0,0,,0,00F,"N FRESNO ST","EAST SHIELDS AV",0.00,,Y,A,-,N,,,,,,,,,,Y,2,0,1,2,A,-,12,21453,A,N,A,C,A,A,H,-,A,A,0,,,Y,,Y,,A,01,1,0,0,0,0,0,0,0,1,"- ","- ",,,FRESNO,FRESNO,-119.78153987,36.779760090000003
7187335,2014,2016-03-17,1005,2014-10-11,2133,P1298,SW,6,5,7,1005,0,0,0,,0,F2700,"H ST","BROADWAY ST",0.00,,N,A,-,N,,,,,,,,,,Y,2,0,1,1,A,-,01,23152,A,N,E,I,A,A,H,-,C,A,0,,,Y,,Y,Y,C,03,1,0,0,0,0,0,0,0,1,"- ","- ",,,FRESNO,FRESNO,-119.79513992,36.735370009999997
7187354,2014,2016-04-04,1005,2014-11-04,1544,P1131,NORTH,2,5,7,1005,0,0,0,,0,00E,"BLACKSTONE AV",HOLLAND,135.00,S,N,A,-,N,,,,,,,,,,Y,2,0,1,2,A,-,11,21954,A,F,D,B,D,A,H,-,A,D,0,Y,,,,Y,Y,N,60,1,0,0,0,1,0,0,0,0,"- ","- ",,,FRESNO,FRESNO,-119.79060207000001,36.797339440000002
7199664,2016,2016-05-25,1005,2016-04-06,0623,572,1360,3,5,7,1005,0,0,0,,0,002,"EAST/WEST FSU AG RDWY","BULLARD AV",1295.00,N,N,A,-,N,,,,,,,,,,Y,1,1,0,1,A,-,01,23152,B,N,E,I,A,A,H,-,D,D,0,,,Y,,Y,Y,C,02,0,0,0,0,0,0,0,1,0,"- ","- ",,,FRESNO,FRESNO,,
7206213,2014,2016-03-30,1005,2014-09-13,0900,P503,2147,6,5,7,1005,0,0,0,,0,00F,"WEST CLINTON AV","N HANOVER AV",0.00,,-,A,-,N,,,,,,,,,,N,2,0,1,2,A,-,05,21650,1,N,D,G,A,A,H,-,A,A,0,,Y,,,Y,,L,04,1,0,0,0,0,0,1,0,0,"- ","- ",,,FRESNO,FRESNO,-119.8663499,36.771830059999999
8014229,2015,2016-04-14,1005,2015-06-18,1748,P1125,NE095,4,5,7,1005,0,0,0,,0,00A,"N FRIANT RD","E AUDUBON DR",42.00,S,N,A,-,N,,,,,,,,,,N,2,0,1,2,A,-,01,23153,A,N,C,C,A,A,H,-,A,A,0,,,,,Y,Y,A,01,1,0,0,0,0,0,0,0,0,"- ","- ",,,FRESNO,FRESNO,-119.78298395,36.860376799999997
8014686,2016,2016-05-02,1005,2016-02-12,2343,P1611,SE306,5,5,7,1005,0,0,0,,0,00H,"SOUTH CHESTNUT AV","EAST CHURCH AV",0.00,,Y,A,-,N,,,,,,,,,,N,2,0,2,3,-,-,"- ",,,N,G,B,B,A,H,-,C,A,0,Y,,,,Y,Y,-,"- ",1,0,1,0,2,0,0,0,0,"- ","- ",,,FRESNO,FRESNO,-119.73663990999999,36.714180040000002
8083451,2016,2016-07-26,1001,2016-01-15,1428,5104,,5,5,5,1001,0,0,0,,0,005,"BARSTOW AV","SUNNYSIDE AV",500.00,W,N,B,-,N,,,,,,,,,,Y,2,0,1,2,A,-,"- ",,,N,G,B,F,A,H,-,A,D,0,Y,,,,Y,,A,01,1,0,0,0,1,0,0,0,0,"- ","- ",36.815759999999997,-119.69096999999999,FRESNO,CLOVIS,-119.69267680999999,36.815772150000001
8111250,2016,2016-08-30,1015,2016-08-21,1406,N081,SELMA,7,5,3,1015,0,0,0,,0,001,"WRIGHT ST","NORTHHILL ST",0.00,,Y,A,-,N,,,,,,,,,,N,2,0,3,2,A,-,09,21802,A,N,C,C,A,A,H,-,A,D,0,,,,,Y,,-,,2,0,1,0,0,0,0,0,0,"- ","- ",,,FRESNO,SELMA,-119.61516991000001,36.586710019999998
81134831,2019,2019-12-03,1005,2019-11-03,1215,P1068,NORTH,7,5,7,1005,0,0,0,,0,00A,"GRANVILLE AVE","EMERALD AVE",0.00,,Y,A,-,Y,,,,,,,,,,Y,2,0,1,2,A,-,09,21804,A,N,D,D,A,A,H,-,A,D,0,,,Y,,Y,,A,01,1,0,0,0,0,0,0,0,1,"- ","- ",36.879051208496094,-119.75559234619141,FRESNO,FRESNO,-119.75559997558594,36.879119873046875
81139556,2019,2019-12-10,1005,2019-12-06,1337,P1264,2,5,5,7,1005,0,0,0,,0,00G,"MCKINLEY AVE","THESTA ST",94.00,W,N,A,-,N,,,,,,,,,,Y,2,0,2,2,A,-,09,21804,A,F,D,C,A,A,H,-,A,D,0,,,,,Y,Y,A,01,1,1,0,0,0,0,0,0,0,"- ","- ",36.764381408691406,-119.78469085693359,FRESNO,FRESNO,-119.78411102294922,36.765022277832031
81145773,2019,2019-12-18,1005,2019-11-03,0046,P1847,SW,7,5,7,1005,0,0,0,,0,00E,"ELM AVE","GENEVA AVE",453.00,S,N,A,-,N,,,,,,,,,,N,2,0,1,1,A,-,03,22350,,N,E,I,A,A,H,-,C,D,0,,,Y,,Y,,C,02,1,0,0,0,0,0,0,0,1,"- ","- ",36.720859527587891,-119.79168701171875,FRESNO,FRESNO,-119.79092407226562,36.719650268554688
81148725,2019,2019-12-20,1005,2019-12-17,0855,P1066,SE,2,5,7,1005,0,0,0,,0,,"WINERY AVE","UNIVERSITY AVE",0.00,,Y,A,-,N,,,,,,,,,,Y,2,0,1,3,A,-,09,21804,A,N,D,E,A,A,H,-,A,D,0,,,,,Y,,A,07,1,0,0,0,0,0,0,0,0,"- ","- ",36.766571044921875,-119.73187255859375,FRESNO,FRESNO,-119.73175811767578,36.766620635986328
81200272,2020,2020-03-03,1005,2020-02-22,1957,P1757,SOUTH,6,5,7,1005,0,0,0,,0,00B,"FOWLER AVE","180 FWY (1)",120.00,N,N,A,-,N,,,,,,,,,,N,2,0,1,1,A,-,01,23153,A,N,H,A,A,A,H,-,C,D,0,,,Y,,Y,Y,C,02,1,0,0,0,0,0,0,0,1,"- ","- ",36.752288818359375,-119.6820068359375,FRESNO,FRESNO,-119.682373046875,36.753379821777344
81200274,2020,2020-03-03,1005,2020-02-25,1708,P1216,SOUTH,2,5,7,1005,0,0,0,,0,00C,"MADISON AVE","SECOND ST",0.00,,Y,A,-,N,,,,,,,,,,N,2,0,1,2,A,-,11,21954,A,N,G,B,E,A,H,-,A,D,0,Y,,,,Y,,N,60,1,0,0,0,1,0,0,0,0,"- ","- ",36.748828887939453,-119.77195739746094,FRESNO,FRESNO,-119.77086639404297,36.749530792236328
81203876,2020,2020-03-09,1005,2020-02-07,0453,P1899,SE,5,5,7,1005,0,0,0,,0,00B,"CLOVIS AVE","BELMONT AVE",0.00,,Y,A,-,Y,,,,,,,,,,Y,2,0,1,2,A,-,09,21453,C,N,D,C,A,A,H,-,C,A,0,,,,,Y,,A,01,1,0,0,0,0,0,0,0,0,"- ","- ",36.749279022216797,-119.70121765136719,FRESNO,FRESNO,-119.70030212402344,36.75048828125
81211963,2020,2020-03-19,1005,2020-02-03,1505,P1298,NW,1,5,7,1005,0,0,0,,0,1155,"BLACKSTONE AVE","EL PASO AVE",0.00,,Y,A,-,N,,,,,,,,,,Y,1,2,1,3,A,-,01,23152,F,N,D,C,A,A,H,-,A,A,0,,,,,Y,,A,01,0,0,1,0,0,0,0,0,0,"- ","- ",36.846061706542969,-119.79062652587891,FRESNO,FRESNO,-119.79081726074219,36.846141815185547
81223848,2020,2020-04-10,1005,2020-04-09,1818,P1689,CENTR,4,5,7,1005,0,0,0,,0,00C,"WEST AVE","CLINTON AVE",39.00,S,N,-,-,N,,,,,,,,,,N,2,0,1,2,A,-,09,21804,A,F,D,G,A,A,H,-,A,D,0,,Y,,,Y,,A,01,1,0,0,0,0,0,1,0,0,"- ","- ",36.771980285644531,-119.82662963867188,FRESNO,FRESNO,-119.82672882080078,36.771854400634766
81248887,2020,2020-06-08,1005,2020-06-07,2000,P2003,NE,7,5,7,1005,0,0,0,,0,00C,"HERNDON AVE","BLACKSTONE AVE",120.00,E,N,A,-,N,,,,,,,,,,N,2,0,1,2,A,-,08,22107,,F,B,C,A,A,H,-,B,A,0,,,Y,,Y,,A,01,1,0,0,0,0,0,0,0,1,"- ","- ",36.837188720703125,-119.79029083251953,FRESNO,FRESNO,-119.79038238525391,36.837379455566406
81261904,2020,2020-07-02,1005,2020-06-26,1318,P1306,NORTH,5,5,7,1005,0,0,0,,0,,"HERNDON AVE","PALM AVE",125.00,E,N,A,-,N,,,,,,,,,,Y,2,0,3,2,A,-,03,22350,,N,C,C,A,A,H,-,A,A,0,,,,,Y,,A,01,1,1,1,0,0,0,0,0,0,"- ","- ",36.836551666259766,-119.80841827392578,FRESNO,FRESNO,-119.8079833984375,36.837131500244141
81266358,2020,2020-07-10,1005,2020-05-07,0811,P1771,SW,4,5,7,1005,0,0,0,,0,00G,"JENSEN AVE","GOLDEN STATE BLVD (E)",1172.00,E,N,A,-,N,,,,,,,,,,N,2,0,2,1,A,-,01,23152,A,N,E,I,A,A,H,-,A,D,0,,,,,Y,Y,A,01,2,0,0,0,0,0,0,0,0,"- ","- ",36.713539123535156,-119.777587890625,FRESNO,FRESNO,-119.76896667480469,36.706649780273438
81276727,2020,2020-07-30,1005,2020-07-04,1435,P1337,,6,5,7,1005,0,0,0,,0,,"MAPLE AVE","CLINTON AVE",0.00,,Y,A,-,N,,,,,,,,,,Y,2,0,2,3,A,-,03,22350,,N,D,C,A,A,H,-,A,A,0,,,,,Y,,A,07,2,0,0,0,0,0,0,0,0,"- ","- ",36.772319793701172,-119.74543762207031,FRESNO,FRESNO,-119.74537658691406,36.772289276123047
81276729,2020,2020-07-30,1005,2020-07-08,1338,P1402,NORTH,3,5,7,1005,0,0,0,,0,00A,"CEDAR AVE","OMAHA AVE (N)",0.00,,Y,A,-,N,,,,,,,,,,Y,1,1,1,2,A,-,03,22350,,N,D,C,A,A,H,-,A,A,0,,,,,Y,,A,01,1,0,0,0,0,0,0,0,0,"- ","- ",36.856128692626953,-119.75685119628906,FRESNO,FRESNO,-119.75688934326172,36.856021881103516
81283774,2020,2020-08-11,1005,2020-08-10,0028,P1890,SOUTH,1,5,7,1005,0,0,0,,0,00C,"FOURTH ST","ILLINOIS AVE",54.00,N,N,A,-,N,,,,,,,,,,Y,2,0,1,2,C,-,18,,,N,B,E,A,A,H,-,C,D,0,,,,,Y,,-,"- ",1,0,0,0,0,0,0,0,0,"- ","- ",36.744289398193359,-119.76876068115234,FRESNO,FRESNO,-119.76761627197266,36.74517822265625
81317993,2020,2020-10-06,1005,2020-10-05,2005,P2018,SE,1,5,7,1005,0,0,0,,0,03D,"200 N MAPLE AVE","4600 E. NEVADA AVE",80.00,S,N,A,-,N,,,,,,,,,,N,2,0,1,2,A,-,03,22350,A,F,G,B,D,A,H,-,C,D,0,Y,,,,Y,,-,99,1,0,0,0,1,0,0,0,0,"- ","- ",,,FRESNO,FRESNO,,
81346487,2020,2020-11-17,1005,2020-11-10,1735,P1323,SOUTH,2,5,7,1005,0,0,0,,0,FRANK,"W. GEARY ST","S. THORNE AV",407.00,W,N,A,-,N,,,,,,,,,,N,2,0,2,2,A,-,06,21750,,N,D,C,A,A,H,-,D,D,0,,,Y,,Y,,C,02,1,0,1,0,0,0,0,0,1,"- ","- ",,,FRESNO,FRESNO,-119.81475830078125,36.718608856201172
81346488,2020,2020-11-17,1005,2020-11-15,1900,P1753,,7,5,7,1005,0,0,0,,0,,"BRAWLEY AVE","GETTYSBURG AVE",1114.00,N,N,A,-,N,,,,,,,,,,N,2,0,1,2,A,-,16,27000,,N,F,A,A,A,H,-,D,A,0,,,Y,,Y,,-,31,1,0,0,0,0,0,0,0,1,"- ","- ",36.799579620361328,-119.86250305175781,FRESNO,FRESNO,-119.86251831054688,36.802677154541016
81375418,2020,2020-12-28,1005,2020-10-15,1707,P1849,SOUTH,4,5,7,1005,0,0,0,,0,00C,"OLIVE AVE","ROWELL AVE",15.00,S,N,A,-,N,,,,,,,,,,Y,2,0,1,3,A,-,12,22450,A,N,D,C,A,A,H,-,A,A,0,,,,,Y,,D,22,1,0,0,0,0,0,0,0,0,"- ","- ",36.7576904296875,-119.75218963623047,FRESNO,FRESNO,-119.75222015380859,36.757720947265625
81388562,2021,2021-01-18,1005,2021-01-15,1744,P1916,SE,5,5,7,1005,0,0,0,,0,00D,"N MAPLE AVE","S MAPLE AVE & E INYO AVE",0.00,,Y,A,-,Y,,,,,,,,,,Y,2,0,2,3,A,-,10,21950,A,N,G,B,D,A,H,-,C,A,0,Y,,,,Y,Y,A,01,1,0,1,0,2,0,0,0,0,"- ","- ",,,FRESNO,FRESNO,-119.74543762207031,36.743167877197266
81408494,2021,2021-02-16,1005,2021-02-11,1500,P1601,3,4,5,7,1005,0,0,0,,0,,"FIRST ST","VENTURA ST",0.00,,Y,A,-,N,,,,,,,,,,Y,2,0,3,3,A,-,12,21453,A,N,D,C,A,A,H,-,A,A,0,,,,,Y,,A,07,1,0,2,0,0,0,0,0,0,"- ","- ",36.735179901123047,-119.77381896972656,FRESNO,FRESNO,-119.77253723144531,36.735832214355469
81414049,2021,2021-02-24,1005,2021-01-01,0650,P1913,CE,5,5,7,1005,0,0,0,,0,00F,"OLIVE AVE","VAN NESS AVE",15.00,E,N,A,-,N,,,,,,,,,,Y,2,0,1,2,A,-,01,23152,A,N,C,C,A,A,H,-,A,A,0,,,,,Y,Y,A,01,1,0,0,0,0,0,0,0,0,"- ","- ",36.757671356201172,-119.79891967773438,FRESNO,FRESNO,-119.79883575439453,36.757678985595703
81440558,2021,2021-04-01,1005,2021-02-28,1934,P1694,SOUTH,7,5,7,1005,0,0,0,,0,00C,"E OLIVE AVE","EIGHTH ST",56.00,E,N,A,-,N,,,,,,,,,,Y,2,0,1,2,A,-,09,21804,A,N,C,C,A,A,H,-,C,D,0,,,Y,,Y,,A,01,1,0,0,0,0,0,0,0,1,"- ","- ",,,FRESNO,FRESNO,-119.76106262207031,36.757728576660156
81450867,2021,2021-04-15,1005,2021-04-09,0106,P1684,SOUTH,5,5,7,1005,0,0,0,,0,00C,"BELMONT AVE","CEDAR AVE",0.00,,Y,A,-,N,,,,,,,,,,Y,2,0,3,2,A,-,01,23152,F,N,D,C,A,A,H,-,C,A,0,,,,,Y,,A,01,1,2,0,0,0,0,0,0,0,"- ","- ",36.749660491943359,-119.75550842285156,FRESNO,FRESNO,-119.75453186035156,36.750419616699219
81453758,2021,2021-04-20,1005,2021-04-18,1724,P1771,SW,7,5,7,1005,0,0,0,,0,00E,"SANTA CLARA ST","G ST",6.00,W,N,A,-,N,,,,,,,,,,N,2,0,1,2,A,-,00,23103,A,F,G,B,F,A,H,-,A,D,0,Y,,,,Y,,-,35,1,0,0,0,1,0,0,0,0,"- ","- ",36.726348876953125,-119.7884521484375,FRESNO,FRESNO,-119.78849792480469,36.726230621337891
81460922,2021,2021-04-29,1005,2021-04-18,1552,P1625,SE,7,5,7,1005,0,0,0,,0,00C,"CEDAR AVE","TULARE ST",40.00,S,N,A,-,N,,,,,,,,,,Y,2,0,1,2,A,-,12,21453,A,N,D,C,A,A,H,-,A,A,0,,,,,Y,,A,01,1,0,0,0,0,0,0,0,0,"- ","- ",36.743259429931641,-119.75453948974609,FRESNO,FRESNO,-119.75450897216797,36.743049621582031