CASE_ID,ACCIDENT_YEAR,PROC_DATE,JURIS,COLLISION_DATE,COLLISION_TIME,OFFICER_ID,REPORTING_DISTRICT,DAY_OF_WEEK,CHP_SHIFT,POPULATION,CNTY_CITY_LOC,SPECIAL_COND,BEAT_TYPE,CHP_BEAT_TYPE,CITY_DIVISION_LAPD,CHP_BEAT_CLASS,BEAT_NUMBER,PRIMARY_RD,SECONDARY_RD,DISTANCE,DIRECTION,INTERSECTION,WEATHER_1,WEATHER_2,STATE_HWY_IND,CALTRANS_COUNTY,CALTRANS_DISTRICT,STATE_ROUTE,ROUTE_SUFFIX,POSTMILE_PREFIX,POSTMILE,LOCATION_TYPE,RAMP_INTERSECTION,SIDE_OF_HWY,TOW_AWAY,COLLISION_SEVERITY,NUMBER_KILLED,NUMBER_INJURED,PARTY_COUNT,PRIMARY_COLL_FACTOR,PCF_CODE_OF_VIOL,PCF_VIOL_CATEGORY,PCF_VIOLATION,PCF_VIOL_SUBSECTION,HIT_AND_RUN,TYPE_OF_COLLISION,MVIW,PED_ACTION,ROAD_SURFACE,ROAD_COND_1,ROAD_COND_2,LIGHTING,CONTROL_DEVICE,CHP_ROAD_TYPE,PEDESTRIAN_ACCIDENT,BICYCLE_ACCIDENT,MOTORCYCLE_ACCIDENT,TRUCK_ACCIDENT,NOT_PRIVATE_PROPERTY,ALCOHOL_INVOLVED,STWD_VEHTYPE_AT_FAULT,CHP_VEHTYPE_AT_FAULT,COUNT_SEVERE_INJ,COUNT_VISIBLE_INJ,COUNT_COMPLAINT_PAIN,COUNT_PED_KILLED,COUNT_PED_INJURED,COUNT_BICYCLIST_KILLED,COUNT_BICYCLIST_INJURED,COUNT_MC_KILLED,COUNT_MC_INJURED,PRIMARY_RAMP,SECONDARY_RAMP,LATITUDE,LONGITUDE,COUNTY,CITY,POINT_X,POINT_Y
81467571,2021,2021-05-07,1005,2021-04-22,0154,P2017,CE,4,5,7,1005,0,0,0,,0,00B,"PALM AVE","ROBINSON AVE",171.00,S,N,A,-,N,,,,,,,,,,Y,2,0,1,1,A,-,03,22350,,N,E,I,A,A,H,-,C,D,0,,,,,Y,Y,A,01,1,0,0,0,0,0,0,0,0,"- ","- ",36.785308837890625,-119.80927276611328,FRESNO,FRESNO,-119.80863952636719,36.785301208496094
81468497,2021,2021-05-10,1005,2021-04-22,2212,P1770,,4,5,7,1005,0,0,0,,0,,"FRESNO ST","TYLER AVE (S)",148.00,N,N,A,-,N,,,,,,,,,,Y,2,0,1,2,A,-,03,22350,,N,C,C,A,A,H,-,C,D,0,,,Y,,Y,,C,02,1,0,0,0,0,0,0,0,1,"- ","- ",36.755561828613281,-119.78147888183594,FRESNO,FRESNO,-119.781494140625,36.756046295166016
81473237,2021,2021-05-14,1005,2021-05-04,1918,P1213,CENTR,2,5,7,1005,0,0,0,,0,,"DAKOTA AVE","HUGHES AVE",0.00,,Y,A,-,N,,,,,,,,,,N,2,0,1,2,A,-,10,21950,A,N,G,B,B,A,H,-,A,A,0,Y,,,,Y,,A,01,1,0,0,0,1,0,0,0,0,"- ","- ",36.786449432373047,-119.83541870117188,FRESNO,FRESNO,-119.83544921875,36.786518096923828
81480629,2021,2021-05-25,1005,2021-04-25,1441,P772,,7,5,7,1005,0,0,0,,0,00F,"FRUIT AVE","FLORENCE AVE",6.00,S,N,A,-,N,,,,,,,,,,Y,2,0,3,2,A,-,03,22350,,N,C,C,A,A,H,-,A,D,0,,,,,Y,,-,99,1,1,1,0,0,0,0,0,0,"- ","- ",36.716968536376953,-119.81791687011719,FRESNO,FRESNO,-119.81784820556641,36.716835021972656
81482637,2021,2021-05-27,1005,2021-05-15,1754,P1689,SW,6,5,7,1005,0,0,0,,0,00D,"VENTURA ST","G ST",0.00,,Y,A,-,N,,,,,,,,,,N,2,0,1,2,A,-,01,23152,B,N,D,C,A,A,H,-,A,A,0,,,,,Y,Y,A,01,1,0,0,0,0,0,0,0,0,"- ","- ",36.727279663085938,-119.78964996337891,FRESNO,FRESNO,-119.78961944580078,36.727237701416016
81485588,2021,2021-05-31,1005,2021-05-08,2154,P1748,,6,5,7,1005,0,0,0,,0,,"SHAW AVE","CHESTNUT AVE",0.00,,Y,A,-,N,,,,,,,,,,N,2,0,1,2,A,-,11,21461,5,N,G,B,B,A,H,-,C,A,0,Y,,,,Y,,N,60,1,0,0,0,1,0,0,0,0,"- ","- ",36.808559417724609,-119.73623657226562,FRESNO,FRESNO,-119.73628997802734,36.808479309082031
81495455,2021,2021-06-14,1005,2021-05-28,1642,P1744,SW,5,5,7,1005,0,0,0,,0,00E,"VENTURA ST","99 HWY (E)",0.00,,Y,A,-,N,,,,,,,,,,N,2,0,1,2,A,-,09,21801,A,N,D,C,A,A,H,-,A,A,0,,,,,Y,,A,01,1,0,0,0,0,0,0,0,0,"- ","- ",36.724758148193359,-119.79363250732422,FRESNO,FRESNO,-119.79676818847656,36.72216796875
81519621,2021,2021-07-14,1005,2021-06-16,2104,P1744,NW,3,5,7,1005,0,0,0,,0,00F,"BRAWLEY AVE","CLINTON AVE",220.00,S,N,A,-,N,,,,,,,,,,N,2,0,1,2,A,-,11,21954,A,N,G,B,D,A,H,-,C,A,0,Y,,,,Y,,N,60,1,0,0,0,1,0,0,0,0,"- ","- ",36.771831512451172,-119.86238861083984,FRESNO,FRESNO,-119.86231994628906,36.771255493164062
8153291,2016,2016-10-31,1001,2016-07-20,2155,5465,,3,5,5,1001,0,0,0,,0,,"WILLOW AV","HOLLAND AV",0.00,,Y,A,-,N,,,,,,,,,,Y,2,0,2,3,A,-,11,21954,A,N,G,B,D,A,H,-,C,D,0,Y,,,,Y,,N,60,1,1,0,0,2,0,0,0,0,"- ","- ",36.797629999999998,-119.72744,FRESNO,CLOVIS,-119.72746993,36.797630099999999
81537104,2021,2021-08-05,1005,2021-07-17,2225,P1734,CENTR,6,5,7,1005,0,0,0,,0,00C,"MCKINLEY AVE","CHANNING WAY",246.00,W,N,A,-,N,,,,,,,,,,Y,2,0,1,2,A,-,01,23153,F,N,D,G,A,A,H,-,C,A,0,,Y,,,Y,,A,01,1,0,0,0,0,0,1,0,0,"- ","- ",36.764358520507812,-119.82485198974609,FRESNO,FRESNO,-119.82479858398438,36.764724731445312
81538305,2021,2021-08-06,1005,2021-07-02,2238,P1734,,5,5,7,1005,0,0,0,,0,,"CLINTON AVE","VAGEDES AVE",33.00,W,N,A,-,N,,,,,,,,,,N,2,0,1,2,A,-,05,21202,A,F,D,G,A,A,H,-,C,A,0,,Y,,,Y,,L,04,1,0,0,0,0,0,1,0,0,"- ","- ",36.771991729736328,-119.81648254394531,FRESNO,FRESNO,-119.81658172607422,36.772068023681641
81543111,2021,2021-08-12,1005,2021-08-03,0839,P1620,SW,2,5,7,1005,0,0,0,,0,00G,"JENSEN AVE","GOLDEN STATE BLVD (E)",0.00,,Y,A,-,Y,,,,,,,,,,Y,2,0,1,4,A,-,03,22350,,N,A,C,A,A,H,-,A,D,0,,,,Y,Y,,A,01,1,0,0,0,0,0,0,0,0,"- ","- ",36.706779479980469,-119.76838684082031,FRESNO,FRESNO,-119.76897430419922,36.706653594970703
81550941,2021,2021-08-23,1005,2021-08-20,1635,P1387,NE,5,5,7,1005,0,0,0,,0,00G,"CEDAR AVE","FOUNTAIN WAY",0.00,,Y,A,-,N,,,,,,,,,,Y,2,0,1,2,A,-,03,22350,,F,C,C,A,A,H,-,A,A,0,,,,,Y,,A,01,1,0,0,0,0,0,0,0,0,"- ","- ",36.781360626220703,-119.75438690185547,FRESNO,FRESNO,-119.75445556640625,36.781417846679688
81567991,2021,2021-09-13,1005,2021-09-01,1010,P1306,5D,3,5,7,1005,0,0,0,,0,1447,"BRAWLEY AVE","FIGARDEN DR (N)",0.00,,Y,A,-,N,,,,,,,,,,Y,1,1,0,2,A,-,12,21453,A,N,D,C,A,A,H,-,A,A,0,,,,,Y,,A,01,0,0,0,0,0,0,0,0,0,"- ","- ",36.829978942871094,-119.8624267578125,FRESNO,FRESNO,-119.86288452148438,36.815399169921875
81577450,2021,2021-09-23,1005,2021-08-21,0042,P1986,CE,6,5,7,1005,0,0,0,,0,00B,"FIRST ST","SHIELDS AVE",0.00,,Y,A,-,N,,,,,,,,,,Y,2,0,1,2,A,-,12,21453,A,N,D,C,A,A,H,-,C,A,0,,,,,Y,,A,01,1,0,0,0,0,0,0,0,0,"- ","- ",36.779598236083984,-119.77262878417969,FRESNO,FRESNO,-119.77265930175781,36.779563903808594
81614248,2021,2021-11-03,1005,2021-08-10,1754,P1185,CENTR,2,5,7,1005,0,0,0,,0,00F,"N BROADWAY","E THOMAS",0.00,,Y,A,-,N,,,,,,,,,,Y,1,1,0,2,A,-,12,22450,A,N,D,C,A,A,H,-,A,A,0,,,Y,,Y,,C,02,0,0,0,0,0,0,0,1,0,"- ","- ",,,FRESNO,FRESNO,-119.80284118652344,36.752201080322266
81615727,2021,2021-11-04,1005,2021-11-03,1707,P2062,CENTR,3,5,7,1005,0,0,0,,0,00D,"FRESNO ST","VASSAR AVE",54.00,S,N,A,-,N,,,,,,,,,,N,2,0,1,2,A,-,11,21954,A,N,G,B,D,A,H,-,A,D,0,Y,,,,Y,,N,60,1,0,0,0,1,0,0,0,0,"- ","- ",36.771480560302734,-119.78159332275391,FRESNO,FRESNO,-119.78153228759766,36.771350860595703
81639163,2021,2021-12-01,1005,2021-11-06,1814,P1675,SE,6,5,7,1005,0,0,0,,0,00A,"CEDAR AVE","CLINTON AVE",0.00,,Y,A,-,N,,,,,,,,,,Y,2,0,1,2,A,-,12,21453,A,N,A,C,A,A,H,-,C,A,0,,,Y,,Y,,C,02,1,0,0,0,0,0,0,0,1,"- ","- ",36.772331237792969,-119.75444793701172,FRESNO,FRESNO,-119.75447845458984,36.772369384765625
8164261,2016,2017-03-03,1007,2016-09-29,2234,1062,KERMA,4,5,2,1007,0,0,0,,0,0KE,"MADERA AV","COMMERCE AV",617.00,S,N,A,-,Y,FRE,6,145,-,-,33.820,H,-,N,N,2,0,1,2,A,-,01,23152,A,N,C,E,A,A,H,-,C,A,0,,,,,Y,Y,-,,1,0,0,0,0,0,0,0,0,"- ","- ",,,FRESNO,KERMAN,-120.06040323000001,36.715851309999998
81644729,2021,2021-12-07,1005,2021-12-01,1217,P1620,SW,3,5,7,1005,0,0,0,,0,00C,"CHANNING WAY","EDEN AVE",0.00,,Y,A,-,Y,,,,,,,,,,N,2,0,1,1,A,-,03,22350,,N,E,I,A,A,H,-,A,D,0,,,,,Y,,A,01,1,0,0,0,0,0,0,0,0,"- ","- ",36.725009918212891,-119.82440185546875,FRESNO,FRESNO,-119.82441711425781,36.72491455078125
81655580,2021,2021-12-20,1005,2021-12-15,1725,P2019,NE,3,5,7,1005,0,0,0,,0,00B,"NEES AVE","FIRST ST",40.00,W,N,A,-,N,,,,,,,,,,N,2,0,1,2,A,-,12,22450,A,N,A,G,A,B,H,-,C,A,0,,Y,,,Y,,L,04,1,0,0,0,0,0,1,0,0,"- ","- ",36.851238250732422,-119.77446746826172,FRESNO,FRESNO,-119.77480316162109,36.851871490478516
8166686,2016,2017-02-06,1001,2016-12-23,2332,5612,,5,5,5,1001,0,0,0,,0,007,"FOWLER AV","BULLARD AV",340.00,N,N,B,-,N,,,,,,,,,,Y,1,1,0,1,A,-,01,23152,F,N,E,I,A,B,H,-,C,D,0,,,,,Y,Y,A,01,0,0,0,0,0,0,0,0,0,"- ","- ",36.823050000000002,-119.68205,FRESNO,CLOVIS,-119.68205992999999,36.823993170000001
8166807,2016,2017-03-28,1005,2016-07-03,0006,P731,3C,7,5,7,1005,0,0,0,,0,2560,"BELMONT AV","PLAZA DR",265.00,E,N,A,-,N,,,,,,,,,,Y,1,1,0,2,A,-,11,21954,A,N,G,B,D,A,H,-,D,D,0,Y,,,,Y,Y,N,60,0,0,0,1,0,0,0,0,0,"- ","- ",36.750480000000003,-119.75696000000001,FRESNO,FRESNO,-119.75603608999999,36.750419999999998
81669372,2021,2022-01-04,1005,2021-12-10,1237,P1110,SW,5,5,7,1005,0,0,0,,0,2553,"99 HWY","BELMONT AVE (W)",0.00,,Y,B,-,N,,,,,,,,,,Y,2,0,1,1,A,-,01,23152,A,N,E,I,A,A,H,-,A,A,0,,,,,Y,Y,A,01,1,0,0,0,0,0,0,0,0,"- ","- ",36.750259399414062,-119.82572174072266,FRESNO,FRESNO,-119.825722,36.750259
81670705,2022,2022-01-05,1005,2022-01-02,1812,P880,NORTH,7,5,7,1005,0,0,0,,0,00F,"SHAW AVE","WOODROW AVE",282.00,W,N,A,-,N,,,,,,,,,,N,2,0,1,3,A,-,11,21954,A,N,G,B,D,A,H,-,C,D,0,Y,,,,Y,,N,60,1,0,0,0,1,0,0,0,0,"- ","- ",,,FRESNO,FRESNO,-119.74169921875,36.80865478515625
8168186,2017,2019-04-09,1005,2017-02-14,1850,P1070,2462,2,5,7,1005,0,0,0,,0,SE/C,"OLIVE AV","RECREATION AV",86.00,E,N,A,-,N,,,,,,,,,,Y,1,1,0,2,A,-,03,22350,,F,G,B,D,A,H,-,C,D,0,Y,,,,Y,Y,D,22,0,0,0,1,0,0,0,0,0,"- ","- ",36.757669999999997,-119.73854,FRESNO,FRESNO,-119.73833664,36.757708649999998
8168202,2017,2018-05-19,1005,2017-01-11,2305,P1070,1451,3,5,7,1005,0,0,0,,0,05E,"BULLARD AV","WEST AV",0.00,,Y,B,-,N,,,,,,,,,,Y,1,1,1,4,A,-,01,23152,B,N,D,C,A,B,H,-,C,A,0,,,,,Y,Y,A,01,0,1,0,0,0,0,0,0,0,"- ","- ",36.822830000000003,-119.82639,FRESNO,FRESNO,-119.82648986,36.82276006
8168204,2017,2019-04-09,1005,2017-01-01,2105,P731,1251,7,5,7,1005,0,0,0,,0,05B,"HERNDON AV","WEST AV",0.00,,Y,A,-,N,,,,,,,,,,Y,1,1,1,2,A,-,12,21453,A,N,D,C,A,A,H,-,C,A,0,,,,,Y,,A,07,0,0,1,0,0,0,0,0,0,"- ","- ",36.837229999999998,-119.82644999999999,FRESNO,FRESNO,-119.82645995,36.837360009999998
81682343,2021,2022-01-21,1005,2021-08-22,2013,P1828,CENTR,7,5,7,1005,0,0,0,,0,00D,"BLACKSTONE AVE","CORNELL AVE",201.00,N,N,A,-,N,,,,,,,,,,N,2,0,1,2,A,-,11,21954,A,N,G,B,D,A,H,-,C,D,0,Y,,,,Y,,N,60,1,0,0,0,1,0,0,0,0,"- ","- ",36.777740478515625,-119.79052734375,FRESNO,FRESNO,-119.7906494140625,36.778270721435547
81686223,2022,2022-01-27,1005,2022-01-24,2000,P1884,SOUTH,1,5,7,1005,0,0,0,,0,00E,"MAPLE AVE","WOODWARD AVE",527.00,S,N,A,-,N,,,,,,,,,,N,2,0,1,3,A,-,01,23152,A,N,D,E,A,A,G,-,D,D,0,,,,,Y,Y,A,01,1,0,0,0,0,0,0,0,0,"- ","- ",36.723159790039062,-119.74558258056641,FRESNO,FRESNO,-119.74559020996094,36.721744537353516
81694267,2022,2022-02-07,1005,2022-01-19,1755,P1744,NW,3,5,7,1005,0,0,0,,0,00G,"SHAW AVE","WEST AVE",112.00,W,N,A,-,N,,,,,,,,,,N,2,0,1,2,A,-,11,21954,A,N,G,B,D,A,H,-,C,A,0,Y,,,,Y,,N,60,1,0,0,0,1,0,0,0,0,"- ","- ",36.808300018310547,-119.82631683349609,FRESNO,FRESNO,-119.82688903808594,36.808181762695312
81699804,2022,2022-02-14,1005,2022-02-10,1810,P1700,"CE /",4,5,7,1005,0,0,0,,0,,"PALM AVE","OLIVE AVE",0.00,,Y,A,-,N,,,,,,,,,,Y,2,0,1,2,A,-,01,23153,A,F,G,B,B,A,H,-,C,A,0,Y,,,,Y,Y,A,01,1,0,0,0,1,0,0,0,0,"- ","- ",36.757678985595703,-119.80867004394531,FRESNO,FRESNO,-119.80860900878906,36.75762939453125
81702807,2021,2022-02-17,1005,2021-12-23,1914,P1712,NORTH,4,5,7,1005,0,0,0,,0,00G,"ASHLAN AVE","MARKS AVE",135.00,W,N,C,-,N,,,,,,,,,,N,2,0,1,2,A,-,11,21955,,N,G,B,C,B,H,-,C,A,0,Y,,,,Y,,N,60,1,0,0,0,1,0,0,0,0,"- ","- ",36.793720245361328,-119.84420013427734,FRESNO,FRESNO,-119.84477233886719,36.793651580810547
81739394,2022,2022-04-04,1005,2022-03-10,1715,P1734,,4,5,7,1005,0,0,0,,0,,"OLIVE AVE","WARREN AVE",390.00,W,N,A,-,N,,,,,,,,,,Y,2,0,1,2,A,-,09,21800,A,N,D,C,A,A,H,-,A,A,0,,,,,Y,,A,01,1,0,0,0,0,0,0,0,0,"- ","- ",36.757099151611328,-119.82875823974609,FRESNO,FRESNO,-119.8291015625,36.757469177246094
81748686,2022,2022-04-15,1005,2022-04-13,1159,P874,2A,3,5,7,1005,0,0,0,,0,1950,"HUGHES AVE","SAGINAW WAY",0.00,,Y,A,-,N,,,,,,,,,,Y,2,0,1,2,A,-,09,21802,A,F,D,C,A,A,H,-,A,D,0,,,,,Y,,A,01,1,0,0,0,0,0,0,0,0,"- ","- ",36.788421630859375,-119.83538055419922,FRESNO,FRESNO,-119.83543395996094,36.788471221923828
81756299,2022,2022-04-26,1005,2022-03-17,0552,P2063,NORTH,4,5,7,1005,0,0,0,,0,00A,"HERNDON AVE","BRAWLEY AVE",31.00,E,N,A,-,N,,,,,,,,,,N,2,0,1,2,A,-,04,21703,,N,C,C,A,A,H,-,B,A,0,,,,,Y,,A,01,1,0,0,0,0,0,0,0,0,"- ","- ",36.837230682373047,-119.86231231689453,FRESNO,FRESNO,-119.86234283447266,36.837169647216797
81756324,2022,2022-04-26,1005,2022-04-01,2337,P1700,"NW /",5,5,7,1005,0,0,0,,0,1642,"ISLAND WATERPARK DR",CANAL,700.00,N,N,A,-,N,,,,,,,,,,N,2,0,1,2,A,-,11,21954,A,N,G,B,E,A,H,-,C,D,0,Y,,,,Y,Y,N,60,1,0,0,0,1,0,0,0,0,"- ","- ",36.815361022949219,-119.89698791503906,FRESNO,FRESNO,,
81757375,2022,2022-04-27,1005,2022-04-19,1232,P959,,2,5,7,1005,0,0,0,,0,,"DAKOTA AVE","BLACKSTONE AVE",36.00,W,N,A,-,N,,,,,,,,,,N,2,0,1,2,A,-,11,21954,A,N,G,B,D,A,H,-,A,A,0,Y,,,,Y,,N,60,1,0,0,0,1,0,0,0,0,"- ","- ",36.786128997802734,-119.79119110107422,FRESNO,FRESNO,-119.79076385498047,36.786758422851562
81764935,2022,2022-05-05,1005,2022-03-23,1840,"P1944 ",NORTH,3,5,7,1005,0,0,0,,0,00G,"NORTH MILLBROOK AV","E FOUNTAIN WY",28.00,N,N,A,-,N,,,,,,,,,,N,2,0,1,1,A,-,03,22350,,N,H,A,A,A,H,-,A,D,0,,,Y,,Y,,C,02,1,0,0,0,0,0,0,0,1,"- ","- ",,,FRESNO,FRESNO,-119.76348876953125,36.781467437744141
81787481,2022,2022-06-03,1005,2022-05-15,2323,P1625,NE,7,5,7,1005,0,0,0,,0,00G,"ASHLAN AVE","MILLBROOK AVE",450.00,E,N,A,-,N,,,,,,,,,,Y,2,0,1,5,A,-,07,21658,A,F,C,E,A,A,H,-,C,D,0,,,,,Y,Y,A,01,1,0,0,0,0,0,0,0,0,"- ","- ",36.794109344482422,-119.76320648193359,FRESNO,FRESNO,-119.76177215576172,36.794200897216797
81787489,2022,2022-06-03,1005,2022-06-01,0712,P1298,CE,3,5,7,1005,0,0,0,,0,,"FRESNO ST","PRINCETON AVE",0.00,,Y,A,-,N,,,,,,,,,,Y,2,0,1,2,A,-,09,21800,D,N,D,C,A,A,H,-,A,B,0,,,,,Y,,D,22,1,0,0,0,0,0,0,0,0,"- ","- ",36.775848388671875,-119.78154754638672,FRESNO,FRESNO,-119.78153228759766,36.775897979736328
81803504,2022,2022-06-27,1005,2022-06-26,1644,P1771,,7,5,7,1005,0,0,0,,0,,"OLIVE AVE","CRYSTAL AVE (W)",82.00,W,N,A,-,N,,,,,,,,,,N,2,0,4,2,A,-,08,22107,,N,A,C,A,A,H,-,A,D,0,,,,,Y,,A,01,2,0,2,0,0,0,0,0,0,"- ","- ",36.757488250732422,-119.8323974609375,FRESNO,FRESNO,-119.83251953125,36.757453918457031
81812624,2022,2022-07-08,1005,2022-07-06,2150,P1889,NORTH,3,5,7,1005,0,0,0,,0,00E,"MARKS AVE","SAN MADELE AVE",123.00,S,N,A,-,N,,,,,,,,,,N,2,0,1,2,A,-,03,22350,,F,G,B,D,A,H,-,C,D,0,Y,,,,Y,,-,99,1,0,0,0,1,0,0,0,0,"- ","- ",36.814521789550781,-119.84471893310547,FRESNO,FRESNO,-119.84438323974609,36.814373016357422
81823859,2022,2022-07-25,1005,2022-07-07,0708,P955,NE,4,5,7,1005,0,0,0,,0,00B,"WARNER AVE","FRESNO ST",519.00,E,N,A,-,N,,,,,,,,,,N,2,0,1,2,A,-,03,22350,,N,C,E,A,A,H,-,A,D,0,,Y,,Y,Y,,L,04,1,0,0,0,0,0,1,0,0,"- ","- ",36.836498260498047,-119.78111267089844,FRESNO,FRESNO,-119.78134155273438,36.836441040039062
81831882,2022,2022-08-03,1005,2022-05-24,0523,P1070,1255,2,5,7,1005,0,0,0,,0,NW/B,"HERNDON AVE","BLACKSTONE AVE",0.00,,Y,A,-,N,,,,,,,,,,Y,1,1,0,2,A,-,12,21453,A,N,D,G,A,A,H,-,B,A,0,,Y,,,Y,,L,04,0,0,0,0,0,1,0,0,0,"- ","- ",36.837188720703125,-119.79029083251953,FRESNO,FRESNO,-119.79037475585938,36.837379455566406
81854928,2022,2022-09-01,1005,2022-07-16,2351,P731,2457,6,5,7,1005,0,0,0,,0,02G,"BELMONT AVE","FIRST ST",250.00,E,N,A,-,N,,,,,,,,,,N,1,1,0,2,A,-,11,21954,A,F,G,B,D,A,H,-,C,D,0,Y,,,,Y,,N,60,0,0,0,1,0,0,0,0,0,"- ","- ",36.749748229980469,-119.77356719970703,FRESNO,FRESNO,-119.771728515625,36.750396728515625
81867481,2022,2022-09-19,1005,2022-08-07,2039,P1911,NW,7,5,7,1005,0,0,0,,0,00F,"CLINTON AVE","VASSAR AVE",548.00,E,N,A,-,N,,,,,,,,,,Y,2,0,1,2,A,-,08,22107,,N,D,C,A,A,H,-,C,A,0,,,Y,Y,Y,Y,C,02,1,0,0,0,0,0,0,0,1,"- ","- ",36.772029876708984,-119.84192657470703,FRESNO,FRESNO,-119.83997344970703,36.771999359130859
81893590,2022,2022-10-19,1005,2022-09-10,1822,P1734,CENTR,6,5,7,1005,0,0,0,,0,,"MCKINLEY AVE","BLACKSTONE AVE",0.00,,Y,A,-,N,,,,,,,,,,Y,2,0,1,2,A,-,03,22350,,N,D,C,A,A,H,-,A,A,0,,,,,Y,,A,01,1,0,0,0,0,0,0,0,0,"- ","- ",36.764430999755859,-119.79145050048828,FRESNO,FRESNO,-119.79066467285156,36.764991760253906
81898300,2022,2022-10-25,1005,2022-10-04,1756,P1689,NE,2,5,7,1005,0,0,0,,0,00C,"FIRST ST","ROBINWOOD LN",200.00,S,N,A,-,N,,,,,,,,,,Y,1,1,0,2,A,-,11,21461,5,N,G,B,D,A,H,-,A,D,0,Y,,,,Y,,N,60,0,0,0,1,0,0,0,0,0,"- ","- ",36.816661834716797,-119.7725830078125,FRESNO,FRESNO,-119.77250671386719,36.816810607910156
81912004,2022,2022-11-08,1005,2022-08-04,1332,P959,SOUTH,4,5,7,1005,0,0,0,,0,A/2258,"MCKINLEY AVE","SIXTH ST",762.00,W,N,A,-,N,,,,,,,,,,Y,1,1,0,2,A,-,03,22350,,N,E,I,A,A,H,-,A,D,0,,,,,Y,,A,08,0,0,0,0,0,0,0,0,0,"- ","- ",36.764270782470703,-119.76532745361328,FRESNO,FRESNO,-119.76703643798828,36.765048980712891
8191460,2016,2016-12-22,1013,2016-10-20,1936,M137,SANGE,4,5,3,1013,0,0,0,,0,003,NEWMARK,"10TH ST",15.00,N,N,A,-,N,,,,,,,,,,Y,2,0,1,2,A,-,12,22450,A,N,D,C,A,A,H,-,E,A,0,,,,,Y,,A,01,1,0,0,0,0,0,0,0,0,"- ","- ",,,FRESNO,SANGER,,
81915508,2022,2022-11-11,1005,2022-11-08,0345,P1298,CE,2,5,7,1005,0,0,0,,0,,"PALM AVE","SHIELDS AVE",15.00,S,N,B,-,N,,,,,,,,,,N,2,0,1,2,A,-,12,21453,A,F,D,G,A,A,H,-,C,A,0,,Y,,,Y,,A,01,1,0,0,0,0,0,1,0,0,"- ","- ",36.779399871826172,-119.80863952636719,FRESNO,FRESNO,-119.80867004394531,36.779327392578125
81940587,2022,2022-12-13,1005,2022-12-05,1843,P2130,NORTH,1,5,7,1005,0,0,0,,0,00E,"BULLARD AVE","WEST AVE",345.00,W,N,A,-,N,,,,,,,,,,Y,2,0,1,2,A,-,09,21804,A,N,B,C,A,A,H,-,C,D,0,,,Y,,Y,,A,01,1,0,0,0,0,0,0,0,1,"- ","- ",36.822830200195312,-119.82639312744141,FRESNO,FRESNO,-119.82766723632812,36.822761535644531
81947734,2022,2022-12-21,1005,2022-10-21,2344,P1684,NORTH,5,5,7,1005,0,0,0,,0,"C/ 164","BRYAN AVE","FAIRMONT AVE",0.00,,Y,A,-,N,,,,,,,,,,Y,1,1,0,2,A,-,10,21950,A,N,G,B,B,A,H,-,C,D,0,Y,,,,Y,,A,01,0,0,0,1,0,0,0,0,0,"- ","- ",36.806018829345703,-119.90786743164062,FRESNO,FRESNO,-119.90740966796875,36.805797576904297
81961461,2023,2023-01-06,1005,2023-01-05,2002,P2160,NW,4,5,7,1005,0,0,0,,0,00F,"MARKS AVE","CLINTON AVE",319.00,N,N,A,-,Y,,,,,,,,,,Y,2,0,1,1,A,-,03,22350,,N,E,I,A,B,H,-,C,D,0,,,,,Y,,A,01,1,0,0,0,0,0,0,0,0,"- ","- ",36.771881103515625,-119.84430694580078,FRESNO,FRESNO,-119.84442138671875,36.772785186767578
81962949,2023,2023-01-09,1005,2023-01-08,"50  ",P1889,D,7,5,7,1005,0,0,0,,0,,"FIGARDEN DR","BRUNSWICK AVE",190.00,E,N,C,-,N,,,,,,,,,,N,2,0,1,1,A,-,01,23152,A,N,E,I,A,B,H,-,C,D,0,,,,,Y,Y,A,01,1,0,0,0,0,0,0,0,0,"- ","- ",36.829448699951172,-119.86708831787109,FRESNO,FRESNO,-119.86663818359375,36.829647064208984
81971532,2023,2023-01-19,1005,2023-01-14,2325,P1855,NORTH,6,5,7,1005,0,0,0,,0,,"BEHYMER AVE","GRANVILLE AVE",0.00,,Y,C,-,N,,,,,,,,,,Y,2,0,1,2,A,-,03,22350,,F,D,C,A,B,H,-,C,A,0,,,,,Y,Y,D,22,1,0,0,0,0,0,0,0,0,"- ","- ",36.881259918212891,-119.75557708740234,FRESNO,FRESNO,-119.75545501708984,36.881099700927734
81974007,2022,2023-01-23,1005,2022-12-01,0049,P1771,SW,4,5,7,1005,0,0,0,,0,00A,"FRUIT AVE","NAPA AVE",128.00,N,N,A,-,N,,,,,,,,,,Y,1,1,0,2,A,-,01,23152,A,N,A,E,A,A,H,-,D,D,0,,,Y,,Y,Y,C,02,0,0,0,0,0,0,0,1,0,"- ","- ",36.747550964355469,-119.81759643554688,FRESNO,FRESNO,-119.81758880615234,36.747890472412109
81976452,2023,2023-01-25,1005,2023-01-12,1822,P1757,NORTH,4,5,7,1005,0,0,0,,0,00B,"HERNDON AVE","MAPLE AVE",1800.00,E,N,A,-,N,,,,,,,,,,N,2,0,1,3,A,-,08,22107,,N,B,C,A,A,H,-,D,D,0,,,Y,,Y,,C,02,1,0,0,0,0,0,0,0,1,"- ","- ",36.837520599365234,-119.74510192871094,FRESNO,FRESNO,-119.74864959716797,36.837615966796875
81981042,2022,2023-01-30,1005,2022-12-21,2110,P1940,SE,3,5,7,1005,0,0,0,,0,00A,"MCKINLEY AVE","CHESTNUT AVE",278.00,E,N,A,-,N,,,,,,,,,,N,2,0,1,2,A,-,11,21954,A,N,D,G,A,A,H,-,C,D,0,,Y,,,Y,,L,04,1,0,0,0,0,0,1,0,0,"- ","- ",36.764198303222656,-119.73721313476562,FRESNO,FRESNO,-119.73550415039062,36.765110015869141