CASE_ID,ACCIDENT_YEAR,PROC_DATE,JURIS,COLLISION_DATE,COLLISION_TIME,OFFICER_ID,REPORTING_DISTRICT,DAY_OF_WEEK,CHP_SHIFT,POPULATION,CNTY_CITY_LOC,SPECIAL_COND,BEAT_TYPE,CHP_BEAT_TYPE,CITY_DIVISION_LAPD,CHP_BEAT_CLASS,BEAT_NUMBER,PRIMARY_RD,SECONDARY_RD,DISTANCE,DIRECTION,INTERSECTION,WEATHER_1,WEATHER_2,STATE_HWY_IND,CALTRANS_COUNTY,CALTRANS_DISTRICT,STATE_ROUTE,ROUTE_SUFFIX,POSTMILE_PREFIX,POSTMILE,LOCATION_TYPE,RAMP_INTERSECTION,SIDE_OF_HWY,TOW_AWAY,COLLISION_SEVERITY,NUMBER_KILLED,NUMBER_INJURED,PARTY_COUNT,PRIMARY_COLL_FACTOR,PCF_CODE_OF_VIOL,PCF_VIOL_CATEGORY,PCF_VIOLATION,PCF_VIOL_SUBSECTION,HIT_AND_RUN,TYPE_OF_COLLISION,MVIW,PED_ACTION,ROAD_SURFACE,ROAD_COND_1,ROAD_COND_2,LIGHTING,CONTROL_DEVICE,CHP_ROAD_TYPE,PEDESTRIAN_ACCIDENT,BICYCLE_ACCIDENT,MOTORCYCLE_ACCIDENT,TRUCK_ACCIDENT,NOT_PRIVATE_PROPERTY,ALCOHOL_INVOLVED,STWD_VEHTYPE_AT_FAULT,CHP_VEHTYPE_AT_FAULT,COUNT_SEVERE_INJ,COUNT_VISIBLE_INJ,COUNT_COMPLAINT_PAIN,COUNT_PED_KILLED,COUNT_PED_INJURED,COUNT_BICYCLIST_KILLED,COUNT_BICYCLIST_INJURED,COUNT_MC_KILLED,COUNT_MC_INJURED,PRIMARY_RAMP,SECONDARY_RAMP,LATITUDE,LONGITUDE,COUNTY,CITY,POINT_X,POINT_Y
81997884,2023,2023-02-20,1005,2023-02-18,1350,P1889,NORTH,6,5,7,1005,0,0,0,,0,00B,"AUDUBON DR","RIVER PARK PL (1)",0.00,,Y,A,-,N,,,,,,,,,,N,2,0,3,2,A,-,09,21801,A,N,D,C,A,A,H,-,A,D,0,,,,,Y,,D,22,1,1,1,0,0,0,0,0,0,"- ","- ",36.860958099365234,-119.78752136230469,FRESNO,FRESNO,-119.78972625732422,36.860939025878906
82007482,2023,2023-03-02,1005,2023-02-21,1921,P1771,,2,5,7,1005,0,0,0,,0,,"BELMONT AVE","JACKSON AVE",180.00,E,N,A,-,N,,,,,,,,,,N,2,0,1,2,A,-,01,23152,A,N,C,E,A,A,H,-,D,D,0,,,,,Y,Y,A,01,1,0,0,0,0,0,0,0,0,"- ","- ",36.750480651855469,-119.74765014648438,FRESNO,FRESNO,-119.74706268310547,36.750408172607422
82007492,2023,2023-03-02,1005,2023-02-22,1539,P1298,SW,3,5,7,1005,0,0,0,,0,"F / 30","JENSEN AVE","FRUIT AVE",0.00,,Y,B,-,N,,,,,,,,,,Y,2,0,2,2,A,-,09,21802,A,N,D,C,A,A,H,-,C,A,0,,,,,Y,,A,01,2,0,0,0,0,0,0,0,0,"- ","- ",36.706771850585938,-119.81774139404297,FRESNO,FRESNO,-119.81790924072266,36.706741333007812
82009615,2023,2023-03-06,1005,2023-02-12,1709,P1748,NW,7,5,7,1005,0,0,0,,0,,"HERNDON AVE","MARKS AVE",45.00,E,N,A,-,N,,,,,,,,,,Y,2,0,1,3,A,-,03,22350,,N,B,C,A,A,H,-,A,A,0,,,Y,,Y,,C,02,1,0,0,0,0,0,0,0,1,"- ","- ",36.837181091308594,-119.84732818603516,FRESNO,FRESNO,-119.84735870361328,36.837211608886719
82014432,2023,2023-03-10,1005,2023-03-03,1508,P1957,NE,5,5,7,1005,0,0,0,,0,00G,"DAKOTA AVE","BARTON AVE",311.00,W,N,A,-,N,,,,,,,,,,Y,2,0,1,4,A,-,01,23152,A,M,D,E,A,A,H,-,A,D,0,,,,,Y,Y,A,01,1,0,0,0,0,0,0,0,0,"- ","- ",36.786758422851562,-119.74980163574219,FRESNO,FRESNO,-119.75090026855469,36.786846160888672
82014434,2023,2023-03-10,1005,2023-03-04,"904 ",P1540,NORTH,6,5,7,1005,0,0,0,,0,00F,"SHAW AVE","WOODROW AVE",0.00,,Y,A,-,Y,,,,,,,,,,Y,2,0,1,2,A,-,12,21453,A,N,D,C,A,A,H,-,A,A,0,,,,,Y,,A,01,1,0,0,0,0,0,0,0,0,"- ","- ",36.808601379394531,-119.74069976806641,FRESNO,FRESNO,-119.74073791503906,36.808650970458984
82018151,2023,2023-03-15,1005,2023-03-07,1532,P864,"NW FR",2,5,7,1005,0,0,0,,0,1648,"VALENTINE AVE","SAN JOSE AVE",71.00,S,N,A,-,N,,,,,,,,,,N,2,0,3,5,A,-,03,22350,,N,C,E,E,A,H,-,A,D,0,Y,,,,Y,,A,01,1,2,0,0,2,0,0,0,0,"- ","- ",36.811878204345703,-119.85356140136719,FRESNO,FRESNO,-119.85350036621094,36.811626434326172
82020572,2023,2023-03-17,1005,2023-03-15,1330,P1298,NE,3,5,7,1005,0,0,0,,0,"G / 20","SHIELDS AVE","CEDAR AVE",0.00,,Y,A,-,N,,,,,,,,,,Y,2,0,1,2,A,-,12,21453,A,N,D,C,A,A,H,-,A,A,0,,,,,Y,,A,01,1,0,0,0,0,0,0,0,0,"- ","- ",36.778800964355469,-119.75511169433594,FRESNO,FRESNO,-119.75447082519531,36.779563903808594
82056256,2023,2023-04-28,1005,2023-02-25,2052,P1855,,6,5,7,1005,0,0,0,,0,,"OLIVE AVE","WARREN AVE",50.00,W,N,C,-,N,,,,,,,,,,Y,2,0,1,2,A,-,11,21954,A,N,G,B,D,B,H,-,C,A,0,Y,,,,Y,,N,60,1,0,0,0,1,0,0,0,0,"- ","- ",36.757431030273438,-119.82792663574219,FRESNO,FRESNO,-119.82794189453125,36.757469177246094
82056265,2023,2023-04-28,1005,2023-03-10,"322 ",P1811,NW,5,5,7,1005,0,0,0,,0,00A,"W HERNDON AVE","N BRAWLEY AVE",95.00,W,N,C,-,N,,,,,,,,,,Y,2,0,1,1,A,-,03,22350,,N,E,I,A,B,H,-,C,A,0,,,,,Y,,A,01,1,0,0,0,0,0,0,0,0,"- ","- ",,,FRESNO,FRESNO,-119.86277770996094,36.837169647216797
82056332,2023,2023-04-28,1005,2023-04-12,"956 ",P1855,,3,5,7,1005,0,0,0,,0,,"FRIANT RD","AUDUBON DR",0.00,N,Y,A,-,N,,,,,,,,,,Y,2,0,1,2,A,-,11,21453,D,N,G,B,B,A,H,-,A,A,0,Y,,,,Y,,N,60,1,0,0,0,1,0,0,0,0,"- ","- ",36.859851837158203,-119.78263092041016,FRESNO,FRESNO,-119.78292083740234,36.860481262207031
82072590,2023,2023-05-19,1005,2023-04-25,2050,P1997,SOUTH,2,5,7,1005,0,0,0,,0,00A,"HOME AVE","MILLBROOK AVE",38.00,W,N,A,-,N,,,,,,,,,,N,2,0,1,2,A,-,11,21954,A,F,G,B,E,A,H,-,C,D,0,Y,,,,Y,,N,60,1,0,0,0,1,0,0,0,0,"- ","- ",36.762470245361328,-119.76445770263672,FRESNO,FRESNO,-119.76365661621094,36.763229370117188
82072718,2023,2023-05-19,1005,2023-05-15,1008,P1264,2,1,5,7,1005,0,0,0,,0,00F,"BELMONT AVE","ROOSEVELT AVE (W)",9.00,W,N,A,-,N,,,,,,,,,,Y,2,0,1,2,A,-,09,21800,A,N,D,G,A,A,H,-,A,D,0,,Y,,,Y,,A,01,1,0,0,0,0,0,1,0,0,"- ","- ",36.749889373779297,-119.80670928955078,FRESNO,FRESNO,-119.80568695068359,36.750389099121094
82072738,2023,2023-05-19,1005,2023-05-16,"700 ",P1298,SW,2,5,7,1005,0,0,0,,0,"E / 27","VENTURA ST","99 HWY (W)",0.00,,Y,A,-,Y,FRE,,99," "," ",20.192,H,,L,N,2,0,1,2,A,-,12,21453,A,N,D,G,A,A,H,-,A,A,0,,Y,,,Y,,L,04,1,0,0,0,0,0,1,0,0,"- ","- ",36.724899291992188,-119.79300689697266,FRESNO,FRESNO,-119.79276275634766,36.725078582763672
82083004,2022,2023-06-01,1005,2022-10-21,1553,P850,NW,5,5,7,1005,0,0,0,,0,00F,"MARKS AVE","SHIELDS AVE",102.00,S,N,A,-,N,,,,,,,,,,N,2,0,1,2,A,-,09,21801,A,N,D,D,A,A,H,-,A,D,0,,,Y,,Y,,A,01,1,0,0,0,0,0,0,0,1,"- ","- ",36.7781982421875,-119.84623718261719,FRESNO,FRESNO,-119.84601593017578,36.777904510498047
82083017,2023,2023-06-01,1005,2023-04-22,2055,P1826,CE,6,5,7,1005,0,0,0,,0,00G,"BLACKSTONE AVE","HEDGES AVE",0.00,,Y,A,-,N,,,,,,,,,,N,2,0,1,2,A,-,03,22350,,F,G,B,D,A,H,-,C,A,0,Y,,,,Y,,-,99,1,0,0,0,1,0,0,0,0,"- ","- ",36.759429931640625,-119.79058837890625,FRESNO,FRESNO,-119.79061889648438,36.759544372558594
82083054,2023,2023-06-01,1005,2023-05-17,1538,P1298,SW,3,5,7,1005,0,0,0,,0,"C / 27","FRESNO ST","C ST",5.00,W,N,A,-,N,,,,,,,,,,N,2,0,1,2,D,-,00,,,N,G,B,B,A,H,-,A,A,0,Y,,,,Y,,-,"- ",1,0,0,0,1,0,0,0,0,"- ","- ",36.730201721191406,-119.80014038085938,FRESNO,FRESNO,-119.80028533935547,36.730331420898438
82098496,2023,2023-06-21,1005,2023-02-26,1422,P2179,CENTR,7,5,7,1005,0,0,0,,0,00C,"WEST AVE","PRINCETON AVE",0.00,,Y,A,-,N,,,,,,,,,,N,2,0,1,2,A,-,08,22107,,N,D,C,A,A,H,-,A,A,0,,,Y,,Y,,A,01,1,0,0,0,0,0,0,0,1,"- ","- ",,,FRESNO,FRESNO,-119.82669067382812,36.775627136230469
82117998,2023,2023-07-17,1005,2023-05-26,1706,P2009,SE,5,5,7,1005,0,0,0,,0,,"KINGS CANYON RD","CHESTNUT AVE",0.00,,Y,A,-,N,,,,,,,,,,Y,2,0,1,2,A,-,03,22350,,F,C,C,A,A,H,-,A,A,0,,,Y,,Y,,C,02,1,0,0,0,0,0,0,0,1,"- ","- ",36.734989166259766,-119.73758697509766,FRESNO,FRESNO,-119.73646545410156,36.735866546630859
82118069,2023,2023-07-17,1005,2023-06-04,1600,P1360,CE,7,5,7,1005,0,0,0,,0,00D,"SHIELDS AVE","GLENN AVE",0.00,,Y,A,-,N,,,,,,,,,,Y,2,0,1,2,A,-,03,22350,,N,D,C,A,A,H,-,A,D,0,,,,,Y,,-,"- ",1,0,0,0,0,0,0,0,0,"- ","- ",36.779560089111328,-119.79277038574219,FRESNO,FRESNO,-119.79280090332031,36.779491424560547
82118121,2023,2023-07-17,1005,2023-06-09,1553,P1264,2,5,5,7,1005,0,0,0,,0,00G,"FIRST ST","OLIVE AVE",3.00,S,N,A,-,N,,,,,,,,,,N,2,0,1,2,A,-,11,21950,B,N,G,B,B,A,H,-,A,A,0,Y,,,,Y,,N,60,1,0,0,0,1,0,0,0,0,"- ","- ",36.756999969482422,-119.77349090576172,FRESNO,FRESNO,-119.77262115478516,36.757701873779297
82118129,2023,2023-07-17,1005,2023-06-10,"755 ",P2211,CE,6,5,7,1005,0,0,0,,0,00E,"PALM AVE","HOME AVE",0.00,,Y,B,-,N,,,,,,,,,,N,2,0,1,2,A,-,08,22107,,N,D,G,A,A,H,-,A,D,0,,Y,,,Y,,A,01,1,0,0,0,0,0,1,0,0,"- ","- ",36.763088226318359,-119.80861663818359,FRESNO,FRESNO,-119.80862426757812,36.763027191162109
82118147,2023,2023-07-17,1005,2023-06-13,"949 ",P1298,SW,2,5,7,1005,0,0,0,,0,"B / 25","BELMONT AVE","PALM AVE",0.00,,Y,A,-,N,,,,,,,,,,Y,2,0,2,2,A,-,09,21801,A,N,D,C,A,A,H,-,A,A,0,,,,,Y,,A,01,1,1,0,0,0,0,0,0,0,"- ","- ",36.750289916992188,-119.80828857421875,FRESNO,FRESNO,-119.80828857421875,36.750385284423828
82118177,2023,2023-07-17,1005,2023-06-17,1224,P1280,NORTH,6,5,7,1005,0,0,0,,0,,"580 E SAN MADELE AVE","ANGUS ST",0.00,,Y,A,-,Y,,,,,,,,,,Y,1,1,0,2,C,-,18,,,N,G,B,F,A,H,-,A,D,0,Y,,,,Y,,-,"- ",0,0,0,1,0,0,0,0,0,"- ","- ",,,FRESNO,FRESNO,-119.77680969238281,36.814823150634766
82118228,2023,2023-07-17,1005,2023-06-24,"815 ",P645,CE,6,5,7,1005,0,0,0,,0,2D2256,"MCKINLEY AVE","CLARK ST",0.00,,Y,A,-,N,,,,,,,,,,Y,2,0,1,2,A,-,09,21801,A,N,D,C,A,A,H,-,A,A,0,,,,,Y,,A,07,1,0,0,0,0,0,0,0,0,"- ","- ",36.764999389648438,-119.78614807128906,FRESNO,FRESNO,-119.78607177734375,36.765026092529297
82155353,2023,2023-08-28,1005,2023-07-22,2201,P2082,,6,5,7,1005,0,0,0,,0,,"MARTIN LUTHER KING JR BLVD","COMMERCE AVE",0.00,,Y,A,-,N,,,,,,,,,,N,2,0,1,2,A,-,01,23152,B,N,D,C,A,A,H,-,D,D,0,,,,,Y,Y,A,01,1,0,0,0,0,0,0,0,0,"- ","- ",36.698879241943359,-119.79982757568359,FRESNO,FRESNO,-119.79981231689453,36.698760986328125
82174275,2023,2023-09-20,1005,2023-01-01,1930,P1963,SW,7,5,7,1005,0,0,0,,0,00A,"PARKWAY DR","DENNETT AVE",1320.00,S,N,A,-,N,,,,,,,,,,N,2,0,1,2,A,-,11,21956,A,N,G,B,E,A,H,-,C,D,0,Y,,,,Y,,N,60,1,0,0,0,1,0,0,0,0,"- ","- ",36.755298614501953,-119.82879638671875,FRESNO,FRESNO,-119.82691955566406,36.752120971679688
82174296,2023,2023-09-20,1005,2023-07-23,2333,P1890,,7,5,7,1005,0,0,0,,0,,"FIRST ST","GETTYSBURG AVE",0.00,,Y,A,-,N,,,,,,,,,,Y,2,0,1,2,A,-,04,21703,,N,C,C,A,A,H,-,C,A,0,,,Y,,Y,Y,A,01,1,0,0,0,0,0,0,0,1,"- ","- ",36.801349639892578,-119.7723388671875,FRESNO,FRESNO,-119.77241516113281,36.801307678222656
82174383,2023,2023-09-20,1005,2023-08-26,"38  ",P2053,CENTR,6,5,7,1005,0,0,0,,0,00D,"PRINCETON AVE","BLACKSTONE AVE",0.00,,Y,A,-,N,,,,,,,,,,N,2,0,1,2,A,-,08,22107,,F,G,B,B,A,H,-,C,D,0,Y,,,,Y,,-,99,1,0,0,0,1,0,0,0,0,"- ","- ",36.775920867919922,-119.79055023193359,FRESNO,FRESNO,-119.7906494140625,36.775897979736328
82174454,2023,2023-09-20,1005,2023-09-03,2004,P1938,NORTH,7,5,7,1005,0,0,0,,0,00C,"FRESNO ST","BROWNING AVE",0.00,,Y,A,-,N,,,,,,,,,,N,2,0,1,2,A,-,10,21950,A,F,G,B,C,A,H,-,B,D,0,Y,,,,Y,,-,99,1,0,0,0,1,0,0,0,0,"- ","- ",36.819438934326172,-119.7813720703125,FRESNO,FRESNO,-119.78132629394531,36.819351196289062
82176727,2023,2023-09-22,1005,2023-09-01,2303,P1853,SOUTH,5,5,7,1005,0,0,0,,0,,"ADLER AVE","KINGS CANYON RD",0.00,,Y,B,-,N,,,,,,,,,,N,2,0,1,2,A,-,11,21956,A,F,G,B,E,A,H,-,D,D,0,Y,,,,Y,Y,N,60,1,0,0,0,1,0,0,0,0,"- ","- ",36.735980987548828,-119.72527313232422,FRESNO,FRESNO,-119.72566986083984,36.735660552978516
82201863,2023,2023-10-18,1005,2023-07-19,1022,P1603,CENTR,3,5,7,1005,0,0,0,,0,00D,"SHIELDS AVE","41 HWY NB OFFRAMP",0.00,,Y,A,-,N,,,,,,,,,,Y,2,0,1,2,A,-,12,21453,A,N,D,C,A,A,H,-,A,A,0,,,Y,,Y,,C,02,1,0,0,0,0,0,0,0,1,"- ","- ",36.779071807861328,-119.78775024414062,FRESNO,FRESNO,,
82225021,2023,2023-11-01,1005,2023-10-08,1249,P866,CE,7,5,7,1005,0,0,0,,0,00F,"E OLIVE AVE","N FRUIT AVE",93.00,E,N,A,-,N,,,,,,,,,,N,2,0,2,2,A,-,05,21651,B,N,A,C,A,A,H,-,A,D,0,,,,,Y,,A,01,2,0,0,0,0,0,0,0,0,"- ","- ",,,FRESNO,FRESNO,-119.81731414794922,36.757549285888672
82225040,2023,2023-11-01,1005,2023-10-13,1825,P2048,CE,5,5,7,1005,0,0,0,,0,00C,"CLINTON AVE","TEILMAN AVE",0.00,,Y,A,-,Y,,,,,,,,,,Y,2,0,1,2,A,-,08,22100,A,N,D,C,A,A,H,-,A,D,0,,,Y,,Y,Y,-,"- ",1,0,0,0,0,0,0,0,1,"- ","- ",36.771991729736328,-119.82212066650391,FRESNO,FRESNO,-119.82212829589844,36.772010803222656
82250922,2023,2023-12-04,1005,2023-10-15,2045,P2156,NORTH,7,5,7,1005,0,0,0,,0,00F,"SHIELDS AVE","11TH ST.",0.00,,Y,A,-,Y,,,,,,,,,,N,2,0,1,2,A,-,11,21954,A,N,G,B,C,A,H,-,C,A,0,Y,,,,Y,,N,60,1,0,0,0,1,0,0,0,0,"- ","- ",36.779689788818359,-119.75686645507812,FRESNO,FRESNO,-119.75673675537109,36.779777526855469
82250948,2023,2023-12-04,1005,2023-10-21,2153,P731,2556,6,5,7,1005,0,0,0,,0,01B,"DIVISADERO ST","CLARK ST",8.00,W,N,A,-,N,,,,,,,,,,N,1,1,0,2,A,-,10,21950,A,N,G,B,B,A,H,-,C,A,0,Y,,,,Y,,A,08,0,0,0,1,0,0,0,0,0,"- ","- ",36.743301391601562,-119.78591918945312,FRESNO,FRESNO,-119.78605651855469,36.743309020996094
82251090,2023,2023-12-04,1005,2023-11-12,1747,P1766,SE,7,5,7,1005,0,0,0,,0,00G,"FOWLER AVE","KINGS CANYON RD",0.00,,Y,A,-,N,,,,,,,,,,N,2,0,2,2,A,-,01,23152,B,N,C,C,A,A,H,-,C,A,0,,,Y,,Y,Y,C,02,1,0,1,0,0,0,0,0,1,"- ","- ",36.735630035400391,-119.68332672119141,FRESNO,FRESNO,-119.68218994140625,36.7369384765625
82251102,2023,2023-12-04,1005,2023-11-13,1927,P1957,,1,5,7,1005,0,0,0,,0,,"ASHLAN AVE","BLYTHE AVE",0.00,,Y,A,-,N,,,,,,,,,,Y,2,0,2,3,A,-,03,22350,,N,C,C,A,A,H,-,C,D,0,,,,,Y,,A,01,1,0,1,0,0,0,0,0,0,"- ","- ",36.793498992919922,-119.87135314941406,FRESNO,FRESNO,-119.87134552001953,36.793701171875
82251122,2023,2023-12-04,1005,2023-11-16,"832 ",P1264,5,4,5,7,1005,0,0,0,,0,00F,"MCKINLEY AVE","BRAWLEY AVE",0.00,,Y,A,-,N,,,,,,,,,,Y,2,0,1,2,A,-,12,22450,A,N,D,C,A,A,H,-,A,A,0,,,,Y,Y,,D,22,1,0,0,0,0,0,0,0,0,"- ","- ",36.764678955078125,-119.86226654052734,FRESNO,FRESNO,-119.86223602294922,36.76458740234375
82251127,2023,2023-12-04,1005,2023-11-16,2021,P1766,NW,4,5,7,1005,0,0,0,,0,00B,"BLACKSTONE AVE","SIERRA AVE",0.00,,Y,A,-,N,,,,,,,,,,N,2,0,1,2,A,-,11,21954,A,F,G,B,B,A,H,-,C,A,0,Y,,,,Y,Y,N,60,1,0,0,0,1,0,0,0,0,"- ","- ",36.830089569091797,-119.79013061523438,FRESNO,FRESNO,-119.79042053222656,36.830142974853516
82260553,2023,2023-12-13,1005,2023-11-09,2015,P1643,NW,4,5,7,1005,0,0,0,,0,00D,"SHAW AVE","VALENTINE AVE",0.00,,Y,A,-,N,,,,,,,,,,N,2,0,1,2,A,-,11,21456,B,N,G,B,D,A,H,-,C,A,0,Y,,,,Y,,N,60,1,0,0,0,1,0,0,0,0,"- ","- ",36.808170318603516,-119.85347747802734,FRESNO,FRESNO,-119.85350036621094,36.808181762695312
82270523,2023,2023-12-26,1005,2023-12-07,1942,P1890,SW,4,5,7,1005,0,0,0,,0,00A,"GOLDEN STATE BLVD","BELMONT AVE (W)",1056.00,N,N,A,-,N,,,,,,,,,,N,2,0,1,2,A,-,03,22350,,N,C,G,A,A,D,-,E,D,0,,Y,,,Y,,A,01,1,0,0,0,0,0,1,0,0,"- ","- ",36.750900268554688,-119.81558990478516,FRESNO,FRESNO,-119.81478118896484,36.750762939453125
82270539,2023,2023-12-26,1005,2023-12-14,1632,P2082,NW,4,5,7,1005,0,0,0,,0,05G,"WEST AVE","EMERSON AVE",0.00,,Y,A,-,N,,,,,,,,,,Y,2,0,1,3,A,-,09,21801,A,N,D,C,A,A,H,-,C,A,0,,,Y,,Y,,A,01,1,0,0,0,0,0,0,0,1,"- ","- ",36.796489715576172,-119.82646942138672,FRESNO,FRESNO,-119.82676696777344,36.796489715576172
82270540,2023,2023-12-26,1005,2023-12-14,1900,P2025,NORTH,4,5,7,1005,0,0,0,,0,00C,"STANISLAUS ST","C ST",0.00,,Y,A,-,Y,,,,,,,,,,N,2,0,1,2,A,-,05,21651,B,N,G,B,E,A,H,-,C,D,0,Y,,,,Y,,N,60,1,0,0,0,1,0,0,0,0,"- ","- ",36.733371734619141,-119.80351257324219,FRESNO,FRESNO,-119.80348205566406,36.733257293701172
82290812,2023,2024-01-18,1005,2023-12-14,1851,P1961,,4,5,7,1005,0,0,0,,0,00C,"ASHLAN AVE","PARKWAY DR",0.00,,Y,A,-,N,,,,,,,,,,Y,2,0,1,1,A,-,03,22350,,M,E,I,A,A,H,-,C,A,0,,,,,Y,,A,01,1,0,0,0,0,0,0,0,0,"- ","- ",36.793609619140625,-119.86708068847656,FRESNO,FRESNO,-119.86689758300781,36.793548583984375
82290934,2024,2024-01-18,1005,2024-01-04,1259,P1264,,4,5,7,1005,0,0,0,,0,00G,"FIRST ST","OLIVE AVE",3.00,N,N,A,-,N,,,,,,,,,,N,2,0,1,2,A,-,12,21453,A,N,D,G,A,A,H,-,A,A,0,,Y,,,Y,,L,04,1,0,0,0,0,0,1,0,0,"- ","- ",36.757801055908203,-119.77249145507812,FRESNO,FRESNO,-119.77262115478516,36.757717132568359
82290982,2024,2024-01-18,1005,2024-01-14,1731,P1748,,7,5,7,1005,0,0,0,,0,,"CHURCH AVE","MAPLE AVE",0.00,,Y,A,-,N,,,,,,,,,,Y,2,0,1,3,A,-,12,21453,A,F,G,B,F,A,H,-,C,A,0,Y,,,,Y,,A,01,1,0,0,0,1,0,0,0,0,"- ","- ",36.714210510253906,-119.74562072753906,FRESNO,FRESNO,-119.74562835693359,36.714157104492188
82306466,2024,2024-02-06,1005,2024-01-27,1549,P1957,,6,5,7,1005,0,0,0,,0,,BROADWAY,"FRANKLIN AVE",157.00,N,N,A,-,N,,,,,,,,,,Y,2,0,1,2,A,-,08,22107,,N,D,C,A,A,H,-,A,D,0,,,,,Y,,A,01,1,0,0,0,0,0,0,0,0,"- ","- ",36.748661041259766,-119.802978515625,FRESNO,FRESNO,-119.80299377441406,36.749191284179688
82337939,2024,2024-03-14,1005,2024-03-11,2046,P2082,,1,5,7,1005,0,0,0,,0,,"SHIELDS AVE","MAROA AVE",0.00,,Y,A,-,N,,,,,,,,,,N,2,0,1,2,A,-,05,21202,,N,D,G,A,A,H,-,C,A,0,,Y,,,Y,,L,04,1,0,0,0,0,0,1,0,0,"- ","- ",36.779560089111328,-119.79953765869141,FRESNO,FRESNO,-119.79963684082031,36.779434204101562
82341493,2024,2024-03-19,1005,2024-01-29,1933,P1910,,1,5,7,1005,0,0,0,,0,00G,"EMERSON AVE","WEST AVE",3.00,W,N,A,-,Y,,,,,,,,,,N,1,1,0,2,A,-,11,21954,A,N,G,B,D,A,H,-,C,A,0,Y,,,Y,Y,,N,60,0,0,0,1,0,0,0,0,0,"- ","- ",36.796489715576172,-119.82646942138672,FRESNO,FRESNO,-119.8267822265625,36.796489715576172
82347014,2024,2024-03-26,1005,2024-03-20,1733,P1982,,3,5,7,1005,0,0,0,,0,ADAM,"RIVERSIDE DR","CRESTA AVE",0.00,,Y,A,-,N,,,,,,,,,,Y,2,0,1,2,A,-,09,21801,A,N,D,C,A,A,H,-,A,A,0,,,Y,,Y,,A,01,1,0,0,0,0,0,0,0,1,"- ","- ",36.830009460449219,-119.90363311767578,FRESNO,FRESNO,-119.90367889404297,36.830032348632812
82353576,2024,2024-04-03,1005,2024-03-12,2032,P1910,,2,5,7,1005,0,0,0,,0,,"SIERRA MADRE AVE","FISHER ST",645.00,E,N,A,-,N,,,,,,,,,,N,2,0,1,2,A,-,06,21757,,N,D,C,A,A,H,-,C,D,0,,,Y,,Y,,A,01,1,0,0,0,0,0,0,0,1,"- ","- ",36.807529449462891,-119.77001190185547,FRESNO,FRESNO,-119.76783752441406,36.807514190673828
82366280,2024,2024-04-17,1005,2024-04-15,1647,P1910,SOUTH,1,5,7,1005,0,0,0,,0,,"FRESNO ST","R ST",0.00,,Y,A,-,Y,,,,,,,,,,Y,2,0,2,2,A,-,09,21801,A,N,A,C,A,A,H,-,A,A,0,,,Y,,Y,,A,01,1,0,1,0,0,0,0,0,1,"- ","- ",36.741668701171875,-119.78411102294922,FRESNO,FRESNO,-119.78410339355469,36.741664886474609
82384579,2024,2024-05-08,1005,2024-04-13,2229,P731,,6,5,7,1005,0,0,0,,0,02B,"BLACKSTONE AVE","ASHLAN AVE",410.00,S,N,B,-,N,,,,,,,,,,Y,1,1,0,2,A,-,11,21954,A,N,G,B,D,B,H,-,C,D,0,Y,,,,Y,Y,N,60,0,0,0,1,0,0,0,0,0,"- ","- ",36.794029235839844,-119.79054260253906,FRESNO,FRESNO,-119.79062652587891,36.792976379394531
82395854,2024,2024-05-22,1005,2024-05-20,2055,P1889,,1,5,7,1005,0,0,0,,0,00B,"BLACKSTONE AVE","DAKOTA AVE",0.00,,Y,A,-,N,,,,,,,,,,N,2,0,1,2,A,-,11,21456,A,F,G,B,B,A,H,-,C,A,0,Y,,,,Y,,N,60,1,0,0,0,1,0,0,0,0,"- ","- ",36.786128997802734,-119.79119110107422,FRESNO,FRESNO,-119.79064178466797,36.786762237548828
82404078,2024,2024-06-03,1005,2024-05-22,"420 ",P1972,,3,5,7,1005,0,0,0,,0,00G,"SHAW AVE","MARKS AVE",773.00,W,N,A,-,N,,,,,,,,,,N,2,0,1,2,A,-,05,21650,1,N,A,G,A,A,H,-,C,D,0,,Y,,,Y,,L,04,1,0,0,0,0,0,1,0,0,"- ","- ",36.808208465576172,-119.84451293945312,FRESNO,FRESNO,-119.84716796875,36.808399200439453
82408737,2024,2024-06-07,1005,2024-06-05,"743 ",P1264,,3,5,7,1005,0,0,0,,0,00C,"CLINTON AVE","FRUIT AVE",0.00,,Y,A,-,N,,,,,,,,,,Y,2,0,2,2,A,-,01,23152,B,F,D,C,A,A,H,-,A,A,0,,,,,Y,Y,A,01,1,1,0,0,0,0,0,0,0,"- ","- ",36.771999359130859,-119.81761932373047,FRESNO,FRESNO,-119.81761169433594,36.772056579589844
82418058,2024,2024-06-19,1005,2024-06-14,1333,P1117,,5,5,7,1005,0,0,0,,0,00C,"BULLARD AVE","FIRST ST",504.00,E,N,A,-,N,,,,,,,,,,N,2,0,1,2,A,-,11,21956,A,N,G,B,D,A,H,-,A,A,0,Y,,,,Y,,N,60,1,0,0,0,1,0,0,0,0,"- ","- ",36.823070526123047,-119.77227020263672,FRESNO,FRESNO,-119.77065277099609,36.822978973388672
82419081,2024,2024-06-20,1005,2024-06-15,1808,P1735,,6,5,7,1005,0,0,0,,0,1952,"ASHLAN AVE","WEST AVE",0.00,,Y,A,-,N,,,,,,,,,,Y,2,0,2,2,A,-,00,23153,F,N,D,C,A,A,H,-,A,A,0,,,,,Y,,A,01,1,1,0,0,0,0,0,0,0,"- ","- ",36.793460845947266,-119.82697296142578,FRESNO,FRESNO,-119.826416015625,36.79376220703125