CASE_ID,ACCIDENT_YEAR,PROC_DATE,JURIS,COLLISION_DATE,COLLISION_TIME,OFFICER_ID,REPORTING_DISTRICT,DAY_OF_WEEK,CHP_SHIFT,POPULATION,CNTY_CITY_LOC,SPECIAL_COND,BEAT_TYPE,CHP_BEAT_TYPE,CITY_DIVISION_LAPD,CHP_BEAT_CLASS,BEAT_NUMBER,PRIMARY_RD,SECONDARY_RD,DISTANCE,DIRECTION,INTERSECTION,WEATHER_1,WEATHER_2,STATE_HWY_IND,CALTRANS_COUNTY,CALTRANS_DISTRICT,STATE_ROUTE,ROUTE_SUFFIX,POSTMILE_PREFIX,POSTMILE,LOCATION_TYPE,RAMP_INTERSECTION,SIDE_OF_HWY,TOW_AWAY,COLLISION_SEVERITY,NUMBER_KILLED,NUMBER_INJURED,PARTY_COUNT,PRIMARY_COLL_FACTOR,PCF_CODE_OF_VIOL,PCF_VIOL_CATEGORY,PCF_VIOLATION,PCF_VIOL_SUBSECTION,HIT_AND_RUN,TYPE_OF_COLLISION,MVIW,PED_ACTION,ROAD_SURFACE,ROAD_COND_1,ROAD_COND_2,LIGHTING,CONTROL_DEVICE,CHP_ROAD_TYPE,PEDESTRIAN_ACCIDENT,BICYCLE_ACCIDENT,MOTORCYCLE_ACCIDENT,TRUCK_ACCIDENT,NOT_PRIVATE_PROPERTY,ALCOHOL_INVOLVED,STWD_VEHTYPE_AT_FAULT,CHP_VEHTYPE_AT_FAULT,COUNT_SEVERE_INJ,COUNT_VISIBLE_INJ,COUNT_COMPLAINT_PAIN,COUNT_PED_KILLED,COUNT_PED_INJURED,COUNT_BICYCLIST_KILLED,COUNT_BICYCLIST_INJURED,COUNT_MC_KILLED,COUNT_MC_INJURED,PRIMARY_RAMP,SECONDARY_RAMP,LATITUDE,LONGITUDE,COUNTY,CITY,POINT_X,POINT_Y
82422594,2024,2024-06-25,1005,2024-06-24,"725 ",P1264,,1,5,7,1005,0,0,0,,0,00C,"VENTURA ST","FOURTH ST",35.00,E,N,A,-,N,,,,,,,,,,Y,2,0,1,1,A,-,08,22107,,F,E,I,A,A,H,-,A,D,0,,,,,Y,,A,01,1,0,0,0,0,0,0,0,0,"- ","- ",36.735748291015625,-119.76763153076172,FRESNO,FRESNO,-119.76750183105469,36.735809326171875
82424683,2024,2024-06-27,1005,2024-05-03,2020,P1689,,5,5,7,1005,0,0,0,,0,04E,"4750 N FRESNO ST","NOT STATED",0.00,,-,A,-,N,,,,,,,,,,Y,1,1,1,3,A,-,03,22350,,F,G,B,F,A,H,-,A,D,0,Y,,,,Y,,A,01,1,0,0,1,1,0,0,0,0,"- ","- ",,,FRESNO,FRESNO,,
82424685,2024,2024-06-27,1005,2024-05-11,"134 ",P1689,,6,5,7,1005,0,0,0,,0,00G,"MAROA AVE","ASHLAN AVE",0.00,,Y,A,-,N,,,,,,,,,,Y,1,2,0,2,A,-,01,23152,F,N,D,C,A,A,H,-,D,A,0,,,Y,,Y,Y,C,02,0,0,0,0,0,0,0,1,0,"- ","- ",36.793468475341797,-119.80010986328125,FRESNO,FRESNO,-119.799560546875,36.793998718261719
82430787,2024,2024-07-04,1005,2024-06-26,1556,P1766,,3,5,7,1005,0,0,0,,0,00C,"BULLARD AVE","41 HWY (W)",0.00,,Y,A,-,N,,,,,,,,,,N,2,0,1,2,A,-,03,22350,,F,E,I,A,A,H,-,A,A,0,,,,,Y,,A,01,1,0,0,0,0,0,0,0,0,"- ","- ",36.822319030761719,-119.786376953125,FRESNO,FRESNO,-119.78504943847656,36.823024749755859
83097420,2024,2024-08-01,1005,2024-07-13,"956 ",P845,,6,5,7,1005,0,0,0,,0,"1 G 32","NORTH AVE","CHERRY AVE",0.00,,N,A,-,Y,,,,,,,,,,Y,2,0,2,2,D,-,00,,,N,D,C,A,A,H,-,A,A,0,,,,,Y,,-,"- ",2,0,0,0,0,0,0,0,0,"- ","- ",36.692291259765625,-119.78182983398438,FRESNO,FRESNO,-119.78173065185547,36.692253112792969
83769113,2024,2024-08-08,1005,2024-05-17,1804,P2265,,5,5,7,1005,0,0,0,,0,03D,"ILLINOIS AVE","BACKER AVE",118.00,E,N,A,-,N,,,,,,,,,,Y,2,0,2,2,A,-,03,22350,,N,D,C,A,A,H,-,A,D,0,,,,,Y,,A,01,2,0,0,0,0,0,0,0,0,"- ","- ",36.744129180908203,-119.74433135986328,FRESNO,FRESNO,-119.74277496337891,36.744979858398438
83769117,2024,2024-08-08,1005,2024-05-29,2350,P1889,,3,5,7,1005,0,0,0,,0,00B,"BLACKSTONE AVE","GRIFFITH WAY",258.00,S,N,A,-,N,,,,,,,,,,N,2,0,1,2,A,-,11,21954,A,N,G,B,D,A,H,-,C,D,0,Y,,,,Y,Y,N,60,1,0,0,0,1,0,0,0,0,"- ","- ",36.790390014648438,-119.79058074951172,FRESNO,FRESNO,-119.79064178466797,36.789752960205078
83769151,2024,2024-08-08,1005,2024-07-26,1032,P1700,,5,5,7,1005,0,0,0,,0,1749,"SHAW AVE","VALENTINE AVE",9.00,W,N,A,-,N,,,,,,,,,,N,2,0,1,2,A,-,11,21461,5,N,G,B,B,A,H,-,A,A,0,Y,,,,Y,,N,60,1,0,0,0,1,0,0,0,0,"- ","- ",36.808109283447266,-119.85391998291016,FRESNO,FRESNO,-119.85353088378906,36.808181762695312
83769192,2024,2024-08-08,1005,2024-08-05,1550,P1890,,1,5,7,1005,0,0,0,,0,00F,"WINERY AVE","KINGS CANYON RD",300.00,S,N,A,-,N,,,,,,,,,,N,2,0,1,2,A,-,11,21954,A,F,G,B,D,A,H,-,A,D,0,Y,,,,Y,,N,60,1,0,0,0,1,0,0,0,0,"- ","- ",36.734958648681641,-119.73316192626953,FRESNO,FRESNO,-119.73190307617188,36.735187530517578
8404426,2017,2017-08-17,1015,2017-07-07,1338,N094,SELMA,5,5,3,1015,0,0,0,,0,0SE,"FLORAL AV","W FRONT ST",0.00,,Y,A,-,N,,,,,,,,,,N,1,1,0,2,A,-,07,21658,A,N,C,G,A,A,H,-,A,D,0,,Y,,,Y,Y,L,04,0,0,0,0,0,1,0,0,0,"- ","- ",,,FRESNO,SELMA,-119.62274995999999,36.576280070000003
8404672,2017,2018-05-23,1005,2017-09-27,1817,P1070,2762,3,5,7,1005,0,0,0,,0,SEF,"BUTLER AV","WINERY AV",177.00,W,N,A,-,N,,,,,,,,,,Y,1,1,0,2,A,-,03,22350,,F,G,B,D,A,H,-,A,D,0,Y,,,,Y,,A,07,0,0,0,1,0,0,0,0,0,"- ","- ",36.728540000000002,-119.73192,FRESNO,FRESNO,-119.73253357,36.728650000000002
8404701,2017,2018-05-23,1005,2017-10-20,1156,P1070,2156,5,5,7,1005,0,0,0,,0,CED,"FRESNO ST","SHIELDS AV",44.00,S,N,A,G,N,,,,,,,,,,Y,1,1,3,2,A,-,01,23152,E,N,C,C,A,A,H,-,A,A,0,,,,,Y,,A,01,0,0,3,0,0,0,0,0,0,"- ","- ",36.779649999999997,-119.78148,FRESNO,FRESNO,-119.78154000000001,36.77963922
8404704,2017,2019-04-09,1005,2017-12-09,0242,P731,SE,6,5,7,1005,0,0,0,,0,G2769,"KINGS CANYON RD","APRICOT AV",126.00,E,N,A,-,N,,,,,,,,,,N,1,2,1,2,A,-,01,23152,B,N,C,C,A,A,D,-,D,A,0,,,,,Y,Y,A,01,0,1,0,0,0,0,0,0,0,"- ","- ",36.736800000000002,-119.66871,FRESNO,FRESNO,-119.66864347000001,36.736890850000002
8404719,2017,2018-08-28,1005,2017-10-08,0551,P1070,2260,7,5,7,1005,0,0,0,,0,SEA,"MCKINLEY AV","MAPLE AV",20.00,W,N,A,-,N,,,,,,,,,,Y,1,1,1,1,A,-,03,22350,,N,E,I,A,A,H,-,C,A,0,,,,,Y,,A,01,1,0,0,0,0,0,0,0,0,"- ","- ",36.765050000000002,-119.74548,FRESNO,FRESNO,-119.7454882,36.765158229999997
8404720,2017,2018-05-25,1006,2017-11-29,0816,2134,,3,5,2,1006,0,0,0,,0,,"PALMER AV","GIFFEN DR",616.00,,N,A,G,N,,,,,,,,,,Y,1,1,0,2,A,-,09,21804,A,N,D,C,A,A,H,-,A,A,0,,,,,Y,,-,,0,0,0,0,0,0,0,0,0,"- ","- ",,,FRESNO,HURON,-120.09455993,36.210410039999999
8404734,2017,2018-05-25,1005,2017-05-21,0323,P1298,NW,7,5,7,1005,0,0,0,,0,D1547,"FIGARDEN DR","GATES AV",617.00,N,N,A,-,N,,,,,,,,,,N,1,1,0,2,A,-,03,22350,,F,G,B,E,A,H,-,C,D,0,Y,,,,Y,Y,-,99,0,0,0,1,0,0,0,0,0,"- ","- ",36.818600000000004,-119.86645,FRESNO,FRESNO,-119.86827413,36.819608559999999
8404738,2017,2018-05-25,1005,2017-03-02,1835,P1810,2258,4,5,7,1005,0,0,0,,0,00A,"EAST OLIVE AV","N FISHER ST",0.00,,Y,A,-,N,,,,,,,,,,Y,1,1,0,2,A,-,10,21950,A,N,G,B,D,A,H,-,C,D,0,Y,,,,Y,,N,60,0,0,0,1,0,0,0,0,0,"- ","- ",,,FRESNO,FRESNO,-119.77023988000001,36.757730080000002
8404745,2017,2019-04-09,1005,2017-06-06,2110,P1070,2044,2,5,7,1005,0,0,0,,0,NWF,"HAYES AV","FEDORA AV",0.00,,Y,A,-,N,,,,,,,,,,Y,1,1,0,2,A,-,03,22350,,N,G,B,D,A,H,-,C,D,0,Y,,,,Y,,A,08,0,0,0,1,0,0,0,0,0,"- ","- ",36.783700000000003,-119.89821999999999,FRESNO,FRESNO,-119.89830988,36.783630049999999
8404938,2018,2020-05-26,1005,2018-01-01,1928,P731,1355,1,5,7,1005,0,0,0,,0,05B,"HERNDON AV","MAROA AV",1025.00,E,N,A,-,N,,,,,,,,,,N,1,1,0,2,A,-,11,21954,A,N,G,B,E,A,H,-,C,D,0,Y,,,,Y,Y,N,60,0,0,0,1,0,0,0,0,0,"- ","- ",36.837039947509766,-119.79931640625,FRESNO,FRESNO,-119.79608917236328,36.837406158447266
8404939,2018,2018-07-17,1005,2018-01-02,1745,P1298,CE,2,5,7,1005,0,0,0,,0,G2457,"FRESNO ST","WHITE AV",20.00,N,N,B,-,N,,,,,,,,,,N,1,1,0,2,A,-,03,22350,,N,G,B,D,A,H,-,C,A,0,Y,,,,Y,,A,01,0,0,0,1,0,0,0,0,0,"- ","- ",36.751430511474609,-119.78132629394531,FRESNO,FRESNO,-119.78150177001953,36.751564025878906
8404940,2018,2020-05-22,1005,2018-02-01,0637,P1070,1959,4,5,7,1005,0,0,0,,0,NEG,"ASHLAN AV","CEDAR AV",213.00,W,N,A,-,N,,,,,,,,,,Y,1,1,0,2,A,-,03,22350,,F,G,B,D,A,H,-,B,D,0,Y,,,,Y,,A,01,0,0,0,1,0,0,0,0,0,"- ","- ",36.794059753417969,-119.75418853759766,FRESNO,FRESNO,-119.75508880615234,36.794086456298828
84372702,2024,2024-08-28,1005,2024-07-24,"338 ",P1218,,3,5,7,1005,0,0,0,,0,00B,"BLACKSTONE AVE","MINARETS AVE",129.00,S,N,A,-,N,,,,,,,,,,N,1,1,0,2,A,-,11,21954,A,N,G,B,D,A,H,-,C,D,0,Y,,,,Y,,N,60,0,0,0,1,0,0,0,0,0,"- ","- ",36.842601776123047,-119.79044342041016,FRESNO,FRESNO,-119.79055023193359,36.842315673828125
84374552,2024,2024-08-29,1005,2024-08-11,"228 ",P2106,,7,5,7,1005,0,0,0,,0,00B,"BLACKSTONE AVE","BELMONT AVE",0.00,,Y,A,-,Y,,,,,,,,,,Y,2,0,1,2,A,-,12,21453,A,N,D,C,A,A,H,-,C,A,0,,,,,Y,,A,01,1,0,0,0,0,0,0,0,0,"- ","- ",36.750438690185547,-119.79038238525391,FRESNO,FRESNO,-119.79055023193359,36.75042724609375
84374553,2024,2024-08-29,1005,2024-08-16,1905,P2163,,5,5,7,1005,0,0,0,,0,,"ASHLAN AVE","BENGSTON AVE",0.00,,Y,A,-,N,,,,,,,,,,N,2,0,2,2,A,-,12,22450,A,N,D,C,A,A,H,-,A,A,0,,,,,Y,,A,07,2,0,0,0,0,0,0,0,0,"- ","- ",36.793468475341797,-119.83084106445312,FRESNO,FRESNO,-119.83027648925781,36.793880462646484
84378170,2024,2024-09-02,1005,2024-08-18,1754,P1982,,7,5,7,1005,0,0,0,,0,,"MARKS AVE","HERNDON AVE",0.00,,Y,A,-,N,,,,,,,,,,N,2,0,2,1,A,-,03,22350,,N,F,A,A,A,H,-,A,A,0,,,,,Y,,M,96,1,0,1,0,0,0,0,0,0,"- ","- ",36.837181091308594,-119.84732818603516,FRESNO,FRESNO,-119.84751129150391,36.837207794189453
84380625,2024,2024-09-04,1005,2024-08-20,1631,P1931,,2,5,7,1005,0,0,0,,0,00F,"OLIVE AVE","BLACKSTONE AVE",0.00,,Y,A,-,Y,,,,,,,,,,Y,2,0,4,2,A,-,12,21453,A,N,D,C,A,A,H,-,A,A,0,,,,,Y,,A,01,1,1,2,0,0,0,0,0,0,"- ","- ",36.757678985595703,-119.79062652587891,FRESNO,FRESNO,-119.79058837890625,36.757717132568359
84392714,2024,2024-09-13,1005,2024-09-05,1656,P2312,,4,5,7,1005,0,0,0,,0,04B,"MILLBROOK AVE","ALLUVIAL AVE",0.00,,Y,A,-,N,,,,,,,,,,Y,2,0,2,2,A,-,12,21453,A,N,D,C,A,A,H,-,A,A,0,,,,,Y,,A,01,1,0,1,0,0,0,0,0,0,"- ","- ",36.844661712646484,-119.76580810546875,FRESNO,FRESNO,-119.76576995849609,36.844703674316406
84399946,2024,2024-09-19,1005,2024-08-25,1345,P1599,,7,5,7,1005,0,0,0,,0,00C,"POLK AVE","ACACIA AVE",0.00,,Y,A,-,N,,,,,,,,,,Y,2,0,1,2,A,-,09,21801,A,N,D,C,A,A,H,-,A,D,0,,,,,Y,,D,22,1,0,0,0,0,0,0,0,0,"- ","- ",,,FRESNO,FRESNO,-119.88946533203125,36.804061889648438
84558484,2024,2025-02-03,1005,2024-02-07,1148,P1724,,3,5,7,1005,0,0,0,,0,00A,"OLIVE AVE","99 HWY (W)",0.00,,Y,C,-,N,,,,,,,,,,N,2,0,1,2,A,-,10,21950,A,N,G,B,B,B,H,-,A,A,0,Y,,,,Y,,A,01,1,0,0,0,1,0,0,0,0,"- ","- ",36.757480621337891,-119.83039093017578,FRESNO,FRESNO,-117.05001831054688,33.700283050537109
84558569,2024,2025-02-03,1005,2024-07-27,1938,P1168,,6,5,7,1005,0,0,0,,0,00A,"PERRIN AVE","MATUS AVE (E)",0.00,,Y,A,-,Y,,,,,,,,,,Y,2,0,1,1,A,-,03,22350,,N,E,J,A,A,H,-,A,D,0,,,,,Y,,A,01,1,0,0,0,0,0,0,0,0,"- ","- ",36.874019622802734,-119.73777008056641,FRESNO,FRESNO,-119.73883819580078,36.873981475830078
84558599,2024,2025-02-03,1005,2024-08-22,1920,P1828,,4,5,7,1005,0,0,0,,0,00D,"BLACKSTONE AVE","SIMPSON AVE",103.00,S,N,A,-,N,,,,,,,,,,N,2,0,1,2,A,-,05,21202,,N,B,G,A,A,H,-,A,D,0,,Y,,,Y,,L,04,1,0,0,0,0,0,1,0,0,"- ","- ",36.778640747070312,-119.79051971435547,FRESNO,FRESNO,-119.79064178466797,36.778335571289062
84558703,2024,2025-02-03,1005,2024-09-17,1045,P1298,,2,5,7,1005,0,0,0,,0,"B / 25","TULARE ST","DEWITT AVE",278.00,E,N,A,-,N,,,,,,,,,,N,2,0,1,2,A,-,08,22107,,N,B,G,A,A,H,-,A,D,0,,Y,,,Y,,M,91,1,0,0,0,0,0,1,0,0,"- ","- ",36.742019653320312,-119.70584106445312,FRESNO,FRESNO,-119.7037353515625,36.743148803710938
84558808,2024,2025-02-03,1005,2024-09-28,2104,P1961,,6,5,7,1005,0,0,0,,0,00A,"OLIVE AVE","MILLBROOK AVE",259.00,E,N,A,-,N,,,,,,,,,,Y,2,0,1,2,A,-,11,21954,A,N,G,B,D,A,H,-,C,A,0,Y,,,,Y,Y,N,60,1,0,0,0,1,0,0,0,0,"- ","- ",36.756938934326172,-119.76448822021484,FRESNO,FRESNO,-119.76259613037109,36.757740020751953
84558875,2024,2025-02-03,1005,2024-10-04,1936,P2189,,5,5,7,1005,0,0,0,,0,01B,BROADWAY,"BELMONT AVE",19.00,N,N,A,-,N,,,,,,,,,,Y,2,0,1,2,A,-,03,22350,,N,C,C,A,A,H,-,C,A,0,,,,,Y,,A,01,1,0,0,0,0,0,0,0,0,"- ","- ",36.750389099121094,-119.80303955078125,FRESNO,FRESNO,-119.80284881591797,36.750453948974609
84558945,2024,2025-02-03,1005,2024-10-11,2239,P2322,,5,5,7,1005,0,0,0,,0,05D,"ESCALON AVE","CECELIA AVE",14.00,W,N,A,-,Y,,,,,,,,,,Y,2,0,1,2,A,-,00,23153,F,N,G,B,B,A,H,-,C,D,0,Y,,,,Y,Y,A,01,1,0,0,0,1,0,0,0,0,"- ","- ",36.826248168945312,-119.87452697753906,FRESNO,FRESNO,-119.87461090087891,36.826278686523438
84558983,2024,2025-02-03,1005,2024-10-16,2008,P731,,3,5,7,1005,0,0,0,,0,03B,"OLIVE AVE","VILLA AVE",80.00,E,N,A,-,N,,,,,,,,,,N,1,1,0,2,A,-,11,21954,A,N,G,B,E,A,H,-,D,D,0,Y,,,,Y,,N,60,0,0,0,1,0,0,0,0,0,"- ","- ",36.756378173828125,-119.71424865722656,FRESNO,FRESNO,-119.71299743652344,36.757450103759766
84559065,2024,2025-02-03,1005,2024-10-26,2007,P1910,,6,5,7,1005,0,0,0,,0,,"BLACKSTONE AVE","SWIFT AVE",30.00,N,N,A,-,N,,,,,,,,,,N,1,1,0,2,A,-,11,21954,A,N,G,B,D,A,H,-,C,A,0,Y,,,,Y,Y,N,60,0,0,0,1,0,0,0,0,0,"- ","- ",36.795841217041016,-119.79051208496094,FRESNO,FRESNO,-119.79061126708984,36.795982360839844
84559199,2024,2025-02-03,1005,2024-11-09,1730,P731,,6,5,7,1005,0,0,0,,0,03G,"CLOVIS AVE","BALCH AVE",290.00,S,N,A,-,N,,,,,,,,,,N,1,1,0,2,A,-,11,21954,A,F,G,B,D,A,H,-,C,D,0,Y,,,,Y,,N,60,0,0,0,1,0,0,0,0,0,"- ","- ",36.737300872802734,-119.70131683349609,FRESNO,FRESNO,-119.699951171875,36.737625122070312
84559409,2024,2025-02-03,1005,2024-12-04,1800,P1767,,3,5,7,1005,0,0,0,,0,00B,"SHIELDS AVE","FRESNO ST",0.00,,Y,A,-,N,,,,,,,,,,N,2,0,1,2,A,-,10,21950,A,F,G,B,B,A,H,-,C,A,0,Y,,,,Y,,-,99,1,0,0,0,1,0,0,0,0,"- ","- ",36.779651641845703,-119.78147888183594,FRESNO,FRESNO,-119.78153991699219,36.779617309570312
84559483,2024,2025-02-03,1005,2024-12-13,1707,P2165,,5,5,7,1005,0,0,0,,0,,"4141 N BLACKSTONE","ASHLAN AVE",410.00,S,N,A,-,N,,,,,,,,,,N,2,0,1,2,A,-,10,21950,A,N,G,B,B,A,H,-,E,D,0,Y,,,,Y,,A,01,1,0,0,0,1,0,0,0,0,"- ","- ",36.794029235839844,-119.79054260253906,FRESNO,FRESNO,-119.79062652587891,36.792976379394531
84559526,2024,2025-02-03,1005,2024-12-18,1004,P1795,,3,5,7,1005,0,0,0,,0,00B,"CLOVIS AVE","OLIVE AVE",0.00,,Y,B,-,Y,,,,,,,,,,Y,2,0,2,3,A,-,12,21453,A,N,D,C,A,A,D,-,A,A,0,,,,,Y,,A,01,1,0,1,0,0,0,0,0,0,"- ","- ",36.757450103759766,-119.70041656494141,FRESNO,FRESNO,-119.70050811767578,36.757476806640625
84559706,2025,2025-02-03,1005,2025-01-12,1904,P2292,,7,5,7,1005,0,0,0,,0,04G,"DAKOTA AVE","CEDAR AVE",170.00,E,N,A,-,Y,,,,,,,,,,Y,2,0,2,2,A,-,06,21755,,N,D,C,A,A,H,-,C,A,0,,,,,Y,Y,A,01,2,0,0,0,0,0,0,0,0,"- ","- ",36.786811828613281,-119.75431060791016,FRESNO,FRESNO,-119.75441741943359,36.786880493164062
84559744,2025,2025-02-03,1005,2025-01-17,1557,P1306,,5,5,7,1005,0,0,0,,0,,"FIRST ST","ESCALON AVE",25.00,S,N,A,-,N,,,,,,,,,,Y,2,0,2,2,A,-,09,21801,A,N,D,C,A,A,H,-,A,A,0,,,,,Y,,A,01,1,1,0,0,0,0,0,0,0,"- ","- ",36.826618194580078,-119.77223968505859,FRESNO,FRESNO,-119.77245330810547,36.826461791992188
84629229,2025,2025-03-27,1005,2025-03-15,1336,P2324,,6,5,7,1005,0,0,0,,0,05G,"N HARRISON AVE","E ALAMOS AVE",586.00,N,N,A,-,N,,,,,,,,,,N,2,0,1,2,A,-,03,22350,,N,G,B,E,A,H,-,A,D,0,Y,,,,Y,,A,01,1,0,0,0,1,0,0,0,0,"- ","- ",36.806411743164062,-119.81069183349609,FRESNO,FRESNO,-119.81069183349609,36.807350158691406
8465296,2016,2017-10-12,1005,2016-05-05,2117,P731,2957,4,5,7,1005,0,0,0,,0,SWG,"EAST AV","FLORENCE AV",120.00,N,N,B,-,N,,,,,,,,,,N,1,1,0,2,A,-,11,21954,A,F,G,B,E,A,H,-,C,D,0,Y,,,,Y,Y,N,60,0,0,0,1,0,0,0,0,0,"- ","- ",,,FRESNO,FRESNO,-119.77266813,36.718159389999997
8465300,2016,2017-10-12,1005,2016-08-09,2239,P1070,2156,2,5,7,1005,0,0,0,,0,04F,"BLACKSTONE AV","CORNELL AV",171.00,S,N,A,-,N,,,,,,,,,,Y,1,1,0,2,A,-,11,21954,A,N,G,B,D,A,H,-,C,D,0,Y,,,,Y,Y,N,60,0,0,0,1,0,0,0,0,0,"- ","- ",36.777740000000001,-119.79053,FRESNO,FRESNO,-119.79065,36.777250619999997
8465301,2016,2018-09-24,1005,2016-08-10,2300,P731,1262,3,5,7,1005,0,0,0,,0,04B,"HERNDON AV","WILLOW AV",780.00,W,N,A,-,N,,,,,,,,,,Y,1,1,0,1,A,-,01,23152,B,N,E,I,A,A,H,-,C,D,0,,,,,Y,Y,D,22,0,0,0,0,0,0,0,0,0,"- ","- ",36.837589999999999,-119.72959,FRESNO,FRESNO,-119.73234354,36.837686259999998
8465316,2016,2017-10-16,1005,2016-12-08,1320,P1131,3,4,5,7,1005,0,0,0,,0,00F,"KINGS CANYON RD","WHITNEY AV",0.00,,Y,B,-,N,,,,,,,,,,Y,1,1,1,1,A,-,01,23152,A,N,E,I,A,B,H,-,A,D,0,,,,,Y,Y,D,22,0,1,0,0,0,0,0,0,0,"- ","- ",36.735880000000002,-119.74052,FRESNO,FRESNO,-119.74039999,36.735990039999997
8465675,2018,2019-03-18,1005,2018-10-27,1020,P611,SW324,6,5,7,1005,0,0,0,,0,00F,"W NORTH AV","S CORNELIA AV",0.00,,Y,A,-,N,,,,,,,,,,Y,1,1,0,2,A,-,09,21802,A,N,D,C,A,A,H,-,A,A,0,,,,Y,Y,,A,01,0,0,0,0,0,0,0,0,0,"- ","- ",,,FRESNO,FRESNO,-119.88054656982422,36.691890716552734
8465690,2018,2019-03-19,1005,2018-06-26,0059,P731,1747,2,5,7,1005,0,0,0,,0,05D,"SHAW AV","EL CAPITAN AV",400.00,E,N,A,-,N,,,,,,,,,,Y,1,1,2,2,A,-,03,22350,,N,G,B,E,A,H,-,C,D,0,Y,,,,Y,,A,07,0,0,2,1,0,0,0,0,0,"- ","- ",36.808250427246094,-119.86847686767578,FRESNO,FRESNO,-119.86713409423828,36.808349609375
8465836,2019,2019-06-04,1005,2019-02-15,2029,P1131,"3 B",5,5,7,1005,0,0,0,,0,2665,"CLOVIS AV","BALCH AV",313.00,S,N,C,-,N,,,,,,,,,,Y,1,1,0,2,A,-,11,21954,A,N,G,B,D,B,H,-,C,D,0,Y,,,,Y,,N,60,0,0,0,1,0,0,0,0,0,"- ","- ",36.738399505615234,-119.70002746582031,FRESNO,FRESNO,-119.70018768310547,36.737560272216797
8465883,2019,2019-07-02,1005,2019-04-01,0524,P1131,"4 G",1,5,7,1005,0,0,0,,0,2060,"CEDAR AV","FOUNTAIN WY",22.00,S,N,B,-,N,,,,,,,,,,Y,1,1,0,2,A,-,11,21956,A,N,G,B,E,A,H,-,C,D,0,Y,,,,Y,,N,60,0,0,0,1,0,0,0,0,0,"- ","- ",36.781360626220703,-119.75438690185547,FRESNO,FRESNO,-119.75446319580078,36.781360626220703
8465884,2019,2021-05-25,1005,2019-04-21,0221,P1131,"3 F",7,5,7,1005,0,0,0,,0,2963,"PEACH AV","SAN JOAQUIN CROSSING GATE",5.00,W,N,A,-,N,,,,,,,,,,Y,1,1,0,1,A,-,01,23152,A,N,E,I,A,A,E,-,C,D,0,,,,,Y,Y,A,01,0,0,0,0,0,0,0,0,0,"- ","- ",36.722431182861328,-119.71859741210938,FRESNO,FRESNO,-119.71853637695312,36.722305297851562
8465888,2018,2019-07-02,1005,2018-10-11,1640,P731,2158,4,5,7,1005,0,0,0,,0,04G,"SHIELDS AV","MILLBROOK AV",5.00,W,N,A,-,N,,,,,,,,,,N,1,1,0,2,A,-,10,21950,A,N,G,B,B,A,H,-,A,A,0,Y,,,,Y,,D,22,0,0,0,1,0,0,0,0,0,"- ","- ",36.779579162597656,-119.76358795166016,FRESNO,FRESNO,-119.76353454589844,36.779659271240234
84679305,2025,2025-05-07,1005,2025-04-10,"751 ",P1306,,4,5,7,1005,0,0,0,,0,,"HERNDON AVE","WEST AVE",580.00,E,N,A,-,N,,,,,,,,,,Y,2,0,1,3,C,-,18,,,N,D,C,A,A,H,-,A,D,0,,,,,Y,,-,"- ",1,0,0,0,0,0,0,0,0,"- ","- ",36.837230682373047,-119.82644653320312,FRESNO,FRESNO,-119.82447814941406,36.837158203125
84679359,2025,2025-05-07,1005,2025-04-17,2039,P1767,,4,5,7,1005,0,0,0,,0,00F,"MAPLE AVE","TYLER AVE",164.00,S,N,A,-,N,,,,,,,,,,N,2,0,1,2,A,-,11,21956,A,F,G,B,E,A,H,-,D,D,0,Y,,,,Y,,N,60,1,0,0,0,1,0,0,0,0,"- ","- ",36.755901336669922,-119.74533843994141,FRESNO,FRESNO,-119.74540710449219,36.755451202392578
84679384,2025,2025-05-07,1005,2025-04-22,1941,P2163,,2,5,7,1005,0,0,0,,0,,"SWIFT AVE","MARUYAMA AVE",341.00,W,N,A,-,N,,,,,,,,,,N,2,0,1,2,A,-,11,21954,A,N,G,B,D,A,H,-,B,D,0,Y,,,Y,Y,,N,60,1,0,0,0,1,0,0,0,0,"- ","- ",,,FRESNO,FRESNO,,
84679406,2025,2025-05-07,1005,2025-04-27,2010,P1972,,7,5,7,1005,0,0,0,,0,00A,"HUGHES AVE","GRIFFITH WAY",0.00,,Y,A,-,N,,,,,,,,,,Y,2,0,2,2,A,-,01,23152,A,N,D,C,A,A,H,-,C,A,0,,,,,Y,Y,A,01,1,1,0,0,0,0,0,0,0,"- ","- ",36.790069580078125,-119.83535003662109,FRESNO,FRESNO,-119.83541870117188,36.790145874023438
84679437,2025,2025-05-07,1005,2025-05-02,1246,P1910,,5,5,7,1005,0,0,0,,0,,"GOLDEN STATE BLVD","SANTA ANA AVE",434.00,S,N,A,-,N,,,,,,,,,,N,2,0,1,2,A,-,07,21658,A,N,A,C,A,A,H,-,A,D,0,,,,,Y,,I,11,1,0,0,0,0,0,0,0,0,"- ","- ",36.804569244384766,-119.87349700927734,FRESNO,FRESNO,-119.87250518798828,36.803630828857422
8499179,2017,2018-01-18,1001,2017-09-01,0051,5465,,5,5,5,1001,0,0,0,,0,005,TOLLHOUSE,"ESCALON AV",195.00,W,N,A,-,N,,,,,,,,,,Y,1,1,0,1,A,-,01,23152,A,N,E,I,A,A,H,-,C,D,0,,,Y,,Y,Y,C,02,0,0,0,0,0,0,0,1,0,"- ","- ",36.825830000000003,-119.69092000000001,FRESNO,CLOVIS,-119.69018618,36.826804490000001