CASE_ID,ACCIDENT_YEAR,PROC_DATE,JURIS,COLLISION_DATE,COLLISION_TIME,OFFICER_ID,REPORTING_DISTRICT,DAY_OF_WEEK,CHP_SHIFT,POPULATION,CNTY_CITY_LOC,SPECIAL_COND,BEAT_TYPE,CHP_BEAT_TYPE,CITY_DIVISION_LAPD,CHP_BEAT_CLASS,BEAT_NUMBER,PRIMARY_RD,SECONDARY_RD,DISTANCE,DIRECTION,INTERSECTION,WEATHER_1,WEATHER_2,STATE_HWY_IND,CALTRANS_COUNTY,CALTRANS_DISTRICT,STATE_ROUTE,ROUTE_SUFFIX,POSTMILE_PREFIX,POSTMILE,LOCATION_TYPE,RAMP_INTERSECTION,SIDE_OF_HWY,TOW_AWAY,COLLISION_SEVERITY,NUMBER_KILLED,NUMBER_INJURED,PARTY_COUNT,PRIMARY_COLL_FACTOR,PCF_CODE_OF_VIOL,PCF_VIOL_CATEGORY,PCF_VIOLATION,PCF_VIOL_SUBSECTION,HIT_AND_RUN,TYPE_OF_COLLISION,MVIW,PED_ACTION,ROAD_SURFACE,ROAD_COND_1,ROAD_COND_2,LIGHTING,CONTROL_DEVICE,CHP_ROAD_TYPE,PEDESTRIAN_ACCIDENT,BICYCLE_ACCIDENT,MOTORCYCLE_ACCIDENT,TRUCK_ACCIDENT,NOT_PRIVATE_PROPERTY,ALCOHOL_INVOLVED,STWD_VEHTYPE_AT_FAULT,CHP_VEHTYPE_AT_FAULT,COUNT_SEVERE_INJ,COUNT_VISIBLE_INJ,COUNT_COMPLAINT_PAIN,COUNT_PED_KILLED,COUNT_PED_INJURED,COUNT_BICYCLIST_KILLED,COUNT_BICYCLIST_INJURED,COUNT_MC_KILLED,COUNT_MC_INJURED,PRIMARY_RAMP,SECONDARY_RAMP,LATITUDE,LONGITUDE,COUNTY,CITY,POINT_X,POINT_Y
8529231,2017,2018-01-10,1004,2017-12-02,0751,G062,FOWLE,6,5,2,1004,0,0,0,,0,0FO,"GOLDEN STATE BL","TEMPERANCE AV",0.00,,Y,E,-,N,,,,,,,,,,Y,2,0,1,2,A,-,09,21802,A,N,C,C,A,A,H,-,B,A,0,,,,,Y,,-,,1,0,0,0,0,0,0,0,0,"- ","- ",,,FRESNO,FOWLER,-119.66410985,36.613730089999997
8610307,2018,2018-05-07,1013,2018-04-05,1318,M151,M390,4,5,3,1013,0,0,0,,0,003,"ANNADALE AV","NEWMARK AV",0.00,,Y,A,-,N,,,,,,,,,,Y,2,0,1,2,A,-,09,21802,A,N,B,C,A,A,H,-,A,A,0,,,,,Y,Y,-,,1,0,0,0,0,0,0,0,0,"- ","- ",,,FRESNO,SANGER,-119.54136657714844,36.699508666992188
8648162,2018,2018-09-27,1013,2018-06-14,0215,M145,SA,4,5,3,1013,0,0,0,,0,001,"BETHEL AV","JENNI AV",12.00,S,N,A,-,N,,,,,,,,,,Y,1,1,0,2,A,-,11,21954,A,N,G,B,E,A,H,-,C,D,0,Y,,,,Y,,N,60,0,0,0,1,0,0,0,0,0,"- ","- ",,,FRESNO,SANGER,-119.57421875,36.711296081542969
8662095,2018,2018-09-06,1001,2018-07-22,1457,5277,,7,5,5,1001,0,0,0,,0,007,"ALLUVIAL AV","CLOVIS AV",0.00,,Y,A,-,N,,,,,,,,,,Y,2,0,3,2,A,-,12,21453,A,N,D,C,A,A,H,-,A,A,0,,,,Y,Y,,A,07,3,0,0,0,0,0,0,0,0,"- ","- ",,,FRESNO,CLOVIS,-119.70166778564453,36.844741821289062
8756576,2018,2018-12-10,1007,2018-11-22,0337,I075,KERMA,4,5,2,1007,0,0,0,,0,0KE,"CALIFORNIA AV",MAY,44.00,N,N,B,-,N,,,,,,,,,,Y,2,0,1,1,A,-,01,23152,A,N,E,I,A,B,H,-,C,D,0,,,,,Y,Y,-,,1,0,0,0,0,0,0,0,0,"- ","- ",,,FRESNO,KERMAN,,
8757339,2018,2018-12-19,1004,2018-11-20,1142,G039,FOWLE,2,5,2,1004,0,0,0,,0,0FO,"GOLDEN STATE BL","SOUTH AV",922.00,S,N,A,-,N,,,,,,,,,,Y,2,0,3,2,A,-,03,22350,,N,C,C,A,A,H,-,A,D,0,,,,,Y,Y,-,,1,2,0,0,0,0,0,0,0,"- ","- ",,,FRESNO,FOWLER,-119.66880035400391,36.618026733398438
8808167,2019,2021-05-25,1013,2019-02-23,2120,M138,1013,6,5,3,1013,0,0,0,,0,002,"ACADEMY AV","CHURCH AV",0.00,,Y,A,-,N,,,,,,,,,,Y,1,1,1,1,A,-,03,22350,,N,E,I,A,A,H,-,C,A,0,,,Y,,Y,Y,C,02,0,0,1,0,0,0,0,1,1,"- ","- ",,,FRESNO,SANGER,-119.55718231201172,36.713039398193359
8808330,2018,2019-06-21,1005,2018-05-28,0230,P1070,1252,1,5,7,1005,0,0,0,,0,NWB,"HERNDON AV","FRUIT AV",900.00,W,N,A,-,N,,,,,,,,,,Y,1,1,1,1,A,-,01,23152,F,N,E,I,A,A,H,-,C,D,0,,,,,Y,,D,22,0,0,1,0,0,0,0,0,0,"- ","- ",36.836978912353516,-119.81719970703125,FRESNO,FRESNO,-119.81944274902344,36.837486267089844
8825051,2018,2019-03-26,1013,2018-10-21,1916,M144,M170,7,5,3,1013,0,0,0,,0,001,"JENSEN AV","BETHEL AV",419.00,E,N,A,-,N,,,,,,,,,,N,2,0,1,2,A,-,02,21654,,N,G,B,D,A,H,-,C,D,0,Y,,,,Y,,N,60,1,0,0,0,1,0,0,0,0,"- ","- ",,,FRESNO,SANGER,-119.57284545898438,36.706790924072266
8843635,2017,2019-05-22,1003,2017-04-30,1928,F047,FIREB,7,5,2,1003,0,0,0,,0,0FI,"RT 33","SIERRA AV",468.00,N,N,-,-,Y,FRE,6,33,-,R,67.680,H,-,S,N,2,0,1,1,B,-,22,,,N,-,-,A,-,-,-,-,-,0,,,,,Y,,A,07,1,0,0,0,0,0,0,0,0,"- ","- ",,,FRESNO,FIREBAUGH,-120.44054153,36.826163860000001
8889918,2019,2019-08-01,1013,2019-04-12,0725,M128,ANGER,5,5,3,1013,0,0,0,,0,002,"ACADEMY AV","FLORENCE AV",15.00,W,N,A,-,N,,,,,,,,,,N,2,0,2,2,A,-,09,21804,A,N,D,C,A,A,H,-,A,D,0,,,,,Y,,A,01,1,0,1,0,0,0,0,0,0,"- ","- ",,,FRESNO,SANGER,-119.55654144287109,36.7176513671875
8911116,2019,2021-05-24,1005,2019-08-05,1824,P1131,2G,1,5,7,1005,0,0,0,,0,2357,"OLIVE AV","ANGUS ST",2.00,E,N,A,-,N,,,,,,,,,,Y,1,1,0,2,A,-,08,22107,,F,F,A,A,A,D,-,A,A,0,,,Y,,Y,Y,D,22,0,0,0,0,0,0,0,1,0,"- ","- ",36.757831573486328,-119.77699279785156,FRESNO,FRESNO,-119.77700042724609,36.757705688476562
8911471,2020,2020-08-26,1012,2020-08-03,1041,L193,REEDL,1,5,3,1012,0,0,0,,0,L05C,"DINUBA AV","HEMLOCK AV",375.00,W,N,A,-,N,,,,,,,,,,Y,1,1,0,1,D,-,00,,,N,E,I,A,A,H,-,A,D,0,,,,,Y,,-,"- ",0,0,0,0,0,0,0,0,0,"- ","- ",36.589679718017578,-119.43533325195312,FRESNO,REEDLEY,-119.43726348876953,36.589672088623047
8939081,2019,2019-10-17,1005,2019-04-08,2242,P1070,"NE B",1,5,7,1005,0,0,0,,0,0962,"SHEPARD AV","CHESTNUT AV",227.00,E,N,A,-,N,,,,,,,,,,Y,1,1,0,1,A,-,01,23152,G,N,E,I,A,A,H,-,C,A,0,,,,,Y,Y,A,01,0,0,0,0,0,0,0,0,0,"- ","- ",36.866691589355469,-119.73876953125,FRESNO,FRESNO,-119.73794555664062,36.866580963134766
8939594,2019,2021-06-02,1015,2019-12-27,1944,N118,SELMA,5,5,3,1015,0,0,0,,0,0SE,"WHITSON ST","CINEMA WY",0.00,,Y,A,-,N,,,,,,,,,,N,1,1,0,2,A,-,11,21955,,N,G,B,D,A,H,-,D,D,0,Y,,,,Y,Y,N,60,0,0,0,1,0,0,0,0,0,"- ","- ",,,FRESNO,SELMA,-119.62290191650391,36.574600219726562
90010689,2015,2015-10-29,9435,2015-08-15,0827,015902,,6,1,9,1000,0,3,5,,2,050,"WATTS VALLEY ROAD","PITTMAN HILL ROAD",4224.00,E,N,A,-,N,,,,,,,,,,N,2,0,1,1,C,-,18,,,N,F,A,A,A,H,-,A,D,0,,Y,,,Y,,-,"- ",1,0,0,0,0,0,1,0,0,"- ","- ",36.947989999999997,-119.50659,FRESNO,UNINCORPORATED,-119.46673196,36.882949259999997
90014373,2015,2015-10-19,9435,2015-08-28,1816,018939,,5,2,9,1000,0,3,5,,2,040,"CONEJO AVE","FOWLER AVE",0.00,,Y,A,-,N,,,,,,,,,,Y,2,0,2,2,A,-,12,22450,A,N,D,C,A,A,H,-,A,A,0,,,,,Y,,E,22,1,1,0,0,0,0,0,0,0,"- ","- ",36.51811,-119.68333,FRESNO,UNINCORPORATED,-119.68295994,36.518170060000003
90015521,2015,2015-10-19,9435,2015-08-30,0915,020062,,7,1,9,1000,0,3,5,,2,010,"VAN NESS AVE","BULLARD AVE",0.00,,Y,A,-,N,,,,,,,,,,Y,2,0,2,2,A,-,09,21801,A,N,A,C,A,A,H,-,A,A,0,,,Y,,Y,,A,01,1,0,1,0,0,0,0,0,1,"- ","- ",36.8155,-119.83537,FRESNO,UNINCORPORATED,-119.83537993,36.822740019999998
90015581,2015,2015-10-19,9435,2015-08-23,2500,019039,,7,4,9,1000,0,3,5,,2,050,"FRAZIER ROAD","SPREADING OAK LANE",528.00,W,N,A,-,N,,,,,,,,,,N,2,0,1,2,A,-,11,21954,A,F,G,B,E,A,H,-,D,D,0,Y,,,,Y,Y,N,60,1,0,0,0,1,0,0,0,0,"- ","- ",37.067740000000001,-119.50602000000001,FRESNO,UNINCORPORATED,-119.50563754,37.067706440000002
90015602,2015,2015-10-19,9435,2015-08-28,1956,019039,,5,2,9,1000,0,1,3,,1,169,"STATE ROUTE 168","BEAL FIRE ROAD",0.00,,N,A,-,Y,,,168,,,,,,,Y,2,0,1,1,A,-,03,22350,,N,E,I,A,A,H,-,B,D,0,,,,,Y,,A,01,1,0,0,0,0,0,0,0,0,"- ","- ",37.040329999999997,-119.40998,FRESNO,UNINCORPORATED,-119.41004384999999,37.040186380000002
90016518,2015,2015-10-19,9435,2015-08-30,1819,020064,,7,2,9,1000,0,3,5,,2,010,"TENAYA WAY","TEILMAN AVENUE",0.00,,Y,A,-,N,,,,,,,,,,N,2,0,1,1,A,-,01,23152,A,N,F,A,A,A,H,-,A,D,0,,,Y,,Y,Y,C,02,1,0,0,0,0,0,0,0,1,"- ","- ",36.828659999999999,-119.8212,FRESNO,UNINCORPORATED,-119.82115997,36.828660079999999
90016559,2015,2015-10-19,9435,2015-09-06,1355,019032,,7,1,9,1000,0,1,3,,1,169,"SR-168 (TOLLHOUSE ROAD)","SAMPLE RD",1478.00,E,N,A,-,Y,,,168,,,,,,,Y,2,0,3,2,A,-,05,21650,,N,A,C,A,A,H,-,A,D,0,,,,,Y,,A,01,1,0,2,0,0,0,0,0,0,"- ","- ",36.908790000000003,-119.51815000000001,FRESNO,UNINCORPORATED,-119.51830282,36.90854264
90018970,2015,2015-10-19,9435,2015-09-04,1627,019113,,5,2,2,1008,0,1,3,,2,107,"SR-99 S/B","SIERRA AVENUE",50.00,S,N,A,-,Y,,,99,,,,,,S,Y,2,0,2,4,A,-,03,22350,,N,C,C,A,A,D,-,A,D,0,,,,,Y,,A,01,1,1,0,0,0,0,0,0,0,"- ","- ",36.51782,-119.56129,FRESNO,KINGSBURG,-119.56135513,36.517736370000002
90019742,2015,2015-10-19,9435,2015-09-08,1941,015181,,2,2,9,1000,0,3,5,,2,015,"MARKS AVENUE","NORTH AVENUE",0.00,,Y,A,-,N,,,,,,,,,,Y,2,0,3,2,A,-,12,22450,A,N,D,C,A,A,H,-,B,A,0,,,,,Y,,A,01,1,0,2,0,0,0,0,0,0,"- ","- ",36.692239999999998,-119.84459,FRESNO,UNINCORPORATED,-119.84453997999999,36.692100050000001
90022963,2015,2015-10-19,9495,2015-09-01,1450,018253,,2,2,9,1000,0,1,3,,1,009,"STATE ROTUE 198","COLWELL AVENUE",503.00,E,N,A,-,Y,,,,,,,,,,Y,2,0,3,1,A,-,08,22107,,N,F,A,A,A,H,-,A,D,0,,,,,Y,Y,A,07,1,1,1,0,0,0,0,0,0,"- ","- ",36.09601,-120.52439,FRESNO,UNINCORPORATED,,
90025111,2015,2015-10-19,9435,2015-09-05,1048,014479,,6,1,9,1000,0,3,5,,2,030,"ARMSTRONG AVE","FLORADORA AVE",0.00,,Y,A,-,N,,,,,,,,,,Y,2,0,4,2,C,-,18,,,N,D,C,A,A,H,-,A,A,0,,,,,Y,,-,"- ",3,0,1,0,0,0,0,0,0,"- ","- ",36.761130000000001,-119.67283999999999,FRESNO,UNINCORPORATED,-119.67307986,36.761160070000003
90029455,2015,2015-10-19,9461,2015-10-05,0235,018670,,1,3,9,1000,0,1,1,,2,305,"I-5 N/B","OXFORD AVE",1056.00,S,N,A,-,Y,,,5,,,,,,N,Y,2,0,2,1,A,-,08,22107,,N,F,A,A,A,H,-,D,D,0,,,,,Y,,A,01,1,1,0,0,0,0,0,0,0,"- ","- ",36.757759999999998,-120.71001,FRESNO,UNINCORPORATED,-120.71008043,36.757711729999997
90034006,2015,2015-10-19,9495,2015-10-08,1550,020021,,4,2,9,1000,0,3,5,,2,052,"LOS GATOS ROAD","DERRICK BLVD.",28512.00,W,N,A,-,N,,,,,,,,,,Y,2,0,1,1,A,-,03,22350,,N,F,A,A,A,H,-,A,D,0,,,,,Y,,A,07,1,0,0,0,0,0,0,0,0,"- ","- ",36.217350000000003,-120.46877000000001,FRESNO,UNINCORPORATED,-120.46880529000001,36.217116920000002
90034279,2015,2015-10-20,9435,2015-09-27,0010,019697,,7,3,9,1000,0,3,5,,2,034,"JENSEN AVE","DE WOLF AVE.",1584.00,W,N,A,-,N,,,,,,,,,,Y,2,0,1,2,A,-,01,23152,A,N,D,C,A,A,H,-,D,D,0,,,,,Y,Y,A,01,1,0,0,0,0,0,0,0,0,"- ","- ",36.707509999999999,-119.64955,FRESNO,UNINCORPORATED,-119.65139696,36.707474449999999
90034286,2015,2015-10-20,9461,2015-10-13,2050,016452,,2,2,9,1000,0,1,3,,1,603,SR-33,"SHAW AVE",14784.00,S,N,A,-,Y,,,33,,,,,,,Y,2,0,1,2,A,-,06,21755,,N,E,C,A,A,H,-,D,D,0,,,,,Y,Y,A,07,1,0,0,0,0,0,0,0,0,"- ","- ",36.774509999999999,-120.39615999999999,FRESNO,UNINCORPORATED,-120.39617592,36.774496249999999
90036986,2015,2015-10-23,9435,2015-10-12,0517,018944,,1,3,7,1005,0,1,3,,2,105,"SR-99 S/B TO SR-180 EB","SR-99 S/B",30.00,E,N,A,-,Y,,,99,,,,R,,S,Y,2,0,1,2,C,-,18,,,N,E,I,E,D,H,-,D,D,0,Y,,,,Y,,-,"- ",1,0,0,0,1,0,0,0,0,"- ","- ",36.74033,-119.8125,FRESNO,FRESNO,-119.8125,36.74033
90037504,2015,2015-10-26,9435,2015-09-03,1038,014479,,4,1,7,1005,0,1,3,,2,410,"SR-41 S/B","SIERRA AVE",25.00,S,N,A,-,Y,,,41,,,,,,S,Y,2,0,1,2,A,-,07,21658,A,N,B,C,A,A,H,-,A,D,0,,,,,Y,,A,07,1,0,0,0,0,0,0,0,0,"- ","- ",36.830199999999998,-119.78501,FRESNO,FRESNO,-119.7851678,36.830198950000003
90040245,2015,2015-10-29,9495,2015-09-12,0905,018639,,6,1,9,1000,0,1,3,,1,008,"STATE ROUTE 198 (DORRIS AVENUE)","INTERSTATE 5",1584.00,W,N,B,-,Y,,,198,,,,,,,Y,1,1,2,2,A,-,09,21801,A,N,D,C,A,A,H,-,A,D,0,,,,,Y,,A,01,0,0,2,0,0,0,0,0,0,"- ","- ",36.254130000000004,-120.24983,FRESNO,UNINCORPORATED,-120.24983123,36.25426315
90041807,2015,2015-10-30,9435,2015-10-17,1840,019327,,6,2,9,1000,0,3,5,,2,040,"NEWMARK AVE","ADAMS AVE",0.00,,Y,B,-,N,,,,,,,,,,Y,2,0,1,2,A,-,12,22450,A,N,D,C,A,A,H,-,D,A,0,,,,,Y,,A,07,1,0,0,0,0,0,0,0,0,"- ","- ",36.633800000000001,-119.52965,FRESNO,UNINCORPORATED,-119.52965992,36.633770069999997
90044752,2015,2015-11-17,9435,2015-10-14,1537,018860,,3,2,9,1000,1,1,3,,1,430,"SR-43 (HIGHLAND AVE)","FRESNO COUNTY LINE",2110.00,N,N,A,-,Y,,,43,,,,,,,Y,2,0,5,5,A,-,03,22350,,N,C,C,A,A,C,-,A,D,0,,,,Y,Y,,H,17,1,2,2,0,0,0,0,0,0,"- ","- ",36.450159999999997,-119.63617000000001,FRESNO,UNINCORPORATED,-119.63615842,36.45015987
90047264,2015,2015-11-09,9435,2015-09-07,0705,014547,,1,1,9,1000,0,3,5,,2,025,"MILLERTON RD.","WINCHELL COVE RD.",528.00,W,N,B,-,N,,,,,,,,,,Y,1,2,1,2,A,-,01,23152,A,N,A,C,A,A,H,-,A,D,0,,,,,Y,Y,A,01,0,1,0,0,0,0,0,0,0,"- ","- ",36.98413,-119.66182999999999,FRESNO,UNINCORPORATED,-119.66140593,36.984076279999996
90048296,2015,2015-11-10,9495,2015-10-05,1320,019453,,1,1,9,1000,0,1,3,,1,008,"STATE ROUTE 198 (DORRIS AVENUE)","JAMESON AVENUE",534.00,E,N,A,-,Y,,,198,,,,,,,Y,1,1,0,2,A,-,03,22350,,N,C,C,A,A,H,-,A,D,0,,,Y,Y,Y,,C,02,0,0,0,0,0,0,0,1,0,"- ","- ",36.255499999999998,-119.99248,FRESNO,UNINCORPORATED,-119.99247994,36.255439039999999
90048491,2015,2015-11-11,9435,2015-10-26,0640,015602,,1,1,9,1000,0,3,5,,2,040,"MOUNTAIN VIEW AVE","BETHEL AVE",0.00,,Y,A,-,N,,,,,,,,,,Y,2,0,1,2,A,-,09,21802,A,N,D,C,A,A,H,-,B,A,0,,,Y,,Y,,A,07,1,0,0,0,0,0,0,0,1,"- ","- ",36.546639999999996,-119.57678,FRESNO,UNINCORPORATED,-119.5751399,36.546880090000002
90054432,2015,2015-11-19,9495,2015-10-03,0915,019205,,6,1,9,1000,0,1,3,,1,014,"STATE ROUTE 269 (LASSEN AVENUE)","HURON CITY LIMIT",1584.00,S,N,A,-,Y,,,,,,,,,,Y,2,0,2,1,A,-,08,22107,,N,F,A,A,A,H,-,A,D,0,,,,Y,Y,,F,21,1,0,1,0,0,0,0,0,0,"- ","- ",36.191310000000001,-120.60347,FRESNO,UNINCORPORATED,,
90056603,2015,2015-11-20,9495,2015-11-07,0815,020021,,6,1,9,1000,0,1,1,,2,002,"INTERSTATE 5 NORTHBOUND",SR-198,2640.00,N,N,A,-,Y,,,5,,,,,,N,Y,2,0,2,1,A,-,08,22107,,N,E,I,A,A,H,-,A,D,0,,,,,Y,,A,01,1,0,1,0,0,0,0,0,0,"- ","- ",36.261290000000002,-120.24800999999999,FRESNO,UNINCORPORATED,-120.24810101,36.261232470000003
90059965,2015,2015-11-25,9435,2015-11-16,1328,019039,,1,1,9,1000,0,3,5,,2,034,"MCCALL AVENUE","AMERICAN AVENUE",3168.00,N,N,A,-,N,,,,,,,,,,Y,2,0,1,1,A,-,08,22107,,F,E,I,A,A,H,-,A,D,0,,,,,Y,,A,08,1,0,0,0,0,0,0,0,0,"- ","- ",36.666040000000002,-119.61028,FRESNO,UNINCORPORATED,-119.61048151999999,36.671874899999999
90069730,2015,2015-12-10,9435,2015-11-22,2052,019113,,7,2,7,1005,0,1,3,,2,105,"SR-99 S/B","TEILMAN AVENUE",880.00,S,N,A,-,Y,,,99,,,,,,S,Y,2,0,3,2,A,-,03,22350,,N,C,C,A,A,H,-,D,D,0,,,Y,,Y,,C,02,1,1,1,0,0,0,0,0,1,"- ","- ",36.74465,-119.82052,FRESNO,FRESNO,-119.82049258000001,36.744672340000001
90087166,2015,2016-01-04,9435,2015-12-05,1421,016761,,6,2,7,1005,0,1,3,,2,410,"STATE ROUTE-41 S/B TO MCKINLEY AVENUE","MCKINLEY AVENUE",250.00,N,N,B,-,Y,,,41,,,,R,,S,Y,2,0,1,1,A,-,08,22107,,N,E,I,A,A,H,-,A,D,0,,,,,Y,,A,01,1,0,0,0,0,0,0,0,0,"- ","- ",36.765810000000002,-119.77921000000001,FRESNO,FRESNO,-119.77921000000001,36.765810000000002
90087620,2015,2016-01-04,9435,2015-11-28,2140,020062,,6,2,7,1005,0,1,3,,2,410,"SR-41 S/B","SR-99 N/B",1056.00,N,N,A,-,Y,,,41,,,,,,S,Y,2,0,2,1,A,-,01,23152,A,N,F,A,A,A,H,-,D,D,0,,,,,Y,Y,D,22,1,1,0,0,0,0,0,0,0,"- ","- ",36.720010000000002,-119.78530000000001,FRESNO,FRESNO,-119.78523429000001,36.720022989999997
90096470,2015,2016-01-15,9435,2015-12-17,1714,019039,,4,2,7,1005,0,1,3,,2,105,"SR-99 SB TO SR-180","NIELSEN AVENUE",539.00,N,N,A,-,Y,,,99,,,,R,,S,Y,2,0,1,2,A,-,03,22350,,N,C,C,A,A,H,-,C,D,0,,,Y,,Y,,C,02,1,0,0,0,0,0,0,0,1,"- ","- ",36.745159999999998,-119.82084999999999,FRESNO,FRESNO,-119.82084999999999,36.745159999999998
90098199,2016,2016-01-19,9435,2016-01-11,0112,019648,,1,3,7,1005,0,1,3,,2,105,"SR-99 S/B","CLINTON AVENUE",1295.00,S,N,A,-,Y,,,99,,,,,,S,Y,2,0,3,2,A,-,01,23152,A,N,C,E,A,A,D,-,C,A,0,,,,,Y,Y,A,01,1,1,1,0,0,0,0,0,0,"- ","- ",36.768619999999999,-119.83664,FRESNO,FRESNO,-119.83663939,36.76862036
90102086,2015,2016-01-25,9435,2015-10-03,0208,020060,,6,3,9,1000,0,1,3,,1,412,"STATE ROUTE 41","ELKHORN AVENUE",2112.00,S,N,A,-,Y,,,41,,,,,,,Y,1,1,2,2,A,-,01,23152,A,N,A,C,A,A,H,-,D,D,0,,,,,Y,Y,D,22,1,1,0,0,0,0,0,0,0,"- ","- ",36.483199999999997,-119.79192999999999,FRESNO,UNINCORPORATED,-119.79193365,36.48320073
90103380,2015,2016-01-27,9435,2015-12-14,2500,018914,,1,4,9,1000,0,3,5,,2,025,"TOLLHOUSE ROAD","NEES AVENUE",0.00,,Y,A,-,N,,,,,,,,,,N,2,0,1,2,A,-,09,21801,A,N,D,G,A,A,H,-,A,D,0,,Y,,,Y,,A,08,1,0,0,0,0,0,1,0,0,"- ","- ",,,FRESNO,UNINCORPORATED,-119.64623994,36.852260090000001
90109915,2016,2016-02-05,9435,2016-01-10,0020,020019,,7,3,9,1000,0,3,5,,2,040,"DINUBA AVE","LAC JAC AVE",0.00,,Y,B,-,N,,,,,,,,,,Y,2,0,5,2,A,-,12,22450,A,N,D,C,A,B,H,-,D,A,0,,,,,Y,,A,07,1,3,1,0,0,0,0,0,0,"- ","- ",36.589880000000001,-119.4846,FRESNO,UNINCORPORATED,-119.48461996,36.589900069999999
90110691,2015,2016-02-08,9435,2015-12-29,1745,019962,,2,2,9,1000,0,3,5,,2,040,"BETHEL AVENUE","MANNING AVENUE",0.00,,Y,A,-,N,,,,,,,,,,Y,2,0,3,2,A,-,12,22450,A,N,D,C,A,A,H,-,B,A,0,,,,,Y,,D,22,1,0,2,0,0,0,0,0,0,"- ","- ",36.605040000000002,-119.57478999999999,FRESNO,UNINCORPORATED,-119.57483996000001,36.605190010000001
90120216,2015,2016-02-22,9435,2015-12-23,1020,014547,,3,1,9,1000,0,3,5,,2,025,"MILLERTON RD.","VILLA MIRA BELLA",1584.00,E,N,B,-,N,,,,,,,,,,Y,1,1,1,2,A,-,05,21460,A,N,A,C,A,A,H,-,A,D,0,,,Y,Y,Y,Y,C,02,0,1,0,0,0,0,0,1,0,"- ","- ",36.988489999999999,-119.69277,FRESNO,UNINCORPORATED,-119.69294429,36.988653880000001
90122783,2016,2016-03-24,9435,2016-02-06,2316,018944,,6,3,9,1000,0,1,3,,2,182,"TEMPERANCE AVE. TO SR-180 E/B","TEMPERANCE AVE",165.00,E,N,A,-,Y,,,,,,,,,,Y,2,0,1,1,A,-,01,23152,A,N,F,I,A,A,H,-,D,D,0,,,,,Y,Y,D,22,1,0,0,0,0,0,0,0,0,"- ","- ",36.7864,-119.6634,FRESNO,UNINCORPORATED,,
90123975,2016,2016-04-29,9435,2016-02-11,0720,015602,,4,1,9,1000,0,3,5,,2,010,"CLINTON AVENUE","HAYES AVENUE",0.00,,Y,A,-,N,,,,,,,,,,Y,2,0,1,2,A,-,12,22450,A,N,D,C,A,A,H,-,A,A,0,,,,,Y,,E,22,1,0,0,0,0,0,0,0,0,"- ","- ",36.771700000000003,-119.89825999999999,FRESNO,UNINCORPORATED,-119.89824991,36.77173002
90128470,2016,2016-03-03,9435,2016-02-17,1549,016730,,3,2,9,1000,0,3,5,,2,034,"CLOVIS AVE. S/B","KINGS CANYON RD",135.00,S,N,B,-,N,,,,,,,,,,Y,2,0,1,2,A,-,09,21804,A,N,F,A,A,B,H,-,A,D,0,,,Y,,Y,,A,07,1,0,0,0,0,0,0,0,1,"- ","- ",36.735320000000002,-119.70018,FRESNO,UNINCORPORATED,-119.70017713999999,36.735499679999997
90135815,2016,2016-03-14,9435,2016-02-26,1920,016507,,5,2,9,1000,0,3,5,,2,060,"MANNING AVE","ENGLEHART AVE",2112.00,E,N,A,-,N,,,,,,,,,,Y,2,0,2,2,A,-,01,23152,A,N,A,C,A,A,H,-,D,D,0,,,,,Y,Y,D,22,1,1,0,0,0,0,0,0,0,"- ","- ",36.60407,-119.40571,FRESNO,UNINCORPORATED,-119.40577147,36.603999139999999
90136110,2015,2016-03-14,9435,2015-12-14,1330,020273,,1,1,9,1000,0,3,5,,2,030,"ACADEMY AVE","ROSE AVE",0.00,,Y,A,-,N,,,,,,,,,,Y,1,3,1,3,A,-,01,23152,A,N,D,C,A,A,H,-,A,A,0,,,,,Y,Y,D,22,0,0,1,0,0,0,0,0,0,"- ","- ",36.568669999999997,-119.55676,FRESNO,UNINCORPORATED,-119.55679993,36.568700010000001
90140897,2016,2016-03-22,9435,2016-02-19,0149,020062,,5,3,9,1000,0,3,5,,2,030,"MCCALL AVE","OLIVE AVE",528.00,S,N,A,-,N,,,,,,,,,,Y,2,0,1,1,A,-,01,23152,A,N,E,I,A,A,H,-,D,D,0,,,,,Y,Y,A,01,1,0,0,0,0,0,0,0,0,"- ","- ",36.756680000000003,-119.61019,FRESNO,UNINCORPORATED,-119.61015,36.75605084
90140925,2016,2016-03-22,9435,2016-02-27,0200,020060,,6,3,9,1000,0,3,5,,2,034,"TEMPERANCE AVE","AMERICAN AVE",2112.00,S,N,A,-,N,,,,,,,,,,Y,2,0,1,1,A,-,01,23152,A,N,E,I,A,A,H,-,D,D,0,,,,,Y,Y,D,22,1,0,0,0,0,0,0,0,0,"- ","- ",36.657110000000003,-119.66395,FRESNO,UNINCORPORATED,-119.66403203,36.657684179999997
90152240,2016,2016-04-06,9435,2016-04-01,1610,020297,,5,2,9,1000,0,3,5,,2,025,"FRIANT RD. N/B","BELCHER AVE.",300.00,S,N,A,-,N,,,,,,,,,,Y,2,0,1,1,A,-,03,22350,,N,F,A,A,A,H,-,A,D,0,,,Y,,Y,,C,02,1,0,0,0,0,0,0,0,1,"- ","- ",36.978999999999999,-119.71948,FRESNO,UNINCORPORATED,-119.71980751,36.978362390000001
90152385,2016,2016-04-06,9435,2016-04-01,1845,019548,,5,2,9,1000,0,3,5,,2,050,"AUBERRY RD.","FRAZIER RD.",28.00,S,N,A,-,N,,,,,,,,,,Y,2,0,1,1,A,-,08,22107,,N,E,I,A,A,H,-,A,D,0,,,Y,,Y,,C,02,1,0,0,0,0,0,0,0,1,"- ","- ",37.06709,-119.49423,FRESNO,UNINCORPORATED,-119.49421,37.066273160000001
90159805,2016,2016-04-18,9435,2016-04-05,1339,018226,,2,1,9,1000,0,1,3,,2,106,"SR-99 S/B","ORANGE AVE",830.00,N,N,A,-,Y,,,,,,,,,,Y,2,0,1,2,A,-,03,22350,,N,C,C,A,A,H,-,A,D,0,,,,Y,Y,,G,27,1,0,0,0,0,0,0,0,0,"- ","- ",36.698039999999999,-119.76561,FRESNO,UNINCORPORATED,-119.76552292,36.69799502