CASE_ID,ACCIDENT_YEAR,PROC_DATE,JURIS,COLLISION_DATE,COLLISION_TIME,OFFICER_ID,REPORTING_DISTRICT,DAY_OF_WEEK,CHP_SHIFT,POPULATION,CNTY_CITY_LOC,SPECIAL_COND,BEAT_TYPE,CHP_BEAT_TYPE,CITY_DIVISION_LAPD,CHP_BEAT_CLASS,BEAT_NUMBER,PRIMARY_RD,SECONDARY_RD,DISTANCE,DIRECTION,INTERSECTION,WEATHER_1,WEATHER_2,STATE_HWY_IND,CALTRANS_COUNTY,CALTRANS_DISTRICT,STATE_ROUTE,ROUTE_SUFFIX,POSTMILE_PREFIX,POSTMILE,LOCATION_TYPE,RAMP_INTERSECTION,SIDE_OF_HWY,TOW_AWAY,COLLISION_SEVERITY,NUMBER_KILLED,NUMBER_INJURED,PARTY_COUNT,PRIMARY_COLL_FACTOR,PCF_CODE_OF_VIOL,PCF_VIOL_CATEGORY,PCF_VIOLATION,PCF_VIOL_SUBSECTION,HIT_AND_RUN,TYPE_OF_COLLISION,MVIW,PED_ACTION,ROAD_SURFACE,ROAD_COND_1,ROAD_COND_2,LIGHTING,CONTROL_DEVICE,CHP_ROAD_TYPE,PEDESTRIAN_ACCIDENT,BICYCLE_ACCIDENT,MOTORCYCLE_ACCIDENT,TRUCK_ACCIDENT,NOT_PRIVATE_PROPERTY,ALCOHOL_INVOLVED,STWD_VEHTYPE_AT_FAULT,CHP_VEHTYPE_AT_FAULT,COUNT_SEVERE_INJ,COUNT_VISIBLE_INJ,COUNT_COMPLAINT_PAIN,COUNT_PED_KILLED,COUNT_PED_INJURED,COUNT_BICYCLIST_KILLED,COUNT_BICYCLIST_INJURED,COUNT_MC_KILLED,COUNT_MC_INJURED,PRIMARY_RAMP,SECONDARY_RAMP,LATITUDE,LONGITUDE,COUNTY,CITY,POINT_X,POINT_Y
90163917,2016,2016-04-25,9495,2016-02-20,1928,020250,,6,2,9,1000,0,3,5,,2,053,"SUTTER AVENUE","JAYNE AVENUE",3168.00,S,N,A,-,N,,,,,,,,,,Y,1,1,0,1,A,-,08,22107,,N,F,A,A,A,H,-,D,D,0,,,Y,,Y,,C,02,0,0,0,0,0,0,0,1,0,"- ","- ",36.128320000000002,-120.20019000000001,FRESNO,UNINCORPORATED,-120.2001882,36.128831339999998
90167445,2016,2016-04-28,9435,2016-03-27,0203,019323,,7,3,9,1000,0,3,5,,2,010,"ASHLAN AVE","PALM AVE",0.00,,Y,A,-,N,,,,,,,,,,Y,1,1,2,2,A,-,01,23152,A,F,D,C,A,A,H,-,C,A,0,,,,,Y,Y,A,01,1,1,0,0,0,0,0,0,0,"- ","- ",36.793909999999997,-119.80865,FRESNO,UNINCORPORATED,-119.80859991,36.793900110000003
90170875,2016,2016-05-02,9495,2016-04-21,1710,018995,,4,2,9,1000,0,1,1,,2,001,"INTERSTATE 5 (NORTHBOUND)","MANNING AVE.",5280.00,N,N,A,-,Y,,,5,,,,,,,Y,2,0,1,1,A,-,08,22107,,N,F,A,A,A,H,-,A,D,0,,,,,Y,,A,08,1,0,0,0,0,0,0,0,0,"- ","- ",36.616370000000003,-120.60163,FRESNO,UNINCORPORATED,-120.60161322,36.616392269999999
90171854,2016,2016-05-03,9435,2016-04-22,1555,019926,,5,2,9,1000,0,3,5,,2,010,"SHAW AVE","HOWARD AVE",400.00,E,N,B,-,N,,,,,,,,,,Y,2,0,3,3,A,-,06,21751,,N,B,C,A,B,H,-,A,D,0,,,,,Y,,A,01,1,0,2,0,0,0,0,0,0,"- ","- ",36.807690000000001,-120.02309,FRESNO,UNINCORPORATED,-120.02327436,36.807710010000001
90172367,2016,2016-05-04,9435,2016-04-27,0945,016570,,3,1,9,1000,0,3,5,,2,034,"BETHEL AVE","JEFFERSON AVE",1056.00,N,N,A,-,N,,,,,,,,,,N,2,0,1,1,A,-,08,22107,,N,F,A,A,A,H,-,A,D,0,,,Y,,Y,,C,02,1,0,0,0,0,0,0,0,1,"- ","- ",36.658839999999998,-119.57459,FRESNO,UNINCORPORATED,-119.57451604000001,36.65885806
90174529,2016,2016-05-06,9435,2016-04-08,1231,014479,,5,1,5,1001,0,1,3,,1,168,"SR-168 E/B","WILLOW AVE",200.00,W,N,B,-,Y,,,168,,,,,,E,Y,2,0,1,1,A,-,08,22107,,N,F,A,A,A,H,-,A,D,0,,,,,Y,,A,07,1,0,0,0,0,0,0,0,0,"- ","- ",36.813510000000001,-119.72798,FRESNO,CLOVIS,-119.72804932,36.813590310000002
90175342,2016,2016-05-09,9435,2016-04-30,1245,019263,,6,1,9,1000,0,3,5,,2,050,"PITTMAN HILL ROAD","SAMPLE RD",3168.00,N,N,A,-,N,,,,,,,,,,Y,2,0,1,1,A,-,05,21460,A,N,E,I,A,A,H,-,A,D,0,,,Y,,Y,,C,02,1,0,0,0,0,0,0,0,1,"- ","- ",36.913139999999999,-119.45905999999999,FRESNO,UNINCORPORATED,-119.45910712,36.913004360000002
90181314,2016,2016-05-17,9435,2016-05-04,2100,019926,,3,2,9,1000,0,3,5,,2,010,"SHASTA AVE","SHAW AVE",30.00,S,N,A,-,N,,,,,,,,,,Y,2,0,1,1,A,-,03,22350,,N,F,A,A,A,H,-,D,D,0,,,Y,,Y,,C,06,1,0,0,0,0,0,0,0,1,"- ","- ",36.807589999999998,-120.10572999999999,FRESNO,UNINCORPORATED,-120.10569955,36.807547640000003
90193862,2016,2016-09-07,9435,2016-04-18,2500,019962,,1,4,9,1000,0,3,5,,2,034,"CHURCH AVENUE","ORANGE AVENUE",181.00,E,N,A,-,N,,,,,,,,,,N,1,2,0,3,A,-,03,22350,,F,G,B,D,A,H,-,C,D,0,Y,,,,Y,,A,01,0,0,0,2,0,0,0,0,0,"- ","- ",36.714120000000001,-119.76251000000001,FRESNO,UNINCORPORATED,-119.76308302,36.714159850000001
90199841,2016,2016-06-13,9435,2016-06-08,0824,016570,,3,1,9,1000,0,3,5,,2,040,"ACADEMY AVE","MOUNTAIN VIEW AVE",0.00,,Y,A,-,N,,,,,,,,,,Y,2,0,1,3,A,-,09,21802,A,N,D,C,A,A,H,-,A,A,0,,,,Y,Y,,G,27,1,0,0,0,0,0,0,0,0,"- ","- ",36.546880000000002,-119.55659,FRESNO,UNINCORPORATED,-119.55660985999999,36.546870050000003
90200911,2016,2016-06-14,9435,2016-05-27,2000,019263,,5,2,9,1000,0,1,3,,1,169,SR-168,"WILDFLOWER LN",3696.00,E,N,A,-,Y,,,,,,,,,,Y,2,0,1,1,A,-,03,22350,,N,E,I,A,A,H,-,B,D,0,,,Y,,Y,,C,02,1,0,0,0,0,0,0,0,1,"- ","- ",37.091290000000001,-119.52826,FRESNO,UNINCORPORATED,,
90207963,2016,2016-06-23,9461,2016-06-20,1802,020586,,1,2,9,1000,0,2,4,,1,315,"NEES AVE","RUSSEL AVE",3696.00,E,N,A,-,N,,,,,,,,,,Y,2,0,1,1,A,-,01,23152,A,N,E,I,A,A,H,-,A,D,0,,,,,Y,Y,A,01,1,0,0,0,0,0,0,0,0,"- ","- ",36.850619999999999,-120.63912999999999,FRESNO,UNINCORPORATED,-120.64137037,36.85069859
90210115,2016,2016-06-27,9435,2016-06-11,1441,020122,,6,2,7,1005,0,3,5,,2,010,"HERNDON AVE","PARKWAY DR",75.00,E,N,A,-,N,,,,,,,,,,Y,2,0,1,2,A,-,05,21460,A,N,A,C,A,A,H,-,A,D,0,,,,,Y,,A,01,1,0,0,0,0,0,0,0,0,"- ","- ",36.83128,-119.9177,FRESNO,FRESNO,-119.92417,36.836829999999999
90214807,2016,2016-07-01,9495,2016-04-22,1630,019834,,5,2,9,1000,0,1,1,,2,001,"INTERSTATE-5 SOUTHBOUND","DERRICK AVENUE",16368.00,N,N,A,G,Y,,,5,,,,,,S,Y,1,2,3,1,A,-,08,22107,,N,F,A,A,A,H,-,A,A,0,,,,,Y,,A,07,0,3,0,0,0,0,0,0,0,"- ","- ",36.471350000000001,-120.42731000000001,FRESNO,UNINCORPORATED,-120.42741332,36.471250410000003
90215364,2016,2016-07-04,9435,2016-06-19,0013,020490,,7,3,9,1000,0,3,5,,2,015,"DICKENSON AVE","CHURCH AVE",0.00,,Y,A,-,N,,,,,,,,,,Y,2,0,3,2,A,-,12,22450,A,N,D,C,A,A,H,-,D,A,0,,,,,Y,,A,01,2,0,1,0,0,0,0,0,0,"- ","- ",36.713209999999997,-119.97005,FRESNO,UNINCORPORATED,-119.97006998000001,36.713240089999999
90221056,2016,2016-07-12,9435,2016-05-27,0400,019648,,5,3,9,1000,0,3,5,,2,034,"FOWLER AVENUE","JEFFERSON AVENUE",144.00,N,N,A,-,N,,,,,,,,,,Y,1,2,0,1,A,-,08,22107,,N,E,I,A,A,H,-,D,D,0,,,,,Y,,A,01,0,0,0,0,0,0,0,0,0,"- ","- ",36.656979999999997,-119.68191,FRESNO,UNINCORPORATED,-119.68194570999999,36.656685230000001
90221901,2016,2016-09-12,9435,2016-05-29,1940,020064,,7,2,9,1000,0,1,3,,2,106,"SR-99 N/B","NORTH AVENUE O/C",454.00,N,N,A,-,Y,,,,,,,,,,Y,2,0,1,2,A,-,01,23152,A,F,C,C,A,A,H,-,A,D,0,,,,,Y,Y,D,22,1,0,0,0,0,0,0,0,0,"- ","- ",36.693199999999997,-119.75955999999999,FRESNO,UNINCORPORATED,-119.75971887,36.693293359999998
90222412,2016,2016-07-14,9435,2016-06-28,1155,012846,,2,1,7,1005,0,3,5,,2,025,"HERNDON AVE","DEWOLF AVE",15.00,E,N,A,-,N,,,,,,,,,,Y,2,0,3,2,A,-,03,22350,,N,A,C,A,A,H,-,A,D,0,,,,,Y,,A,07,1,1,1,0,0,0,0,0,0,"- ","- ",36.837389999999999,-119.64596,FRESNO,FRESNO,-119.64799877999999,36.837409999999998
90225760,2016,2016-07-19,9435,2016-07-03,0240,020064,,7,3,9,1000,0,3,5,,2,050,"MCKINLEY GROVE ROAD","SWAMP LANE",4752.00,W,N,A,-,N,,,,,,,,,,Y,2,0,2,1,A,-,08,22107,,N,E,I,A,A,H,-,D,D,0,,,,,Y,,D,22,1,1,0,0,0,0,0,0,0,"- ","- ",37.041110000000003,-119.1202,FRESNO,UNINCORPORATED,,
90228760,2016,2016-07-25,9495,2016-07-03,0409,019424,,7,3,9,1000,0,3,5,,2,053,"GALE AVENUE","HOWARD AVENUE",1056.00,E,N,A,-,N,,,,,,,,,,Y,2,0,3,1,A,-,01,23152,A,N,F,A,A,A,H,-,D,D,0,,,,,Y,Y,A,01,1,2,0,0,0,0,0,0,0,"- ","- ",36.18139,-120.02685,FRESNO,UNINCORPORATED,-120.0269638,36.181454350000003
90229217,2016,2016-07-25,9435,2016-07-07,1858,019039,,4,2,9,1000,0,3,5,,2,025,"SHAW AVENUE","MCCALL AVENUE",0.00,,Y,A,-,N,,,,,,,,,,Y,2,0,1,2,A,-,12,22450,A,N,D,C,A,A,H,-,A,D,0,,,,,Y,,A,01,1,0,0,0,0,0,0,0,0,"- ","- ",36.808410000000002,-119.61041,FRESNO,UNINCORPORATED,-119.61027986000001,36.808330040000001
90233875,2016,2016-08-01,9435,2016-07-11,0210,018944,,1,3,7,1005,0,1,3,,2,105,"SR-99 NB TO SR-180 EB","SR-99 NB",100.00,E,N,A,-,Y,,,99,,,,R,,N,Y,2,0,1,1,A,-,01,23152,A,N,F,A,A,A,H,-,D,D,0,,,,,Y,Y,D,22,1,0,0,0,0,0,0,0,0,"- ","- ",36.742400000000004,-119.81059999999999,FRESNO,FRESNO,-119.81059999999999,36.742400000000004
90234346,2016,2016-08-01,9435,2016-07-09,1600,020064,,6,2,9,1000,0,1,3,,1,169,"SR-168 (TOLLHOUSE ROAD)","TOLLHOUSE ROAD",2640.00,W,N,A,-,Y,,,168,,,,,,,Y,2,0,1,1,A,-,08,22107,,N,E,I,A,A,H,-,A,D,0,,,Y,,Y,,C,02,1,0,0,0,0,0,0,0,1,"- ","- ",36.943330000000003,-119.50369000000001,FRESNO,UNINCORPORATED,-119.5041792,36.943144609999997
90234599,2016,2016-08-01,9435,2016-07-13,0950,017088,,3,1,9,1000,0,3,5,,2,060,"REED AVE","PETER AVE",154.00,N,N,A,-,N,,,,,,,,,,Y,2,0,1,1,A,-,08,22107,,N,E,I,A,A,H,-,A,D,0,,,,,Y,,A,01,1,0,0,0,0,0,0,0,0,"- ","- ",36.637309999999999,-119.45757999999999,FRESNO,UNINCORPORATED,-119.45767585999999,36.63739262
90241016,2016,2016-08-09,9435,2016-07-20,1350,019039,,3,1,7,1005,0,1,3,,2,181,"STATE ROUTE 180 W/B","BLACKSTONE AVENUE",120.00,W,N,A,-,Y,,,180,,,,,,W,Y,2,0,2,2,A,-,03,22350,,N,C,C,A,A,H,-,A,D,0,,,,Y,Y,,G,26,1,1,0,0,0,0,0,0,0,"- ","- ",36.752090000000003,-119.79067000000001,FRESNO,FRESNO,-119.79066888,36.752084510000003
90241454,2016,2016-08-10,9435,2016-07-26,0756,018920,,2,1,9,1000,0,3,5,,2,040,"DINUBA AVE","ZEDIKER AVE",0.00,,Y,A,-,N,,,,,,,,,,Y,2,0,3,3,A,-,12,22450,A,N,D,C,A,A,H,-,A,A,0,,,,,Y,,A,07,1,1,1,0,0,0,0,0,0,"- ","- ",36.590200000000003,-119.52113,FRESNO,UNINCORPORATED,-119.52112990000001,36.590170000000001
90246718,2016,2016-08-24,9435,2016-07-28,1659,019039,,4,2,9,1000,0,1,3,,1,630,"STATE ROUTE 63 (HILLS VALLEY ROAD)","STATE ROUTE 180 (KINGS CANYON ROAD)",3168.00,S,N,A,-,Y,,,63,,,,,,,Y,1,1,0,1,A,-,03,22350,,N,E,I,A,A,H,-,A,D,0,,,Y,,Y,,C,02,0,0,0,0,0,0,0,1,0,"- ","- ",36.723109999999998,-119.28498,FRESNO,UNINCORPORATED,-119.2849734,36.723114850000002
90249386,2016,2016-08-22,9435,2016-08-13,1203,015095,,6,1,9,1000,0,3,5,,2,034,"NORTH AVENUE","CHESTNUT AVENUE",370.00,W,N,A,-,N,,,,,,,,,,Y,2,0,1,2,A,-,08,22107,,N,B,C,A,A,H,-,A,D,0,,,,,Y,,A,01,1,0,0,0,0,0,0,0,0,"- ","- ",36.692349999999998,-119.73802000000001,FRESNO,UNINCORPORATED,-119.73786104,36.692452729999999
90261163,2016,2016-09-06,9435,2016-08-19,1410,020060,,5,2,9,1000,0,3,5,,2,034,"FOWLER AVE","AMERICAN AVE",0.00,,Y,A,-,N,,,,,,,,,,Y,1,1,2,2,A,-,12,22450,A,N,D,C,A,A,H,-,A,A,0,,,,,Y,,A,01,0,1,1,0,0,0,0,0,0,"- ","- ",36.663519999999998,-119.68178,FRESNO,UNINCORPORATED,-119.68189993999999,36.663530080000001
90261244,2016,2016-09-06,9435,2016-07-05,2031,016833,,2,2,9,1000,0,1,3,,2,106,"SR-99 N/B","CLOVIS AVE",4752.00,N,N,A,-,Y,,,99,,,,,,N,Y,1,1,4,3,A,-,05,21651,C,N,A,C,A,A,H,-,B,D,0,,,,,Y,,A,01,1,1,2,0,0,0,0,0,0,"- ","- ",36.650849999999998,-119.71081,FRESNO,UNINCORPORATED,-119.71080037999999,36.650860569999999
90262674,2016,2016-09-07,9435,2016-09-03,0540,018944,,6,3,9,1000,0,3,5,,2,010,"ROLINDA AVE.","SHIELDS AVE",0.00,,Y,A,-,N,,,,,,,,,,Y,2,0,3,2,A,-,09,21802,A,N,D,C,A,A,H,-,D,A,0,,,,,Y,,A,01,1,2,0,0,0,0,0,0,0,"- ","- ",36.778700000000001,-119.961,FRESNO,UNINCORPORATED,-119.96102993,36.778710050000001
9026465,2020,2020-03-17,1001,2020-01-14,1655,5791,,2,5,5,1001,0,0,0,,0,007,"N WILLOW AV","NEES AV",500.00,S,N,A,-,N,,,,,,,,,,N,2,0,1,2,A,-,07,21658,A,F,B,C,A,A,H,-,B,A,0,,,Y,,Y,,A,01,1,0,0,0,0,0,0,0,1,"- ","- ",36.852088928222656,-119.72972106933594,FRESNO,CLOVIS,-119.72982025146484,36.850856781005859
90265546,2016,2016-09-12,9435,2016-08-03,2217,017591,,3,3,9,1000,0,3,5,,2,034,"JENSEN AVENUE E/B","TEMPERANCE AVE",2853.00,E,N,A,-,N,,,,,,,,,,Y,1,2,0,2,A,-,05,21651,B,N,A,C,A,A,H,-,D,D,0,,,,,Y,,D,22,0,0,0,0,0,0,0,0,0,"- ","- ",36.707320000000003,-119.65418,FRESNO,UNINCORPORATED,-119.65433469,36.707489770000002
90265832,2016,2016-09-12,9435,2016-09-06,1447,018609,,2,2,9,1000,0,3,5,,2,040,"MOUNTAIN VIEW AVE","CLOVIS AVE",45.00,W,N,A,-,N,,,,,,,,,,Y,2,0,2,3,A,-,03,22350,,N,C,C,A,A,H,-,A,A,0,,,,,Y,,D,22,1,0,1,0,0,0,0,0,0,"- ","- ",36.546790000000001,-119.70077000000001,FRESNO,UNINCORPORATED,-119.70083308,36.547199999999997
90279240,2016,2016-09-29,9435,2016-09-25,1845,020419,,7,2,9,1000,0,3,5,,2,050,"TOLLHOUSE RD","BURROUGH VALLEY RD",1320.00,S,N,A,-,N,,,,,,,,,,Y,2,0,1,1,A,-,03,22350,,N,F,A,A,A,H,-,B,D,0,,,Y,,Y,,C,02,1,0,0,0,0,0,0,0,1,"- ","- ",36.989870000000003,-119.41542,FRESNO,UNINCORPORATED,-119.41566899,36.989891620000002
90279273,2016,2016-09-29,9435,2016-09-24,0800,019980,,6,1,9,1000,0,3,5,,2,060,"PIEDRA RD","FRANKWOOD AVE",230.00,E,N,A,-,N,,,,,,,,,,N,2,0,1,2,A,-,03,22350,,N,C,G,A,A,H,-,A,D,0,,Y,,,Y,,L,04,1,0,0,0,0,0,1,0,0,"- ","- ",36.753010000000003,-119.43882000000001,FRESNO,UNINCORPORATED,-119.43883158,36.753004140000002
90285213,2016,2016-10-06,9435,2016-09-27,2356,015751,,2,3,9,1000,0,3,5,,2,025,"MILLERTON RD","FRIANT KERN CANAL",545.00,W,N,A,-,N,,,,,,,,,,Y,2,0,3,2,A,-,01,23152,A,N,A,C,A,A,H,-,D,D,0,,,,,Y,Y,A,07,2,0,1,0,0,0,0,0,0,"- ","- ",36.993299999999998,-119.70721,FRESNO,UNINCORPORATED,-119.70560521,36.992880769999999
90287968,2016,2016-10-10,9435,2016-09-18,0020,016270,,7,3,9,1000,0,3,5,,2,060,"DUNLAP RD","HOPEWELL RD",246.00,N,N,A,-,N,,,,,,,,,,Y,1,1,0,1,A,-,08,22107,,N,F,A,A,A,H,-,D,D,0,,,Y,,Y,Y,C,02,0,0,0,0,0,0,0,1,0,"- ","- ",36.746270000000003,-119.16364,FRESNO,UNINCORPORATED,-119.16335443,36.746056070000002
90288984,2016,2016-10-11,9435,2016-09-19,0058,020193,,1,3,9,1000,0,1,3,,1,180,SR-180,"CORNELIA AVE",1200.00,E,N,A,-,Y,,,180,,,,,,,Y,2,0,1,1,A,-,01,23152,A,N,E,I,A,A,H,-,D,D,0,,,,,Y,Y,A,01,1,0,0,0,0,0,0,0,0,"- ","- ",36.735439999999997,-119.87821,FRESNO,UNINCORPORATED,-119.87820996000001,36.735491570000001
90291339,2016,2016-10-13,9435,2016-09-30,2155,018809,,5,2,9,1000,0,3,5,,2,034,"PULLMAN STREET","JENSEN AVENUE E/B",0.00,,Y,A,-,N,,,,,,,,,,Y,2,0,2,3,A,-,01,23152,A,N,D,C,A,A,E,-,C,A,0,,,,,Y,Y,A,01,1,0,1,0,0,0,0,0,0,"- ","- ",36.706009999999999,-119.76033,FRESNO,UNINCORPORATED,-119.76031958999999,36.70599206
90291801,2016,2016-10-14,9435,2016-10-09,1550,019962,,7,2,7,1005,0,1,3,,2,410,"STATE ROUTE 41 NORTHBOUND","MCKINLEY AVENUE",400.00,N,N,A,-,Y,,,41,,,,,,N,Y,2,0,1,2,A,-,07,21658,A,N,E,I,A,A,H,-,A,D,0,,,Y,,Y,,A,01,1,0,0,0,0,0,0,0,1,"- ","- ",36.766530000000003,-119.7787,FRESNO,FRESNO,-119.77866858,36.76658991
90296224,2016,2016-10-19,9495,2016-07-27,1644,018639,,3,2,9,1000,0,1,3,,1,008,"STATE ROUTE 198","MADERA AVENUE",2640.00,E,N,A,-,Y,,,198,,,,,,,Y,1,1,1,2,A,-,08,22107,,N,A,C,A,A,H,-,A,D,0,,,,Y,Y,,A,01,0,1,0,0,0,0,0,0,0,"- ","- ",36.255409999999998,-120.05852,FRESNO,UNINCORPORATED,-120.05852004,36.255458760000003
90299314,2016,2016-10-31,9435,2016-09-27,1810,014286,,2,2,9,1000,0,3,5,,2,040,"SOUTH AVENUE","EAST AVENUE",0.00,,Y,A,-,N,,,,,,,,,,Y,1,1,0,2,A,-,05,21752,D,N,D,A,A,A,H,-,A,D,0,,,Y,,Y,,C,02,0,0,0,0,0,0,0,1,0,"- ","- ",36.619750000000003,-119.77275,FRESNO,UNINCORPORATED,-119.77286991,36.619790000000002
90305901,2016,2016-10-28,9435,2016-10-23,1940,019895,,7,2,9,1000,0,3,5,,2,034,"ACADEMY AVE S/B","SOUTH AVE",1674.00,N,N,A,-,N,,,,,,,,,,Y,2,0,1,1,A,-,08,22107,,N,F,A,A,A,H,-,D,D,0,,,,,Y,,A,01,1,0,0,0,0,0,0,0,0,"- ","- ",36.624560000000002,-119.55687,FRESNO,UNINCORPORATED,-119.55681524000001,36.624184139999997
90309608,2016,2016-11-02,9435,2016-10-20,1650,018914,,4,2,9,1000,0,3,5,,2,010,"VALENTINE AVENUE","MCKINLEY AVENUE",0.00,,Y,A,-,N,,,,,,,,,,N,2,0,1,2,A,-,09,21802,A,N,D,C,A,A,H,-,A,A,0,,,,,Y,,A,07,1,0,0,0,0,0,0,0,0,"- ","- ",36.764600000000002,-119.8533,FRESNO,UNINCORPORATED,-119.85328995,36.764610009999998
90311514,2016,2016-11-04,9435,2016-10-21,2020,020273,,5,2,9,1000,0,3,5,,2,034,"BETHEL AVE","AMERICAN AVE",3100.00,N,N,A,-,N,,,,,,,,,,N,2,0,1,2,A,-,11,21954,A,N,G,B,D,A,H,-,D,D,0,Y,,,,Y,Y,N,60,1,0,0,0,1,0,0,0,0,"- ","- ",36.667499999999997,-119.57449,FRESNO,UNINCORPORATED,-119.57440309,36.671718120000001
90312886,2016,2016-11-07,9435,2016-10-28,0755,017088,,5,1,9,1000,0,3,5,,2,060,"FRANKWOOD AVE.","CENTRAL AVE",0.00,,Y,B,-,N,,,,,,,,,,Y,2,0,2,2,A,-,09,21802,A,N,D,C,A,B,H,-,A,A,0,,,,,Y,,A,01,1,1,0,0,0,0,0,0,0,"- ","- ",36.67698,-119.44846,FRESNO,UNINCORPORATED,-119.44848994,36.676720019999998
90316598,2016,2017-01-27,9435,2016-08-28,0610,013112,,7,1,9,1000,0,3,5,,2,040,"PEACH AVE","NEBRASKA AVE",0.00,,Y,A,-,N,,,,,,,,,,Y,1,2,1,2,A,-,12,22450,A,N,D,C,A,A,H,-,B,A,0,,,,,Y,,A,01,0,0,1,0,0,0,0,0,0,"- ","- ",36.561680000000003,-119.71858,FRESNO,UNINCORPORATED,-119.71857998,36.56180002
90325090,2016,2016-11-18,9435,2016-10-02,1218,015095,,7,1,9,1000,0,1,3,,2,106,"SR-99 NORTHBOUND","MERCED STREET",832.00,S,N,A,-,Y,,,,,,,,,,Y,1,1,1,1,A,-,08,22107,,N,F,A,A,A,H,-,A,D,0,,,,,Y,,A,07,0,1,0,0,0,0,0,0,0,"- ","- ",36.626060000000003,-119.68334,FRESNO,UNINCORPORATED,-119.68242196,36.624950130000002
90326290,2016,2016-11-21,9435,2016-11-14,1415,016507,,1,2,9,1000,0,3,5,,2,060,"HILL AVE","ADAMS AVE",0.00,,Y,A,-,N,,,,,,,,,,Y,2,0,3,2,A,-,12,22450,A,N,D,C,A,A,H,-,A,A,0,,,,,Y,,D,22,2,0,1,0,0,0,0,0,0,"- ","- ",36.632060000000003,-119.3402,FRESNO,UNINCORPORATED,-119.34023996000001,36.632150029999998
90328631,2016,2016-11-23,9435,2016-11-15,1515,020297,,2,2,7,1005,0,1,3,,2,410,"SR-41 S/B","VAN NESS AVE.",100.00,S,N,A,-,Y,,,41,,,,,,S,Y,2,0,1,2,A,-,08,22107,,F,B,C,A,A,H,-,A,D,0,,,Y,,Y,,A,01,1,0,0,0,0,0,0,0,1,"- ","- ",36.728549999999998,-119.78309,FRESNO,FRESNO,-119.78306360000001,36.728530419999998
90336725,2016,2016-12-05,9461,2016-11-26,1540,019052,,6,2,9,1000,0,1,3,,1,603,SR-33,"SHAIN AVE",0.00,,Y,B,-,Y,,,,,,,,,,Y,2,0,2,2,A,-,09,21802,A,N,D,A,A,B,H,-,A,A,0,,,,,Y,,D,22,1,0,1,0,0,0,0,0,0,"- ","- ",36.967410000000001,-120.63563000000001,FRESNO,UNINCORPORATED,,
90339147,2016,2016-12-30,9435,2016-11-27,1610,019895,,7,2,9,1000,0,3,5,,2,034,"BETHEL AVE","LINCOLN AVE",0.00,,Y,A,-,N,,,,,,,,,,Y,2,0,1,2,A,-,12,22450,A,N,D,C,A,A,H,-,A,A,0,,,,,Y,,A,07,1,0,0,0,0,0,0,0,0,"- ","- ",36.64873,-119.57465999999999,FRESNO,UNINCORPORATED,-119.57466994000001,36.648710090000002
90343791,2016,2016-12-13,9435,2016-12-06,0747,015468,,2,1,9,1000,0,3,5,,2,010,"MAROA AVE","BUCKINGHAM AVE",0.00,,Y,B,-,N,,,,,,,,,,N,2,0,1,2,A,-,06,21755,,N,D,G,A,A,H,-,A,D,0,,,Y,Y,Y,,O,05,1,0,0,0,0,0,0,0,1,"- ","- ",36.793120000000002,-119.79961,FRESNO,UNINCORPORATED,-119.79954992,36.79304003
90344737,2016,2016-12-21,9435,2016-11-19,1705,020193,,6,2,9,1000,0,3,5,,2,025,"HERNDON AVE","BETHEL AVE",2429.00,W,N,B,-,N,,,,,,,,,,Y,1,1,0,2,A,-,11,21954,A,N,G,B,D,A,H,-,D,D,0,Y,,,,Y,,N,60,0,0,0,1,0,0,0,0,0,"- ","- ",36.837240000000001,-119.58179,FRESNO,UNINCORPORATED,-119.58202365,36.837244720000001
90344842,2016,2016-12-14,9435,2016-12-06,0452,019385,,2,3,9,1000,0,3,5,,2,034,"JENSEN AVENUE","TEMPERANCE AVENUE",0.00,,Y,E,-,N,,,,,,,,,,Y,2,0,1,3,A,-,03,22350,,N,D,C,A,A,H,-,C,D,0,,,,Y,Y,,A,01,1,0,0,0,0,0,0,0,0,"- ","- ",36.707560000000001,-119.66404,FRESNO,UNINCORPORATED,-119.66405995,36.707540010000002
90346598,2016,2017-04-18,9495,2016-05-07,2055,020298,,6,2,9,1000,0,1,3,,1,014,"STATE ROUTE 269 (LASSEN AVENUE)","PAIGE AVENUE",2640.00,N,N,B,-,Y,,,269,,,,,,,Y,1,3,1,1,A,-,08,22107,,N,H,A,A,A,H,-,D,D,0,,,,,Y,,A,01,1,0,0,0,0,0,0,0,0,"- ","- ",36.393039999999999,-120.10321,FRESNO,UNINCORPORATED,-120.10321202,36.39304001
90350083,2016,2016-12-21,9435,2016-11-13,0131,020680,,7,3,7,1005,0,1,3,,2,410,"STATE ROUTE 41 NORTHBOUND","BELMONT AVENUE",5.00,N,N,A,-,Y,,,41,,,,,,N,Y,1,1,0,2,A,-,11,21954,A,N,G,B,E,A,H,-,C,D,0,Y,,,,Y,,N,60,0,0,0,1,0,0,0,0,0,"- ","- ",36.750500000000002,-119.77592,FRESNO,FRESNO,-119.77596918,36.750503549999998
90350090,2016,2016-12-28,9435,2016-11-08,2110,019473,,2,2,9,1000,0,3,5,,2,010,"HOWARD AVENUE","MCKINLEY AVENUE",0.00,,Y,A,-,N,,,,,,,,,,Y,1,1,2,2,A,-,12,22450,A,N,D,C,A,A,H,-,D,A,0,,,,,Y,Y,D,22,1,1,0,0,0,0,0,0,0,"- ","- ",36.76408,-120.02441,FRESNO,UNINCORPORATED,-120.02436997,36.76409005