CASE_ID,ACCIDENT_YEAR,PROC_DATE,JURIS,COLLISION_DATE,COLLISION_TIME,OFFICER_ID,REPORTING_DISTRICT,DAY_OF_WEEK,CHP_SHIFT,POPULATION,CNTY_CITY_LOC,SPECIAL_COND,BEAT_TYPE,CHP_BEAT_TYPE,CITY_DIVISION_LAPD,CHP_BEAT_CLASS,BEAT_NUMBER,PRIMARY_RD,SECONDARY_RD,DISTANCE,DIRECTION,INTERSECTION,WEATHER_1,WEATHER_2,STATE_HWY_IND,CALTRANS_COUNTY,CALTRANS_DISTRICT,STATE_ROUTE,ROUTE_SUFFIX,POSTMILE_PREFIX,POSTMILE,LOCATION_TYPE,RAMP_INTERSECTION,SIDE_OF_HWY,TOW_AWAY,COLLISION_SEVERITY,NUMBER_KILLED,NUMBER_INJURED,PARTY_COUNT,PRIMARY_COLL_FACTOR,PCF_CODE_OF_VIOL,PCF_VIOL_CATEGORY,PCF_VIOLATION,PCF_VIOL_SUBSECTION,HIT_AND_RUN,TYPE_OF_COLLISION,MVIW,PED_ACTION,ROAD_SURFACE,ROAD_COND_1,ROAD_COND_2,LIGHTING,CONTROL_DEVICE,CHP_ROAD_TYPE,PEDESTRIAN_ACCIDENT,BICYCLE_ACCIDENT,MOTORCYCLE_ACCIDENT,TRUCK_ACCIDENT,NOT_PRIVATE_PROPERTY,ALCOHOL_INVOLVED,STWD_VEHTYPE_AT_FAULT,CHP_VEHTYPE_AT_FAULT,COUNT_SEVERE_INJ,COUNT_VISIBLE_INJ,COUNT_COMPLAINT_PAIN,COUNT_PED_KILLED,COUNT_PED_INJURED,COUNT_BICYCLIST_KILLED,COUNT_BICYCLIST_INJURED,COUNT_MC_KILLED,COUNT_MC_INJURED,PRIMARY_RAMP,SECONDARY_RAMP,LATITUDE,LONGITUDE,COUNTY,CITY,POINT_X,POINT_Y
90361136,2016,2017-01-04,9435,2016-12-25,1812,020429,,7,2,9,1000,0,1,3,,1,411,"SR-41 N/B","CENTRAL AVE",255.00,S,N,A,-,Y,,,41,,,,,,N,Y,2,0,2,3,A,-,01,23152,A,N,C,C,A,A,H,-,C,D,0,,,,,Y,Y,D,22,1,0,1,0,0,0,0,0,0,"- ","- ",36.677720000000001,-119.78579000000001,FRESNO,UNINCORPORATED,-119.78574104,36.67771982
90362364,2016,2017-01-09,9435,2016-11-11,0230,018944,,5,3,9,1000,0,3,5,,2,015,"WEST AVENUE","MANNING AVENUE",0.00,,Y,A,-,N,,,,,,,,,,Y,1,1,1,2,A,-,12,22450,A,N,D,C,A,A,H,-,D,A,0,,,,Y,Y,,A,01,0,0,1,0,0,0,0,0,0,"- ","- ",36.605110000000003,-119.82691,FRESNO,UNINCORPORATED,-119.82685994000001,36.605170029999996
90368188,2017,2017-01-12,9435,2017-01-03,1840,018914,,2,2,9,1000,0,3,5,,2,025,"MILLERTON ROAD","BRIGHTON CREST DR",720.00,W,N,B,C,Y,,,,,,,,,,N,2,0,1,2,A,-,11,21956,,N,G,B,E,B,H,-,D,D,0,Y,,,,Y,,N,60,1,0,0,0,1,0,0,0,0,"- ","- ",36.983499999999999,-119.64960000000001,FRESNO,UNINCORPORATED,-119.64948333,36.98344445
90369045,2016,2017-01-27,9495,2016-09-23,1330,019424,,5,1,9,1000,0,1,3,,1,009,"STATE ROUTE 198  (WARTHAN CANYON)","CRUMP LANE",6336.00,W,N,A,-,Y,,,,,,,,,,Y,1,1,1,1,A,-,08,22107,,N,E,I,A,A,H,-,A,D,0,,,,,Y,,A,01,0,1,0,0,0,0,0,0,0,"- ","- ",36.122549999999997,-120.59504,FRESNO,UNINCORPORATED,-120.58410007000001,36.118624969999999
90370323,2017,2017-01-17,9435,2017-01-11,1305,015106,,3,1,7,1005,0,1,3,,2,181,"SR-180 W/B","FRESNO ST. U/C",500.00,E,N,B,-,Y,,,180,,,,,,W,Y,2,0,1,1,A,-,03,22350,,N,E,I,A,A,H,-,A,D,0,,,,,Y,,A,01,1,0,0,0,0,0,0,0,0,"- ","- ",36.753880000000002,-119.77995,FRESNO,FRESNO,-119.77996759,36.75400372
90409111,2017,2017-03-09,9435,2017-03-04,2345,016860,,6,3,9,1000,0,1,3,,1,169,SR-168,"TOLLHOUSE RD",6864.00,W,N,A,-,Y,,,168,,,,,,,Y,2,0,3,1,A,-,01,23152,A,N,E,I,A,A,H,-,D,D,0,,,,,Y,Y,A,07,2,1,0,0,0,0,0,0,0,"- ","- ",36.936419999999998,-119.50394,FRESNO,UNINCORPORATED,-119.50389797,36.936401320000002
90411754,2017,2017-03-14,9435,2017-03-05,2312,017088,,7,3,9,1000,0,3,5,,2,060,"SOUTH AVE.","HANSEN AVE",528.00,E,N,A,-,N,,,,,,,,,,N,2,0,1,2,A,-,03,22350,,N,C,G,A,A,H,-,D,D,0,,Y,,,Y,,A,01,1,0,0,0,0,0,1,0,0,"- ","- ",36.61788,-119.35114,FRESNO,UNINCORPORATED,-119.35235323000001,36.617871119999997
90412575,2017,2017-03-15,9435,2017-03-07,1306,016270,,2,1,9,1000,0,3,5,,2,060,"PARLIER AVE","ENGLEHART AVE",0.00,,Y,A,-,N,,,,,,,,,,Y,2,0,4,2,A,-,12,22450,A,N,D,C,A,A,H,-,A,A,0,,,,,Y,,A,01,1,1,2,0,0,0,0,0,0,"- ","- ",36.611280000000001,-119.413,FRESNO,UNINCORPORATED,-119.41297999,36.611260020000003
90413021,2017,2017-03-28,9435,2017-03-14,1020,016270,,2,1,9,1000,0,3,5,,2,060,"GEORGE SMITH ROAD","HICKORY LANE",1584.00,S,N,A,-,N,,,,,,,,,,Y,2,0,1,1,C,-,18,,,N,H,H,A,A,H,-,A,D,0,,,Y,,Y,,-,"- ",1,0,0,0,0,0,0,0,1,"- ","- ",36.69699,-119.24908000000001,FRESNO,UNINCORPORATED,-119.24879428,36.696532480000002
90415423,2017,2017-03-20,9435,2017-03-16,0246,015890,,4,3,9,1000,0,3,5,,2,015,"EXCELSIOR AVE","VALENTINE AVE",554.00,W,N,A,-,N,,,,,,,,,,Y,2,0,1,1,A,-,08,22107,,N,E,I,A,A,H,-,D,D,0,,,,,Y,,A,01,1,0,0,0,0,0,0,0,0,"- ","- ",36.40202,-119.8622,FRESNO,UNINCORPORATED,-119.86210131999999,36.401997969999996
90418379,2017,2017-03-23,9435,2017-03-14,1915,016860,,2,2,9,1000,0,3,5,,2,050,"AUBERRY ROAD","FRAZIER RD",10.00,S,N,A,-,N,,,,,,,,,,Y,2,0,1,1,A,-,01,23152,A,N,E,I,A,A,H,-,D,D,0,,,,,Y,Y,D,22,1,0,0,0,0,0,0,0,0,"- ","- ",37.067390000000003,-119.49396,FRESNO,UNINCORPORATED,-119.49421,37.066322560000003
90423058,2017,2018-10-05,9435,2017-03-05,1435,019895,,7,2,9,1000,0,3,5,,2,040,"MENDOCINO AVENUE","DINUBA AVENUE",0.00,,Y,B,-,N,,,,,,,,,,Y,1,1,5,2,A,-,09,21802,A,N,D,C,A,A,H,-,A,A,0,,,,,Y,,A,01,1,2,2,0,0,0,0,0,0,"- ","- ",36.590429999999998,-119.548,FRESNO,UNINCORPORATED,-119.54798995,36.590409999999999
90423348,2017,2017-03-29,9435,2017-03-28,1710,020419,,2,2,9,1000,0,3,5,,2,034,"GOLDEN STATE BLVD","CENTRAL AVE",2500.00,N,N,A,-,N,,,,,,,,,,N,2,0,1,1,C,-,18,,,N,F,A,A,A,H,-,A,D,0,,Y,,,Y,Y,-,"- ",1,0,0,0,0,0,1,0,0,"- ","- ",36.683149999999998,-119.73993,FRESNO,UNINCORPORATED,-119.73668000000001,36.679870000000001
90423917,2017,2017-03-30,9495,2017-03-20,0350,020418,,1,3,9,1000,0,1,1,,2,002,"INTERSTATE 5 (NORTHBOUND)","JEFFERY AVE.",4752.00,S,N,A,-,Y,,,5,,,,,,,Y,2,0,1,1,A,-,08,22107,,N,E,I,A,A,H,-,D,D,0,,,,,Y,,A,07,1,0,0,0,0,0,0,0,0,"- ","- ",36.359169999999999,-120.32536,FRESNO,UNINCORPORATED,-120.32539359,36.359140160000003
90424344,2017,2017-03-30,9435,2017-03-25,2210,020078,,6,3,9,1000,0,3,5,,2,020,"COLORADO RD",SR-145,600.00,W,N,A,-,N,,,,,,,,,,Y,2,0,2,1,A,-,01,23152,A,N,F,A,A,A,H,-,D,D,0,,,,,Y,Y,A,01,1,1,0,0,0,0,0,0,0,"- ","- ",36.537140000000001,-120.1001,FRESNO,UNINCORPORATED,-120.0979,36.532679999999999
90425966,2017,2017-04-03,9435,2017-03-21,1030,015468,,2,1,9,1000,0,3,5,,2,040,"CLOVIS AVE","NEBRASKA AVE",0.00,,Y,A,-,N,,,,,,,,,,Y,2,0,2,2,A,-,12,22450,A,F,D,C,A,A,H,-,A,A,0,,,,,Y,,A,01,2,0,0,0,0,0,0,0,0,"- ","- ",36.56176,-119.7008,FRESNO,UNINCORPORATED,-119.70053,36.561660080000003
90430868,2017,2017-04-10,9435,2017-04-01,1550,016507,,6,2,9,1000,0,3,5,,2,060,"DUNLAP RD","MILLWOOD RD",3696.00,S,N,A,-,N,,,,,,,,,,Y,2,0,1,1,A,-,08,22107,,N,E,I,A,A,H,-,A,C,0,,,Y,,Y,,C,02,1,0,0,0,0,0,0,0,1,"- ","- ",36.724490000000003,-119.11008,FRESNO,UNINCORPORATED,-119.11018202,36.72486215
90433351,2017,2017-04-13,9435,2017-04-06,0810,017327,,4,1,9,1000,0,3,5,,2,030,"ACADEMY AVENUE S/B","SHIELDS AVENUE",0.00,,Y,B,-,N,,,,,,,,,,Y,2,0,2,2,A,-,09,21801,A,N,D,C,A,A,H,-,A,D,0,,,,,Y,,A,01,1,0,1,0,0,0,0,0,0,"- ","- ",36.77919,-119.55591,FRESNO,UNINCORPORATED,-119.55598985,36.779140060000003
90433363,2017,2017-04-13,9435,2017-04-01,1525,016507,,6,2,9,1000,0,1,3,,2,184,"STATE ROUTE 180","RUTH HILL RD",170.00,W,N,A,-,Y,,,180,,,,,,,Y,2,0,1,2,A,-,06,21751,,N,A,C,A,A,H,-,A,D,0,,,Y,,Y,,A,07,1,0,0,0,0,0,0,0,1,"- ","- ",36.733020000000003,-119.27421,FRESNO,UNINCORPORATED,-119.27420637,36.733006770000003
90437403,2017,2017-04-19,9435,2017-04-11,0617,014363,,2,1,9,1000,0,3,5,,2,030,"MENDOCINO AVENUE","HUNTSMAN AVENUE",965.00,N,N,A,-,N,,,,,,,,,,Y,2,0,2,3,A,-,06,21751,,N,A,C,A,A,H,-,B,D,0,,,,,Y,,A,01,1,0,1,0,0,0,0,0,0,"- ","- ",36.585709999999999,-119.54807,FRESNO,UNINCORPORATED,-119.54804763,36.585878379999997
90438923,2017,2017-04-20,9435,2017-04-16,1325,020429,,7,1,9,1000,0,3,5,,2,040,"COLORADO RD (DIRT EXTENSION)",SR-145,220.00,E,N,B,-,N,,,,,,,,,,N,2,0,1,2,A,-,03,22350,,N,E,C,A,A,H,-,A,D,0,,,Y,,Y,,C,06,1,0,0,0,0,0,0,0,1,"- ","- ",36.532600000000002,-119.09721,FRESNO,UNINCORPORATED,-120.09716299999999,36.53257472
90442232,2017,2017-04-26,9435,2017-04-21,1552,020490,,5,2,7,1005,0,1,3,,2,410,"SR-41 N/B","DAKOTA AVE",200.00,S,N,A,-,Y,,,41,,,,,,N,Y,2,0,1,2,A,-,03,22350,,N,C,C,A,A,H,-,A,D,0,,,Y,,Y,,C,02,1,0,0,0,0,0,0,0,1,"- ","- ",36.785449999999997,-119.78442,FRESNO,FRESNO,-119.78427821,36.785440569999999
90442405,2017,2017-04-26,9435,2017-04-22,2025,020193,,6,2,9,1000,0,1,3,,1,412,"SR-41 N/B","MOUNTAIN VIEW AVE",809.00,N,N,A,-,Y,,,41,,,,,,N,Y,2,0,1,2,A,-,07,21658,A,F,B,C,A,A,H,-,C,D,0,,,Y,,Y,,A,01,1,0,0,0,0,0,0,0,1,"- ","- ",36.547719999999998,-119.78595,FRESNO,UNINCORPORATED,-119.78609242,36.547720480000002
90454249,2017,2017-05-11,9435,2017-05-01,2205,015890,,1,3,7,1005,0,1,3,,2,105,"SR-99 S/B","DAKOTA AVE",2272.00,S,N,A,-,Y,,,99,,,,,,S,Y,2,0,2,1,A,-,08,22107,,N,F,A,A,A,D,-,E,D,0,,,Y,,Y,,C,02,1,1,0,0,0,0,0,0,2,"- ","- ",36.781680000000001,-119.84865000000001,FRESNO,FRESNO,-119.8486051,36.781729650000003
90456657,2017,2017-05-16,9435,2017-05-08,1235,016507,,1,1,9,1000,0,3,5,,2,060,"BUTTONWILLOW AVE","PARLIER AVE",50.00,S,N,A,-,N,,,,,,,,,,Y,2,0,5,2,A,-,08,22107,,N,E,I,A,A,H,-,A,A,0,,,,,Y,,D,22,3,2,0,0,0,0,0,0,0,"- ","- ",36.610700000000001,-119.43082,FRESNO,UNINCORPORATED,-119.43083064,36.611202779999999
90459230,2017,2017-05-19,9435,2017-05-12,2225,019980,,5,3,9,1000,0,3,5,,2,034,"ACADEMY AVENUE N/B","ADAMS AVE",10.00,S,N,A,-,N,,,,,,,,,,Y,2,0,2,2,A,-,01,23152,F,N,C,C,A,A,H,-,D,D,0,,,,,Y,,A,01,1,0,1,0,0,0,0,0,0,"- ","- ",36.634050000000002,-119.55661000000001,FRESNO,UNINCORPORATED,-119.55675008,36.634102550000001
90463349,2017,2017-05-25,9435,2017-05-13,1520,019210,,6,2,7,1005,0,1,3,,2,181,"SR-180 W/B","BROADWAY ST",200.00,W,N,A,-,Y,,,180,,,,,,W,Y,2,0,1,2,A,-,03,22350,,N,C,C,A,A,H,-,A,D,0,,,,,Y,,A,01,1,0,0,0,0,0,0,0,0,"- ","- ",36.747059999999998,-119.80362,FRESNO,FRESNO,-119.80360571,36.747033010000003
90465624,2017,2017-05-26,9435,2017-05-17,0750,015468,,3,1,9,1000,0,3,5,,2,010,"BELMONT AVE","LASSEN AVE",1056.00,W,N,A,-,N,,,,,,,,,,Y,2,0,1,1,A,-,08,22107,,N,F,I,A,A,H,-,A,D,0,,,,,Y,,D,22,1,0,0,0,0,0,0,0,0,"- ","- ",36.749459999999999,-120.09967,FRESNO,UNINCORPORATED,-120.0996827,36.749526090000003
90466461,2017,2017-05-29,9461,2017-05-19,2216,018586,,5,3,9,1000,0,1,1,,2,305,"I-5 S/B","SHIELDS AVE",10560.00,N,N,A,-,Y,,,5,,,,,,S,Y,2,0,1,1,A,-,01,23152,A,N,F,A,A,A,H,-,D,D,0,,,,,Y,Y,A,07,1,0,0,0,0,0,0,0,0,"- ","- ",36.802779999999998,-120.74154,FRESNO,UNINCORPORATED,-120.74149013,36.802814169999998
90468798,2017,2017-06-01,9435,2017-05-22,0809,018823,,1,1,7,1005,0,1,3,,2,410,"SR-41 N/B","PRINCETON AVE",12.00,N,N,A,-,Y,,,41,,,,,,N,Y,2,0,1,2,A,-,07,21658,A,F,B,C,A,A,H,-,A,D,0,,,Y,,Y,,A,01,1,0,0,0,0,0,0,0,1,"- ","- ",36.776000000000003,-119.7847,FRESNO,FRESNO,-119.78480944,36.77600726
90469984,2017,2018-01-10,9435,2017-04-30,2149,018912,,7,2,9,1000,0,1,3,,1,168,"STATE ROUTE 168","SHEPHERD AVENUE",1584.00,W,N,A,-,Y,,,168,,,,,,,Y,1,1,1,2,A,-,05,21460,A,N,A,C,A,A,H,-,D,D,0,,,,,Y,,A,01,1,0,0,0,0,0,0,0,0,"- ","- ",36.866720000000001,-119.5706,FRESNO,UNINCORPORATED,-119.57060027,36.866745909999999
90470078,2017,2017-06-02,9435,2017-05-26,1527,020490,,5,2,9,1000,0,3,5,,2,040,"WEST AVE","KAMM AVE",921.00,S,N,A,-,N,,,,,,,,,,Y,2,0,1,1,A,-,08,22107,,N,E,I,A,A,H,-,A,D,0,,,,,Y,,D,22,1,0,0,0,0,0,0,0,0,"- ","- ",36.530459999999998,-119.82682,FRESNO,UNINCORPORATED,-119.82689221,36.53017191
90471111,2017,2017-06-05,9461,2017-05-25,1120,017329,,4,1,9,1000,0,1,1,,2,305,"I-5 N/B","OXFORD AVENUE",250.00,N,N,A,-,Y,,,5,,,,,,N,Y,2,0,1,1,A,-,08,22107,,N,E,I,A,A,H,-,A,D,0,,,,Y,Y,,F,25,1,0,0,0,0,0,0,0,0,"- ","- ",36.761189999999999,-120.71252,FRESNO,UNINCORPORATED,-120.71248543999999,36.761213980000001
90471742,2017,2017-06-06,9435,2017-04-14,2258,019980,,5,3,9,1000,0,3,5,,2,034,"FRESNO STREET","ZEDIKER AVENUE",0.00,,Y,A,-,N,,,,,,,,,,Y,1,1,0,1,A,-,03,22350,,N,E,I,A,A,H,-,C,A,0,,,Y,,Y,,C,02,0,0,0,0,0,0,0,1,0,"- ","- ",36.611350000000002,-119.52088999999999,FRESNO,UNINCORPORATED,-119.52095996,36.611310080000003
90475514,2017,2017-06-12,9435,2017-06-03,1420,020082,,6,2,9,1000,0,3,5,,2,010,"DICKENSON AVE","SHAW AVE",0.00,,Y,A,-,N,,,,,,,,,,Y,2,0,2,2,A,-,09,21802,A,N,D,C,A,A,H,-,A,A,0,,,,,Y,,A,08,1,0,1,0,0,0,0,0,0,"- ","- ",36.807789999999997,-119.97051999999999,FRESNO,UNINCORPORATED,-119.97033987,36.807740019999997
90477115,2017,2017-06-13,9435,2017-06-06,1858,017088,,2,2,9,1000,0,3,5,,2,060,"REED AVE","VINO AVE.",0.00,,Y,A,-,N,,,,,,,,,,Y,2,0,3,2,A,-,12,22450,A,N,D,C,A,A,H,-,A,A,0,,,,,Y,,D,22,2,1,0,0,0,0,0,0,0,"- ","- ",36.658740000000002,-119.45762000000001,FRESNO,UNINCORPORATED,-119.45754994000001,36.658560020000003
90481406,2017,2018-01-11,9435,2017-06-02,1650,020193,,5,2,9,1000,0,3,5,,2,015,"NORTH AVENUE","BISHOP AVENUE",478.00,W,N,A,-,N,,,,,,,,,,Y,1,1,1,1,A,-,01,23152,A,N,E,I,A,A,H,-,A,D,0,,,,,Y,Y,A,01,0,1,0,0,0,0,0,0,0,"- ","- ",36.691319999999997,-120.00870999999999,FRESNO,UNINCORPORATED,-120.00837944,36.691365619999999
90482898,2016,2017-06-21,9435,2016-06-21,1731,019926,,2,2,7,1005,0,1,3,,2,182,"SR-180 E/B","PEACH AVE",2640.00,E,N,A,-,Y,,,180,,,,,,E,Y,2,0,1,2,A,-,08,22107,,N,B,C,A,A,H,-,A,D,0,,,,,Y,,D,22,1,0,0,0,0,0,0,0,0,"- ","- ",36.753030000000003,-119.71052,FRESNO,FRESNO,-119.71052152999999,36.752982699999997
90488269,2017,2017-06-27,9435,2017-06-04,1914,020193,,7,2,9,1000,0,1,3,,1,147,SR-145,"ELKHORN AVENUE",2073.00,N,N,A,-,Y,,,145,,,,,,,Y,1,3,1,2,A,-,05,21650,,N,A,C,A,A,H,-,A,D,0,,,,,Y,,A,01,1,0,0,0,0,0,0,0,0,"- ","- ",36.493040000000001,-120.09824,FRESNO,UNINCORPORATED,-120.09830276,36.493040639999997
90492642,2017,2017-07-03,9495,2017-06-24,1542,019205,,6,2,9,1000,0,1,1,,2,001,"INTERSTATE 5 FREEWAY (SOUTHBOUND)","ARROYO HONDO U/C",528.00,S,N,A,-,Y,,,5,,,,,,,Y,2,0,2,1,C,-,18,,,N,F,A,A,A,H,-,A,D,0,,,Y,,Y,,-,"- ",1,1,0,0,0,0,0,0,2,"- ","- ",36.476529999999997,-120.43259,FRESNO,UNINCORPORATED,-120.43252665,36.476590139999999
90497798,2017,2017-07-11,9435,2017-06-29,0348,020064,,4,3,7,1005,0,1,3,,2,105,"SR-99 S/B","CLINTON AVENUE",653.00,N,N,B,-,Y,,,99,,,,,,S,Y,2,0,2,2,C,-,18,,,N,D,C,A,A,C,D,D,D,0,,,,,Y,,-,"- ",2,0,0,0,0,0,0,0,0,"- ","- ",36.777349999999998,-119.84374,FRESNO,FRESNO,-119.84378012000001,36.777306950000003
90498324,2017,2017-07-11,9435,2017-04-12,2105,019610,,3,2,9,1000,0,3,5,,2,030,"ACADEMY AVENUE","BELMONT AVENUE",2112.00,N,N,A,-,N,,,,,,,,,,Y,1,1,0,2,A,-,17,21200,,N,B,G,A,A,H,-,D,A,0,,Y,,,Y,,L,04,0,0,0,0,0,1,0,0,0,"- ","- ",36.756189999999997,-119.55598000000001,FRESNO,UNINCORPORATED,-119.55618002999999,36.755866410000003
90500463,2017,2017-07-14,9435,2017-06-09,1232,020193,,5,1,9,1000,0,3,5,,2,015,"MANNING AVENUE","ORANGE AVENUE",0.00,,Y,A,-,N,,,,,,,,,,Y,1,1,1,2,A,-,09,21802,A,N,D,C,A,A,H,-,A,A,0,,,Y,,Y,,D,22,0,1,0,0,0,0,0,1,0,"- ","- ",36.605319999999999,-119.76390000000001,FRESNO,UNINCORPORATED,-119.76387999000001,36.605320079999998
90516533,2017,2017-08-04,9435,2017-07-25,1817,020481,,2,2,9,1000,0,3,5,,2,030,"AUBERRY ROAD","FOOTHILL LANE",1056.00,N,N,A,-,N,,,,,,,,,,Y,2,0,4,4,A,-,01,23152,A,N,C,G,A,A,H,-,A,D,0,,Y,Y,,Y,Y,C,02,3,1,0,0,0,0,3,0,1,"- ","- ",36.914250000000003,-119.71577000000001,FRESNO,UNINCORPORATED,-119.71579213,36.915078289999997
90517642,2017,2017-08-07,9435,2017-07-29,1908,020122,,6,2,7,1005,0,1,3,,2,410,"SR-41 S/B","BROADWAY ST",450.00,S,N,A,-,Y,,,41,,,,,,S,Y,2,0,1,2,A,-,03,22350,,N,C,C,A,A,H,-,A,D,0,,,,,Y,,D,22,1,0,0,0,0,0,0,0,0,"- ","- ",36.726509999999998,-119.78448,FRESNO,FRESNO,-119.7844411,36.726489630000003
90529006,2017,2018-02-01,9435,2017-08-14,1940,019523,,1,2,9,1000,0,3,5,,2,034,"ACADEMY AVE S/B","5TH AVE",189.00,N,N,A,-,N,,,,,,,,,,Y,2,0,1,1,A,-,01,23152,A,N,F,A,A,A,H,-,A,D,0,,,,,Y,Y,A,07,1,0,0,0,0,0,0,0,0,"- ","- ",36.616599999999998,-119.55695,FRESNO,UNINCORPORATED,-119.55659916,36.709671219999997
90535033,2017,2017-08-28,9435,2017-08-21,0032,020078,,1,3,9,1000,0,3,5,,2,040,"MOUNTAIN VIEW AVE","MADSEN AVE",790.00,E,N,A,-,N,,,,,,,,,,Y,2,0,2,1,A,-,01,23152,A,N,F,A,A,A,H,-,D,D,0,,,,,Y,Y,A,01,1,1,0,0,0,0,0,0,0,"- ","- ",36.546770000000002,-119.53606000000001,FRESNO,UNINCORPORATED,-119.53611286,36.546819999999997
90538196,2017,2017-08-31,9435,2017-08-27,1432,020680,,7,2,9,1000,0,3,5,,2,034,"S. BARTON SQ.","E. BARTON SQ.",10.00,W,N,A,-,N,,,,,,,,,,Y,2,0,1,1,C,-,18,,,N,E,I,A,A,H,-,A,D,0,,,,,Y,,-,"- ",1,0,0,0,0,0,0,0,0,"- ","- ",36.707790000000003,-119.75999,FRESNO,UNINCORPORATED,-119.75985382,36.707846549999999
90539674,2017,2017-09-04,9495,2017-08-25,2220,021031,,5,3,9,1000,0,1,1,,2,001,"INTERSTATE 5 SOUTHBOUND","MOUNTAIN VIEW AVENUE",1584.00,N,N,A,-,Y,,,5,,,,,,S,Y,2,0,1,1,A,-,08,22107,,N,F,A,A,A,H,-,D,D,0,,,,,Y,,D,22,1,0,0,0,0,0,0,0,0,"- ","- ",36.555210000000002,-120.51990000000001,FRESNO,UNINCORPORATED,-120.52013660999999,36.554893649999997
90542882,2017,2017-09-07,9495,2017-06-15,0721,020434,,4,1,9,1000,0,1,3,,1,008,"STATE ROUTE 198","CALIFORNIA AQUEDUCT (EAST BANK)",0.00,,Y,A,-,Y,,,,,,,,,,Y,1,1,0,2,A,-,09,21804,A,N,D,C,A,A,D,-,A,A,0,,,Y,Y,Y,,G,27,0,0,0,0,0,0,0,1,0,"- ","- ",36.249899999999997,-120.09684,FRESNO,UNINCORPORATED,,
90546157,2017,2017-09-12,9495,2017-09-04,2340,20716,,1,3,9,1000,0,1,1,,2,002,"INTERSTATE 5 SOUTHBOUND (WEST SIDE FWY)","STATE ROUTE 145",226.00,N,N,A,-,Y,,,,,,,,,,Y,2,0,2,2,A,-,03,22350,,N,C,C,A,A,H,-,D,D,0,,,,,Y,,A,08,1,1,0,0,0,0,0,0,0,"- ","- ",36.174100000000003,-120.16110999999999,FRESNO,UNINCORPORATED,,
90549764,2017,2017-09-18,9435,2017-09-07,1550,019895,,4,2,9,1000,0,3,5,,2,040,"CLOVIS AVE","MOUNTAIN VIEW AVE",0.00,,Y,A,-,N,,,,,,,,,,Y,2,0,1,2,A,-,09,21802,A,N,D,C,A,A,H,-,A,A,0,,,,Y,Y,,A,07,1,0,0,0,0,0,0,0,0,"- ","- ",36.541719999999998,-119.70071,FRESNO,UNINCORPORATED,-119.70068000000001,36.547200050000001
90550761,2017,2017-09-19,9435,2017-09-08,1047,016507,,5,1,9,1000,0,1,3,,2,184,"STATE ROUTE 180 (KINGS CANYON ROAD)","MILLWOOD RD",10.00,W,N,A,-,Y,,,180,,,,,,,Y,2,0,4,1,A,-,08,22107,,N,E,I,A,A,H,-,A,D,0,,,,,Y,,A,07,2,2,0,0,0,0,0,0,0,"- ","- ",36.747480000000003,-119.05201,FRESNO,UNINCORPORATED,-119.05202622,36.747533310000001
90553217,2017,2017-09-21,9495,2017-09-09,0549,020434,,6,3,9,1000,0,3,5,,2,053,"GALE AVE","S. TRINITY AVE",1056.00,W,N,A,-,N,,,,,,,,,,Y,2,0,7,3,A,-,08,22107,,N,B,C,A,A,H,-,D,D,0,,,,,Y,,A,07,1,3,3,0,0,0,0,0,0,"- ","- ",36.181370000000001,-120.1258,FRESNO,UNINCORPORATED,-120.12480646,36.181314110000002
90556556,2017,2017-09-27,9435,2017-09-19,1800,019369,,2,2,7,1005,0,1,3,,2,106,"SR-99 N/B","CENTRAL AVE",1307.00,N,N,A,-,Y,,,,,,,,,,Y,2,0,1,2,A,-,08,22107,,N,D,C,A,A,H,-,A,D,0,,,,Y,Y,,A,07,1,0,0,0,0,0,0,0,0,"- ","- ",36.680610000000001,-119.74444,FRESNO,FRESNO,-119.74429216999999,36.680484280000002
90556581,2017,2017-09-27,9435,2017-09-19,1730,019523,,2,2,9,1000,0,3,5,,2,034,"CENTRAL AVE","INDIANOLA AVE",1100.00,W,N,A,-,N,,,,,,,,,,Y,2,0,1,1,A,-,01,23152,A,N,F,A,A,A,H,-,A,D,0,,,,,Y,Y,A,01,1,0,0,0,0,0,0,0,0,"- ","- ",36.677729999999997,-119.58748,FRESNO,UNINCORPORATED,-119.58711809,36.67768762
90557254,2017,2017-09-27,9435,2017-09-21,1100,017489,,4,1,7,1005,0,1,3,,2,410,"SR-41 S/B","GETTYSBURG AVENUE",1056.00,S,N,B,-,Y,,,41,,,,,,S,Y,2,0,1,1,A,-,08,22107,,N,E,I,A,A,H,-,A,D,0,,,,,Y,,A,01,1,0,0,0,0,0,0,0,0,"- ","- ",36.798999999999999,-119.7856,FRESNO,FRESNO,-119.78547241,36.799001250000003
90566494,2017,2017-10-10,9435,2017-08-01,0429,018860,,2,3,7,1005,0,1,3,,2,410,"SR-41 S/B TO SR-168 E/B","FIRST STREET",2659.00,E,N,A,-,Y,,,,,,,,,,Y,1,1,0,1,A,-,08,22107,,N,E,I,A,A,H,-,C,D,0,,,,,Y,,A,01,0,0,0,0,0,0,0,0,0,"- ","- ",36.754399999999997,-119.76396,FRESNO,FRESNO,,
90566677,2017,2017-10-10,9435,2017-10-01,2300,020871,,7,3,9,1000,0,3,5,,2,020,"JAMESON AVENUE","SWANSON AVENUE",0.00,,Y,A,-,N,,,,,,,,,,Y,2,0,1,2,D,-,00,,,N,A,C,A,A,H,-,D,D,0,,,,,Y,Y,-,"- ",1,0,0,0,0,0,0,0,0,"- ","- ",36.495179999999998,-119.98990000000001,FRESNO,UNINCORPORATED,-119.98981990999999,36.495230110000001