CASE_ID,ACCIDENT_YEAR,PROC_DATE,JURIS,COLLISION_DATE,COLLISION_TIME,OFFICER_ID,REPORTING_DISTRICT,DAY_OF_WEEK,CHP_SHIFT,POPULATION,CNTY_CITY_LOC,SPECIAL_COND,BEAT_TYPE,CHP_BEAT_TYPE,CITY_DIVISION_LAPD,CHP_BEAT_CLASS,BEAT_NUMBER,PRIMARY_RD,SECONDARY_RD,DISTANCE,DIRECTION,INTERSECTION,WEATHER_1,WEATHER_2,STATE_HWY_IND,CALTRANS_COUNTY,CALTRANS_DISTRICT,STATE_ROUTE,ROUTE_SUFFIX,POSTMILE_PREFIX,POSTMILE,LOCATION_TYPE,RAMP_INTERSECTION,SIDE_OF_HWY,TOW_AWAY,COLLISION_SEVERITY,NUMBER_KILLED,NUMBER_INJURED,PARTY_COUNT,PRIMARY_COLL_FACTOR,PCF_CODE_OF_VIOL,PCF_VIOL_CATEGORY,PCF_VIOLATION,PCF_VIOL_SUBSECTION,HIT_AND_RUN,TYPE_OF_COLLISION,MVIW,PED_ACTION,ROAD_SURFACE,ROAD_COND_1,ROAD_COND_2,LIGHTING,CONTROL_DEVICE,CHP_ROAD_TYPE,PEDESTRIAN_ACCIDENT,BICYCLE_ACCIDENT,MOTORCYCLE_ACCIDENT,TRUCK_ACCIDENT,NOT_PRIVATE_PROPERTY,ALCOHOL_INVOLVED,STWD_VEHTYPE_AT_FAULT,CHP_VEHTYPE_AT_FAULT,COUNT_SEVERE_INJ,COUNT_VISIBLE_INJ,COUNT_COMPLAINT_PAIN,COUNT_PED_KILLED,COUNT_PED_INJURED,COUNT_BICYCLIST_KILLED,COUNT_BICYCLIST_INJURED,COUNT_MC_KILLED,COUNT_MC_INJURED,PRIMARY_RAMP,SECONDARY_RAMP,LATITUDE,LONGITUDE,COUNTY,CITY,POINT_X,POINT_Y
90567102,2017,2017-10-10,9435,2017-09-20,1745,015181,,3,2,9,1000,0,3,5,,2,040,"PEACH AVENUE","MANNING AVENUE",0.00,,Y,A,-,N,,,,,,,,,,Y,2,0,3,3,A,-,12,22450,A,N,D,C,A,A,H,-,A,A,0,,,,,Y,,D,22,1,1,1,0,0,0,0,0,0,"- ","- ",36.605440000000002,-119.71836999999999,FRESNO,UNINCORPORATED,-119.71834987,36.605420019999997
90570150,2017,2017-10-13,9435,2017-10-03,0635,015556,,2,1,9,1000,0,3,5,,2,015,"ELM AVE","CENTRAL AVE",307.00,S,N,A,-,N,,,,,,,,,,N,2,0,1,2,A,-,17,21200,,N,D,G,A,A,H,-,B,D,0,,Y,,,Y,Y,L,04,1,0,0,0,0,0,1,0,0,"- ","- ",36.676870000000001,-119.79073,FRESNO,UNINCORPORATED,-119.79077002,36.6770973
90571351,2017,2017-10-16,9435,2017-10-07,1420,016507,,6,2,9,1000,0,1,3,,2,184,"STATE ROUTE 180 (KINGS CYN ROAD)","STATE ROUTE 63",5808.00,W,N,A,-,Y,,,180,,,,,,,Y,2,0,4,1,A,-,08,22107,,N,E,I,A,A,H,-,A,D,0,,,,,Y,,A,01,1,3,0,0,0,0,0,0,0,"- ","- ",36.723790000000001,-119.30285000000001,FRESNO,UNINCORPORATED,-119.30285517999999,36.723822310000003
90571454,2017,2017-10-16,9435,2017-09-10,0056,018912,,7,3,7,1005,0,1,3,,1,183,"STATE ROUTE 180 EASTBOUND TO PEACH AVE","PEACH AVENUE",740.00,W,N,A,-,Y,,,180,,,,R,,E,Y,1,1,1,1,A,-,03,22350,,N,F,J,A,A,H,-,C,D,0,,,,,Y,,D,22,0,1,0,0,0,0,0,0,0,"- ","- ",36.752310000000001,-119.72042999999999,FRESNO,FRESNO,-119.72042999999999,36.752310000000001
90574298,2017,2017-10-19,9495,2017-08-28,0745,020021,,1,1,9,1000,0,3,5,,2,053,"BUTTE AVENUE","PHELPS AVENUE",528.00,N,N,A,-,N,,,,,,,,,,Y,1,1,0,3,A,-,08,22107,,N,A,C,A,A,H,-,A,D,0,,,,Y,Y,,A,01,0,0,0,0,0,0,0,0,0,"- ","- ",36.153689999999997,-120.15656,FRESNO,UNINCORPORATED,-120.156547,36.153659699999999
90581178,2017,2017-10-27,9435,2017-10-18,2300,019263,,3,3,9,1000,0,3,5,,2,050,"MCKINLEY GROVE RD","DINKEY CREEK RD",14256.00,S,N,A,-,N,,,,,,,,,,Y,2,0,1,1,A,-,01,23152,A,N,E,I,A,A,H,-,D,D,0,,,,,Y,Y,D,22,1,0,0,0,0,0,0,0,0,"- ","- ",37.044960000000003,-119.12836,FRESNO,UNINCORPORATED,-119.1567,37.067369999999997
90588949,2017,2017-11-07,9435,2017-10-26,0938,014363,,4,1,9,1000,0,3,5,,2,034,"ARMSTRONG AVENUE","JENSEN AVENUE (WESTBOUND)",0.00,,Y,A,-,N,,,,,,,,,,Y,2,0,1,2,A,-,09,21802,A,N,D,C,A,A,H,-,A,D,0,,,,,Y,,A,07,1,0,0,0,0,0,0,0,0,"- ","- ",36.707509999999999,-119.67308,FRESNO,UNINCORPORATED,-119.67302986,36.707509999999999
90590279,2017,2017-11-08,9435,2017-10-28,0527,020019,,6,3,9,1000,0,3,5,,2,020,"MOUNTAIN VIEW AVENUE","ELM AVENUE",170.00,E,N,A,-,N,,,,,,,,,,N,2,0,1,2,A,-,11,21954,A,N,G,B,E,A,H,-,D,D,0,Y,,,,Y,,N,60,1,0,0,0,1,0,0,0,0,"- ","- ",36.5473,-119.7903,FRESNO,UNINCORPORATED,-119.79041170000001,36.547343349999998
90592783,2017,2017-11-13,9435,2017-11-02,2110,019210,,4,2,7,1005,0,1,3,,2,181,"SR-180 W/B TO BLACKSTONE AVE","BLACKSTONE AVE",234.00,W,N,A,-,Y,,,180,,,,R,,W,Y,2,0,1,1,A,-,03,22350,,N,F,A,A,A,H,-,A,D,0,,,Y,,Y,,C,02,1,0,0,0,0,0,0,0,1,"- ","- ",36.752249999999997,-119.79165999999999,FRESNO,FRESNO,-119.79165999999999,36.752249999999997
90596734,2017,2017-11-17,9435,2017-11-09,0715,015026,,4,1,9,1000,0,3,5,,2,030,"MCKINLEY AVE","DEWOLF AVE",0.00,,Y,A,-,N,,,,,,,,,,Y,2,0,3,2,A,-,09,21801,A,N,D,C,A,A,H,-,A,D,0,,,,,Y,,A,01,1,0,2,0,0,0,0,0,0,"- ","- ",36.764789999999998,-119.64599,FRESNO,UNINCORPORATED,-119.64598991,36.764760029999998
90599131,2017,2017-11-21,9435,2017-11-10,2325,017518,,5,3,7,1005,0,1,3,,1,168,"SR-168 W/B","GETTYSBURG AVE",675.00,E,N,A,-,Y,,,168,,,,,,W,Y,2,0,2,2,A,-,01,23152,A,N,A,C,A,A,H,-,C,D,0,,,,,Y,Y,A,01,1,1,0,0,0,0,0,0,0,"- ","- ",36.802840000000003,-119.73872,FRESNO,FRESNO,-119.73878698,36.802901640000002
90599179,2017,2017-11-21,9435,2017-11-12,0210,020060,,7,3,7,1005,0,1,3,,2,181,"SR-180 W/B TO FULTON ST","FULTON ST",310.00,W,N,A,-,Y,,,180,,,,R,,W,Y,2,0,3,1,A,-,01,23152,A,N,E,I,A,A,H,-,C,D,0,,,,,Y,Y,A,01,1,2,0,0,0,0,0,0,0,"- ","- ",36.74879,-119.80114,FRESNO,FRESNO,-119.80114,36.74879
90604863,2017,2017-11-29,9435,2017-11-20,1635,020082,,1,2,9,1000,0,3,5,,2,034,"ANNADALE AVE","ROSS AVE",1139.00,E,N,A,-,N,,,,,,,,,,Y,2,0,1,1,A,-,08,22107,,N,F,A,A,A,H,-,A,D,0,,,,,Y,,A,01,1,0,0,0,0,0,0,0,0,"- ","- ",36.698920000000001,-119.53243000000001,FRESNO,UNINCORPORATED,-119.52864895,36.699322420000001
90606040,2017,2017-11-30,9495,2017-10-21,1505,020021,,6,2,9,1000,0,1,3,,2,005,"STATE ROUTE 33 (FRESNO COALINGA ROAD)","STATE ROUTE 198",3696.00,N,N,A,-,Y,,,33,,,,,,,Y,1,1,0,1,A,-,08,22107,,N,F,A,A,A,H,-,A,D,0,,,,,Y,,D,22,0,0,0,0,0,0,0,0,0,"- ","- ",36.256749999999997,-120.31482,FRESNO,UNINCORPORATED,-120.3147673,36.256741230000003
90610206,2017,2017-12-05,9435,2017-11-24,1730,020481,,5,2,7,1005,0,1,3,,2,410,"STATE ROUTE 41 NORTHBOUND","SHAW AVENUE",1584.00,S,N,A,-,Y,,,41,,,,,,N,Y,2,0,2,2,A,-,03,22350,,N,C,C,A,A,H,-,C,D,0,,,,,Y,Y,A,01,1,1,0,0,0,0,0,0,0,"- ","- ",36.804160000000003,-119.78507999999999,FRESNO,FRESNO,-119.78511345,36.804160359999997
90613900,2017,2017-12-11,9435,2017-11-30,1407,020429,,4,2,9,1000,0,3,5,,2,010,"MAROA AVE","SAMPLE AVE",176.00,N,N,A,-,N,,,,,,,,,,Y,2,0,1,1,A,-,03,22350,,N,E,I,A,A,H,-,A,D,0,,,,,Y,,A,01,1,0,0,0,0,0,0,0,0,"- ","- ",36.82741,-119.79922000000001,FRESNO,UNINCORPORATED,-119.79931347,36.827363079999998
90613940,2017,2017-12-11,9435,2017-12-02,0950,015986,,6,1,7,1005,0,1,3,,2,105,"SR-99 N/B","ASHLAN AVE",1000.00,S,N,A,-,Y,,,99,,,,,,N,Y,2,0,1,1,A,-,08,22107,,N,F,I,A,A,H,-,A,D,0,,,,,Y,,A,07,1,0,0,0,0,0,0,0,0,"- ","- ",36.790439999999997,-119.85826,FRESNO,FRESNO,-119.8583632,36.790212339999997
90615614,2017,2017-12-12,9435,2017-08-08,2500,016270,,2,4,9,1000,0,1,3,,2,184,"STATE ROUTE 180 (KINGS CANYON ROAD)","HUME ROAD",63888.00,E,N,A,-,Y,,,180,,,,,,,Y,1,2,0,1,A,-,08,22107,,N,E,I,A,A,H,-,A,D,0,,,,,Y,,A,01,0,0,0,0,0,0,0,0,0,"- ","- ",36.824350000000003,-118.83011999999999,FRESNO,UNINCORPORATED,-118.83011393,36.824328059999999
90618424,2017,2017-12-15,9435,2017-12-10,0335,020062,,7,3,7,1005,0,1,3,,2,410,"SR41 N/B","SR180 E/B",792.00,S,N,A,-,Y,,,41,,,,,,N,Y,2,0,2,2,A,-,01,23152,A,N,E,I,A,A,H,-,D,A,0,,,,,Y,Y,D,22,1,0,1,0,0,0,0,0,0,"- ","- ",36.752600000000001,-119.77565,FRESNO,FRESNO,-119.7758621,36.752609079999999
90620241,2017,2017-12-19,9495,2017-12-12,0630,019829,,2,1,9,1000,0,3,5,,2,053,"S. BUTTE AVENUE","JAYNE AVENUE",2000.00,N,N,A,-,N,,,,,,,,,,Y,2,0,1,1,A,-,08,22107,,N,E,I,A,A,H,-,A,D,0,,,,,Y,,A,01,1,0,0,0,0,0,0,0,0,"- ","- ",36.144500000000001,-120.15611,FRESNO,UNINCORPORATED,-120.15643710000001,36.14327136
90626552,2017,2017-12-26,9435,2017-09-24,0933,019791,,7,1,7,1005,0,1,3,,2,105,"STATE ROUTE 99 NORTHBOUND","MCKINLEY AVENUE",14.00,S,N,A,-,Y,,,99,,,,,,N,Y,1,1,1,3,A,-,03,22350,,N,C,C,A,A,D,-,A,D,0,,,,Y,Y,,A,01,0,1,0,0,0,0,0,0,0,"- ","- ",36.76464,-119.83405999999999,FRESNO,FRESNO,-119.83402153999999,36.764661619999998
90632814,2017,2018-01-04,9435,2017-12-29,1015,018049,,5,1,9,1000,0,3,5,,2,040,"DE WOODY AVENUE","RIVERDALE AVE",102.00,W,N,A,-,N,,,,,,,,,,Y,2,0,1,1,A,-,03,22350,,N,F,A,A,A,H,-,A,D,0,,,,Y,Y,,G,25,1,0,0,0,0,0,0,0,0,"- ","- ",36.437809999999999,-119.66413,FRESNO,UNINCORPORATED,-119.66409741,36.437791189999999
90641320,2018,2018-05-17,9435,2018-01-10,0650,018049,,3,1,9,1000,0,3,5,,2,040,"MOUNTAIN VIEW AVE","TEMPERANCE AVE",98.00,E,N,B,-,N,,,,,,,,,,Y,2,0,5,2,A,-,06,21751,,N,A,C,A,A,H,-,A,D,0,,,,,Y,,A,01,5,0,0,0,0,0,0,0,0,"- ","- ",36.547309875488281,-119.66393280029297,FRESNO,UNINCORPORATED,-119.66437530517578,36.547161102294922
90641899,2018,2018-06-12,9435,2018-01-04,1800,019895,,4,2,9,1000,0,3,5,,2,020,"FOWLER AVE","KINGS RIVER",107.00,N,N,A,-,N,,,,,,,,,,N,2,0,1,2,A,-,03,22350,,F,C,G,A,A,H,-,D,D,0,,Y,,,Y,,A,01,1,0,0,0,0,0,1,0,0,"- ","- ",36.426498413085938,-119.68625640869141,FRESNO,UNINCORPORATED,-119.68624877929688,36.426624298095703
90643438,2017,2018-01-19,9435,2017-12-31,2020,020078,,7,2,9,1000,0,1,3,,1,412,"SR-41 S/B","MANNING AVE",0.00,,Y,A,-,Y,,,41,,,,,,S,Y,2,0,6,2,A,-,01,23152,A,N,C,C,A,A,H,-,C,A,0,,,,,Y,Y,A,07,1,2,3,0,0,0,0,0,0,"- ","- ",36.605289999999997,-119.78617,FRESNO,UNINCORPORATED,-119.78598959999999,36.605289569999997
90644506,2018,2018-01-22,9435,2018-01-09,0815,017489,,2,1,7,1005,0,1,3,,2,105,"SR-99 N/B","CLINTON AVENUE O/C S/EDGE",105.00,S,N,B,C,Y,,,99,,,,,,N,Y,2,0,1,1,A,-,08,22107,,N,E,J,A,B,H,-,A,D,0,,,,,Y,,A,01,1,0,0,0,0,0,0,0,0,"- ","- ",36.771648406982422,-119.83834838867188,FRESNO,FRESNO,-119.83827209472656,36.771697998046875
90650653,2017,2018-01-29,9495,2017-12-27,0010,020942,,3,3,9,1000,0,1,1,,2,002,"INTERSTATE 5, NORTHBOUND","STATE ROUTE 33 (DERRICK AVENUE)",7022.00,S,N,A,-,Y,,,5,,,,,,N,Y,1,1,4,4,A,-,03,22350,,N,C,C,A,A,H,-,D,D,0,,,,Y,Y,,G,25,1,3,0,0,0,0,0,0,0,"- ","- ",36.419730000000001,-120.3796,FRESNO,UNINCORPORATED,-120.37960339999999,36.419726969999999
90650818,2017,2018-01-30,9435,2017-12-09,0400,020871,,6,3,9,1000,0,3,5,,2,015,"LINCOLN AVENUE","BISHOP AVENUE",500.00,E,N,A,-,N,,,,,,,,,,Y,1,1,0,1,A,-,08,22107,,N,E,I,A,A,H,-,D,D,0,,,,,Y,,A,07,0,0,0,0,0,0,0,0,0,"- ","- ",36.6477,-120.00483,FRESNO,UNINCORPORATED,-120.00531732,36.647632180000002
90650944,2018,2018-01-30,9435,2018-01-27,1140,017310,,6,1,9,1000,0,3,5,,2,040,"KAMM AVE","BETHEL AVE",1584.00,E,N,A,-,N,,,,,,,,,,Y,2,0,1,1,A,-,08,22107,,N,F,A,A,A,H,-,A,D,0,,,,,Y,,A,07,1,0,0,0,0,0,0,0,0,"- ","- ",36.532508850097656,-119.57044219970703,FRESNO,UNINCORPORATED,-119.57637786865234,36.532459259033203
90658993,2017,2018-02-21,9435,2017-07-09,0148,019980,,7,3,9,1000,0,3,5,,2,030,"ACADEMY AVENUE","SHIELDS AVENUE",742.00,S,N,A,-,N,,,,,,,,,,Y,1,4,2,2,A,-,01,23152,A,N,A,C,A,A,H,-,D,D,0,,,,,Y,Y,A,07,2,0,0,0,0,0,0,0,0,"- ","- ",36.77758,-119.55583,FRESNO,UNINCORPORATED,-119.55599266999999,36.777103580000002
90658999,2018,2018-02-12,9435,2018-02-01,1815,020854,,4,2,7,1005,0,1,3,,2,181,"SR-180 W/B","H STREET",450.00,E,N,A,-,Y,,,180,,,,,,W,Y,2,0,2,3,A,-,03,22350,,N,C,C,A,A,H,-,D,D,0,,,,,Y,,A,01,1,1,0,0,0,0,0,0,0,"- ","- ",36.746120452880859,-119.80534362792969,FRESNO,FRESNO,-119.80533599853516,36.746116638183594
90660201,2018,2018-02-13,9435,2018-02-02,2223,019962,,5,3,9,1000,0,3,5,,2,040,"FLORAL AVENUE","CHERRY AVENUE",270.00,E,N,A,-,N,,,,,,,,,,Y,2,0,2,2,A,-,21,22106,,N,H,C,A,A,H,-,D,D,0,,,,,Y,,M,44,1,0,1,0,0,0,0,0,0,"- ","- ",36.576320648193359,-119.78096008300781,FRESNO,UNINCORPORATED,-119.78102111816406,36.576255798339844
90660576,2018,2018-02-13,9435,2018-02-10,0146,020193,,6,3,9,1000,0,1,3,,2,105,"SR-99 N/B","MADERA COUNTY LINE",700.00,S,N,A,-,Y,,,,,,,,,,Y,2,0,1,1,A,-,08,22107,,N,F,A,A,A,H,-,D,D,0,,,,,Y,,A,01,1,0,0,0,0,0,0,0,0,"- ","- ",36.642200469970703,-119.93061828613281,FRESNO,UNINCORPORATED,,
90663045,2018,2018-02-16,9435,2018-02-09,2105,020419,,5,2,9,1000,0,3,5,,2,010,"OLIVE AVE","MARKS AVE",1150.00,W,N,A,-,N,,,,,,,,,,Y,2,0,2,2,A,-,09,21801,A,N,D,C,A,A,H,-,D,D,0,,,,,Y,,A,07,2,0,0,0,0,0,0,0,0,"- ","- ",36.757358551025391,-119.84838104248047,FRESNO,UNINCORPORATED,-119.84824371337891,36.757419586181641
90666283,2018,2019-05-03,9435,2018-01-10,1945,019473,,3,2,9,1000,0,1,3,,1,411,"STATE ROUTE 41","AMERICAN AVENUE",0.00,,Y,A,-,Y,,,41,,,,,,,Y,1,1,2,2,A,-,12,21453,A,N,D,C,A,A,H,-,C,A,0,,,,,Y,,A,01,1,1,0,0,0,0,0,0,0,"- ","- ",36.663379669189453,-119.78608703613281,FRESNO,UNINCORPORATED,-119.78610992431641,36.663379669189453
90668337,2017,2018-02-27,9435,2017-09-24,0245,020078,,7,3,7,1005,0,1,3,,2,105,"STATE ROUTE 99 S/B","SR-99 S/B TO HERNDON AVE. OVER CROSSING",721.00,S,N,A,-,Y,,,99,,,,,,S,Y,1,3,1,2,A,-,03,22350,,N,D,C,A,A,H,-,D,D,0,,,,,Y,,A,01,0,1,0,0,0,0,0,0,0,"- ","- ",36.836320000000001,-119.92273,FRESNO,FRESNO,-119.92276687,36.836274160000002
90669507,2018,2018-02-26,9435,2018-02-14,0954,014479,,3,1,9,1000,0,3,5,,2,030,"CLINTON AVE","BACKER AVE",293.00,E,N,A,-,N,,,,,,,,,,N,2,0,1,1,A,-,03,22350,,N,F,A,A,A,H,-,A,D,0,,,Y,,Y,,C,02,1,0,0,0,0,0,0,0,1,"- ","- ",36.772258758544922,-119.74210357666016,FRESNO,UNINCORPORATED,-119.74211883544922,36.772247314453125
90675194,2018,2018-03-05,9435,2018-02-22,2115,020078,,4,2,9,1000,0,3,5,,2,034,"KINGS CANYON RD","TEMPERANCE AVE",2006.00,E,N,A,-,Y,,,,,,,,,,Y,2,0,1,1,A,-,01,23152,A,N,E,J,A,A,H,-,C,D,0,,,,,Y,Y,D,22,1,0,0,0,0,0,0,0,0,"- ","- ",36.736759185791016,-119.65717315673828,FRESNO,UNINCORPORATED,-119.65727233886719,36.736831665039062
90681750,2018,2018-03-14,9435,2018-03-10,0506,020586,,6,3,7,1005,0,1,3,,2,181,"SR-180 WB TO SR-99 NB","G ST",2112.00,W,N,A,-,Y,,,180,,,,R,,W,Y,2,0,1,1,A,-,08,22107,,N,F,A,A,A,H,-,D,D,0,,,,,Y,,A,07,1,0,0,0,0,0,0,0,0,"- ","- ",36.741580963134766,-119.81536102294922,FRESNO,FRESNO,-119.81536102294922,36.741580963134766
90685227,2018,2018-03-20,9435,2018-03-10,1300,014479,,6,1,9,1000,0,3,5,,2,025,"SHEPHERD AVE","HAWK RD",528.00,E,N,A,-,N,,,,,,,,,,Y,2,0,1,1,A,-,01,23152,A,N,F,I,A,A,H,-,A,D,0,,,,,Y,Y,A,01,1,0,0,0,0,0,0,0,0,"- ","- ",36.866371154785156,-119.52361297607422,FRESNO,UNINCORPORATED,-119.52373504638672,36.866256713867188
90687731,2018,2018-03-22,9435,2018-03-17,0935,015986,,6,1,7,1005,0,1,3,,2,105,"SR-99 S/B (TO SR-180 E/B)","SR-180 W/B",300.00,N,N,A,-,Y,,,99,,,,,,S,Y,2,0,1,3,A,-,03,22350,,N,C,C,A,A,C,-,A,D,0,,,,,Y,,D,22,1,0,0,0,0,0,0,0,0,"- ","- ",36.73992919921875,-119.81310272216797,FRESNO,FRESNO,-119.81300354003906,36.740226745605469
90696423,2018,2018-10-08,9435,2018-03-23,1752,020122,,5,2,9,1000,0,3,5,,2,040,"AVENELL AVE","CHESTNUT AVE",500.00,W,N,A,-,N,,,,,,,,,,N,2,0,1,2,A,-,08,22107,,N,G,B,E,A,H,-,A,D,0,Y,,,,Y,,A,01,1,0,0,0,1,0,0,0,0,"- ","- ",36.565010070800781,-119.73876953125,FRESNO,UNINCORPORATED,-119.73866271972656,36.565017700195312
90699580,2018,2018-04-05,9435,2018-03-30,1340,019548,,5,1,9,1000,0,1,3,,1,169,"STATE ROUTE 168","GOOSEBERRY LN",50.00,W,N,A,-,Y,,,168,,,,,,,Y,2,0,1,1,A,-,08,22107,,N,E,I,A,A,H,-,A,D,0,,,Y,,Y,,C,02,1,0,0,0,0,0,0,0,1,"- ","- ",37.017158508300781,-119.52616882324219,FRESNO,UNINCORPORATED,-119.52619934082031,37.017139434814453
90703091,2018,2018-04-11,9461,2018-04-05,1638,019052,,4,2,9,1000,0,2,4,,1,625,"BELMONT AVE","SAN DIEGO AVE",560.00,E,N,A,-,N,,,,,,,,,,Y,2,0,1,1,A,-,08,22107,,N,E,I,A,A,H,-,A,D,0,,,,,Y,Y,A,01,1,0,0,0,0,0,0,0,0,"- ","- ",36.749088287353516,-120.43892669677734,FRESNO,UNINCORPORATED,-120.43944549560547,36.749038696289062
90703905,2018,2018-04-12,9435,2018-04-04,1229,015986,,3,1,9,1000,0,3,5,,2,034,"CEDAR AVENUE","CHURCH AVENUE",150.00,N,N,A,-,N,,,,,,,,,,Y,2,0,3,4,A,-,01,23152,F,N,C,C,A,A,H,-,A,A,0,,,,,Y,,D,22,2,0,1,0,0,0,0,0,0,"- ","- ",36.714229583740234,-119.75472259521484,FRESNO,UNINCORPORATED,-119.75469207763672,36.714580535888672
90722548,2018,2018-08-02,9435,2018-02-17,0122,016911,,6,3,9,1000,0,3,5,,2,025,"SHEPHERD AVENUE","MINNEWAWA AVENUE",0.00,,Y,A,-,N,,,,,,,,,,Y,1,1,2,2,A,-,01,23152,A,F,D,C,A,A,H,-,C,A,0,,,,,Y,Y,D,22,1,0,1,0,0,0,0,0,0,"- ","- ",36.866680145263672,-119.71115875244141,FRESNO,UNINCORPORATED,-119.71119689941406,36.866580963134766
90723010,2018,2018-05-09,9435,2018-05-03,0715,013112,,4,1,9,1000,0,3,5,,2,015,"VALENTINE AVENUE","NORTH AVENUE",393.00,S,N,A,-,N,,,,,,,,,,Y,2,0,1,1,A,-,08,22107,,N,E,I,A,A,H,-,A,D,0,,,,,Y,,A,01,1,0,0,0,0,0,0,0,0,"- ","- ",36.691230773925781,-119.85350036621094,FRESNO,UNINCORPORATED,-119.85340881347656,36.691001892089844
90726873,2017,2018-05-15,9435,2017-12-27,2500,019523,,3,4,9,1000,0,3,5,,2,015,"WHITESBRIDGE AVENUE","VALENTINE AVENUE",1946.00,W,N,F,-,N,,,,,,,,,,Y,1,1,0,1,A,-,03,22350,,N,F,A,A,A,H,-,D,A,0,,,Y,,Y,,C,02,0,0,0,0,0,0,0,1,0,"- ","- ",36.735280000000003,-119.85974,FRESNO,UNINCORPORATED,-119.85991,36.735239999999997
90728095,2018,2018-05-17,9435,2018-05-06,0613,020450,,7,1,9,1000,0,3,5,,2,010,"BULLARD AVE","FRUIT AVE",0.00,,Y,A,-,N,,,,,,,,,,Y,2,0,1,3,A,-,12,21453,A,N,D,C,A,A,H,-,A,A,0,,,,,Y,,A,01,1,0,0,0,0,0,0,0,0,"- ","- ",36.822761535644531,-119.81739044189453,FRESNO,UNINCORPORATED,-119.81735229492188,36.822818756103516
90732553,2018,2018-06-04,9435,2018-05-17,1530,015890,,4,2,9,1000,0,3,5,,2,030,"LEONARD AVENUE","SHIELDS AVENUE",0.00,,Y,A,-,N,,,,,,,,,,Y,1,2,0,2,A,-,09,21802,A,N,D,C,A,A,H,-,A,A,0,,,,Y,Y,,A,01,0,0,0,0,0,0,0,0,0,"- ","- ",36.779338836669922,-119.63699340820312,FRESNO,UNINCORPORATED,-119.636962890625,36.779281616210938
90734727,2018,2018-05-25,9435,2018-05-14,2140,020481,,1,2,9,1000,0,3,5,,2,034,"WILLOW AVE","NORTH AVE",108.00,S,N,A,-,N,,,,,,,,,,Y,2,0,1,2,A,-,01,23152,A,N,B,C,A,A,H,-,D,D,0,,,,,Y,Y,A,07,1,0,0,0,0,0,0,0,0,"- ","- ",36.692470550537109,-119.72718048095703,FRESNO,UNINCORPORATED,-119.72710418701172,36.692405700683594
90738218,2018,2018-05-31,9435,2018-05-27,1100,015986,,7,1,9,1000,0,1,3,,1,412,"FLORAL AVE","SR-41 S/B",0.00,,Y,A,-,Y,,,,,,,,,,Y,2,0,2,2,A,-,09,21802,A,N,D,C,A,A,H,-,A,A,0,,,,,Y,,A,01,1,1,0,0,0,0,0,0,0,"- ","- ",36.576290130615234,-119.78620910644531,FRESNO,UNINCORPORATED,,
90738353,2018,2018-05-31,9435,2018-05-31,0048,019962,,4,3,9,1000,0,3,5,,2,034,"JENSEN AVENUE W/B","LEONARD AVENUE",75.00,W,N,A,-,N,,,,,,,,,,N,2,0,1,2,A,-,11,21956,A,N,G,B,E,A,H,-,D,D,0,Y,,,,Y,,N,60,1,0,0,0,1,0,0,0,0,"- ","- ",36.707141876220703,-119.63730621337891,FRESNO,UNINCORPORATED,-119.63723754882812,36.707096099853516
90738994,2018,2018-06-01,9435,2018-05-31,1610,020082,,4,2,9,1000,0,3,5,,2,034,"NORTH AVE.","HIGHLAND AVE",600.00,E,N,A,-,N,,,,,,,,,,Y,2,0,1,1,A,-,08,22107,,N,F,I,A,A,H,-,A,D,0,,,,,Y,,A,07,1,0,0,0,0,0,0,0,0,"- ","- ",36.692241668701172,-119.62644958496094,FRESNO,UNINCORPORATED,-119.62600708007812,36.6922607421875
90739981,2018,2018-08-27,9435,2018-03-02,1712,020078,,5,2,9,1000,0,3,5,,2,034,"MANNING AVENUE","INDIANOLA AVENUE",524.00,E,N,B,-,N,,,,,,,,,,Y,1,2,0,2,A,-,08,22107,,N,A,C,A,A,H,-,A,D,0,,,,,Y,,A,01,0,0,0,0,0,0,0,0,0,"- ","- ",36.605209350585938,-119.58020782470703,FRESNO,UNINCORPORATED,-119.58219909667969,36.605129241943359
90741159,2018,2018-06-05,9435,2018-04-04,1126,014363,,3,1,9,1000,0,1,3,,1,183,"STATE ROUTE 180 (KINGS CANYON ROAD)","TRIMMER SPRINGS ROAD",2112.00,E,N,A,-,Y,,,180,,,,,,,Y,1,1,2,2,A,-,08,22107,,N,A,C,A,A,H,-,A,D,0,,,,,Y,,A,01,0,0,2,0,0,0,0,0,0,"- ","- ",36.732810974121094,-119.48870849609375,FRESNO,UNINCORPORATED,-119.48870849609375,36.732799530029297
90745211,2018,2018-06-11,9435,2018-06-06,1455,016270,,3,2,9,1000,0,3,5,,2,060,"GOODFELLOW AVE","JIM SAVAGE RD",65.00,E,N,A,-,N,,,,,,,,,,Y,2,0,4,2,D,-,00,,,N,D,C,A,A,H,-,A,D,0,,,,,Y,,-,"- ",1,2,1,0,0,0,0,0,0,"- ","- ",36.669670104980469,-119.46633911132812,FRESNO,UNINCORPORATED,-119.46636199951172,36.669696807861328