CASE_ID,ACCIDENT_YEAR,PROC_DATE,JURIS,COLLISION_DATE,COLLISION_TIME,OFFICER_ID,REPORTING_DISTRICT,DAY_OF_WEEK,CHP_SHIFT,POPULATION,CNTY_CITY_LOC,SPECIAL_COND,BEAT_TYPE,CHP_BEAT_TYPE,CITY_DIVISION_LAPD,CHP_BEAT_CLASS,BEAT_NUMBER,PRIMARY_RD,SECONDARY_RD,DISTANCE,DIRECTION,INTERSECTION,WEATHER_1,WEATHER_2,STATE_HWY_IND,CALTRANS_COUNTY,CALTRANS_DISTRICT,STATE_ROUTE,ROUTE_SUFFIX,POSTMILE_PREFIX,POSTMILE,LOCATION_TYPE,RAMP_INTERSECTION,SIDE_OF_HWY,TOW_AWAY,COLLISION_SEVERITY,NUMBER_KILLED,NUMBER_INJURED,PARTY_COUNT,PRIMARY_COLL_FACTOR,PCF_CODE_OF_VIOL,PCF_VIOL_CATEGORY,PCF_VIOLATION,PCF_VIOL_SUBSECTION,HIT_AND_RUN,TYPE_OF_COLLISION,MVIW,PED_ACTION,ROAD_SURFACE,ROAD_COND_1,ROAD_COND_2,LIGHTING,CONTROL_DEVICE,CHP_ROAD_TYPE,PEDESTRIAN_ACCIDENT,BICYCLE_ACCIDENT,MOTORCYCLE_ACCIDENT,TRUCK_ACCIDENT,NOT_PRIVATE_PROPERTY,ALCOHOL_INVOLVED,STWD_VEHTYPE_AT_FAULT,CHP_VEHTYPE_AT_FAULT,COUNT_SEVERE_INJ,COUNT_VISIBLE_INJ,COUNT_COMPLAINT_PAIN,COUNT_PED_KILLED,COUNT_PED_INJURED,COUNT_BICYCLIST_KILLED,COUNT_BICYCLIST_INJURED,COUNT_MC_KILLED,COUNT_MC_INJURED,PRIMARY_RAMP,SECONDARY_RAMP,LATITUDE,LONGITUDE,COUNTY,CITY,POINT_X,POINT_Y
90748950,2018,2018-06-15,9435,2018-06-09,1017,015095,,6,1,7,1005,0,1,3,,2,182,"SR-180 EASTBOUND","WILLOW AVENUE O/C",300.00,E,N,A,-,Y,,,,,,,,,,Y,2,0,3,4,A,-,03,22350,,N,B,C,E,A,H,-,A,D,0,Y,,,,Y,,A,01,2,0,1,0,2,0,0,0,0,"- ","- ",36.752330780029297,-119.72267913818359,FRESNO,FRESNO,-119.72629547119141,36.753433227539062
90749561,2018,2019-05-03,9435,2018-05-05,2039,020078,,6,2,9,1000,0,1,3,,1,411,"SR-41 S/B","CLAYTON AVENUE",298.00,N,N,A,-,Y,,,41,,,,,,S,Y,1,1,1,2,A,-,01,23152,A,N,A,C,A,A,H,-,D,D,0,,,,,Y,Y,A,01,1,0,0,0,0,0,0,0,0,"- ","- ",36.642311096191406,-119.785888671875,FRESNO,UNINCORPORATED,-119.78590393066406,36.642311096191406
90752521,2018,2018-06-21,9435,2018-06-14,0450,019603,,4,3,9,1000,0,3,5,,2,040,"CORNELIA AVENUE","MANNING AVENUE",0.00,,Y,A,-,N,,,,,,,,,,Y,2,0,2,2,A,-,12,22450,A,N,D,D,A,A,H,-,B,A,0,,,,,Y,,A,01,1,0,1,0,0,0,0,0,0,"- ","- ",36.604839324951172,-119.880859375,FRESNO,UNINCORPORATED,-119.88082885742188,36.6048583984375
90753101,2018,2018-06-21,9435,2018-06-16,0200,019263,,6,3,9,1000,0,3,5,,2,025,"AUBERRY RD","MILLERTON RD",109.00,W,N,A,-,N,,,,,,,,,,N,2,0,1,1,A,-,03,22350,,M,F,A,A,A,H,-,D,A,0,,,,,Y,,D,22,1,0,0,0,0,0,0,0,0,"- ","- ",36.968940734863281,-119.61064147949219,FRESNO,UNINCORPORATED,-119.62464904785156,36.969615936279297
90757837,2018,2018-06-28,9495,2018-06-18,1735,020250,,1,2,9,1000,0,1,1,,2,001,"INTERSTATE 5 (SOUTHBOUND)","STATE ROUTE 33 (DERRICK AVENUE)",1320.00,N,N,A,-,Y,,,5,,,,,,,N,2,0,1,1,C,-,18,,,N,E,J,A,A,H,-,A,D,0,,,,,Y,,-,"- ",1,0,0,0,0,0,0,0,0,"- ","- ",36.439151763916016,-120.39743041992188,FRESNO,UNINCORPORATED,-120.39744567871094,36.439132690429688
90759660,2018,2018-06-29,9435,2018-06-24,0445,020680,,7,3,7,1005,0,1,3,,2,181,"SR-180 W/B",SR-99,564.00,E,N,A,-,Y,,,180,,,,,,W,Y,2,0,1,1,A,-,01,23152,A,N,E,I,A,A,H,-,D,D,0,,,,,Y,Y,A,01,1,0,0,0,0,0,0,0,0,"- ","- ",36.741920471191406,-119.81294250488281,FRESNO,FRESNO,-119.81299591064453,36.742023468017578
90761130,2018,2018-07-02,9435,2018-06-23,0655,017310,,6,1,9,1000,0,3,5,,2,030,"JENSEN AVE","FOWLER AVE",0.00,,Y,A,-,N,,,,,,,,,,Y,2,0,2,2,A,-,12,21453,A,N,D,C,A,A,H,-,A,A,0,,,,,Y,,A,01,1,1,0,0,0,0,0,0,0,"- ","- ",36.707481384277344,-119.68203735351562,FRESNO,UNINCORPORATED,-119.68203735351562,36.707481384277344
90764295,2018,2018-07-06,9435,2018-06-26,0859,017489,,2,1,9,1000,0,3,5,,2,030,"DEL REY AVENUE","MCKINLEY AVENUE",0.00,,Y,A,-,N,,,,,,,,,,Y,1,1,3,2,A,-,12,22450,A,N,D,C,A,A,H,-,A,A,0,,,,,Y,,A,01,1,2,0,0,0,0,0,0,0,"- ","- ",36.764759063720703,-119.59184265136719,FRESNO,UNINCORPORATED,-119.59178924560547,36.764678955078125
90772109,2018,2018-07-18,9495,2018-07-08,0529,020246,,7,3,9,1000,0,1,3,,1,014,"STATE ROUTE 269 (LASSEN AVENUE)","JAYNE AVE",2640.00,S,N,A,-,Y,,,269,,,,,,,Y,2,0,3,1,A,-,01,23152,A,N,F,A,A,A,H,-,B,D,0,,,,,Y,Y,A,07,1,2,0,0,0,0,0,0,0,"- ","- ",36.1280517578125,-120.10192108154297,FRESNO,UNINCORPORATED,-120.10196685791016,36.1280517578125
90773328,2018,2018-07-20,9435,2018-07-16,0958,018609,,1,1,9,1000,0,3,5,,2,050,"MCKINLEY GROVE RD","LAUREL CREEK",140.00,E,N,A,-,N,,,,,,,,,,Y,2,0,1,1,A,-,03,22350,,N,F,A,A,A,H,-,A,D,0,,,,Y,Y,,F,27,1,0,0,0,0,0,0,0,0,"- ","- ",37.044589996337891,-119.12821960449219,FRESNO,UNINCORPORATED,-119.12820434570312,37.044536590576172
90784642,2018,2018-08-06,9435,2018-07-28,1820,020019,,6,2,9,1000,0,3,5,,2,030,"MCKINLEY AVENUE","LEONARD AVENUE",0.00,,Y,A,-,N,,,,,,,,,,Y,2,0,1,2,A,-,05,21651,A,N,D,C,A,A,H,-,A,D,0,,,Y,,Y,,C,02,1,0,0,0,0,0,0,0,1,"- ","- ",36.764881134033203,-119.636962890625,FRESNO,UNINCORPORATED,-119.63693237304688,36.764751434326172
90786279,2018,2018-08-08,9435,2018-07-30,1632,020019,,1,2,9,1000,0,3,5,,2,025,"SHAW AVENUE","HIGHLAND AVENUE",699.00,E,N,A,-,N,,,,,,,,,,Y,2,0,1,1,A,-,08,22107,,N,E,I,A,A,H,-,A,D,0,,,,,Y,,A,07,1,0,0,0,0,0,0,0,0,"- ","- ",36.808250427246094,-119.62468719482422,FRESNO,UNINCORPORATED,-119.62586975097656,36.807201385498047
90787665,2018,2018-08-09,9495,2018-07-30,1610,021270,,1,2,9,1000,0,1,1,,2,002,"INTERSTATE 5 (NORTHBOUND)","JEFFREY AVENUE",7392.00,S,N,A,-,Y,,,5,,,,,,,Y,2,0,1,1,C,-,18,,,N,E,J,A,A,H,-,A,D,0,,,Y,,Y,,-,"- ",1,0,0,0,0,0,0,0,1,"- ","- ",36.354099273681641,-120.32080078125,FRESNO,UNINCORPORATED,-120.32086181640625,36.354042053222656
90788039,2018,2018-08-10,9435,2018-08-04,1245,019548,,6,1,9,1000,0,3,5,,2,050,"AUBERRY RD.","COMSTOCK LN.",1056.00,S,N,A,-,N,,,,,,,,,,N,2,0,1,1,A,-,08,22107,,N,F,A,A,A,H,-,A,D,0,,,Y,,Y,,C,02,1,0,0,0,0,0,0,0,1,"- ","- ",37.088451385498047,-119.47548675537109,FRESNO,UNINCORPORATED,-119.4755859375,37.088531494140625
90788314,2018,2018-08-10,9435,2018-07-27,1251,017166,,5,1,9,1000,0,3,5,,2,025,"AUBERRY ROAD","MILLERTON RD",1735.00,W,N,A,-,N,,,,,,,,,,Y,2,0,1,1,A,-,01,23152,A,N,E,I,A,A,H,-,A,D,0,,,,,Y,Y,A,07,1,0,0,0,0,0,0,0,0,"- ","- ",36.966499328613281,-119.62860107421875,FRESNO,UNINCORPORATED,-119.62867736816406,36.966556549072266
90790104,2018,2018-08-14,9435,2018-07-31,0745,017166,,2,1,9,1000,0,3,5,,2,010,"CLINTON AVE","BRYAN AVE",0.00,,Y,A,-,N,,,,,,,,,,Y,2,0,2,2,A,-,12,22450,A,N,D,C,A,A,H,-,A,A,0,,,,,Y,,A,01,2,0,0,0,0,0,0,0,0,"- ","- ",36.771659851074219,-119.90730285644531,FRESNO,UNINCORPORATED,-119.90725708007812,36.771678924560547
90793531,2018,2018-08-20,9435,2018-08-10,1545,021148,,5,2,9,1000,0,3,5,,2,034,"GOLDEN STATE BLVD","GOLDEN STATE FRONTAGE RD",0.00,,Y,A,-,N,,,,,,,,,,Y,2,0,1,2,A,-,09,21802,A,N,D,C,A,A,H,-,A,D,0,,,,Y,Y,,A,01,1,0,0,0,0,0,0,0,0,"- ","- ",36.682590484619141,-119.73963928222656,FRESNO,UNINCORPORATED,-119.75615692138672,36.697250366210938
90795021,2018,2018-08-21,9435,2018-08-04,1224,015095,,6,1,7,1005,0,1,3,,2,410,"SR-41 NORTHBOUND","ASHLAN AVENUE",377.00,N,N,A,-,Y,,,41,,,,,,N,Y,1,1,6,3,A,-,03,22350,,N,C,C,A,A,H,-,A,D,0,,,,,Y,,D,22,2,4,0,0,0,0,0,0,0,"- ","- ",36.795261383056641,-119.78485870361328,FRESNO,FRESNO,-119.784912109375,36.795253753662109
90795922,2018,2018-08-22,9435,2018-08-11,0315,021230,,6,3,9,1000,0,1,3,,2,410,"SR-41 S/B TO SR-99 S/B","SR-41 N/B TO SR-99 N/B",130.00,N,N,A,-,Y,,,,,,,,,,Y,2,0,2,1,A,-,08,22107,,N,E,I,A,A,H,-,C,D,0,,,,,Y,Y,A,01,1,1,0,0,0,0,0,0,0,"- ","- ",36.718898773193359,-119.78531646728516,FRESNO,UNINCORPORATED,,
90798550,2018,2018-08-27,9495,2018-08-18,0502,021029,,6,3,9,1000,0,1,3,,1,008,"STATE ROUTE 198","STATE ROUTE 33",3696.00,E,N,A,-,Y,,,198,,,,,,,Y,2,0,2,1,A,-,01,23152,A,N,E,I,A,A,H,-,D,D,0,,,,,Y,Y,A,01,1,0,1,0,0,0,0,0,0,"- ","- ",36.249160766601562,-120.3070068359375,FRESNO,UNINCORPORATED,-120.30701446533203,36.249183654785156
90803875,2018,2018-08-31,9435,2018-08-25,2000,020837,,6,2,9,1000,0,3,5,,2,050,"BURROUGH VALLEY RD","SEMINOLE RD",0.00,,Y,A,-,N,,,,,,,,,,N,2,0,1,1,A,-,03,22350,,N,E,I,A,A,H,-,C,D,0,,,Y,,Y,,C,06,1,0,0,0,0,0,0,0,1,"- ","- ",36.972549438476562,-119.38025665283203,FRESNO,UNINCORPORATED,-119.38027191162109,36.972518920898438
90804781,2018,2018-09-04,9435,2018-08-25,0250,020680,,6,3,7,1005,0,1,3,,1,168,"SR-168 W/B","MCKINLEY AVE",54.00,S,N,A,-,Y,,,168,,,,,,W,Y,2,0,1,1,A,-,01,23152,A,N,E,I,A,A,H,-,D,D,0,,,,,Y,Y,A,01,1,0,0,0,0,0,0,0,0,"- ","- ",36.764820098876953,-119.74932861328125,FRESNO,FRESNO,-119.74946594238281,36.764820098876953
90805028,2018,2018-09-04,9435,2018-08-22,0533,014672,,3,3,9,1000,0,1,3,,1,180,"SR-180 E/B","GOLDENROD AVE",2112.00,E,N,A,-,Y,,,180,,,,,,E,Y,2,0,2,2,A,-,03,22350,,N,C,C,A,A,H,-,D,D,0,,,,,Y,,A,01,1,0,1,0,0,0,0,0,0,"- ","- ",36.734958648681641,-120.03565216064453,FRESNO,UNINCORPORATED,-120.03565216064453,36.734962463378906
90806455,2018,2018-09-25,9435,2018-08-28,1212,014672,,2,1,9,1000,0,3,5,,2,010,"HUGHES AVE","BELMONT AVE",0.00,,Y,A,-,N,,,,,,,,,,Y,2,0,1,2,A,-,12,22450,A,N,D,C,A,A,H,-,A,A,0,,,,,Y,,A,01,1,0,0,0,0,0,0,0,0,"- ","- ",36.750240325927734,-119.83560943603516,FRESNO,UNINCORPORATED,-119.83560180664062,36.750228881835938
90808263,2018,2018-09-07,9435,2018-08-30,1655,020082,,4,2,9,1000,0,3,5,,2,030,"TRIMMER SPRINGS RD","PIEDRA RD",2640.00,W,N,A,-,N,,,,,,,,,,Y,2,0,3,1,A,-,01,23152,A,N,F,A,A,A,H,-,A,D,0,,,,,Y,Y,A,01,1,1,1,0,0,0,0,0,0,"- ","- ",36.815860748291016,-119.38774871826172,FRESNO,UNINCORPORATED,-119.38819885253906,36.81610107421875
90808566,2018,2018-09-10,9435,2018-09-01,1525,019548,,6,2,9,1000,0,3,5,,2,050,"DINKEY CREEK RD.","ROCK CREEK RD.",5280.00,W,N,A,-,N,,,,,,,,,,Y,2,0,1,1,A,-,03,22350,,N,F,A,A,A,H,-,A,D,0,,,Y,,Y,,C,02,1,0,0,0,0,0,0,0,1,"- ","- ",37.078849792480469,-119.1934814453125,FRESNO,UNINCORPORATED,-119.19252014160156,37.078395843505859
90810222,2018,2018-09-11,9435,2018-08-12,2110,021247,,7,2,9,1000,0,3,5,,2,034,"NEWMARK AVENUE","AMERICAN AVENUE",1192.00,N,N,A,-,N,,,,,,,,,,Y,1,1,1,1,A,-,08,22107,,N,E,I,A,A,H,-,D,D,0,,,,,Y,,D,22,1,0,0,0,0,0,0,0,0,"- ","- ",36.666389465332031,-119.54714965820312,FRESNO,UNINCORPORATED,-119.54728698730469,36.666339874267578
90822646,2018,2018-09-27,9435,2018-09-22,2105,021230,,6,2,9,1000,0,3,5,,2,010,"SR-180 (WHITESBRIDGE AVE.)","SAN MATEO AVE",2800.00,W,N,A,-,Y,,,180,,,,,,,Y,2,0,1,2,A,-,03,22350,,N,C,C,A,A,H,-,D,D,0,,,,,Y,,A,01,1,0,0,0,0,0,0,0,0,"- ","- ",36.734298706054688,-120.32424163818359,FRESNO,UNINCORPORATED,-120.32424163818359,36.734352111816406
90825303,2018,2018-10-01,9461,2018-09-22,2115,021056,,6,2,9,1000,0,3,5,,2,060,"N SAN DIEGO AVE N/B","W. CALIFORNIA AVE",128.00,N,N,A,-,N,,,,,,,,,,Y,2,0,1,1,A,-,08,22107,,N,E,I,A,A,H,-,D,D,0,,,,,Y,,D,22,1,0,0,0,0,0,0,0,0,"- ","- ",36.720668792724609,-120.44139862060547,FRESNO,UNINCORPORATED,-120.44146728515625,36.720321655273438
90830526,2018,2018-10-08,9435,2018-10-01,2015,020871,,1,2,9,1000,0,3,5,,2,020,"KAMM AVENUE","DEL REY AVE",32.00,E,N,A,-,N,,,,,,,,,,Y,2,0,1,1,A,-,08,22107,,N,E,I,A,A,H,-,D,D,0,,,,,Y,,A,07,1,0,0,0,0,0,0,0,0,"- ","- ",36.532478332519531,-119.59297180175781,FRESNO,UNINCORPORATED,-119.59297943115234,36.532508850097656
90830752,2018,2018-10-08,9495,2018-09-28,0558,021153,,5,3,9,1000,0,1,3,,1,013,"STATE ROUTE 145 (FRESNO COALINGA ROAD)","COLUSA AVENUE",248.00,S,N,A,-,Y,,,145,,,,,,,Y,2,0,1,1,A,-,08,22107,,N,E,I,A,A,H,-,D,D,0,,,,,Y,,A,07,1,0,0,0,0,0,0,0,0,"- ","- ",36.355838775634766,-120.19441223144531,FRESNO,UNINCORPORATED,-120.19456481933594,36.356025695800781
90833309,2018,2018-10-10,9495,2018-10-02,1345,017686,,2,1,9,1000,0,1,1,,2,001,"INTERSTATE 5 NORTHBOUND","STATE ROUTE 33 (DERRICK AVENUE)",4224.00,N,N,A,-,Y,,,5,,,,,,N,Y,2,0,1,1,A,-,08,22107,,N,E,I,A,A,H,-,A,D,0,,,,,Y,,A,07,1,0,0,0,0,0,0,0,0,"- ","- ",36.448101043701172,-120.40528106689453,FRESNO,UNINCORPORATED,-120.40512084960938,36.4482421875
90834925,2018,2018-10-12,9435,2018-10-07,0041,020062,,7,3,7,1005,0,1,3,,2,105,"SR99 N/B","STANISLAUS ST",528.00,N,N,A,-,Y,,,99,,,,,,N,Y,2,0,2,1,A,-,08,22107,,N,F,A,A,A,H,-,D,D,0,,,,,Y,,A,07,1,0,1,0,0,0,0,0,0,"- ","- ",36.735679626464844,-119.80387115478516,FRESNO,FRESNO,-119.80400848388672,36.735523223876953
90835113,2018,2019-06-28,9435,2018-09-01,2155,018944,,6,2,9,1000,0,3,5,,2,010,"SHAW AVENUE","MONROE AVENUE",1056.00,W,N,A,-,N,,,,,,,,,,Y,1,2,3,2,A,-,05,21650,,N,A,C,A,A,H,-,D,D,0,,,,,Y,,A,07,3,0,0,0,0,0,0,0,0,"- ","- ",36.807708740234375,-119.94709777832031,FRESNO,UNINCORPORATED,-119.94721221923828,36.8077392578125
90837686,2018,2018-10-17,9435,2018-10-08,2140,020064,,1,2,9,1000,0,3,5,,2,034,"BAGLEY AVENUE","RECREATION AVENUE",650.00,N,N,A,-,N,,,,,,,,,,Y,2,0,2,2,A,-,01,23152,A,F,G,B,E,A,H,-,D,D,0,Y,,,,Y,Y,A,07,1,1,0,0,1,0,0,0,0,"- ","- ",36.678901672363281,-119.73947906494141,FRESNO,UNINCORPORATED,-119.73845672607422,36.678848266601562
90839534,2018,2018-10-19,9435,2018-10-13,2225,020837,,6,3,9,1000,0,3,5,,2,060,"FRANKWOOD AVE","PIEDRA RD",5808.00,S,N,A,-,N,,,,,,,,,,Y,2,0,1,1,A,-,01,23152,A,N,E,I,A,A,H,-,D,D,0,,,,,Y,Y,A,01,1,0,0,0,0,0,0,0,0,"- ","- ",36.741920471191406,-119.44390106201172,FRESNO,UNINCORPORATED,-119.44477844238281,36.742321014404297
90841669,2018,2018-10-22,9435,2018-09-15,1405,021230,,6,2,9,1000,0,3,5,,2,034,"GOLDEN STATE BOULEVARD NORTHBOUND","AMERICAN AVENUE",0.00,,Y,A,-,N,,,,,,,,,,Y,1,1,1,2,A,-,09,21802,A,N,D,C,A,A,H,-,A,A,0,,,,,Y,,A,01,0,0,1,0,0,0,0,0,0,"- ","- ",36.663520812988281,-119.71836853027344,FRESNO,UNINCORPORATED,-119.71853637695312,36.663360595703125
90849627,2018,2018-10-31,9435,2018-10-25,1425,021148,,4,2,9,1000,0,3,5,,2,040,"DINUBA AVE","BETHEL AVE",0.00,,Y,A,-,N,,,,,,,,,,N,2,0,5,2,A,-,12,22450,A,N,D,C,A,A,H,-,A,A,0,,,,,Y,,A,01,1,1,3,0,0,0,0,0,0,"- ","- ",36.590610504150391,-119.57492065429688,FRESNO,UNINCORPORATED,-119.57489013671875,36.590610504150391
90850319,2018,2018-10-31,9435,2018-10-20,1830,020095,,6,2,9,1000,0,1,3,,1,430,SR-43,"DAVIS AVE",2000.00,S,N,B,-,N,,,43,,,,,,,N,2,0,1,2,D,-,00,,,N,B,C,A,A,H,-,B,D,0,,,Y,,Y,,-,"- ",1,0,0,0,0,0,0,0,1,"- ","- ",36.456760406494141,-119.63617706298828,FRESNO,UNINCORPORATED,-119.63615417480469,36.456760406494141
90851356,2018,2018-11-02,9435,2018-10-20,2115,019210,,6,2,9,1000,0,3,5,,2,010,"MARKS AVE","BELMONT AVE",825.00,N,N,A,-,N,,,,,,,,,,N,2,0,1,2,A,-,11,21956,A,N,G,B,E,A,H,-,D,D,0,Y,,,,Y,,N,60,1,0,0,0,1,0,0,0,0,"- ","- ",36.752498626708984,-119.84426116943359,FRESNO,UNINCORPORATED,-119.84430694580078,36.752403259277344
90851600,2018,2018-11-02,9435,2018-10-31,0850,015986,,3,1,9,1000,0,1,3,,1,180,"SR-180 (WHITESBRIDGE AVENUE)","SHASTA AVENUE",465.00,W,N,A,-,Y,,,180,,,,,,,N,2,0,1,2,A,-,11,21954,A,N,G,B,E,A,H,-,A,D,0,Y,,,Y,Y,,N,60,1,0,0,0,1,0,0,0,0,"- ","- ",36.734691619873047,-120.10697174072266,FRESNO,UNINCORPORATED,-120.10697174072266,36.734710693359375
90853051,2018,2018-11-05,9461,2018-09-21,2245,021178,,5,3,9,1000,0,3,5,,2,060,"WASHOE AVENUE","NEES AVENUE",1742.00,S,N,A,-,N,,,,,,,,,,Y,1,1,0,1,A,-,08,22107,,N,F,A,A,A,H,-,D,D,0,,,Y,,Y,,C,02,0,0,0,0,0,0,0,1,0,"- ","- ",36.848400115966797,-120.46540069580078,FRESNO,UNINCORPORATED,-120.46434783935547,36.847724914550781
90855713,2018,2019-10-01,9435,2018-10-28,1555,021230,,7,2,9,1000,0,3,5,,2,040,"CHURCH AVE","MARKS AVE",0.00,,Y,A,-,N,,,,,,,,,,Y,1,1,1,2,A,-,09,21802,A,N,D,C,A,A,H,-,A,A,0,,,,,Y,,A,07,0,0,1,0,0,0,0,0,0,"- ","- ",36.713890075683594,-119.84449005126953,FRESNO,UNINCORPORATED,-119.84449005126953,36.713878631591797
90864726,2018,2018-12-04,9435,2018-09-16,0557,018609,,7,3,9,1000,0,3,5,,2,025,"FRIANT ROAD SOUTHBOUND","OLD FRIANT ROAD",60.00,N,N,A,-,N,,,,,,,,,,N,1,1,0,2,A,-,08,22107,,F,G,B,E,A,H,-,D,D,0,Y,,,,Y,,D,22,0,0,0,1,0,0,0,0,0,"- ","- ",36.911220550537109,-119.74263763427734,FRESNO,UNINCORPORATED,-119.76586151123047,36.895580291748047
90866498,2018,2018-11-26,9435,2018-11-13,1650,020450,,2,2,9,1000,0,3,5,,2,040,"CORNELIA AVE","MADISON AVE",0.00,,Y,A,-,N,,,,,,,,,,Y,2,0,5,2,A,-,09,21802,A,N,D,C,A,A,H,-,D,A,0,,,,,Y,,A,01,1,0,4,0,0,0,0,0,0,"- ","- ",36.728191375732422,-119.88069915771484,FRESNO,UNINCORPORATED,-119.88066864013672,36.728160858154297
90873809,2018,2019-01-24,9435,2018-11-24,2348,020078,,6,3,9,1000,0,3,5,,2,010,"HAYES AVE","SHIELDS AVE",330.00,N,N,E,-,N,,,,,,,,,,Y,2,0,1,2,A,-,11,21954,A,N,G,B,E,A,H,-,D,D,0,Y,,,,Y,,N,60,1,0,0,0,1,0,0,0,0,"- ","- ",36.778148651123047,-119.89830017089844,FRESNO,UNINCORPORATED,-119.89830017089844,36.779857635498047
90875377,2018,2018-12-04,9435,2018-10-28,0945,017310,,7,1,9,1000,0,1,3,,1,183,"SR-180 EASTBOUND","BETHEL AVENUE",0.00,,Y,A,-,Y,,,180,,,,,,E,Y,2,0,5,2,A,-,12,21453,A,N,D,C,A,A,H,-,A,A,0,,,,,Y,,A,01,3,2,0,0,0,0,0,0,0,"- ","- ",36.735919952392578,-119.57415008544922,FRESNO,UNINCORPORATED,-119.57415008544922,36.735904693603516
90878477,2018,2018-12-07,9435,2018-11-28,2222,015890,,3,3,7,1005,0,1,3,,2,410,"SR-41 N/B","M STREET",351.00,N,N,B,C,Y,,,41,,,,,,N,Y,2,0,2,1,A,-,03,22350,,N,E,I,A,B,H,-,D,D,0,,,,,Y,,D,22,1,0,1,0,0,0,0,0,0,"- ","- ",36.730949401855469,-119.77977752685547,FRESNO,FRESNO,-119.77981567382812,36.730998992919922
90878578,2018,2018-12-18,9435,2018-11-25,1530,021247,,7,2,9,1000,0,3,5,,2,025,"ASHLAN AVE","GREENWOOD AVE",0.00,,Y,A,-,N,,,,,,,,,,Y,2,0,6,2,A,-,01,23152,A,N,D,C,A,A,H,-,A,A,0,,,,,Y,Y,D,22,3,0,3,0,0,0,0,0,0,"- ","- ",36.793678283691406,-119.56503295898438,FRESNO,UNINCORPORATED,-119.56503295898438,36.793701171875
90881681,2018,2018-12-12,9461,2018-10-31,0650,017183,,3,1,9,1000,0,1,3,,1,603,"SOUTHBOUND STATE ROUTE 33","SHAW AVENUE",5808.00,S,N,A,-,Y,,,33,,,,,,,Y,1,1,0,2,A,-,03,22350,,N,C,C,A,A,H,-,D,D,0,,,,Y,Y,,F,25,0,0,0,0,0,0,0,0,0,"- ","- ",36.793209075927734,-120.41230773925781,FRESNO,UNINCORPORATED,-120.41226959228516,36.793243408203125
90891098,2018,2018-12-27,9435,2018-12-26,1717,020122,,3,2,7,1005,0,1,3,,2,410,"SR-41 S/B","ASHLAN AVE",350.00,N,N,A,-,Y,,,41,,,,,,S,Y,2,0,1,1,A,-,08,22107,,N,E,I,A,A,H,-,C,D,0,,,,,Y,,A,01,1,0,0,0,0,0,0,0,0,"- ","- ",36.795051574707031,-119.78497314453125,FRESNO,FRESNO,-119.78517913818359,36.795017242431641
90898511,2018,2019-01-07,9435,2018-12-25,0455,021165,,2,3,9,1000,0,1,3,,1,183,"SR-180 E/B","MCCALL AVE",0.00,,Y,E,-,Y,,,180,,,,,,E,Y,2,0,2,2,A,-,12,21453,A,M,D,C,A,B,H,-,D,A,0,,,,,Y,Y,A,01,1,0,1,0,0,0,0,0,0,"- ","- ",36.735729217529297,-119.60991668701172,FRESNO,UNINCORPORATED,-119.60991668701172,36.735729217529297
90905988,2019,2019-01-16,9435,2019-01-14,2308,020592,,1,3,9,1000,0,3,5,,2,020,"WEST AVE","HENDERSON RD",209.00,S,N,B,-,N,,,,,,,,,,Y,2,0,1,1,A,-,01,23152,A,N,E,I,A,B,H,-,D,D,0,,,,,Y,Y,A,01,1,0,0,0,0,0,0,0,0,"- ","- ",36.536991119384766,-119.82695007324219,FRESNO,UNINCORPORATED,-119.82685089111328,36.53759765625
9090713,2020,2020-10-21,1001,2020-03-17,2042,5450,,2,5,5,1001,0,0,0,,0,005,"BARSTOW AV","COLE AV",241.00,W,N,A,-,N,,,,,,,,,,Y,2,0,2,2,A,-,11,21954,A,N,G,B,E,A,H,-,C,D,0,Y,,,,Y,,N,60,1,1,0,0,1,0,0,0,0,"- ","- ",36.815750122070312,-119.70023345947266,FRESNO,CLOVIS,-119.69601440429688,36.815784454345703
90910332,2019,2019-01-24,9435,2019-01-09,1852,015890,,3,2,5,1001,0,1,3,,1,168,"SR-168 E/B","HERNDON AVE",18.00,N,N,B,C,Y,,,168,,,,,,E,Y,2,0,3,4,A,-,03,22350,,N,D,C,A,B,H,-,D,D,0,,,,,Y,,D,22,3,0,0,0,0,0,0,0,0,"- ","- ",36.837070465087891,-119.70342254638672,FRESNO,CLOVIS,-119.70343017578125,36.837078094482422
90914114,2018,2019-01-28,9435,2018-11-16,1519,019610,,5,2,9,1000,0,3,5,,2,034,"BETHEL AVENUE","NEBRASKA AVENUE",0.00,,Y,A,-,N,,,,,,,,,,Y,1,2,3,2,A,-,12,22450,A,N,D,C,A,A,H,-,A,A,0,,,,Y,Y,,F,26,1,1,1,0,0,0,0,0,0,"- ","- ",36.561470031738281,-119.57508850097656,FRESNO,UNINCORPORATED,-119.57508087158203,36.561439514160156