CASE_ID,ACCIDENT_YEAR,PROC_DATE,JURIS,COLLISION_DATE,COLLISION_TIME,OFFICER_ID,REPORTING_DISTRICT,DAY_OF_WEEK,CHP_SHIFT,POPULATION,CNTY_CITY_LOC,SPECIAL_COND,BEAT_TYPE,CHP_BEAT_TYPE,CITY_DIVISION_LAPD,CHP_BEAT_CLASS,BEAT_NUMBER,PRIMARY_RD,SECONDARY_RD,DISTANCE,DIRECTION,INTERSECTION,WEATHER_1,WEATHER_2,STATE_HWY_IND,CALTRANS_COUNTY,CALTRANS_DISTRICT,STATE_ROUTE,ROUTE_SUFFIX,POSTMILE_PREFIX,POSTMILE,LOCATION_TYPE,RAMP_INTERSECTION,SIDE_OF_HWY,TOW_AWAY,COLLISION_SEVERITY,NUMBER_KILLED,NUMBER_INJURED,PARTY_COUNT,PRIMARY_COLL_FACTOR,PCF_CODE_OF_VIOL,PCF_VIOL_CATEGORY,PCF_VIOLATION,PCF_VIOL_SUBSECTION,HIT_AND_RUN,TYPE_OF_COLLISION,MVIW,PED_ACTION,ROAD_SURFACE,ROAD_COND_1,ROAD_COND_2,LIGHTING,CONTROL_DEVICE,CHP_ROAD_TYPE,PEDESTRIAN_ACCIDENT,BICYCLE_ACCIDENT,MOTORCYCLE_ACCIDENT,TRUCK_ACCIDENT,NOT_PRIVATE_PROPERTY,ALCOHOL_INVOLVED,STWD_VEHTYPE_AT_FAULT,CHP_VEHTYPE_AT_FAULT,COUNT_SEVERE_INJ,COUNT_VISIBLE_INJ,COUNT_COMPLAINT_PAIN,COUNT_PED_KILLED,COUNT_PED_INJURED,COUNT_BICYCLIST_KILLED,COUNT_BICYCLIST_INJURED,COUNT_MC_KILLED,COUNT_MC_INJURED,PRIMARY_RAMP,SECONDARY_RAMP,LATITUDE,LONGITUDE,COUNTY,CITY,POINT_X,POINT_Y
90916249,2019,2019-01-31,9435,2019-01-12,0024,020064,,6,3,7,1005,0,1,3,,2,105,"SR-99 N/B","SR-99 S/B FROM MOTEL DRIVE",50.00,N,N,B,-,Y,,,99,,,,,,N,Y,2,0,2,2,C,-,18,,,M,B,C,A,A,H,-,D,D,0,,,,,Y,,-,"- ",1,0,1,0,0,0,0,0,0,"- ","- ",36.791168212890625,-119.8609619140625,FRESNO,FRESNO,-119.8609619140625,36.791168212890625
90917115,2019,2019-02-01,9435,2019-01-24,0550,014363,,4,3,9,1000,0,3,5,,2,034,"PEACH AVENUE","NORTH AVENUE",0.00,,Y,A,-,N,,,,,,,,,,Y,2,0,2,2,A,-,09,21802,A,N,D,C,A,A,H,-,D,A,0,,,,,Y,,A,01,1,0,1,0,0,0,0,0,0,"- ","- ",36.693050384521484,-119.71820831298828,FRESNO,UNINCORPORATED,-119.71817779541016,36.693008422851562
90921988,2019,2019-09-23,9435,2019-01-26,0135,020586,,6,3,9,1000,0,3,5,,2,034,"MANNING AVENUE","KINGS RIVER ROAD",268.00,W,N,A,-,N,,,,,,,,,,Y,1,1,0,1,A,-,08,22107,,N,E,I,A,A,H,-,D,D,0,,,,,Y,,D,22,0,0,0,0,0,0,0,0,0,"- ","- ",36.604568481445312,-119.47003173828125,FRESNO,UNINCORPORATED,-119.46855926513672,36.604362487792969
90926749,2019,2019-02-14,9435,2019-02-02,0633,017166,,6,1,9,1000,0,3,5,,2,015,"KEARNEY BLVD","WESTLAWN AVE",528.00,E,N,B,C,N,,,,,,,,,,Y,2,0,1,1,A,-,03,22350,,N,E,I,A,B,H,-,D,D,0,,,,,Y,,A,01,1,0,0,0,0,0,0,0,0,"- ","- ",36.727241516113281,-119.94857025146484,FRESNO,UNINCORPORATED,-119.95006561279297,36.727859497070312
90927072,2019,2019-02-21,9435,2019-01-21,0015,020062,,1,3,7,1005,0,1,3,,2,105,"SR-99 NORTHBOUND","OLIVE AVENUE",1056.00,S,N,B,-,Y,,,99,,,,,,N,N,1,1,0,2,A,-,11,21954,A,N,G,B,E,B,H,-,C,D,0,Y,,,,Y,,N,60,0,0,0,1,0,0,0,0,0,"- ","- ",36.754928588867188,-119.82814788818359,FRESNO,FRESNO,-119.82813262939453,36.754940032958984
90930568,2019,2019-02-26,9440,2019-02-13,1520,016870,,3,2,9,1000,0,1,3,,1,410,"STATE ROUTE 41","NEWTON AVENUE",1478.00,N,N,B,-,Y,,,,,,,,,,Y,2,0,1,1,A,-,01,23152,A,N,F,A,A,A,H,-,A,D,0,,,,,Y,Y,A,08,1,0,0,0,0,0,0,0,0,"- ","- ",36.129001617431641,-119.88678741455078,FRESNO,UNINCORPORATED,,
90934316,2019,2019-02-26,9435,2019-02-15,0733,014363,,5,1,9,1000,0,3,5,,2,034,"NORTH AVENUE","TEMPERANCE AVENUE",1266.00,W,N,C,-,N,,,,,,,,,,Y,2,0,2,2,A,-,04,21703,,N,C,C,A,B,H,-,A,D,0,,,,,Y,,A,01,1,0,1,0,0,0,0,0,0,"- ","- ",36.692901611328125,-119.66831207275391,FRESNO,UNINCORPORATED,-119.66828155517578,36.692825317382812
90937654,2019,2019-10-01,9435,2019-02-23,1835,019962,,6,2,9,1000,0,3,5,,2,015,"MARKS AVENUE","JENSEN AVENUE",0.00,,Y,A,-,N,,,,,,,,,,Y,1,1,1,2,A,-,12,22450,A,N,D,C,A,A,H,-,D,A,0,,,,,Y,,A,01,0,0,1,0,0,0,0,0,0,"- ","- ",36.706649780273438,-119.84455871582031,FRESNO,UNINCORPORATED,-119.84449768066406,36.706630706787109
90940282,2019,2019-03-05,9435,2019-02-11,2105,016270,,1,2,9,1000,0,3,5,,2,060,"PIEDRA ROAD","ELWOOD ROAD",371.00,N,N,A,-,N,,,,,,,,,,Y,1,1,2,1,A,-,08,22107,,N,F,A,A,A,H,-,D,D,0,,,,,Y,Y,A,01,1,1,0,0,0,0,0,0,0,"- ","- ",36.812259674072266,-119.38421630859375,FRESNO,UNINCORPORATED,-119.38412475585938,36.812282562255859
90941214,2018,2019-03-08,9495,2018-12-24,0448,021029,,1,3,9,1000,0,1,1,,2,002,"INTERSTATE 5 NORTHBOUND","JEFFREY AVENUE",4752.00,S,N,A,-,Y,,,5,,,,,,N,Y,2,0,1,2,A,-,08,22107,,F,H,C,A,A,H,-,D,D,0,,,,Y,Y,,G,25,1,0,0,0,0,0,0,0,0,"- ","- ",36.359458923339844,-120.32595062255859,FRESNO,UNINCORPORATED,-120.32579803466797,36.359596252441406
90944987,2019,2019-03-13,9435,2019-01-11,1850,020854,,5,2,9,1000,0,3,5,,2,010,"MCKINLEY AVENUE","FELAND AVENUE",150.00,E,N,A,-,N,,,,,,,,,,N,1,1,0,2,C,-,18,,,N,C,G,A,B,H,-,D,D,0,,Y,,,Y,,-,"- ",0,0,0,0,0,1,0,0,0,"- ","- ",36.7646484375,-119.84839630126953,FRESNO,UNINCORPORATED,-119.84830474853516,36.764667510986328
90947103,2019,2019-03-15,9435,2019-03-12,1804,018860,,2,2,9,1000,0,3,5,,2,040,"DEL REY AVE.","ELKHORN AVE",2226.00,N,N,B,-,N,,,,,,,,,,N,2,0,1,1,A,-,08,22107,,N,F,A,A,A,H,-,A,D,0,,,Y,,Y,,C,02,1,0,0,0,0,0,0,0,1,"- ","- ",36.495681762695312,-119.59310150146484,FRESNO,UNINCORPORATED,-119.60002899169922,36.489078521728516
90948164,2019,2019-03-18,9435,2019-03-10,1633,019451,,7,2,9,1000,0,1,3,,1,412,"SR-41 N/B (YOSEMITE FREEWAY)","MOUNTAIN VIEW AVENUE",10.00,S,N,A,-,Y,,,41,,,,,,N,Y,2,0,1,2,A,-,08,22107,,N,C,C,A,A,H,-,A,D,0,,,,,Y,,D,22,1,0,0,0,0,0,0,0,0,"- ","- ",36.547168731689453,-119.78614044189453,FRESNO,UNINCORPORATED,-119.78609466552734,36.547168731689453
90948346,2019,2019-03-18,9435,2019-03-04,2258,017518,,1,3,9,1000,0,1,3,,1,180,"SR-180 (WHITESBRIDGE AVENUE)","HAYES AVE",1323.00,E,N,B,-,Y,,,180,,,,,,,Y,1,2,0,2,A,-,05,21460,A,N,A,C,A,A,H,-,D,D,0,,,,,Y,,A,01,0,0,0,0,0,0,0,0,0,"- ","- ",36.735431671142578,-119.89391326904297,FRESNO,UNINCORPORATED,-119.89391326904297,36.735431671142578
90948403,2019,2019-03-18,9435,2019-03-07,1500,015890,,4,2,9,1000,0,3,5,,2,030,"TRIMMER SPRINGS RD","MAXON RD",7920.00,S,N,A,-,N,,,,,,,,,,N,2,0,1,1,A,-,08,22107,,N,F,A,A,A,H,-,A,D,0,,,,,Y,,D,22,1,0,0,0,0,0,0,0,0,"- ","- ",36.892730712890625,-119.29582977294922,FRESNO,UNINCORPORATED,-119.27179718017578,36.901226043701172
90957307,2019,2019-03-29,9435,2019-03-18,1830,019895,,1,2,9,1000,0,3,5,,2,034,"ADAMS AVENUE","THOMPSON AVENUE",690.00,E,N,A,-,N,,,,,,,,,,Y,1,1,0,1,A,-,08,22107,,N,F,A,A,A,H,-,A,D,0,,,,,Y,,A,01,0,0,0,0,0,0,0,0,0,"- ","- ",36.634281158447266,-119.61686706542969,FRESNO,UNINCORPORATED,-119.61733245849609,36.634368896484375
90964909,2019,2019-04-10,9435,2019-03-24,0610,014363,,7,1,7,1005,0,1,3,,2,106,"STATE ROUTE 99 (NORTHBOUND)","CEDAR AVENUE",685.00,S,N,A,-,Y,,,99,,,,,,,Y,2,0,4,2,A,-,03,22350,,N,C,C,A,A,H,-,B,D,0,,,,,Y,,A,01,1,1,2,0,0,0,0,0,0,"- ","- ",36.687740325927734,-119.75308227539062,FRESNO,FRESNO,-119.75307464599609,36.687744140625
90970518,2019,2019-04-18,9435,2019-04-10,0830,018746,,3,1,7,1005,0,1,3,,2,182,"SR-180 W/B","CLOVIS AVENUE",2112.00,W,N,A,-,Y,,,180,,,,,,W,Y,2,0,1,4,A,-,03,22350,,N,C,C,A,A,H,-,A,D,0,,,,,Y,,A,01,1,0,0,0,0,0,0,0,0,"- ","- ",36.753120422363281,-119.70773315429688,FRESNO,FRESNO,-119.70773315429688,36.753139495849609
90976904,2019,2019-09-23,9435,2019-03-11,2030,018892,,1,2,9,1000,0,3,5,,2,034,"MENDOCINO AVENUE","INDUSTRIAL DRIVE",940.00,S,N,A,-,N,,,,,,,,,,Y,1,2,0,2,A,-,01,23152,A,N,A,C,A,A,H,-,D,D,0,,,,,Y,Y,D,22,0,0,0,0,0,0,0,0,0,"- ","- ",36.596881866455078,-119.54795074462891,FRESNO,UNINCORPORATED,-119.54792785644531,36.597019195556641
90980147,2019,2019-05-01,9495,2019-04-19,1545,020021,,5,2,9,1000,0,1,3,,1,014,"STATE ROUTE 269 (LASSEN AVENUE)","W. JEFFREYS AVENUE",2640.00,N,N,A,-,Y,,,269,,,,,,,Y,2,0,4,1,A,-,08,22107,,N,F,A,A,A,H,-,A,D,0,,,,,Y,,A,08,1,1,2,0,0,0,0,0,0,"- ","- ",36.378738403320312,-120.10331726074219,FRESNO,UNINCORPORATED,-120.10324859619141,36.378738403320312
90981497,2019,2019-05-03,9435,2019-03-31,0130,020680,,7,3,9,1000,0,3,5,,2,025,"FRIANT ROAD NORTHBOUND","WILLOW AVENUE",10032.00,N,N,A,-,N,,,,,,,,,,Y,1,1,0,1,A,-,08,22107,,N,F,A,A,A,H,-,D,D,0,,,,,Y,,A,01,0,0,0,0,0,0,0,0,0,"- ","- ",36.948688507080078,-119.72901153564453,FRESNO,UNINCORPORATED,-119.72969818115234,36.948104858398438
90982387,2019,2019-05-06,9435,2019-04-13,2154,020586,,6,2,9,1000,0,3,5,,2,040,"NEBRASKA AVENUE","DE WOLF AVENUE",596.00,E,N,A,-,N,,,,,,,,,,N,1,1,0,2,A,-,11,21956,A,N,G,B,E,A,H,-,D,D,0,Y,,,,Y,Y,N,60,0,0,0,1,0,0,0,0,0,"- ","- ",36.561519622802734,-119.64467620849609,FRESNO,UNINCORPORATED,-119.64468383789062,36.561492919921875
90984396,2019,2019-05-30,9435,2019-05-02,2021,019263,,4,2,9,1000,0,1,3,,1,169,SR-168,"CRESSMAN RD",1584.00,W,N,A,-,Y,,,168,,,,,,,Y,1,1,0,1,A,-,08,22107,,N,E,I,A,A,H,-,C,D,0,,,Y,,Y,,C,02,0,0,0,0,0,0,0,1,0,"- ","- ",37.061038970947266,-119.36184692382812,FRESNO,UNINCORPORATED,-119.36184692382812,37.061038970947266
90984812,2019,2019-05-08,9435,2019-05-06,1633,018860,,1,2,9,1000,0,3,5,,2,020,"BETHEL AVE","CLARKSON AVE",10.00,N,N,A,-,N,,,,,,,,,,Y,2,0,1,2,A,-,03,22350,,N,A,C,A,A,H,-,A,A,0,,,,Y,Y,,A,01,1,0,0,0,0,0,0,0,0,"- ","- ",36.5035400390625,-119.57514953613281,FRESNO,UNINCORPORATED,-119.57514190673828,36.50347900390625
90989433,2019,2019-05-15,9435,2019-05-06,0855,016507,,1,1,9,1000,0,3,5,,2,060,"MANNING AVE","ALTA AVE",0.00,,Y,A,-,N,,,,,,,,,,Y,2,0,4,3,A,-,12,21453,A,N,D,C,A,A,H,-,A,A,0,,,,,Y,,A,08,4,0,0,0,0,0,0,0,0,"- ","- ",36.604099273681641,-119.39492797851562,FRESNO,UNINCORPORATED,-119.39495086669922,36.603939056396484
90989963,2019,2019-05-16,9435,2019-05-11,2005,020429,,6,2,9,1000,0,3,5,,2,060,"TUMBLEWEED LN","ANTELOPE LN",1584.00,N,N,A,-,N,,,,,,,,,,N,2,0,1,1,A,-,01,23152,A,N,E,I,A,A,H,-,B,D,0,,,Y,,Y,Y,C,02,1,0,0,0,0,0,0,0,1,"- ","- ",36.709941864013672,-119.26461029052734,FRESNO,UNINCORPORATED,-119.26548767089844,36.709564208984375
90992036,2019,2019-05-20,9435,2019-02-01,1820,018824,,5,2,9,1000,0,3,5,,2,034,"JENSEN AVENUE","DEL REY AVENUE",0.00,,Y,B,C,N,,,,,,,,,,Y,1,1,1,2,A,-,09,21802,A,N,D,C,A,B,H,-,D,A,0,,,,,Y,,A,07,0,1,0,0,0,0,0,0,0,"- ","- ",36.706760406494141,-119.59207916259766,FRESNO,UNINCORPORATED,-119.59207153320312,36.706741333007812
90994302,2019,2019-05-22,9435,2019-05-11,1609,018892,,6,2,9,1000,0,3,5,,2,025,"MILLERTON RD","VIA MIRA BELLA RD",1584.00,E,N,A,-,N,,,,,,,,,,Y,2,0,1,1,A,-,01,23152,A,N,E,I,A,A,H,-,A,D,0,,,Y,,Y,Y,C,02,1,0,0,0,0,0,0,0,1,"- ","- ",36.988430023193359,-119.69264984130859,FRESNO,UNINCORPORATED,-119.69294738769531,36.988651275634766
91001304,2019,2019-05-31,9435,2019-05-25,1210,018746,,6,1,7,1005,0,1,3,,2,181,"SR-180 W/B","CHESTNUT AVENUE",430.00,E,N,A,-,Y,,,180,,,,,,W,Y,2,0,1,1,A,-,08,22107,,N,E,I,A,A,H,-,A,D,0,,,,,Y,,A,01,1,0,0,0,0,0,0,0,0,"- ","- ",36.754501342773438,-119.73465728759766,FRESNO,FRESNO,-119.73464965820312,36.754566192626953
91004681,2019,2019-06-06,9461,2019-05-27,2107,017029,,1,2,9,1000,0,1,1,,2,305,"I-5 N/B","HERNDON AVENUE",5808.00,S,N,B,-,Y,,,,,,,,,,Y,2,0,1,2,A,-,03,22350,,F,F,A,A,A,H,-,D,D,0,,,Y,,Y,,C,02,1,0,0,0,0,0,0,0,1,"- ","- ",36.821399688720703,-120.53279876708984,FRESNO,UNINCORPORATED,-120.75399017333984,36.821598052978516
91010582,2019,2019-06-14,9435,2019-06-03,1801,020481,,1,2,9,1000,0,3,5,,2,025,"FLORAL AVENUE","FOWLER AVENUE",316.00,W,N,A,-,N,,,,,,,,,,Y,2,0,2,1,A,-,01,23152,A,N,E,I,A,A,H,-,A,A,0,,,,,Y,Y,A,01,1,1,0,0,0,0,0,0,0,"- ","- ",36.576309204101562,-119.68370819091797,FRESNO,UNINCORPORATED,-119.68363189697266,36.576377868652344
91015309,2019,2019-06-21,9435,2019-06-14,1045,016507,,5,1,9,1000,0,3,5,,2,060,"ELWOOD ROAD","BOREN LN",1056.00,N,N,A,-,N,,,,,,,,,,N,2,0,1,1,A,-,08,22107,,N,F,A,A,A,H,-,A,D,0,,,Y,,Y,,C,02,1,0,0,0,0,0,0,0,1,"- ","- ",36.762680053710938,-119.25058746337891,FRESNO,UNINCORPORATED,-119.24361419677734,36.762252807617188
91015515,2019,2019-06-24,9435,2019-06-14,2055,020871,,5,2,9,1000,0,3,5,,2,015,"MANNING AVENUE","VALENTINE AVENUE",1056.00,E,N,A,-,N,,,,,,,,,,Y,2,0,5,1,A,-,01,23152,F,N,E,I,A,A,H,-,D,D,0,,,,,Y,,A,01,1,2,2,0,0,0,0,0,0,"- ","- ",36.605129241943359,-119.85050201416016,FRESNO,UNINCORPORATED,-119.85017395019531,36.605060577392578
91016304,2019,2019-06-24,9435,2019-06-16,0755,015026,,7,1,9,1000,0,3,5,,2,034,"ZEDIKER AVE","ROSE AVE",0.00,,Y,A,-,N,,,,,,,,,,Y,2,0,4,2,A,-,09,21802,A,N,D,C,A,A,H,-,A,A,0,,,,,Y,,D,22,1,0,3,0,0,0,0,0,0,"- ","- ",36.568519592285156,-119.52121734619141,FRESNO,UNINCORPORATED,-119.52126312255859,36.568511962890625
91020967,2019,2019-06-28,9435,2019-06-25,0820,019113,,2,1,9,1000,0,1,3,,1,145,"SR-145 (MADERA AVENUE)","CLINTON AVENUE",0.00,,Y,A,-,Y,,,145,,,,,,,Y,2,0,1,2,A,-,09,21801,A,N,A,C,A,A,H,-,A,D,0,,,,,Y,,D,22,1,0,0,0,0,0,0,0,0,"- ","- ",36.771339416503906,-120.06017303466797,FRESNO,UNINCORPORATED,-120.06019592285156,36.771339416503906
91023862,2019,2019-07-03,9435,2019-06-22,0950,018746,,6,1,9,1000,0,3,5,,2,025,"SHAW AVENUE","AMBER AVENUE",0.00,,Y,A,-,N,,,,,,,,,,Y,2,0,1,2,A,-,09,21802,A,N,D,C,A,A,H,-,A,A,0,,,Y,,Y,,A,01,1,0,0,0,0,0,0,0,1,"- ","- ",36.808250427246094,-119.58975219726562,FRESNO,UNINCORPORATED,-119.58970642089844,36.808231353759766
91024778,2019,2019-07-05,9435,2019-06-24,1734,020429,,1,2,9,1000,0,3,5,,2,060,"FRANKWOOD AVE","CENTRAL AVE",0.00,,Y,B,-,N,,,,,,,,,,Y,2,0,2,2,A,-,09,21801,A,N,A,C,A,A,H,-,A,D,0,,,,,Y,,A,07,1,1,0,0,0,0,0,0,0,"- ","- ",36.676738739013672,-119.44850158691406,FRESNO,UNINCORPORATED,-119.448486328125,36.676719665527344
91031824,2019,2019-07-16,9435,2019-07-06,0500,020064,,6,3,7,1005,0,1,3,,2,410,"SR-41 N/B TO TULARE STREET","TULARE STREET",400.00,S,N,A,-,Y,,,41,,,,R,,N,Y,2,0,2,1,A,-,01,23152,A,N,E,I,A,A,H,-,C,D,0,,,,,Y,Y,A,01,2,0,0,0,0,0,0,0,0,"- ","- ",36.741809844970703,-119.77713012695312,FRESNO,FRESNO,-119.77713012695312,36.741809844970703
91033908,2019,2019-07-19,9435,2019-07-12,1948,018860,,5,2,9,1000,0,1,3,,1,412,"SR-41 S/B","MOUNTAIN VIEW AVE",20.00,N,N,A,-,Y,,,41,,,,,,S,Y,2,0,6,2,A,-,03,22350,,N,C,C,A,A,H,-,B,A,0,,,,,Y,,A,01,2,1,3,0,0,0,0,0,0,"- ","- ",36.547370910644531,-119.78630828857422,FRESNO,UNINCORPORATED,-119.78609466552734,36.547370910644531
91040906,2019,2019-07-29,9435,2019-07-17,1845,021165,,3,2,9,1000,0,3,5,,2,040,"MINNEWAWA AVE","LINCOLN AVE",30.00,S,N,A,-,N,,,,,,,,,,Y,2,0,5,2,A,-,01,23152,A,N,A,C,A,A,H,-,A,D,0,,,,,Y,Y,A,01,5,0,0,0,0,0,0,0,0,"- ","- ",36.648479461669922,-119.70944213867188,FRESNO,UNINCORPORATED,-119.70937347412109,36.648735046386719
91043793,2019,2019-08-01,9435,2019-07-22,1603,016860,,1,2,9,1000,0,3,5,,2,050,"AUBERRY ROAD","POWERHOUSE ROAD",2112.00,E,N,A,-,N,,,,,,,,,,Y,2,0,1,2,A,-,08,22107,,N,A,C,A,A,H,-,A,D,0,,,,,Y,,A,07,1,0,0,0,0,0,0,0,0,"- ","- ",37.082748413085938,-119.47944641113281,FRESNO,UNINCORPORATED,-119.48567199707031,37.075111389160156
91045287,2019,2019-08-05,9461,2019-07-26,1039,021188,,5,1,9,1000,0,2,4,,1,615,"51579 W NEES AVENUE","POLE LINE ROAD",10560.00,E,N,A,-,N,,,,,,,,,,Y,2,0,2,1,A,-,08,22107,,N,E,I,A,A,H,-,A,D,0,,,,,Y,,A,01,2,0,0,0,0,0,0,0,0,"- ","- ",36.850429534912109,-120.71649932861328,FRESNO,UNINCORPORATED,-120.71949768066406,36.850482940673828
91045767,2019,2019-08-05,9435,2019-07-29,1820,020871,,1,2,9,1000,0,1,3,,1,183,SR-180,"OLIVER AVENUE",0.00,,Y,A,-,Y,,,180,,,,,,,Y,2,0,2,2,A,-,09,21801,A,N,D,C,A,A,H,-,A,D,0,,,,,Y,,A,01,1,0,1,0,0,0,0,0,0,"- ","- ",36.733619689941406,-119.4990234375,FRESNO,UNINCORPORATED,-119.49901580810547,36.733634948730469
91052337,2019,2019-08-14,9495,2019-08-06,2105,020021,,2,2,9,1000,0,1,3,,1,014,"STATE ROUTE 269 (LASSEN AVENUE)","W. OAKLAND AVENUE",0.00,,Y,A,-,Y,,,269,,,,,,,Y,2,0,1,2,A,-,12,22450,A,N,D,C,A,A,H,-,D,D,0,,,,Y,Y,,G,25,1,0,0,0,0,0,0,0,0,"- ","- ",36.34259033203125,-120.10330963134766,FRESNO,UNINCORPORATED,-120.10334014892578,36.34259033203125
91057747,2019,2019-10-01,9435,2019-07-17,1500,020540,,3,2,9,1000,0,3,5,,2,050,"KAISER PASS ROAD","FOREST SERVICE ROAD 5S80D",3696.00,W,N,A,-,N,,,,,,,,,,Y,1,1,0,1,A,-,13,22515,A,N,H,A,A,A,H,-,A,D,0,,,,,Y,,A,07,0,0,0,0,0,0,0,0,0,"- ","- ",37.320808410644531,-119.07766723632812,FRESNO,UNINCORPORATED,-119.07756042480469,37.320934295654297
91058408,2019,2019-08-23,9435,2019-08-17,1305,015095,,6,1,7,1005,0,1,3,,2,410,"SR-41 NORTHBOUND","ASHLAN AVENUE",1584.00,S,N,A,-,Y,,,41,,,,,,N,Y,2,0,1,1,A,-,08,22107,,N,E,I,A,A,H,-,A,D,0,,,,,Y,,A,07,1,0,0,0,0,0,0,0,0,"- ","- ",36.789661407470703,-119.7841796875,FRESNO,FRESNO,-119.78417205810547,36.789661407470703
91059454,2019,2019-08-26,9435,2019-07-13,0745,020019,,6,1,7,1005,0,1,3,,2,182,"SR-180 W/B FROM CLOVIS AVENUE S/B","CLOVIS AVENUE",538.00,W,N,A,-,Y,,,180,,,,R,,W,Y,1,1,0,1,A,-,08,22107,,N,E,I,A,A,H,-,A,D,0,,,Y,,Y,,C,02,0,0,0,0,0,0,0,1,0,"- ","- ",36.753078460693359,-119.70236968994141,FRESNO,FRESNO,-119.70236968994141,36.753078460693359
91064722,2019,2019-08-30,9435,2019-08-20,2005,020871,,2,2,9,1000,0,3,5,,2,010,"BULLARD AVENUE","TEILMAN AVENUE",550.00,W,N,A,-,N,,,,,,,,,,Y,2,0,1,2,A,-,03,22350,,N,C,C,A,A,H,-,C,D,0,,,Y,,Y,,C,02,1,0,0,0,0,0,0,0,1,"- ","- ",36.822780609130859,-119.82322692871094,FRESNO,UNINCORPORATED,-119.82320404052734,36.822772979736328
91067025,2019,2019-09-04,9435,2019-08-26,0237,020592,,1,3,9,1000,0,1,3,,1,430,SR-43,"NEBRASKA AVENUE",0.00,,Y,A,-,Y,,,43,,,,,,,Y,2,0,3,2,A,-,01,23152,A,N,A,C,A,A,H,-,C,A,0,,,,Y,Y,Y,A,01,1,1,1,0,0,0,0,0,0,"- ","- ",36.561710357666016,-119.62870788574219,FRESNO,UNINCORPORATED,-119.62877655029297,36.561714172363281
91067544,2019,2019-09-04,9435,2019-08-22,0800,016860,,4,1,9,1000,0,1,3,,1,169,SR-168,"SJ AND E RD",0.00,,Y,A,-,Y,,,168,,,,,,,Y,2,0,1,2,A,-,09,21802,A,N,F,A,A,A,H,-,A,A,0,,,Y,,Y,,A,07,1,0,0,0,0,0,0,0,1,"- ","- ",37.046230316162109,-119.47411346435547,FRESNO,UNINCORPORATED,-119.47411346435547,37.046192169189453
91072701,2019,2019-09-11,9435,2019-09-02,1020,020540,,1,1,9,1000,0,1,3,,1,169,SR-168,"SHAVER FOREST ROAD",295.00,E,N,A,-,Y,,,168,,,,,,,Y,2,0,1,2,A,-,08,22107,,N,A,C,A,A,H,-,A,D,0,,,,,Y,,A,01,1,0,0,0,0,0,0,0,0,"- ","- ",37.095050811767578,-119.31852722167969,FRESNO,UNINCORPORATED,-119.31844329833984,37.095104217529297
91076604,2019,2019-09-17,9435,2019-09-06,1636,020481,,5,2,9,1000,0,3,5,,2,010,"PALM AVENUE","ASHLAN AVENUE",0.00,,Y,A,-,N,,,,,,,,,,Y,2,0,3,3,A,-,12,21453,A,N,D,C,A,A,H,-,A,A,0,,,,,Y,,A,01,1,0,2,0,0,0,0,0,0,"- ","- ",36.793941497802734,-119.80857849121094,FRESNO,UNINCORPORATED,-119.80860137939453,36.793899536132812
91078568,2019,2019-09-19,9435,2019-09-16,2320,020429,,1,3,9,1000,0,1,3,,2,184,SR-180,SR-63,5808.00,W,N,A,-,Y,,,180,,,,,,,Y,2,0,1,1,A,-,08,22107,,N,E,I,A,A,H,-,D,D,0,,,,,Y,,A,01,1,0,0,0,0,0,0,0,0,"- ","- ",36.723979949951172,-119.30197906494141,FRESNO,UNINCORPORATED,-119.30198669433594,36.723892211914062
91079349,2019,2019-10-04,9435,2019-06-22,0955,020540,,6,1,9,1000,0,1,3,,1,169,"STATE ROUTE 168","VINEYARD LANE",450.00,E,N,A,-,Y,,,168,,,,,,,Y,1,3,1,3,A,-,08,22107,,N,E,I,A,A,H,-,A,D,0,,,,,Y,,A,07,0,1,0,0,0,0,0,0,0,"- ","- ",36.996688842773438,-119.52780914306641,FRESNO,UNINCORPORATED,-119.52783966064453,36.996719360351562
91096902,2019,2019-10-14,9435,2019-10-03,2342,021202,,4,3,7,1005,0,1,3,,2,181,"STATE ROUTE 180 EASTBOUND","SAN PABLO AVENUE",342.00,E,N,A,-,Y,,,180,,,,,,E,Y,2,0,2,1,A,-,08,22107,,N,E,I,A,A,H,-,C,D,0,,,,,Y,,A,07,2,0,0,0,0,0,0,0,0,"- ","- ",36.751049041748047,-119.79380035400391,FRESNO,FRESNO,-119.79381561279297,36.751125335693359
91096946,2019,2019-10-14,9435,2019-10-03,0939,014363,,4,1,9,1000,0,3,5,,2,040,"CLARKSON AVENUE","STATE ROUTE 43",1340.00,E,N,A,-,N,,,,,,,,,,Y,2,0,1,3,A,-,03,22350,,N,C,C,A,A,H,-,A,D,0,,,,,Y,,A,01,1,0,0,0,0,0,0,0,0,"- ","- ",36.503650665283203,-119.62448120117188,FRESNO,UNINCORPORATED,-119.62448120117188,36.503616333007812