CASE_ID,ACCIDENT_YEAR,PROC_DATE,JURIS,COLLISION_DATE,COLLISION_TIME,OFFICER_ID,REPORTING_DISTRICT,DAY_OF_WEEK,CHP_SHIFT,POPULATION,CNTY_CITY_LOC,SPECIAL_COND,BEAT_TYPE,CHP_BEAT_TYPE,CITY_DIVISION_LAPD,CHP_BEAT_CLASS,BEAT_NUMBER,PRIMARY_RD,SECONDARY_RD,DISTANCE,DIRECTION,INTERSECTION,WEATHER_1,WEATHER_2,STATE_HWY_IND,CALTRANS_COUNTY,CALTRANS_DISTRICT,STATE_ROUTE,ROUTE_SUFFIX,POSTMILE_PREFIX,POSTMILE,LOCATION_TYPE,RAMP_INTERSECTION,SIDE_OF_HWY,TOW_AWAY,COLLISION_SEVERITY,NUMBER_KILLED,NUMBER_INJURED,PARTY_COUNT,PRIMARY_COLL_FACTOR,PCF_CODE_OF_VIOL,PCF_VIOL_CATEGORY,PCF_VIOLATION,PCF_VIOL_SUBSECTION,HIT_AND_RUN,TYPE_OF_COLLISION,MVIW,PED_ACTION,ROAD_SURFACE,ROAD_COND_1,ROAD_COND_2,LIGHTING,CONTROL_DEVICE,CHP_ROAD_TYPE,PEDESTRIAN_ACCIDENT,BICYCLE_ACCIDENT,MOTORCYCLE_ACCIDENT,TRUCK_ACCIDENT,NOT_PRIVATE_PROPERTY,ALCOHOL_INVOLVED,STWD_VEHTYPE_AT_FAULT,CHP_VEHTYPE_AT_FAULT,COUNT_SEVERE_INJ,COUNT_VISIBLE_INJ,COUNT_COMPLAINT_PAIN,COUNT_PED_KILLED,COUNT_PED_INJURED,COUNT_BICYCLIST_KILLED,COUNT_BICYCLIST_INJURED,COUNT_MC_KILLED,COUNT_MC_INJURED,PRIMARY_RAMP,SECONDARY_RAMP,LATITUDE,LONGITUDE,COUNTY,CITY,POINT_X,POINT_Y
91097451,2019,2019-10-15,9435,2019-10-04,0642,014363,,5,1,9,1000,0,3,5,,2,034,"TEMPERANCE AVENUE","SOUTH AVENUE",0.00,,Y,A,-,N,,,,,,,,,,Y,2,0,1,2,A,-,09,21802,A,N,D,C,A,A,H,-,B,A,0,,,,,Y,,A,01,1,0,0,0,0,0,0,0,0,"- ","- ",36.619941711425781,-119.6644287109375,FRESNO,UNINCORPORATED,-119.66439819335938,36.619880676269531
91097828,2019,2019-10-15,9435,2019-10-04,1430,020733,,5,2,7,1005,0,1,3,,2,410,"SR-41 S/B","BULLARD AVE",35.00,N,N,A,-,Y,,,41,,,,,,S,Y,2,0,2,3,A,-,03,22350,,F,C,C,A,A,H,-,A,D,0,,,,,Y,,A,08,2,0,0,0,0,0,0,0,0,"- ","- ",36.823211669921875,-119.78543090820312,FRESNO,FRESNO,-119.78538513183594,36.823207855224609
91104778,2019,2019-10-24,9435,2019-10-11,0130,021119,,5,3,9,1000,0,3,5,,2,010,SR-180,"TRINITY AVE",3193.00,W,N,A,-,N,,,180,,,,,,,Y,2,0,3,2,A,-,01,23153,A,N,C,C,A,A,H,-,D,D,0,,,,Y,Y,Y,A,01,1,1,1,0,0,0,0,0,0,"- ","- ",36.734729766845703,-120.12545013427734,FRESNO,UNINCORPORATED,-120.12545013427734,36.734703063964844
91107509,2019,2020-02-14,9435,2019-08-02,1348,020540,,5,1,9,1000,0,1,3,,1,169,"STATE ROUTE 168","GOOSEBERRY LANE",3168.00,W,N,A,-,Y,,,168,,,,,,,Y,1,1,0,2,A,-,08,22107,,N,F,A,A,A,H,-,A,D,0,,,Y,Y,Y,,C,02,0,0,0,0,0,0,0,1,0,"- ","- ",37.009021759033203,-119.52870178222656,FRESNO,UNINCORPORATED,-119.52878570556641,37.009033203125
91108275,2019,2019-10-28,9435,2019-10-18,2121,019610,,5,2,9,1000,0,3,5,,2,040,"ZEDIKER AVE","ROSE AVE",0.00,,Y,A,-,N,,,,,,,,,,Y,2,0,2,2,A,-,09,21802,A,N,D,C,A,A,H,-,D,A,0,,,,,Y,,A,07,1,1,0,0,0,0,0,0,0,"- ","- ",36.568508148193359,-119.52127075195312,FRESNO,UNINCORPORATED,-119.52126312255859,36.568511962890625
91119002,2019,2019-11-13,9435,2019-11-01,1410,018914,,5,2,7,1005,0,1,3,,2,410,"SR-41 N/B","DAKOTA AVENUE",1247.00,S,N,A,-,Y,,,41,,,,,,N,Y,2,0,1,1,A,-,08,22107,,N,F,A,A,A,H,-,A,D,0,,,Y,,Y,,C,02,1,0,0,0,0,0,0,0,1,"- ","- ",36.783260345458984,-119.78440093994141,FRESNO,FRESNO,-119.78440093994141,36.783260345458984
91119357,2019,2019-11-13,9435,2019-11-03,1849,020095,,7,2,7,1005,0,1,3,,2,410,"SR-41 N/B","DAKOTA AVE",750.00,S,N,A,-,Y,,,41,,,,,,N,Y,2,0,1,3,A,-,07,21658,A,N,B,C,A,A,H,-,C,D,0,,,,Y,Y,,A,01,1,0,0,0,0,0,0,0,0,"- ","- ",36.784690856933594,-119.78427886962891,FRESNO,FRESNO,-119.78432464599609,36.784694671630859
91120734,2019,2019-11-14,9435,2019-11-05,0548,014363,,2,3,9,1000,0,3,5,,2,040,"DAVIS AVENUE","FOWLER AVENUE",2640.00,W,N,A,-,N,,,,,,,,,,Y,2,0,1,1,A,-,03,22350,,N,E,I,A,A,H,-,D,D,0,,,,,Y,,A,01,1,0,0,0,0,0,0,0,0,"- ","- ",36.474399566650391,-119.70413970947266,FRESNO,UNINCORPORATED,-119.69933319091797,36.474411010742188
91145549,2019,2019-12-17,9435,2019-12-10,1000,017310,,2,1,7,1005,0,1,3,,2,105,"SR-99 N/B","ASHLAN AVE",2640.00,N,N,B,-,Y,,,99,,,,,,N,Y,2,0,1,1,A,-,08,22107,,N,E,J,A,A,H,-,A,D,0,,,,,Y,,A,01,1,0,0,0,0,0,0,0,0,"- ","- ",36.798069000244141,-119.87203216552734,FRESNO,FRESNO,-119.87196350097656,36.798171997070312
9115319,2020,2020-09-14,1015,2020-06-20,2135,N079,SELMA,6,5,3,1015,0,0,0,,0,,"HIGHLAND AV","GOLDEN STATE BL",0.00,,Y,A,-,N,,,,,,,,,,N,2,0,1,2,-,-,"- ",,,F,D,C,A,A,H,-,A,A,0,,,,,Y,Y,D,22,1,0,0,0,0,0,0,0,0,"- ","- ",,,FRESNO,SELMA,-119.62864685058594,36.581371307373047
91156447,2019,2019-12-31,9435,2019-09-04,0626,018865,,3,1,9,1000,0,3,5,,2,010,"SISKIYOU AVENUE","OLIVE AVENUE",457.00,N,N,A,-,N,,,,,,,,,,Y,1,1,0,2,A,-,06,21751,,N,A,G,A,A,H,-,B,D,0,,Y,,,Y,,D,22,0,0,0,0,0,1,0,0,0,"- ","- ",36.758029937744141,-120.07807922363281,FRESNO,UNINCORPORATED,-120.07806396484375,36.758064270019531
91158110,2019,2020-01-14,9435,2019-12-27,1500,020078,,5,2,9,1000,0,3,5,,2,040,"MANNING AVENUE","TEMPERANCE AVENUE",398.00,E,N,A,-,N,,,,,,,,,,Y,1,1,3,2,A,-,09,21801,A,N,A,C,A,A,H,-,A,D,0,,,,,Y,,A,01,0,0,3,0,0,0,0,0,0,"- ","- ",36.605369567871094,-119.66303253173828,FRESNO,UNINCORPORATED,-119.66306304931641,36.605350494384766
91158650,2019,2020-01-03,9435,2019-12-25,1852,020836,,3,2,7,1005,0,1,3,,2,410,"SR-41 S/B TO SR-99 S/B","CHURCH AVENUE",1740.00,N,N,B,-,Y,,,41,,,,R,,S,Y,2,0,4,2,A,-,03,22350,,N,C,C,A,A,H,-,D,D,0,,,Y,,Y,,C,02,2,1,1,0,0,0,0,0,2,"- ","- ",36.717548370361328,-119.78495025634766,FRESNO,FRESNO,-119.78495025634766,36.717548370361328
91163449,2019,2020-01-21,9495,2019-11-18,0505,019424,,1,3,9,1000,0,1,3,,1,013,"STATE ROUTE 145 (FRESNO COALINGA RD)","S. COLUSA AVE",6336.00,N,N,A,-,Y,,,145,,,,,,,Y,1,1,1,2,A,-,05,21460,A,N,A,C,A,A,H,-,D,D,0,,,,Y,Y,,A,01,0,0,1,0,0,0,0,0,0,"- ","- ",36.371761322021484,-120.17849731445312,FRESNO,UNINCORPORATED,-120.17850494384766,36.371768951416016
91164063,2020,2020-01-13,9435,2020-01-01,1329,021148,,3,1,9,1000,0,1,3,,2,181,"SR-180 E/B","LOCAN AVE",93.00,E,N,A,-,Y,,,180,,,,,,E,Y,2,0,3,2,A,-,01,23152,A,N,C,C,A,A,H,-,A,D,0,,,,,Y,Y,A,07,1,2,0,0,0,0,0,0,0,"- ","- ",36.736930847167969,-119.6546630859375,FRESNO,UNINCORPORATED,-119.6546630859375,36.736961364746094
91169057,2020,2020-01-21,9435,2020-01-07,0619,014363,,2,1,9,1000,0,3,5,,2,034,"JENSEN AVENUE","INDIANOLA AVENUE",7.00,W,N,B,-,N,,,,,,,,,,Y,2,0,1,2,A,-,09,21802,A,N,D,C,A,A,H,-,B,A,0,,,,,Y,,D,22,1,0,0,0,0,0,0,0,0,"- ","- ",36.706809997558594,-119.58329772949219,FRESNO,UNINCORPORATED,-119.58320617675781,36.706821441650391
91170695,2020,2020-01-22,9495,2020-01-11,1508,020021,,6,2,9,1000,0,1,1,,2,001,"INTERSTATE 5 NORTHBOUND","KAMM AVENUE",130.00,S,N,A,-,Y,,,5,,,,,,N,Y,2,0,1,1,A,-,08,22107,,N,E,I,A,A,H,-,A,D,0,,,,,Y,,A,01,1,0,0,0,0,0,0,0,0,"- ","- ",36.530651092529297,-120.48744201660156,FRESNO,UNINCORPORATED,-120.48747253417969,36.530612945556641
91171634,2019,2020-01-23,9435,2019-12-01,0137,020193,,7,3,7,1005,0,1,3,,2,105,"STATE ROUTE 99 NORTHBOUND","CLINTON AVENUE",463.00,S,N,C,-,Y,,,99,,,,,,N,Y,1,1,1,4,A,-,01,23152,A,N,E,I,E,B,H,-,C,D,0,Y,,,,Y,Y,A,01,1,0,0,1,1,0,0,0,0,"- ","- ",36.771060943603516,-119.83792877197266,FRESNO,FRESNO,-119.837890625,36.771083831787109
91174432,2020,2020-01-27,9435,2020-01-13,1307,020019,,1,1,9,1000,0,3,5,,2,040,"CEDAR AVENUE","COLEMAN AVENUE",528.00,N,N,A,-,N,,,,,,,,,,Y,2,0,1,1,A,-,01,23152,A,N,E,I,A,A,H,-,A,D,0,,,,,Y,Y,A,01,1,0,0,0,0,0,0,0,0,"- ","- ",36.472000122070312,-119.76239776611328,FRESNO,UNINCORPORATED,-119.76248168945312,36.470569610595703
91179090,2020,2020-02-03,9495,2020-01-23,1705,019453,,4,2,9,1000,0,3,5,,2,053,"GALE AVENUE","SISKIYOU AVENUE",5069.00,E,N,A,-,N,,,,,,,,,,Y,2,0,2,1,A,-,01,23152,A,N,F,A,A,A,H,-,A,D,0,,,,,Y,Y,D,22,1,1,0,0,0,0,0,0,0,"- ","- ",36.181598663330078,-120.06780242919922,FRESNO,UNINCORPORATED,-120.06809234619141,36.181560516357422
91180583,2020,2020-02-05,9435,2020-01-24,0808,014363,,5,1,9,1000,0,3,5,,2,040,"MANNING AVENUE","CHATEAU FRESNO AVENUE",875.00,W,N,E,-,N,,,,,,,,,,Y,2,0,3,2,A,-,06,21751,,N,A,C,A,A,H,-,A,D,0,,,,,Y,,A,01,1,1,1,0,0,0,0,0,0,"- ","- ",36.604438781738281,-119.93798828125,FRESNO,UNINCORPORATED,-119.93798828125,36.604454040527344
91183955,2020,2020-02-12,9435,2020-01-06,1358,021153,,1,1,9,1000,0,3,5,,2,025,"BUNKERHILL DRIVE","TICONDEROGA DRIVE",313.00,N,N,A,-,N,,,,,,,,,,N,1,1,0,3,A,-,21,22106,,N,D,C,E,A,H,-,A,D,0,Y,,,,Y,,D,22,0,0,0,1,0,0,0,0,0,"- ","- ",36.879531860351562,-119.76444244384766,FRESNO,UNINCORPORATED,-119.76444244384766,36.879653930664062
91184367,2020,2020-02-11,9495,2020-01-03,2314,021270,,5,3,9,1000,0,1,1,,2,001,"INTERSTATE 5 (NORTHBOUND)","STATE ROUTE 33 (DERRICK AVENUE)",10560.00,N,N,A,-,Y,,,5,,,,,,,N,2,0,1,2,A,-,08,22107,,F,G,B,E,A,H,-,D,D,0,Y,,,,Y,,-,99,1,0,0,0,1,0,0,0,0,"- ","- ",36.472698211669922,-120.42829895019531,FRESNO,UNINCORPORATED,-120.42832946777344,36.472671508789062
91188473,2020,2020-02-18,9435,2020-02-07,2330,019548,,5,3,9,1000,0,3,5,,2,050,"HUNTINGTON LAKE ROAD","IDYLWILD LANE",100.00,W,N,A,-,N,,,,,,,,,,N,2,0,2,1,A,-,01,23152,A,N,E,I,A,C,H,-,D,D,0,,,,,Y,Y,M,96,1,0,1,0,0,0,0,0,0,"- ","- ",37.237380981445312,-119.2310791015625,FRESNO,UNINCORPORATED,-119.23100280761719,37.237739562988281
91191482,2020,2020-02-24,9435,2020-02-16,1000,015095,,7,1,9,1000,0,3,5,,2,030,"TRIMMER SPRINGS ROAD","SUNNYSLOPE ROAD",22704.00,E,N,A,-,N,,,,,,,,,,N,2,0,1,1,D,-,00,,,N,F,A,A,A,H,-,A,D,0,,Y,,,Y,,-,"- ",1,0,0,0,0,0,1,0,0,"- ","- ",36.869949340820312,-119.30166625976562,FRESNO,UNINCORPORATED,-119.29991149902344,36.87005615234375
91194688,2019,2020-02-27,9435,2019-10-04,1715,016507,,5,2,9,1000,0,3,5,,2,060,"SOUTH AVENUE","ALTA AVENUE",0.00,,Y,A,-,N,,,,,,,,,,Y,1,1,3,5,A,-,12,22450,A,N,D,C,A,A,H,-,A,A,0,,,,Y,Y,,A,01,1,2,0,0,0,0,0,0,0,"- ","- ",36.618419647216797,-119.39483642578125,FRESNO,UNINCORPORATED,-119.39481353759766,36.618431091308594
9119580,2020,2020-09-18,1015,2020-06-23,1225,N036,SELMA,2,5,3,1015,0,0,0,,0,,"MCCALL AV","DINUBA AV",697.00,S,N,A,-,N,,,,,,,,,,,2,0,1,2,D,-,00,,,N,G,B,D,A,H,-,A,D,0,Y,,,,Y,,-,"- ",1,0,0,0,1,0,0,0,0,"- ","- ",,,FRESNO,SELMA,-119.61065673828125,36.588825225830078
91207232,2020,2020-03-12,9435,2020-03-01,1820,020871,,7,2,9,1000,0,3,5,,2,015,"CALIFORNIA AVENUE","CORNELIA AVENUE",50.00,E,N,A,-,N,,,,,,,,,,Y,2,0,4,2,A,-,01,23152,A,N,A,C,A,A,H,-,D,D,0,,,,,Y,Y,A,08,1,3,0,0,0,0,0,0,0,"- ","- ",36.720981597900391,-119.88034820556641,FRESNO,UNINCORPORATED,-120.36557006835938,36.149101257324219
91210277,2020,2020-03-17,9435,2020-03-07,1955,020078,,6,2,9,1000,0,3,5,,2,020,"CLARKSON AVENUE","NAPA AVENUE",57.00,E,N,A,-,N,,,,,,,,,,Y,2,0,1,1,A,-,01,23152,A,N,F,A,A,A,H,-,D,D,0,,,,,Y,Y,A,01,1,0,0,0,0,0,0,0,0,"- ","- ",36.501781463623047,-120.22527313232422,FRESNO,UNINCORPORATED,-120.22504425048828,36.501804351806641
91215564,2019,2020-03-25,9435,2019-11-08,2230,019523,,5,3,9,1000,0,3,5,,2,040,"FLORAL AVENUE","LEONARD AVENUE",424.00,W,N,A,-,N,,,,,,,,,,N,1,1,0,2,A,-,11,21954,A,N,G,B,E,A,H,-,D,D,0,Y,,,,Y,,N,60,0,0,0,1,0,0,0,0,0,"- ","- ",36.576351165771484,-119.63912200927734,FRESNO,UNINCORPORATED,-119.63911437988281,36.576332092285156
91217887,2020,2020-03-27,9435,2020-03-03,1600,018892,,2,2,9,1000,0,3,5,,2,040,"MCCALL AVENUE","ELKHORN AVENUE",1272.00,S,N,A,-,N,,,,,,,,,,Y,2,0,1,1,A,-,08,22107,,N,E,I,A,A,H,-,A,D,0,,,,,Y,,A,01,1,0,0,0,0,0,0,0,0,"- ","- ",36.485591888427734,-119.61798858642578,FRESNO,UNINCORPORATED,-119.61802673339844,36.485649108886719
91219484,2020,2020-04-01,9435,2020-03-20,0915,019789,,5,1,9,1000,0,3,5,,2,015,"JENSEN AVENUE","BISHOP AVENUE",0.00,,Y,A,-,N,,,,,,,,,,Y,2,0,3,2,A,-,09,21801,A,N,A,C,A,A,H,-,A,A,0,,,,,Y,,D,22,2,1,0,0,0,0,0,0,0,"- ","- ",36.705860137939453,-120.006591796875,FRESNO,UNINCORPORATED,-120.006591796875,36.70587158203125
91223246,2020,2020-04-13,9435,2020-03-28,2033,021119,,6,2,7,1005,0,1,3,,2,181,"STATE ROUTE 180 WESTBOUND","STATE ROUTE 168",205.00,E,N,A,-,Y,,,180,,,,,,W,Y,2,0,1,2,A,-,01,23152,A,N,C,C,A,A,H,-,D,D,0,,,,,Y,Y,A,01,1,0,0,0,0,0,0,0,0,"- ","- ",36.755161285400391,-119.74816131591797,FRESNO,FRESNO,-119.74816131591797,36.755134582519531
91226140,2020,2020-04-15,9435,2020-02-20,0550,013703,,4,3,9,1000,0,3,5,,2,034,"DINUBA AVENUE","ZEDIKER AVENUE",0.00,,Y,A,-,N,,,,,,,,,,Y,1,1,3,2,A,-,09,21802,A,N,D,C,A,A,H,-,D,A,0,,,,,Y,,A,01,0,1,2,0,0,0,0,0,0,"- ","- ",36.590229034423828,-119.52117156982422,FRESNO,UNINCORPORATED,-119.52113342285156,36.590171813964844
91226580,2020,2020-04-16,9435,2020-03-05,0830,013703,,4,1,9,1000,0,3,5,,2,034,"FOWLER AVENUE","AMERICAN AVENUE",0.00,,Y,A,-,N,,,,,,,,,,Y,1,2,0,2,A,-,12,22450,A,N,D,C,A,A,H,-,A,A,0,,,,Y,Y,,A,01,0,0,0,0,0,0,0,0,0,"- ","- ",36.663551330566406,-119.68193054199219,FRESNO,UNINCORPORATED,-119.68190002441406,36.663528442382812
91228188,2020,2020-04-21,9495,2020-04-18,2025,019829,,6,2,9,1000,0,3,5,,2,053,"S. CALAVERAS AVENUE","PHELPS AVENUE",10560.00,N,N,A,-,N,,,,,,,,,,Y,2,0,1,1,A,-,01,23152,A,N,E,I,A,A,H,-,D,D,0,,,,,Y,Y,A,01,1,0,0,0,0,0,0,0,0,"- ","- ",36.155361175537109,-120.28328704833984,FRESNO,UNINCORPORATED,-120.28354644775391,36.180667877197266
91228639,2020,2020-04-22,9435,2020-04-12,0245,020062,,7,3,9,1000,0,3,5,,2,034,"JENSEN AVENUE EASTBOUND","DOCKERY AVENUE",300.00,W,N,A,-,N,,,,,,,,,,Y,2,0,1,1,A,-,01,23152,A,N,E,I,A,A,H,-,D,D,0,,,,,Y,Y,A,07,1,0,0,0,0,0,0,0,0,"- ","- ",36.706539154052734,-119.60218048095703,FRESNO,UNINCORPORATED,-119.60216522216797,36.706676483154297
91229630,2020,2020-04-27,9435,2020-04-11,1825,020942,,6,2,9,1000,0,3,5,,2,025,"MILLERTON ROAD","AUBERRY ROAD",3168.00,N,N,A,-,N,,,,,,,,,,Y,2,0,1,1,A,-,08,22107,,N,E,I,A,A,H,-,A,D,0,,,Y,,Y,,C,02,1,0,0,0,0,0,0,0,1,"- ","- ",36.977199554443359,-119.62837219238281,FRESNO,UNINCORPORATED,-119.62867736816406,36.977340698242188
91230781,2020,2020-07-27,9435,2020-04-14,0748,019789,,2,1,9,1000,0,3,5,,2,010,"HAYES AVENUE","MCKINLEY AVENUE",0.00,,Y,A,-,N,,,,,,,,,,Y,2,0,4,2,A,-,09,21802,A,N,D,C,A,A,H,-,A,A,0,,,,,Y,,A,01,1,1,2,0,0,0,0,0,0,"- ","- ",36.764438629150391,-119.89826202392578,FRESNO,UNINCORPORATED,-119.89821624755859,36.764438629150391
91234251,2020,2020-12-04,9461,2020-05-03,0200,021126,,7,3,9,1000,0,1,3,,1,603,SR-33,"HUDSON AVENUE",5808.00,S,N,B,-,Y,,,33,,,,,,,Y,2,0,1,1,A,-,08,22107,,N,E,I,A,A,H,-,D,D,0,,,,,Y,,A,01,1,0,0,0,0,0,0,0,0,"- ","- ",36.907398223876953,-120.53888702392578,FRESNO,UNINCORPORATED,-120.53891754150391,36.907337188720703
91236111,2020,2020-05-11,9495,2020-04-24,1445,020021,,5,2,9,1000,0,3,5,,2,051,"S. ORMSBY AVENUE","MANNING AVENUE",3696.00,N,N,A,-,N,,,,,,,,,,Y,1,1,2,1,A,-,08,22107,,N,F,A,A,A,H,-,A,D,0,,,,,Y,,A,01,0,2,0,0,0,0,0,0,0,"- ","- ",36.613338470458984,-120.49302673339844,FRESNO,UNINCORPORATED,-120.49293518066406,36.613273620605469
91236563,2020,2020-05-12,9435,2020-04-30,1230,021031,,4,1,9,1000,0,3,5,,2,015,"CENTRAL AVENUE","EAST AVENUE",355.00,E,N,A,-,N,,,,,,,,,,Y,2,0,1,2,A,-,03,22350,,N,D,E,A,A,H,-,A,D,0,,,,,Y,,A,01,1,0,0,0,0,0,0,0,0,"- ","- ",36.677909851074219,-119.77155303955078,FRESNO,UNINCORPORATED,-119.77153015136719,36.677967071533203
91236789,2020,2020-05-12,9435,2020-05-02,1110,015602,,6,1,9,1000,0,3,5,,2,034,"ACADEMY AVENUE","DINUBA AVENUE",902.00,S,N,A,-,N,,,,,,,,,,Y,2,0,1,1,A,-,08,22107,,N,E,I,A,A,H,-,A,D,0,,,,,Y,,A,01,1,0,0,0,0,0,0,0,0,"- ","- ",36.351070404052734,-119.33257293701172,FRESNO,UNINCORPORATED,-119.55702209472656,36.588043212890625
91237394,2020,2020-05-13,9435,2020-05-03,1305,020078,,7,1,9,1000,0,3,5,,2,010,"VALENTINE AVENUE","OLIVE AVENUE",0.00,,Y,A,-,N,,,,,,,,,,Y,2,0,1,2,A,-,01,23152,F,N,D,C,A,A,H,-,A,A,0,,,,,Y,,A,01,1,0,0,0,0,0,0,0,0,"- ","- ",36.757369995117188,-119.85324096679688,FRESNO,UNINCORPORATED,-119.85323333740234,36.757358551025391
91240847,2020,2020-05-21,9435,2020-05-11,2230,020064,,1,3,9,1000,0,3,5,,2,034,"JENSEN AVENUE, WESTBOUND","FOWLER AVENUE",500.00,W,N,A,-,N,,,,,,,,,,Y,2,0,1,1,A,-,08,22107,,N,E,I,A,A,D,-,D,D,0,,,,,Y,,A,01,1,0,0,0,0,0,0,0,0,"- ","- ",36.707500457763672,-119.68374633789062,FRESNO,UNINCORPORATED,-119.68374633789062,36.707485198974609
91240952,2020,2020-05-21,9435,2020-05-10,1232,015095,,7,1,7,1005,0,1,3,,2,410,"SR-41 SOUTHBOUND","SHIELDS AVENUE",5.00,N,N,A,-,Y,,,41,,,,,,S,Y,2,0,2,1,A,-,08,22107,,N,E,I,A,A,H,-,A,D,0,,,,,Y,,A,01,1,1,0,0,0,0,0,0,0,"- ","- ",36.779850006103516,-119.78507232666016,FRESNO,FRESNO,-119.784912109375,36.779838562011719
91243056,2020,2020-05-27,9435,2020-05-15,2300,019523,,5,3,9,1000,0,1,3,,1,411,"KEARNEY BOULEVARD","MARKS AVENUE",1320.00,W,N,A,-,N,,,,,,,,,,Y,2,0,1,1,A,-,08,22107,,N,E,I,A,A,H,-,D,D,0,,,,,Y,,A,01,1,0,0,0,0,0,0,0,0,"- ","- ",36.725601196289062,-119.84662628173828,FRESNO,UNINCORPORATED,-119.84662628173828,36.725666046142578
91243950,2020,2020-05-28,9435,2020-05-15,1235,020871,,5,1,9,1000,0,3,5,,2,034,"MANNING AVENUE EASTBOUND","LEONARD AVENUE",0.00,,Y,A,-,N,,,,,,,,,,Y,2,0,3,2,A,-,09,21801,A,N,D,C,A,A,H,-,A,D,0,,,,,Y,,A,07,2,0,1,0,0,0,0,0,0,"- ","- ",36.605201721191406,-119.63755035400391,FRESNO,UNINCORPORATED,-119.63748931884766,36.605350494384766
91246463,2020,2020-06-02,9435,2020-04-16,0926,015986,,4,1,9,1000,0,1,3,,2,105,"STATE ROUTE 99 SOUTHBOUND","HERNDON AVENUE",2640.00,S,N,A,-,Y,,,99,,,,,,S,Y,1,1,1,2,A,-,03,22350,,N,C,C,A,A,H,-,A,D,0,,,,Y,Y,,A,01,1,0,0,0,0,0,0,0,0,"- ","- ",36.827018737792969,-119.91114044189453,FRESNO,UNINCORPORATED,-119.91114807128906,36.827011108398438
91247124,2019,2020-06-04,9435,2019-10-22,2105,20095,,2,2,9,1000,0,3,5,,2,015,"CHERRY AVENUE","DALEVILLE AVENUE",2112.00,N,N,A,-,N,,,,,,,,,,Y,1,1,1,2,A,-,01,23152,F,N,H,G,A,A,H,-,D,D,0,,Y,,,Y,,A,01,0,1,0,0,0,1,0,0,0,"- ","- ",36.684780120849609,-119.78175354003906,FRESNO,UNINCORPORATED,-119.78175354003906,36.684867858886719
91249184,2020,2020-06-08,9435,2020-05-18,1840,021031,,1,2,9,1000,0,1,3,,1,430,"STATE ROUTE 43","MOUNTAIN VIEW AVENUE",0.00,,Y,B,-,Y,,,43,,,,,,,Y,2,0,2,2,A,-,12,21453,A,N,D,C,A,B,H,-,A,A,0,,,,,Y,,A,07,1,0,1,0,0,0,0,0,0,"- ","- ",36.547111511230469,-119.62888336181641,FRESNO,UNINCORPORATED,-119.62873840332031,36.547107696533203
91253251,2020,2020-06-17,9435,2020-06-06,1855,017165,,6,2,9,1000,0,3,5,,2,025,"MILLERTON ROAD","VIA BELLAGIO DRIVE",310.00,E,N,A,-,N,,,,,,,,,,Y,2,0,3,1,A,-,08,22107,,N,E,I,A,A,H,-,A,D,0,,,,,Y,,A,01,1,1,1,0,0,0,0,0,0,"- ","- ",36.99053955078125,-119.69597625732422,FRESNO,UNINCORPORATED,-119.69867706298828,36.991031646728516
91253301,2020,2020-06-17,9435,2020-06-06,1808,020193,,6,2,9,1000,0,3,5,,2,020,"TRIMMER SPRINGS ROAD","HOG MOUNTAIN FIRE ROAD",2575.00,S,N,A,-,N,,,,,,,,,,Y,2,0,1,1,A,-,03,22350,,N,F,C,A,A,H,-,A,D,0,,,Y,,Y,,C,02,1,0,0,0,0,0,0,0,1,"- ","- ",36.867839813232422,-119.34855651855469,FRESNO,UNINCORPORATED,-119.34820556640625,36.868381500244141
91256249,2020,2020-06-23,9435,2020-06-14,0524,020592,,7,3,9,1000,0,3,5,,2,034,"JENSEN AVENUE","DOCKERY AVENUE",1056.00,E,N,A,-,N,,,,,,,,,,Y,2,0,1,1,A,-,08,22107,,N,E,I,A,A,H,-,B,D,0,,,,,Y,,A,07,1,0,0,0,0,0,0,0,0,"- ","- ",36.706668853759766,-119.59541320800781,FRESNO,UNINCORPORATED,-119.59754180908203,36.706733703613281
91257051,2020,2020-06-24,9435,2020-06-14,1851,020429,,7,2,9,1000,0,3,5,,2,060,"ADAMS AVENUE","CRAWFORD AVENUE",0.00,,Y,A,-,N,,,,,,,,,,Y,2,0,1,2,A,-,05,21752,D,N,B,C,A,A,H,-,A,D,0,,,,,Y,,D,22,1,0,0,0,0,0,0,0,0,"- ","- ",36.632709503173828,-119.37632751464844,FRESNO,UNINCORPORATED,-119.37635040283203,36.6326904296875
91258941,2020,2020-06-30,9461,2020-06-21,1100,021188,,7,1,9,1000,0,1,1,,2,305,"I-5 S/B (WEST SIDE FREEWAY)","RUSSELL AVENUE",2640.00,N,N,A,-,Y,,,5,,,,,,S,Y,2,0,1,1,A,-,08,22107,,N,E,I,A,A,H,-,A,D,0,,,,,Y,,A,07,1,0,0,0,0,0,0,0,0,"- ","- ",36.691520690917969,-120.66271209716797,FRESNO,UNINCORPORATED,-120.66287231445312,36.691394805908203