CASE_ID,ACCIDENT_YEAR,PROC_DATE,JURIS,COLLISION_DATE,COLLISION_TIME,OFFICER_ID,REPORTING_DISTRICT,DAY_OF_WEEK,CHP_SHIFT,POPULATION,CNTY_CITY_LOC,SPECIAL_COND,BEAT_TYPE,CHP_BEAT_TYPE,CITY_DIVISION_LAPD,CHP_BEAT_CLASS,BEAT_NUMBER,PRIMARY_RD,SECONDARY_RD,DISTANCE,DIRECTION,INTERSECTION,WEATHER_1,WEATHER_2,STATE_HWY_IND,CALTRANS_COUNTY,CALTRANS_DISTRICT,STATE_ROUTE,ROUTE_SUFFIX,POSTMILE_PREFIX,POSTMILE,LOCATION_TYPE,RAMP_INTERSECTION,SIDE_OF_HWY,TOW_AWAY,COLLISION_SEVERITY,NUMBER_KILLED,NUMBER_INJURED,PARTY_COUNT,PRIMARY_COLL_FACTOR,PCF_CODE_OF_VIOL,PCF_VIOL_CATEGORY,PCF_VIOLATION,PCF_VIOL_SUBSECTION,HIT_AND_RUN,TYPE_OF_COLLISION,MVIW,PED_ACTION,ROAD_SURFACE,ROAD_COND_1,ROAD_COND_2,LIGHTING,CONTROL_DEVICE,CHP_ROAD_TYPE,PEDESTRIAN_ACCIDENT,BICYCLE_ACCIDENT,MOTORCYCLE_ACCIDENT,TRUCK_ACCIDENT,NOT_PRIVATE_PROPERTY,ALCOHOL_INVOLVED,STWD_VEHTYPE_AT_FAULT,CHP_VEHTYPE_AT_FAULT,COUNT_SEVERE_INJ,COUNT_VISIBLE_INJ,COUNT_COMPLAINT_PAIN,COUNT_PED_KILLED,COUNT_PED_INJURED,COUNT_BICYCLIST_KILLED,COUNT_BICYCLIST_INJURED,COUNT_MC_KILLED,COUNT_MC_INJURED,PRIMARY_RAMP,SECONDARY_RAMP,LATITUDE,LONGITUDE,COUNTY,CITY,POINT_X,POINT_Y
91261588,2020,2020-07-01,9435,2020-06-01,1031,018609,,1,1,9,1000,0,3,5,,2,034,"AMERICAN AVENUE","FOWLER AVENUE",1056.00,E,N,A,-,N,,,,,,,,,,Y,2,0,1,1,A,-,08,22107,,N,E,I,A,A,H,-,A,D,0,,,,,Y,,D,22,1,0,0,0,0,0,0,0,0,"- ","- ",36.663558959960938,-119.67768859863281,FRESNO,UNINCORPORATED,-119.67829895019531,36.663509368896484
91262963,2020,2020-07-03,9435,2020-05-25,1635,019548,,1,2,9,1000,0,1,3,,1,169,"STATE ROUTE 168","GOOSEBERRY LANE",412.00,W,N,A,-,Y,,,168,,,,,,,Y,2,0,5,1,A,-,03,22350,,N,E,I,A,A,H,-,A,D,0,,,,,Y,Y,A,01,1,3,1,0,0,0,0,0,0,"- ","- ",37.017398834228516,-119.52635192871094,FRESNO,UNINCORPORATED,-119.52632904052734,37.017402648925781
91265030,2020,2020-07-08,9435,2020-06-23,0911,014363,,2,1,9,1000,0,3,5,,2,034,"ACADEMY AVENUE","MOUNTAIN VIEW AVENUE",2070.00,N,N,A,-,N,,,,,,,,,,Y,2,0,1,2,A,-,08,22107,,N,C,G,A,A,H,-,A,D,0,,Y,,,Y,,A,01,1,0,0,0,0,0,1,0,0,"- ","- ",36.552761077880859,-119.55666351318359,FRESNO,UNINCORPORATED,-119.55656433105469,36.55255126953125
91266315,2020,2020-07-09,9435,2020-07-02,1455,018926,,4,2,9,1000,0,1,3,,1,411,"STATE ROUTE 41 S/B","MOUNT WHITNEY AVENUE",4224.00,S,N,A,-,Y,,,41,,,,,,S,Y,2,0,4,2,A,-,03,22350,,N,A,C,A,A,H,-,A,D,0,,,,,Y,,A,07,1,3,0,0,0,0,0,0,0,"- ","- ",36.420478820800781,-119.80345153808594,FRESNO,UNINCORPORATED,-119.80339813232422,36.42047119140625
91267030,2020,2020-07-13,9435,2020-06-03,2110,020193,,3,2,9,1000,0,3,5,,2,010,"HUGHES AVENUE","BELMONT AVENUE",484.00,N,N,A,-,N,,,,,,,,,,Y,2,0,4,3,A,-,09,21804,A,N,D,C,A,A,H,-,D,D,0,,,,,Y,Y,A,01,2,1,1,0,0,0,0,0,0,"- ","- ",36.751628875732422,-119.83554840087891,FRESNO,UNINCORPORATED,-119.83557891845703,36.751560211181641
91268146,2020,2020-07-14,9435,2020-07-07,2120,020062,,2,2,9,1000,0,3,5,,2,040,"VALENTINE AVENUE","HENSON AVENUE",44.00,N,N,A,-,N,,,,,,,,,,N,2,0,1,1,A,-,03,22350,,N,E,I,A,A,H,-,C,D,0,,,Y,,Y,,C,06,1,0,0,0,0,0,0,0,1,"- ","- ",36.431999206542969,-119.859619140625,FRESNO,UNINCORPORATED,-119.859619140625,36.431972503662109
91269196,2020,2020-07-15,9435,2020-07-06,1900,020078,,1,2,9,1000,0,3,5,,2,040,"ELKHORN AVENUE","INDIANOLA AVENUE",48.00,E,N,A,-,N,,,,,,,,,,Y,2,0,1,1,A,-,01,23152,G,N,F,J,A,A,H,-,A,D,0,,,,,Y,Y,A,01,1,0,0,0,0,0,0,0,0,"- ","- ",36.489139556884766,-119.58389282226562,FRESNO,UNINCORPORATED,-119.59079742431641,36.489048004150391
91269586,2020,2020-07-16,9435,2020-07-07,0542,020064,,2,3,9,1000,0,3,5,,2,015,"JENSEN AVENUE","ROLINDA AVENUE",425.00,W,N,A,-,N,,,,,,,,,,Y,2,0,1,2,A,-,01,23152,F,N,A,C,A,A,H,-,A,D,0,,,,Y,Y,,A,01,1,0,0,0,0,0,0,0,0,"- ","- ",36.705978393554688,-119.96279144287109,FRESNO,UNINCORPORATED,-119.96247863769531,36.706001281738281
91271002,2020,2020-07-20,9435,2020-07-09,2110,020540,,4,2,9,1000,0,3,5,,2,060,"DINUBA AVENUE","JACOBS AVENUE",0.00,,N,A,-,N,,,,,,,,,,Y,2,0,1,1,C,-,18,,,N,E,J,A,A,H,-,D,D,0,,,,,Y,,-,"- ",1,0,0,0,0,0,0,0,0,"- ","- ",36.588310241699219,-119.31214904785156,FRESNO,UNINCORPORATED,-119.31395721435547,36.588321685791016
91272914,2020,2020-07-22,9495,2020-07-11,0515,021300,,6,3,9,1000,0,1,3,,2,005,SR-33,"NEBRASKA AVE.",2640.00,S,N,A,-,Y,,,33,,,,,,,Y,2,0,2,2,A,-,08,22107,,N,A,C,A,A,H,-,B,D,0,,,,,Y,,A,01,2,0,0,0,0,0,0,0,0,"- ","- ",36.552181243896484,-120.38910675048828,FRESNO,UNINCORPORATED,-120.38898468017578,36.552181243896484
91279000,2019,2020-08-03,9435,2019-12-14,0132,019603,,6,3,7,1005,0,1,3,,1,168,"STATE ROUTE 168 WESTBOUND","ASHLAN AVENUE",1584.00,N,N,B,C,Y,,,168,,,,,,W,N,1,1,0,2,A,-,11,21954,A,N,G,B,E,B,H,-,C,D,0,Y,,,,Y,Y,N,60,0,0,0,1,0,0,0,0,0,"- ","- ",36.798221588134766,-119.7435302734375,FRESNO,FRESNO,-119.74355316162109,36.798244476318359
91284786,2020,2020-08-12,9495,2020-08-03,0400,019154,,1,3,9,1000,0,3,5,,2,051,"MANNING AVE","NEWCOMB AVE",300.00,W,N,A,-,N,,,,,,,,,,Y,2,0,1,1,A,-,08,22107,,N,F,A,A,A,H,-,D,D,0,,,,Y,Y,,G,25,1,0,0,0,0,0,0,0,0,"- ","- ",36.603610992431641,-120.51467895507812,FRESNO,UNINCORPORATED,-120.51566314697266,36.603752136230469
91289797,2020,2020-08-20,9435,2020-05-25,1241,015602,,1,1,9,1000,0,3,5,,2,034,"LAC JAC AVENUE","DINUBA AVENUE",1688.00,S,N,A,-,N,,,,,,,,,,Y,2,0,1,2,A,-,01,23153,A,N,B,C,A,A,H,-,A,D,0,,,,,Y,Y,A,01,1,0,0,0,0,0,0,0,0,"- ","- ",36.585330963134766,-119.48464965820312,FRESNO,UNINCORPORATED,-119.48464202880859,36.58526611328125
91296879,2020,2020-09-01,9435,2020-07-02,1804,021178,,4,2,9,1000,0,3,5,,2,010,"SHIELDS AVENUE","HOWARD AVENUE",0.00,,Y,A,-,N,,,,,,,,,,Y,1,1,0,2,A,-,09,21802,A,F,D,C,A,A,H,-,A,A,0,,,,,Y,,A,01,0,0,0,0,0,0,0,0,0,"- ","- ",36.778659820556641,-120.02449035644531,FRESNO,UNINCORPORATED,-120.02445220947266,36.778648376464844
91299060,2020,2020-09-04,9435,2020-04-24,1125,016507,,5,1,9,1000,0,3,5,,2,060,"FLORAL AVENUE","ALTA AVENUE",0.00,,Y,A,-,N,,,,,,,,,,Y,1,1,1,3,A,-,09,21802,A,N,D,C,A,A,H,-,A,A,0,,,,Y,Y,,A,08,0,0,1,0,0,0,0,0,0,"- ","- ",36.574951171875,-119.39504241943359,FRESNO,UNINCORPORATED,-119.39505004882812,36.574958801269531
91300667,2020,2020-09-08,9435,2020-08-29,1545,021230,,6,2,9,1000,0,1,3,,1,430,"STATE ROUTE 43","ELKHORN AVENUE",0.00,,Y,A,-,Y,,,43,,,,,,,Y,2,0,3,3,A,-,09,21802,A,N,D,C,A,A,H,-,A,A,0,,,,,Y,,A,07,1,2,0,0,0,0,0,0,0,"- ","- ",36.489139556884766,-119.62911987304688,FRESNO,UNINCORPORATED,-119.62910461425781,36.489139556884766
91302559,2020,2020-12-21,9495,2020-08-30,1822,020021,,7,2,9,1000,0,1,1,,2,001,"INTERSTATE 5 NORTHBOUND","HUDSON AVENUE",50.00,N,N,A,-,Y,,,,,,,,,,Y,2,0,4,3,A,-,01,23152,A,N,A,D,A,A,H,-,A,D,0,,,,,Y,Y,D,22,1,3,0,0,0,0,0,0,0,"- ","- ",35.578941345214844,-120.55129241943359,FRESNO,UNINCORPORATED,-120.55124664306641,36.578804016113281
91302846,2020,2020-09-11,9435,2020-09-02,0625,015602,,3,1,9,1000,0,3,5,,2,034,"GOODFELLOW AVENUE","HOBBS GROVE",678.00,W,N,A,-,N,,,,,,,,,,Y,2,0,1,1,A,-,03,22350,,N,F,A,A,A,H,-,D,D,0,,,,,Y,,A,01,1,0,0,0,0,0,0,0,0,"- ","- ",36.670810699462891,-119.53623962402344,FRESNO,UNINCORPORATED,-119.53600311279297,36.670970916748047
91303317,2020,2020-09-11,9435,2020-09-05,0420,021119,,6,3,9,1000,0,3,5,,2,034,"CENTRAL AVENUE","SR-99 N/B",20.00,E,N,A,-,N,,,,,,,,,,Y,2,0,1,2,A,-,03,22350,,F,C,C,A,A,H,-,C,D,0,,,Y,,Y,,-,99,1,0,0,0,0,0,0,0,1,"- ","- ",36.677909851074219,-119.74069213867188,FRESNO,UNINCORPORATED,-119.74105834960938,36.677909851074219
91307416,2020,2020-09-18,9435,2020-09-13,1610,016507,,7,2,9,1000,0,1,3,,2,184,"STATE ROUTE 180 (KINGS CANYON ROAD)","ELWOOD ROAD",2112.00,W,N,E,F,Y,,,180,,,,,,,Y,2,0,7,2,A,-,09,21801,A,N,D,C,A,A,H,-,B,D,0,,,,,Y,,A,07,1,1,5,0,0,0,0,0,0,"- ","- ",36.741470336914062,-119.243408203125,FRESNO,UNINCORPORATED,-119.24340057373047,36.741447448730469
91307478,2020,2020-09-18,9435,2020-09-11,0351,021153,,5,3,9,1000,0,3,5,,2,034,"MANNING AVENUE","LEONARD AVENUE",0.00,,Y,A,-,N,,,,,,,,,,Y,2,0,1,2,A,-,09,21802,A,N,D,C,A,A,H,-,D,D,0,,,Y,,Y,,A,01,1,0,0,0,0,0,0,0,1,"- ","- ",36.605091094970703,-119.63755798339844,FRESNO,UNINCORPORATED,-119.63748931884766,36.605350494384766
91307891,2020,2020-09-21,9435,2020-09-09,0448,020062,,3,3,7,1005,0,3,5,,2,040,"STATE ROUTE 43","DAVIS AVENUE",4224.00,S,N,A,-,Y,,,,,,,,,,Y,2,0,1,3,A,-,08,22107,,N,A,C,A,A,H,-,D,D,0,,,,Y,Y,,D,22,1,0,0,0,0,0,0,0,0,"- ","- ",36.463779449462891,-119.63620758056641,FRESNO,FRESNO,,
91309939,2020,2020-09-23,9435,2020-08-02,0035,018944,,7,3,7,1005,0,1,3,,2,105,"SR-99 SOUTHBOUND TO SR-180 EASTBOUND","STATE ROUTE 99 SOUTHBOUND",300.00,W,N,A,-,Y,,,99,,,,R,,S,Y,1,1,2,1,A,-,03,22350,,N,F,A,A,A,H,-,D,D,0,,,,,Y,,A,07,1,1,0,0,0,0,0,0,0,"- ","- ",36.739810943603516,-119.81330871582031,FRESNO,FRESNO,-119.81330871582031,36.739810943603516
91312454,2020,2020-09-25,9495,2020-09-12,2100,20716,,6,2,9,1000,0,1,3,,1,014,"STATE ROUTE 269 (LASSEN AVENUE)","JAYNE AVENUE",0.00,,Y,A,F,Y,,,269,,,,,,,Y,2,0,1,2,A,-,12,22450,A,N,D,C,A,A,H,-,C,A,0,,,,,Y,,A,07,1,0,0,0,0,0,0,0,0,"- ","- ",36.137969970703125,-120.102783203125,FRESNO,UNINCORPORATED,-120.102783203125,36.137969970703125
91316086,2020,2020-10-01,9435,2020-05-14,2243,020586,,4,3,2,1008,0,1,3,,2,107,"STATE ROUTE 99 SOUTHBOUND","DRAPER STREET",1210.00,S,N,A,-,Y,,,99,,,,,,S,Y,1,1,3,2,C,-,18,,,N,D,C,A,A,H,-,D,D,0,,,,,Y,,-,"- ",0,0,3,0,0,0,0,0,0,"- ","- ",36.510360717773438,-119.55271911621094,FRESNO,KINGSBURG,-119.55269622802734,36.510383605957031
91316089,2020,2020-12-22,9435,2020-05-14,2242,020586,,4,3,2,1008,0,1,3,,2,107,"STATE ROUTE 99 SOUTHBOUND","DRAPER STREET",1095.00,S,N,A,-,Y,,,99,,,,,,S,Y,2,0,2,2,A,-,03,22350,,N,C,C,A,A,H,-,D,D,0,,,,,Y,,A,01,1,1,0,0,0,0,0,0,0,"- ","- ",36.5106201171875,-119.55294799804688,FRESNO,KINGSBURG,-119.55294799804688,36.5106201171875
91319357,2020,2020-10-07,9435,2020-08-06,0110,021165,,4,3,9,1000,0,3,5,,2,034,"JENSEN AVENUE WESTBOUND","ARMSTRONG AVENUE",40.00,E,N,A,-,N,,,,,,,,,,N,1,1,0,2,A,-,03,22350,,F,G,B,E,A,H,-,D,D,0,Y,,,,Y,,-,99,0,0,0,1,0,0,0,0,0,"- ","- ",36.707538604736328,-119.67291259765625,FRESNO,UNINCORPORATED,-119.67289733886719,36.707511901855469
91325581,2020,2020-10-19,9435,2020-10-07,1235,018823,,3,1,9,1000,0,3,5,,2,015,"CHATEAU FRESNO AVE","JENSEN AVE",0.00,,Y,A,-,N,,,,,,,,,,Y,2,0,2,2,A,-,09,21802,A,N,D,C,A,A,H,-,A,A,0,,,,,Y,,A,01,1,0,1,0,0,0,0,0,0,"- ","- ",36.706249237060547,-119.93434906005859,FRESNO,UNINCORPORATED,-119.93435668945312,36.706241607666016
91328996,2020,2020-10-21,9435,2020-05-05,0210,016911,,2,3,7,1005,0,1,3,,2,410,"STATE ROUTE 41 SOUTHBOUND","BARSTOW AVENUE",355.00,S,N,A,-,Y,,,41,,,,,,S,Y,1,1,3,1,A,-,01,23152,A,N,E,I,A,A,H,-,C,D,0,,,,,Y,Y,A,01,0,3,0,0,0,0,0,0,0,"- ","- ",36.814559936523438,-119.78559112548828,FRESNO,FRESNO,-119.78548431396484,36.814559936523438
91330980,2020,2020-12-08,9495,2020-10-14,1219,020332,,3,1,9,1000,0,1,1,,2,001,"INTERSTATE 5 (SOUTHBOUND)","KAMM AVENUE",12672.00,S,N,A,-,Y,,,5,,,,,,,Y,2,0,3,4,A,-,03,22350,,F,C,C,A,A,H,-,A,D,0,,,,Y,Y,,G,25,1,2,0,0,0,0,0,0,0,"- ","- ",36.502540588378906,-120.45652008056641,FRESNO,UNINCORPORATED,-120.45651245117188,36.502544403076172
91336044,2020,2020-10-30,9435,2020-10-20,1753,021178,,2,2,9,1000,0,1,3,,1,430,SR-43,"ELKHORN AVE",0.00,,Y,A,-,Y,,,43,,,,,,,Y,2,0,3,2,A,-,09,21802,A,N,D,C,A,A,H,-,A,A,0,,,,,Y,,A,08,1,0,2,0,0,0,0,0,0,"- ","- ",36.489170074462891,-119.62911987304688,FRESNO,UNINCORPORATED,-119.62910461425781,36.489170074462891
91336967,2020,2020-11-02,9435,2020-10-22,1025,020122,,4,1,9,1000,0,3,5,,2,010,"ASHLAN AVENUE WESTBOUND","DEL MAR AVENUE",400.00,E,N,A,-,N,,,,,,,,,,Y,2,0,2,4,A,-,08,22107,,F,B,A,A,A,H,-,A,D,0,,,,,Y,,A,01,1,0,1,0,0,0,0,0,0,"- ","- ",36.794090270996094,-119.79338073730469,FRESNO,UNINCORPORATED,-119.79367828369141,36.794063568115234
91357206,2020,2020-12-02,9461,2020-11-19,1029,021186,,4,1,9,1000,0,1,3,,1,604,"STATE ROUTE 33 (DERRICK AVENUE)","CALIFORNIA AVENUE",0.00,,Y,A,-,Y,,,33,,,,,,,Y,2,0,2,2,A,-,09,21802,A,F,H,C,A,A,H,-,A,A,0,,,,,Y,,-,99,1,1,0,0,0,0,0,0,0,"- ","- ",36.719371795654297,-120.38735961914062,FRESNO,UNINCORPORATED,-120.38719177246094,36.719367980957031
91357355,2020,2020-12-02,9435,2020-11-25,0620,020429,,3,1,9,1000,0,3,5,,2,060,"ADAMS AVENUE","HILL AVENUE",0.00,,Y,A,-,N,,,,,,,,,,Y,2,0,1,2,A,-,09,21802,A,N,D,C,A,A,H,-,B,D,0,,,,,Y,,A,01,1,0,0,0,0,0,0,0,0,"- ","- ",36.632160186767578,-119.34017181396484,FRESNO,UNINCORPORATED,-119.34024047851562,36.632148742675781
91357799,2020,2020-12-02,9435,2020-09-12,0903,020078,,6,1,9,1000,0,3,5,,2,020,"MARKS AVENUE","KAMM AVENUE",0.00,,Y,A,-,N,,,,,,,,,,Y,1,1,1,2,A,-,12,22450,A,N,D,C,A,A,H,-,A,A,0,,,,,Y,,A,01,0,0,1,0,0,0,0,0,0,"- ","- ",36.532661437988281,-119.84529113769531,FRESNO,UNINCORPORATED,-119.84526824951172,36.532649993896484
91359364,2020,2020-12-04,9435,2020-11-29,0918,015986,,7,1,7,1005,0,1,3,,2,105,"SR-99 N/B","KERN STREET",23.00,S,N,A,-,Y,,,,,,,,,,Y,2,0,1,1,A,-,08,22107,,N,E,I,A,A,H,-,A,D,0,,,,,Y,,A,07,1,0,0,0,0,0,0,0,0,"- ","- ",36.728038787841797,-119.97582244873047,FRESNO,FRESNO,-119.79576873779297,36.728004455566406
91360007,2020,2020-12-07,9435,2020-11-25,1543,019789,,3,2,9,1000,0,3,5,,2,040,"SAGINAW AVENUE","CORNELIA AVENUE",0.00,,Y,A,-,N,,,,,,,,,,Y,2,0,2,2,A,-,12,22450,A,N,D,C,A,A,H,-,A,A,0,,,,,Y,,D,22,1,0,1,0,0,0,0,0,0,"- ","- ",36.554328918457031,-119.88111877441406,FRESNO,UNINCORPORATED,-119.881103515625,36.554298400878906
91360141,2020,2020-12-07,9435,2020-11-28,1445,020942,,6,2,9,1000,0,3,5,,2,010,"CORNELIA AVENUE","CORTLAND AVENUE",32.00,S,N,A,-,N,,,,,,,,,,Y,2,0,1,2,A,-,01,23152,A,N,F,A,A,A,H,-,A,D,0,,,Y,,Y,Y,C,02,1,0,0,0,0,0,0,0,1,"- ","- ",36.781349182128906,-119.88033294677734,FRESNO,UNINCORPORATED,-119.88031005859375,36.7813720703125
91360687,2020,2020-12-07,9435,2020-11-30,1725,020887,,1,2,9,1000,0,3,5,,2,025,"TEMPERANCE AVE","BELMONT AVE",686.00,S,N,A,-,N,,,,,,,,,,N,2,0,1,2,A,-,11,21954,A,N,G,B,D,A,H,-,D,D,0,Y,,,,Y,,N,60,1,0,0,0,1,0,0,0,0,"- ","- ",36.748348236083984,-119.66403198242188,FRESNO,UNINCORPORATED,-119.66402435302734,36.748397827148438
91367569,2020,2022-04-19,9435,2020-12-01,0905,019113,,2,1,7,1005,0,1,3,,1,411,"SR-41 N/B TO SR-99 N/B","FLORENCE AVENUE",175.00,N,N,A,-,Y,,,41,,,,R,,N,Y,1,1,0,1,A,-,08,22107,,N,E,I,A,A,H,-,A,D,0,,,,,Y,,A,07,0,0,0,0,0,0,0,0,0,"- ","- ",36.718311309814453,-119.78457641601562,FRESNO,FRESNO,-119.78457641601562,36.718311309814453
91367817,2020,2020-12-15,9435,2020-10-04,1820,020078,,7,2,7,1005,0,1,3,,2,410,"STATE ROUTE 41 NORTHBOUND","STATE ROUTE 180 EASTBOUND",285.00,S,N,A,-,Y,,,41,,,,,,N,Y,1,1,1,1,A,-,01,23152,G,N,E,I,A,A,H,-,A,D,0,,,,,Y,Y,A,01,0,1,0,0,0,0,0,0,0,"- ","- ",36.753448486328125,-119.77594757080078,FRESNO,FRESNO,-119.77582550048828,36.753444671630859
91372499,2020,2020-12-21,9435,2020-12-09,1850,019926,,3,2,9,1000,0,3,5,,2,010,"VAN NESS BLVD","MENLO AVE",120.00,S,N,A,-,N,,,,,,,,,,Y,2,0,1,2,A,-,08,22107,,N,D,C,A,A,H,-,C,D,0,,,Y,,Y,,D,22,1,0,0,0,0,0,0,0,1,"- ","- ",36.831661224365234,-119.83538055419922,FRESNO,UNINCORPORATED,-119.83537292480469,36.831760406494141
91373189,2020,2020-12-22,9495,2020-08-15,1610,021029,,6,2,9,1000,0,1,3,,1,009,"STATE ROUTE 198 (WARTHAN CANYON)","PARKFIELD GRADE",6336.00,W,N,A,-,Y,,,198,,,,,,,Y,1,1,1,1,A,-,01,23152,A,N,E,I,A,A,H,-,A,D,0,,,,,Y,Y,A,01,0,1,0,0,0,0,0,0,0,"- ","- ",36.089420318603516,-120.4998779296875,FRESNO,UNINCORPORATED,-120.49987030029297,36.089447021484375
91374878,2020,2020-12-24,9435,2020-12-18,1735,020387,,5,2,9,1000,0,3,5,,2,010,"SHAW AVE.","DICKENSON AVE.",0.00,,Y,A,-,N,,,,,,,,,,Y,2,0,3,2,A,-,09,21802,A,N,D,C,A,A,H,-,D,A,0,,,,,Y,,A,01,1,0,2,0,0,0,0,0,0,"- ","- ",36.807708740234375,-119.97032928466797,FRESNO,UNINCORPORATED,-119.9703369140625,36.8077392578125
91376967,2020,2020-12-29,9435,2020-12-18,2132,021153,,5,2,9,1000,0,3,5,,2,034,"CENTRAL AVENUE","MINNEWAWA AVENUE",302.00,E,N,A,-,N,,,,,,,,,,Y,2,0,2,1,A,-,08,22107,,N,E,I,A,A,H,-,D,D,0,,,,,Y,,A,01,1,0,1,0,0,0,0,0,0,"- ","- ",36.678089141845703,-119.70786285400391,FRESNO,UNINCORPORATED,-119.70786285400391,36.67816162109375
91377392,2020,2020-12-29,9435,2020-12-27,1848,020078,,7,2,9,1000,0,1,3,,2,106,"STATE ROUTE 99 NORTHBOUND","MERCED STREET",2485.00,S,N,A,-,Y,,,99,,,,,,N,Y,2,0,1,1,A,-,08,22107,,N,E,J,A,A,H,-,D,D,0,,,,,Y,,D,22,1,0,0,0,0,0,0,0,0,"- ","- ",36.621570587158203,-119.67845153808594,FRESNO,UNINCORPORATED,-119.67856597900391,36.621440887451172
91378214,2020,2020-12-30,9435,2020-12-21,1635,021148,,1,2,9,1000,0,3,5,,2,050,SR-168,"MALLARD MEADOWS",712.00,E,N,B,-,Y,,,168,,,,,,,Y,2,0,1,1,A,-,08,22107,,N,E,I,A,A,H,-,B,D,0,,,,,Y,,E,22,1,0,0,0,0,0,0,0,0,"- ","- ",36.965709686279297,-119.52011108398438,FRESNO,UNINCORPORATED,-119.52010345458984,36.965751647949219
91378683,2020,2020-12-31,9435,2020-11-07,0510,020592,,6,3,9,1000,0,3,5,,2,025,"MINNEWAWA AVENUE","SHEPHERD AVENUE",380.00,N,N,A,-,N,,,,,,,,,,Y,1,1,1,2,A,-,05,21460,A,N,A,C,A,A,H,-,D,D,0,,,,,Y,,A,07,1,0,0,0,0,0,0,0,0,"- ","- ",36.867721557617188,-119.71109008789062,FRESNO,UNINCORPORATED,-119.71119689941406,36.866580963134766
91380261,2020,2021-01-04,9435,2020-12-25,0130,018823,,5,3,7,1005,0,1,3,,2,105,"SR-99 S/B","NIELSEN AVE",175.00,S,N,A,-,Y,,,99,,,,,,S,Y,2,0,1,1,A,-,08,22107,,N,E,I,A,A,H,-,D,D,0,,,,,Y,,A,01,1,0,0,0,0,0,0,0,0,"- ","- ",36.742401123046875,-119.81839752197266,FRESNO,FRESNO,-119.81835174560547,36.742465972900391
91380684,2020,2021-01-05,9435,2020-12-24,1715,020942,,4,2,9,1000,0,3,5,,2,010,"PALM AVENUE","HAMPTON WAY",70.00,N,N,B,-,N,,,,,,,,,,N,2,0,1,4,A,-,11,21954,A,N,G,B,D,A,H,-,D,D,0,Y,,,,Y,,N,60,1,0,0,0,1,0,0,0,0,"- ","- ",36.7923583984375,-119.80860900878906,FRESNO,UNINCORPORATED,-119.80864715576172,36.792282104492188
91387670,2021,2021-01-14,9435,2021-01-09,1125,020481,,6,1,9,1000,0,1,3,,1,180,"STATE ROUTE 180 WESTBOUND","BLACKSTONE AVENUE",120.00,W,N,B,-,Y,,,,,,,,,,Y,2,0,1,1,A,-,03,22350,,N,F,A,A,B,H,-,A,D,0,,,Y,,Y,,C,02,1,0,0,0,0,0,0,0,1,"- ","- ",36.752269744873047,-119.79160308837891,FRESNO,UNINCORPORATED,-119.79094696044922,36.75201416015625
91388171,2021,2021-01-15,9435,2021-01-08,1926,020942,,5,2,9,1000,0,3,5,,2,010,"DUDLEY AVENUE","VALENTINE AVENUE",0.00,,Y,B,-,N,,,,,,,,,,Y,2,0,2,2,A,-,12,22450,A,N,D,C,A,A,H,-,D,A,0,,,,,Y,,A,01,1,0,1,0,0,0,0,0,0,"- ","- ",36.753749847412109,-119.85318756103516,FRESNO,UNINCORPORATED,-119.85322570800781,36.75372314453125
91389000,2020,2021-01-18,9435,2020-12-23,1725,020429,,3,2,9,1000,0,3,5,,2,060,"ADAMS AVENUE","HILL AVENUE",0.00,,Y,A,-,N,,,,,,,,,,Y,1,1,2,2,A,-,09,21802,A,N,D,C,A,A,H,-,D,D,0,,,,,Y,,D,22,0,2,0,0,0,0,0,0,0,"- ","- ",36.632129669189453,-119.34018707275391,FRESNO,UNINCORPORATED,-119.34024047851562,36.632148742675781
91389023,2020,2021-01-18,9435,2020-11-10,2040,019789,,2,2,9,1000,0,1,3,,1,412,"STATE ROUTE 41","HARLAN AVENUE",168.00,S,N,A,-,Y,,,41,,,,,,,Y,1,1,1,4,A,-,00,23153,F,N,A,C,A,A,H,-,D,D,0,,,,,Y,,D,22,0,0,1,0,0,0,0,0,0,"- ","- ",36.445068359375,-119.79830169677734,FRESNO,UNINCORPORATED,-119.79830932617188,36.445072174072266
91389025,2020,2021-01-18,9435,2020-07-26,1532,021119,,7,2,9,1000,0,3,5,,2,034,"MCCALL AVENUE","JENSEN AVENUE",0.00,,Y,A,-,N,,,,,,,,,,Y,1,1,0,2,A,-,12,21453,A,N,D,C,A,A,H,-,A,A,0,,,Y,,Y,,C,02,0,0,0,0,0,0,0,1,0,"- ","- ",36.706539154052734,-119.6102294921875,FRESNO,UNINCORPORATED,-119.6102294921875,36.706611633300781
91389568,2020,2021-01-18,9435,2020-12-25,1827,021230,,5,2,9,1000,0,3,5,,2,020,"KAMM AVENUE","JAMESON AVENUE",2640.00,W,N,A,-,N,,,,,,,,,,Y,2,0,1,2,A,-,08,22107,,N,C,C,A,A,H,-,D,D,0,,,Y,,Y,,C,06,1,0,0,0,0,0,0,0,1,"- ","- ",36.532039642333984,-119.99867248535156,FRESNO,UNINCORPORATED,-119.99858856201172,36.532039642333984