CASE_ID,ACCIDENT_YEAR,PROC_DATE,JURIS,COLLISION_DATE,COLLISION_TIME,OFFICER_ID,REPORTING_DISTRICT,DAY_OF_WEEK,CHP_SHIFT,POPULATION,CNTY_CITY_LOC,SPECIAL_COND,BEAT_TYPE,CHP_BEAT_TYPE,CITY_DIVISION_LAPD,CHP_BEAT_CLASS,BEAT_NUMBER,PRIMARY_RD,SECONDARY_RD,DISTANCE,DIRECTION,INTERSECTION,WEATHER_1,WEATHER_2,STATE_HWY_IND,CALTRANS_COUNTY,CALTRANS_DISTRICT,STATE_ROUTE,ROUTE_SUFFIX,POSTMILE_PREFIX,POSTMILE,LOCATION_TYPE,RAMP_INTERSECTION,SIDE_OF_HWY,TOW_AWAY,COLLISION_SEVERITY,NUMBER_KILLED,NUMBER_INJURED,PARTY_COUNT,PRIMARY_COLL_FACTOR,PCF_CODE_OF_VIOL,PCF_VIOL_CATEGORY,PCF_VIOLATION,PCF_VIOL_SUBSECTION,HIT_AND_RUN,TYPE_OF_COLLISION,MVIW,PED_ACTION,ROAD_SURFACE,ROAD_COND_1,ROAD_COND_2,LIGHTING,CONTROL_DEVICE,CHP_ROAD_TYPE,PEDESTRIAN_ACCIDENT,BICYCLE_ACCIDENT,MOTORCYCLE_ACCIDENT,TRUCK_ACCIDENT,NOT_PRIVATE_PROPERTY,ALCOHOL_INVOLVED,STWD_VEHTYPE_AT_FAULT,CHP_VEHTYPE_AT_FAULT,COUNT_SEVERE_INJ,COUNT_VISIBLE_INJ,COUNT_COMPLAINT_PAIN,COUNT_PED_KILLED,COUNT_PED_INJURED,COUNT_BICYCLIST_KILLED,COUNT_BICYCLIST_INJURED,COUNT_MC_KILLED,COUNT_MC_INJURED,PRIMARY_RAMP,SECONDARY_RAMP,LATITUDE,LONGITUDE,COUNTY,CITY,POINT_X,POINT_Y
91522090,2021,2021-07-16,9435,2021-07-07,0710,020540,,3,1,9,1000,0,1,3,,2,184,"STATE ROUTE 180","INDIAN GUIDE ROAD",487.00,E,N,A,-,Y,,,180,,,,,,,Y,2,0,4,3,A,-,08,22107,,N,D,C,A,A,H,-,A,D,0,,,,,Y,,A,01,1,1,2,0,0,0,0,0,0,"- ","- ",36.744350433349609,-119.23269653320312,FRESNO,UNINCORPORATED,-119.23273468017578,36.744415283203125
91522423,2021,2021-07-16,9435,2021-06-14,1940,018914,,1,2,9,1000,0,1,3,,1,183,"SR-180 EASTBOUND","DEL REY AVE",0.00,,Y,A,-,Y,,,180,,,,,,E,Y,2,0,2,2,A,-,09,21802,A,N,D,C,A,A,H,-,A,A,0,,,,,Y,,A,01,2,0,0,0,0,0,0,0,0,"- ","- ",36.735759735107422,-119.592041015625,FRESNO,UNINCORPORATED,-119.592041015625,36.735816955566406
91524167,2021,2021-07-20,9435,2021-04-04,2500,019369,,7,4,9,1000,0,3,5,,2,020,"NAPA AVENUE","KAMM AVENUE",4646.00,N,N,A,-,N,,,,,,,,,,Y,1,1,0,1,A,-,08,22107,,N,F,A,A,A,H,-,D,D,0,,,,,Y,,D,22,0,0,0,0,0,0,0,0,0,"- ","- ",36.543418884277344,-120.22545623779297,FRESNO,UNINCORPORATED,-120.22521209716797,36.543422698974609
91531650,2021,2021-07-29,9435,2021-07-20,1655,020592,,2,2,9,1000,0,3,5,,2,015,"JENSEN AVENUE","GOLDENROD AVENUE",1.00,W,N,A,-,N,,,,,,,,,,Y,2,0,2,2,A,-,09,21801,A,N,A,C,A,A,H,-,A,D,0,,,,Y,Y,,A,01,1,1,0,0,0,0,0,0,0,"- ","- ",36.705898284912109,-120.04271697998047,FRESNO,UNINCORPORATED,-120.04267120361328,36.705879211425781
91533426,2021,2021-07-30,9435,2021-06-28,2120,020592,,1,2,9,1000,0,3,5,,2,015,"FOWLER AVENUE","HARLAN AVENUE",2640.00,N,N,A,-,N,,,,,,,,,,Y,1,1,2,2,A,-,08,22107,,N,A,C,A,A,H,-,D,D,0,,,,,Y,,D,22,0,2,0,0,0,0,0,0,0,"- ","- ",36.452960968017578,-119.6905517578125,FRESNO,UNINCORPORATED,-119.69052124023438,36.452594757080078
91538813,2021,2021-08-06,9495,2021-07-29,2055,020716,,4,2,9,1000,0,3,5,,2,053,"JAYNE AVENUE","BUTTE AVENUE",0.00,,Y,A,-,N,,,,,,,,,,Y,2,0,5,2,A,-,09,21801,A,N,A,C,A,A,H,-,C,D,0,,,,,Y,,A,01,1,3,1,0,0,0,0,0,0,"- ","- ",36.137760162353516,-120.15640258789062,FRESNO,UNINCORPORATED,-120.15640258789062,36.137771606445312
91546028,2021,2021-09-01,9435,2021-08-05,0540,020019,,4,3,9,1000,0,1,3,,1,411,"STATE ROUTE 41 SOUTHBOUND","CENTRAL AVENUE",0.00,,Y,A,-,Y,,,41,,,,,,S,Y,2,0,2,2,A,-,12,21453,A,N,D,C,A,A,H,-,A,A,0,,,,,Y,,A,01,1,1,0,0,0,0,0,0,0,"- ","- ",36.678009033203125,-119.78605651855469,FRESNO,UNINCORPORATED,-119.78605651855469,36.678009033203125
91548382,2021,2021-08-18,9435,2021-08-10,1550,020429,,2,2,9,1000,0,1,3,,2,105,"ADAMS AVENUE","CRAWFORD AVENUE",588.00,W,N,A,-,N,,,,,,,,,,Y,2,0,1,1,A,-,08,22107,,N,E,I,A,A,H,-,A,D,0,,,,,Y,,D,22,1,0,0,0,0,0,0,0,0,"- ","- ",36.632621765136719,-119.37825012207031,FRESNO,UNINCORPORATED,-119.37834930419922,36.632717132568359
91549601,2021,2021-11-16,9461,2021-06-19,0808,021280,,6,1,9,1000,0,1,1,,2,305,"INTERSTATE 5 SOUTHBOUND","CALIFORNIA AVENUE",1584.00,N,N,A,-,Y,,,5,,,,,,S,Y,1,1,0,2,A,-,08,22107,,N,F,A,A,A,H,-,A,D,0,,,,,Y,,A,07,0,0,0,0,0,0,0,0,0,"- ","- ",36.725711822509766,-120.68876647949219,FRESNO,UNINCORPORATED,-120.68865203857422,36.725791931152344
91551493,2021,2021-08-23,9495,2021-08-15,1805,020332,,7,2,9,1000,0,1,3,,1,008,"STATE ROUTE 198 (DORRIS AVENUE)","BISHOP AVENUE",17.00,E,N,A,-,Y,,,198,,,,,,,Y,2,0,2,1,A,-,06,21751,,N,E,I,A,A,H,-,A,D,0,,,,,Y,,A,07,1,0,1,0,0,0,0,0,0,"- ","- ",36.255428314208984,-120.01251983642578,FRESNO,UNINCORPORATED,-120.01251983642578,36.255420684814453
91554224,2021,2021-08-25,9435,2021-08-03,2300,014363,,2,3,7,1005,0,1,3,,1,412,"STATE ROUTE 41(SOUTHBOUND)","MCKINLEY AVENUE",603.00,S,N,A,-,Y,,,41,,,,,,,Y,2,0,2,2,A,-,03,22350,,N,C,C,A,A,H,-,D,D,0,,,,,Y,,A,01,1,1,0,0,0,0,0,0,0,"- ","- ",36.770420074462891,-119.78404998779297,FRESNO,FRESNO,-119.78403472900391,36.770431518554688
91557051,2021,2021-08-27,9435,2021-08-15,1400,021165,,7,2,9,1000,0,1,3,,2,106,"STATE ROUTE 168 EASTBOUND","FLINTRIDGE AVE",50.00,W,N,A,-,N,,,168,,,,,,E,N,2,0,1,1,A,-,08,22107,,N,F,A,A,A,H,-,A,D,0,,,Y,,Y,Y,C,02,1,0,0,0,0,0,0,0,1,"- ","- ",37.195850372314453,-119.20491027832031,FRESNO,UNINCORPORATED,-119.2049560546875,37.195804595947266
91557267,2021,2021-08-27,9495,2021-08-19,0713,020246,,4,1,9,1000,0,1,1,,2,003,"INTERSTATE 5 SOUTHBOUND TO SR-269","STATE ROUTE 269 (LASSEN AVENUE)",37.00,S,N,A,-,Y,,,5,,,,R,,S,Y,2,0,1,1,A,-,08,22107,,N,F,A,A,A,H,-,A,D,0,,,Y,,Y,,C,02,1,0,0,0,0,0,0,0,1,"- ","- ",36.07611083984375,-120.1021728515625,FRESNO,UNINCORPORATED,-120.1021728515625,36.07611083984375
91558092,2021,2021-08-30,9495,2021-08-05,2200,020716,,4,3,9,1000,0,1,1,,2,003,"INTERSTATE 5 NORTHBOUND (WEST SIDE FWY)","JAYNE AVENUE",11088.00,N,N,A,-,Y,,,5,,,,,,N,Y,2,0,6,1,C,-,18,,,N,F,A,A,A,H,-,D,D,0,,,,,Y,,-,"- ",2,4,0,0,0,0,0,0,0,"- ","- ",36.162509918212891,-120.18187713623047,FRESNO,UNINCORPORATED,-120.18156433105469,36.162799835205078
91560682,2021,2021-09-01,9495,2021-08-25,0910,019829,,3,1,9,1000,0,1,3,,1,009,"STATE ROUTE 198 (WARTHAN CANYON)","PARSONS ROAD",5280.00,W,N,A,-,Y,,,198,,,,,,,Y,2,0,1,1,A,-,03,22350,,N,F,A,A,A,H,-,A,D,0,,,,Y,Y,,G,25,1,0,0,0,0,0,0,0,0,"- ","- ",36.096698760986328,-120.45570373535156,FRESNO,UNINCORPORATED,-120.45566558837891,36.096500396728516
91564484,2021,2021-09-07,9435,2021-08-30,2105,020078,,1,2,9,1000,0,3,5,,2,034,"CHESTNUT AVENUE","MUSCAT AVENUE",940.00,N,N,A,-,N,,,,,,,,,,Y,2,0,2,2,A,-,01,23152,A,N,D,C,A,A,H,-,E,D,0,,,,,Y,Y,A,01,1,0,1,0,0,0,0,0,0,"- ","- ",36.687870025634766,-119.73663330078125,FRESNO,UNINCORPORATED,-119.73666381835938,36.687797546386719
91565297,2021,2021-09-08,9435,2021-08-31,1935,020586,,2,2,7,1005,0,1,3,,2,182,"STATE ROUTE 180 WESTBOUND TO STATE ROUTE 41 NORTHB","FIRST STRRET",0.10,W,N,A,-,Y,,,180,,,,R,,W,Y,2,0,1,1,A,-,08,22107,,N,E,I,A,A,H,-,B,D,0,,,Y,,Y,,C,02,1,0,0,0,0,0,0,0,1,"- ","- ",36.755950927734375,-119.77443695068359,FRESNO,FRESNO,-119.77443695068359,36.755950927734375
91566725,2021,2021-09-09,9435,2021-08-30,1230,020095,,1,1,9,1000,0,3,5,,2,040,"ELM AVE","FLORAL AVE",0.00,,Y,A,-,N,,,,,,,,,,Y,2,0,3,2,A,-,09,21802,A,N,D,C,A,A,H,-,A,A,0,,,,,Y,,A,07,1,2,0,0,0,0,0,0,0,"- ","- ",36.576301574707031,-119.79097747802734,FRESNO,UNINCORPORATED,-119.79094696044922,36.576251983642578
91575451,2021,2022-05-13,9435,2021-02-10,0018,021247,,3,3,9,1000,0,1,3,,2,106,"STATE ROUTE 99 (NORTHBOUND)","MANNING AVENUE",2640.00,N,N,A,-,Y,,,99,,,,,,,Y,2,0,1,2,A,-,03,22350,,N,C,C,A,A,H,-,D,D,0,,,,Y,Y,,A,01,1,0,0,0,0,0,0,0,0,"- ","- ",36.611110687255859,-119.66719818115234,FRESNO,UNINCORPORATED,-119.66722106933594,36.611091613769531
91575776,2021,2021-09-21,9435,2021-08-01,0034,018944,,7,3,7,1005,0,1,3,,2,105,"STATE ROUTE 99","TEILMAN AVENUE",30.00,N,N,A,-,Y,,,99,,,,,,,N,1,1,0,2,A,-,00,21960,A,N,G,B,E,A,H,-,D,D,0,Y,,,,Y,,N,60,0,0,0,1,0,0,0,0,0,"- ","- ",36.746208190917969,-119.82161712646484,FRESNO,FRESNO,-119.82167053222656,36.746170043945312
91577906,2021,2021-12-02,9435,2021-09-18,1347,020429,,6,1,9,1000,0,1,3,,1,180,"STATE ROUTE 180 EASTBOUND","FRANKWOOD AVENUE",0.00,,Y,A,-,Y,,,,,,,,,,Y,1,1,3,3,A,-,09,21802,A,N,D,C,A,A,H,-,A,D,0,,,,,Y,Y,A,01,0,2,1,0,0,0,0,0,0,"- ","- ",36.721569061279297,-119.44831085205078,FRESNO,UNINCORPORATED,-119.44824981689453,36.7215576171875
91577940,2020,2021-12-21,9435,2020-08-21,0032,019523,,5,3,9,1000,0,3,5,,2,010,"PALM AVENUE","ASHLAN AVENUE",0.00,,Y,A,-,N,,,,,,,,,,Y,1,1,0,2,A,-,01,23152,A,N,D,C,A,A,H,-,C,A,0,,,,,Y,Y,A,07,0,0,0,0,0,0,0,0,0,"- ","- ",36.793891906738281,-119.80860137939453,FRESNO,UNINCORPORATED,-119.80860137939453,36.793899536132812
91578851,2021,2021-09-24,9435,2021-09-16,2127,021230,,4,2,9,1000,0,3,5,,2,040,"MANNING AVENUE","WEST AVENUE",0.00,,Y,A,-,N,,,,,,,,,,Y,2,0,2,3,A,-,09,21804,A,N,D,C,A,A,H,-,D,A,0,,,,Y,Y,,A,01,1,0,1,0,0,0,0,0,0,"- ","- ",36.605201721191406,-119.82689666748047,FRESNO,UNINCORPORATED,-119.82685852050781,36.605167388916016
91579118,2021,2021-09-24,9435,2021-07-28,0515,018944,,3,3,7,1005,0,1,3,,2,105,"STATE ROUTE 99","VENTURA AVENUE",350.00,S,N,A,-,Y,,,99,,,,,,,Y,1,1,0,2,A,-,08,22107,,N,B,2,A,A,H,-,D,D,0,,,,,Y,Y,D,22,0,0,0,0,0,0,0,0,0,"- ","- ",36.724109649658203,-119.79145812988281,FRESNO,FRESNO,-119.79146575927734,36.724098205566406
91584221,2021,2021-09-30,9435,2021-06-25,2335,020193,,5,3,7,1005,0,1,3,,2,410,"STATE ROUTE 41 SOUTHBOUND","GETTYSBURG AVENUE",2640.00,S,N,A,-,Y,,,41,,,,,,S,Y,1,1,0,3,A,-,11,21954,A,F,G,B,E,A,H,-,C,D,0,Y,,,,Y,Y,N,60,0,0,0,1,0,0,0,0,0,"- ","- ",36.794029235839844,-119.78511047363281,FRESNO,FRESNO,-119.78502655029297,36.794055938720703
91586021,2021,2021-10-01,9435,2021-07-20,1625,020836,,2,2,7,1005,0,1,3,,2,410,"STATE ROUTE 41 N/B TO FRIANT ROAD","NEES AVENUE",110.00,N,N,A,-,Y,,,41,,,,R,,N,Y,1,1,1,2,A,-,05,21651,B,N,A,C,A,A,H,-,A,D,0,,,,,Y,,A,01,0,0,1,0,0,0,0,0,0,"- ","- ",36.852210998535156,-119.78691864013672,FRESNO,FRESNO,-119.78691864013672,36.852210998535156
91587288,2020,2021-10-04,9495,2020-11-20,2335,021351,,5,3,9,1000,0,1,3,,1,008,"STATE ROUTE 198 (DORRIS AVENUE)","INTERSTATE 5",8448.00,W,N,A,-,Y,,,198,,,,,,,Y,1,1,0,1,A,-,03,22350,,N,E,I,A,A,H,-,D,D,0,,,Y,,Y,,C,02,0,0,0,0,0,0,0,1,0,"- ","- ",36.251209259033203,-120.27174377441406,FRESNO,UNINCORPORATED,-120.27175140380859,36.251235961914062
91587579,2021,2021-10-04,9435,2021-09-27,0755,021179,,1,1,9,1000,0,3,5,,2,015,"ADAMS AVENUE","WEST AVENUE",0.00,,Y,A,-,N,,,,,,,,,,Y,2,0,2,2,A,-,09,21802,A,N,D,C,A,A,H,-,A,D,0,,,,,Y,,A,08,2,0,0,0,0,0,0,0,0,"- ","- ",36.634140014648438,-119.82682800292969,FRESNO,UNINCORPORATED,-119.82682800292969,36.634140014648438
91587643,2021,2021-10-04,9435,2021-09-29,1610,016860,,3,2,9,1000,0,1,3,,1,169,"STATE ROUTE 168","CRESSMAN ROAD",5280.00,E,N,A,-,Y,,,168,,,,,,,Y,2,0,1,1,A,-,03,22350,,N,F,A,A,A,H,-,A,A,0,,,Y,,Y,,C,02,1,0,0,0,0,0,0,0,1,"- ","- ",37.069190979003906,-119.35163116455078,FRESNO,UNINCORPORATED,-119.35160064697266,37.069198608398438
91590406,2021,2021-10-07,9435,2021-08-10,0220,021178,,2,3,7,1005,0,1,3,,2,181,"WESTBOUND STATE ROUTE 180","NORTHBOUND STATE ROUTE 41",390.00,W,N,A,-,Y,,,180,,,,,,,Y,1,1,0,2,A,-,11,21954,A,N,G,B,E,A,H,-,D,D,0,Y,,,,Y,,N,60,0,0,0,1,0,0,0,0,0,"- ","- ",36.754348754882812,-119.77719879150391,FRESNO,FRESNO,-119.77719879150391,36.754337310791016
91590415,2021,2021-10-07,9435,2021-08-24,2330,020062,,2,3,9,1000,0,3,5,,2,040,"ROSE AVENUE","AMBER AVENUE",1584.00,E,N,A,-,N,,,,,,,,,,Y,1,1,0,2,A,-,11,21954,A,N,G,B,E,A,H,-,D,D,0,Y,,,,Y,,N,60,0,0,0,1,0,0,0,0,0,"- ","- ",36.568710327148438,-119.58248138427734,FRESNO,UNINCORPORATED,-119.58306121826172,36.568752288818359
91590451,2021,2021-10-07,9495,2021-09-30,2340,021351,,4,3,9,1000,0,1,1,,2,003,"INTERSTATE 5 (SOUTHBOUND)","JAYNE AVENUE",2640.00,N,N,A,-,Y,,,5,,,,,,,Y,2,0,2,2,A,-,03,22350,,N,C,C,A,A,H,-,D,D,0,,,,Y,Y,,G,25,2,0,0,0,0,0,0,0,0,"- ","- ",36.145278930664062,-120.16609191894531,FRESNO,UNINCORPORATED,-120.16603851318359,36.145328521728516
91590707,2021,2021-10-07,9435,2021-09-26,1900,020078,,7,2,9,1000,0,3,5,,2,010,"LASSEN AVENUE","GETTYSBURG AVENUE",295.00,S,N,A,-,N,,,,,,,,,,N,2,0,2,1,C,-,18,,,N,H,H,A,A,H,-,B,D,0,,,Y,,Y,,-,"- ",1,1,0,0,0,0,0,0,2,"- ","- ",36.799530029296875,-120.09667205810547,FRESNO,UNINCORPORATED,-120.09656524658203,36.799560546875
91590795,2021,2021-10-07,9435,2021-09-28,2145,020887,,2,2,9,1000,0,1,3,,2,184,SR-180,"COVE RD",7603.00,E,N,A,-,Y,,,180,,,,,,,Y,2,0,3,2,A,-,08,22107,,N,A,C,A,A,H,-,D,D,0,,,,,Y,,A,07,3,0,0,0,0,0,0,0,0,"- ","- ",36.719020843505859,-119.32393646240234,FRESNO,UNINCORPORATED,-119.32393646240234,36.719036102294922
91594065,2021,2021-10-12,9435,2021-10-06,2030,020824,,3,2,3,1015,0,1,3,,2,107,"STATE ROUTE 99 S/B","FLORAL AVENUE",3696.00,N,N,A,-,Y,,,99,,,,,,S,Y,2,0,1,2,A,-,01,23152,A,N,C,C,A,A,D,-,D,D,0,,,,Y,Y,Y,D,22,1,0,0,0,0,0,0,0,0,"- ","- ",36.583831787109375,-119.63774108886719,FRESNO,SELMA,-119.63775634765625,36.583812713623047
91595021,2021,2022-06-29,9435,2021-09-07,0027,020319,,2,3,9,1000,0,3,5,,2,025,"FRIANT ROAD","FRIANT FRONTAGE ROAD",806.00,S,N,A,-,N,,,,,,,,,,Y,1,1,0,1,A,-,01,23152,A,N,F,A,A,A,H,-,D,D,0,,,,,Y,Y,D,22,0,0,0,0,0,0,0,0,0,"- ","- ",36.957340240478516,-119.72678375244141,FRESNO,UNINCORPORATED,-119.72868347167969,36.964080810546875
91596642,2021,2021-10-14,9435,2021-10-04,1938,020942,,1,2,9,1000,0,3,5,,2,010,"SHAW AVENUE","HOWARD AVENUE",1056.00,W,N,A,-,N,,,,,,,,,,Y,2,0,3,3,A,-,08,22107,,N,A,C,A,A,H,-,D,D,0,,,,,Y,,A,07,1,1,1,0,0,0,0,0,0,"- ","- ",36.807701110839844,-120.0283203125,FRESNO,UNINCORPORATED,-120.02824401855469,36.807708740234375
91597900,2021,2021-10-15,9435,2021-08-28,0315,020854,,6,3,7,1005,0,1,3,,2,410,"STATE ROUTE 41 SOUTHBOUND","AUDUBON DRIVE",620.00,S,N,A,-,Y,,,41,,,,,,S,Y,2,0,2,2,A,-,01,23152,A,N,C,C,A,A,H,-,D,D,0,,,,,Y,Y,A,07,1,0,1,0,0,0,0,0,0,"- ","- ",36.859390258789062,-119.79147338867188,FRESNO,FRESNO,-119.79144287109375,36.859394073486328
91611864,2021,2021-11-01,9435,2021-10-21,0737,015751,,4,1,9,1000,0,3,5,,2,020,"JAMES ROAD","MANNING AVE",0.00,,Y,A,-,N,,,,,,,,,,Y,2,0,3,2,A,-,09,21802,A,N,D,C,A,A,H,-,B,A,0,,,,,Y,,A,01,3,0,0,0,0,0,0,0,0,"- ","- ",36.602790832519531,-120.27973937988281,FRESNO,UNINCORPORATED,-120.27972412109375,36.602802276611328
91612466,2021,2021-11-01,9435,2021-10-21,0605,014363,,4,1,9,1000,0,3,5,,2,034,"DE WOLF AVENUE","MANNING AVENUE",0.00,,Y,A,-,N,,,,,,,,,,Y,2,0,1,2,A,-,09,21802,A,N,D,C,A,A,H,-,B,A,0,,,,Y,Y,,G,27,1,0,0,0,0,0,0,0,0,"- ","- ",36.605518341064453,-119.6466064453125,FRESNO,UNINCORPORATED,-119.64653015136719,36.605365753173828
91613441,2021,2021-11-02,9461,2021-09-18,1110,017329,,6,1,9,1000,0,1,3,,1,680,"STATE ROUTE 180","SAN BENITO AVENUE",201.00,E,N,A,-,Y,,,180,,,,,,,Y,1,1,1,2,A,-,05,21650,,N,A,C,A,A,H,-,A,D,0,,,,,Y,Y,A,01,1,0,0,0,0,0,0,0,0,"- ","- ",36.732170104980469,-120.36093139648438,FRESNO,UNINCORPORATED,-120.3609619140625,36.732120513916016
91614698,2021,2021-11-03,9435,2021-10-23,0210,018944,,6,3,7,1005,0,1,3,,2,107,"STATE ROUTE 180 EASTBOUND","ABBY STREET",290.00,E,N,A,-,Y,,,180,,,,,,E,Y,2,0,3,2,A,-,07,21658,A,N,C,C,A,A,H,-,C,D,0,,,,,Y,Y,A,01,1,2,0,0,0,0,0,0,0,"- ","- ",36.7523193359375,-119.78826141357422,FRESNO,FRESNO,-119.78826141357422,36.752326965332031
91617528,2021,2021-11-05,9435,2021-10-31,1720,020942,,7,2,9,1000,0,1,3,,1,147,"STATE ROUTE 145","COLORADO AVENUE",0.00,,Y,A,-,Y,,,145,,,,,,,Y,2,0,2,2,A,-,09,21801,A,N,D,C,A,A,H,-,A,D,0,,,,,Y,,D,22,1,0,1,0,0,0,0,0,0,"- ","- ",36.536918640136719,-120.09789276123047,FRESNO,UNINCORPORATED,-120.09789276123047,36.536918640136719
91617657,2021,2021-11-05,9435,2021-11-01,1548,020429,,1,2,9,1000,0,3,5,,2,060,"PORTER AVENUE","WAHTOKE CREEK",20.00,N,N,A,-,N,,,,,,,,,,Y,2,0,1,1,A,-,08,22107,,N,E,I,A,A,H,-,A,D,0,,,,,Y,,D,22,1,0,0,0,0,0,0,0,0,"- ","- ",36.742389678955078,-119.36695098876953,FRESNO,UNINCORPORATED,,
91619235,2021,2021-11-08,9435,2021-10-12,2150,018944,,2,2,9,1000,0,3,5,,2,010,"ASHLAN AVENUE","HUMBOLDT AVE",900.00,E,N,A,-,N,,,,,,,,,,Y,2,0,1,1,A,-,08,22107,,N,F,A,A,A,H,-,D,D,0,,,,,Y,,A,01,1,0,0,0,0,0,0,0,0,"- ","- ",36.793170928955078,-120.12061309814453,FRESNO,UNINCORPORATED,-120.12056732177734,36.793045043945312
91620006,2021,2021-11-09,9461,2021-11-03,1040,014933,,3,1,9,1000,0,3,5,,2,050,"INDIANA AVE.","CARMELLIA AVE.",2112.00,N,N,A,-,N,,,,,,,,,,Y,2,0,1,1,A,-,08,22107,,N,F,A,A,A,H,-,A,D,0,,,,Y,Y,,G,25,1,0,0,0,0,0,0,0,0,"- ","- ",37.001850128173828,-120.59934997558594,FRESNO,UNINCORPORATED,,
91620260,2021,2021-11-09,9495,2021-02-17,2143,020021,,3,2,9,1000,0,1,1,,2,001,"INTERSTATE 5 SOUTHBOUND","KAMM AVENUE",14256.00,S,N,A,-,Y,,,5,,,,,,S,Y,1,1,0,1,A,-,08,22107,,N,F,A,A,A,H,-,D,D,0,,,,,Y,,A,07,0,0,0,0,0,0,0,0,0,"- ","- ",36.502040863037109,-120.45575714111328,FRESNO,UNINCORPORATED,-120.45587921142578,36.501918792724609
91624870,2021,2021-11-15,9435,2021-10-03,1102,017310,,7,1,9,1000,0,3,5,,2,025,"FRIANT ROAD NORTHBOUND","WILLOW AVENUE",4224.00,N,N,A,-,N,,,,,,,,,,N,1,1,0,1,A,-,08,22107,,N,F,A,A,A,H,-,A,D,0,,,Y,,Y,,C,02,0,0,0,0,0,0,0,1,0,"- ","- ",36.934490203857422,-119.72991180419922,FRESNO,UNINCORPORATED,-119.73009490966797,36.932224273681641
91624887,2021,2021-11-15,9435,2021-07-31,0011,020854,,6,3,9,1000,0,3,5,,2,020,"ELM AVENUE","ROSE AVENUE",562.00,S,N,A,-,N,,,,,,,,,,Y,1,3,0,1,A,-,08,22107,,N,E,I,A,A,H,-,D,D,0,,,,,Y,Y,A,07,0,0,0,0,0,0,0,0,0,"- ","- ",36.567550659179688,-119.79116058349609,FRESNO,UNINCORPORATED,-119.79096221923828,36.567539215087891
91627476,2021,2021-11-17,9435,2021-11-16,1248,015986,,2,1,9,1000,0,1,3,,1,180,"CORNELIA AVENUE",SR-180,0.00,,Y,A,-,N,,,,,,,,,,Y,2,0,3,2,A,-,09,21802,A,N,D,C,A,A,H,-,A,A,0,,,,,Y,,A,01,2,1,0,0,0,0,0,0,0,"- ","- ",36.735450744628906,-119.88075256347656,FRESNO,UNINCORPORATED,-119.88072204589844,36.735469818115234
91628295,2021,2021-11-18,9435,2021-07-24,2010,021119,,6,2,9,1000,0,3,5,,2,015,"CALIFORNIA AVENUE","HOWARD AVENUE",1320.00,E,N,A,-,N,,,,,,,,,,Y,1,2,1,2,A,-,08,22107,,N,A,C,A,A,H,-,B,D,0,,,,,Y,,D,22,0,1,0,0,0,0,0,0,0,"- ","- ",36.720359802246094,-120.02057647705078,FRESNO,UNINCORPORATED,-120.01979064941406,36.720371246337891
91642349,2021,2021-12-03,9435,2021-12-02,0811,015986,,4,1,7,1005,0,3,5,,2,010,"THORNE AVENUE","ASHLAN AVENUE",0.00,,Y,A,-,N,,,,,,,,,,N,2,0,1,2,A,-,10,21950,A,N,G,B,B,A,H,-,A,A,0,Y,,,,Y,,D,22,1,0,0,0,1,0,0,0,0,"- ","- ",36.793819427490234,-119.81295013427734,FRESNO,FRESNO,-119.81301116943359,36.793891906738281
91648807,2021,2021-12-10,9435,2021-10-03,0228,021247,,7,3,7,1005,0,1,3,,2,105,"STATE ROUTE 99 NORTHBOUND","HERNDON AVENUE",3221.00,S,N,A,-,Y,,,99,,,,,,N,Y,1,1,3,2,A,-,08,22107,,N,C,E,A,A,H,-,D,D,0,,,,Y,Y,,F,26,0,2,1,0,0,0,0,0,0,"- ","- ",36.826148986816406,-119.90956115722656,FRESNO,FRESNO,-119.90957641601562,36.826129913330078
91648810,2021,2021-12-10,9495,2021-12-03,0848,020434,,5,1,9,1000,0,1,1,,2,002,"INTERSTATE 5 (SOUTHBOUND)","JEFFREY AVENUE",1584.00,S,N,A,-,Y,,,5,,,,,,,Y,2,0,1,2,A,-,03,22350,,F,C,C,A,A,H,-,A,D,0,,,Y,,Y,Y,C,02,1,0,0,0,0,0,0,0,1,"- ","- ",36.366691589355469,-120.33235168457031,FRESNO,UNINCORPORATED,-120.33223724365234,36.366786956787109
91650351,2021,2021-12-13,9435,2021-12-02,0650,019603,,4,1,9,1000,0,3,5,,2,040,"STATE ROUTE 43","CLARKSON AVENUE",26.00,N,N,A,-,Y,,,43,,,,,,,Y,2,0,1,2,A,-,03,22350,,N,C,C,A,A,H,-,B,D,0,,,,,Y,,A,01,1,0,0,0,0,0,0,0,0,"- ","- ",36.503749847412109,-119.62908172607422,FRESNO,UNINCORPORATED,-119.62903594970703,36.503749847412109