CASE_ID,ACCIDENT_YEAR,PROC_DATE,JURIS,COLLISION_DATE,COLLISION_TIME,OFFICER_ID,REPORTING_DISTRICT,DAY_OF_WEEK,CHP_SHIFT,POPULATION,CNTY_CITY_LOC,SPECIAL_COND,BEAT_TYPE,CHP_BEAT_TYPE,CITY_DIVISION_LAPD,CHP_BEAT_CLASS,BEAT_NUMBER,PRIMARY_RD,SECONDARY_RD,DISTANCE,DIRECTION,INTERSECTION,WEATHER_1,WEATHER_2,STATE_HWY_IND,CALTRANS_COUNTY,CALTRANS_DISTRICT,STATE_ROUTE,ROUTE_SUFFIX,POSTMILE_PREFIX,POSTMILE,LOCATION_TYPE,RAMP_INTERSECTION,SIDE_OF_HWY,TOW_AWAY,COLLISION_SEVERITY,NUMBER_KILLED,NUMBER_INJURED,PARTY_COUNT,PRIMARY_COLL_FACTOR,PCF_CODE_OF_VIOL,PCF_VIOL_CATEGORY,PCF_VIOLATION,PCF_VIOL_SUBSECTION,HIT_AND_RUN,TYPE_OF_COLLISION,MVIW,PED_ACTION,ROAD_SURFACE,ROAD_COND_1,ROAD_COND_2,LIGHTING,CONTROL_DEVICE,CHP_ROAD_TYPE,PEDESTRIAN_ACCIDENT,BICYCLE_ACCIDENT,MOTORCYCLE_ACCIDENT,TRUCK_ACCIDENT,NOT_PRIVATE_PROPERTY,ALCOHOL_INVOLVED,STWD_VEHTYPE_AT_FAULT,CHP_VEHTYPE_AT_FAULT,COUNT_SEVERE_INJ,COUNT_VISIBLE_INJ,COUNT_COMPLAINT_PAIN,COUNT_PED_KILLED,COUNT_PED_INJURED,COUNT_BICYCLIST_KILLED,COUNT_BICYCLIST_INJURED,COUNT_MC_KILLED,COUNT_MC_INJURED,PRIMARY_RAMP,SECONDARY_RAMP,LATITUDE,LONGITUDE,COUNTY,CITY,POINT_X,POINT_Y
91651660,2021,2021-12-14,9435,2021-12-07,1527,020586,,2,2,9,1000,0,3,5,,2,025,"AUBERRY ROAD","LITTLE DRY CREEK ROAD",7920.00,N,N,A,-,N,,,,,,,,,,Y,2,0,3,2,A,-,06,21750,A,N,B,C,A,A,H,-,A,A,0,,,,,Y,,A,01,1,2,0,0,0,0,0,0,0,"- ","- ",36.958461761474609,-119.65019226074219,FRESNO,UNINCORPORATED,,
91655310,2021,2021-12-17,9435,2021-09-11,2205,019523,,6,3,9,1000,0,3,5,,2,010,"BELMONT AVENUE","DEL NORTE AVENUE",1056.00,E,N,A,-,N,,,,,,,,,,Y,1,1,0,1,A,-,08,22107,,N,E,I,A,A,H,-,D,D,0,,,,,Y,,A,01,0,0,0,0,0,0,0,0,0,"- ","- ",36.749488830566406,-120.06597137451172,FRESNO,UNINCORPORATED,-120.06537628173828,36.749534606933594
91669810,2021,2022-01-04,9435,2021-12-22,1115,014363,,3,1,9,1000,0,3,5,,2,034,"SOUTH AVENUE","ACADEMY AVENUE",0.00,,Y,B,-,N,,,,,,,,,,Y,2,0,1,2,A,-,09,21802,A,N,D,C,A,A,H,-,A,D,0,,,,,Y,Y,A,01,1,0,0,0,0,0,0,0,0,"- ","- ",36.619621276855469,-119.55668640136719,FRESNO,UNINCORPORATED,-119.55686950683594,36.619586944580078
91676860,2022,2022-01-12,9435,2022-01-07,0914,020019,,5,1,9,1000,0,3,5,,2,034,"CENTRAL AVENUE","ACADEMY AVENUE",528.00,W,N,B,-,N,,,,,,,,,,Y,2,0,1,1,A,-,08,22107,,N,E,I,A,A,H,-,A,D,0,,,,,Y,,A,01,1,0,0,0,0,0,0,0,0,"- ","- ",36.677848815917969,-119.55803680419922,FRESNO,UNINCORPORATED,-119.558349609375,36.677810668945312
91679684,2021,2022-01-18,9495,2021-01-01,1959,20716,,5,2,9,1000,0,1,3,,1,006,"STATE ROUTE 33 (SOUTH LOST HILLS ROAD)","SUTTER AVENUE",10560.00,S,N,A,-,Y,,,33,,,,,,,Y,1,9,0,2,A,-,01,23152,A,N,A,C,A,A,H,-,D,D,0,,,,,Y,Y,A,07,0,0,0,0,0,0,0,0,0,"- ","- ",36.029758453369141,-120.17430877685547,FRESNO,UNINCORPORATED,-120.17429351806641,36.029777526855469
91691071,2022,2022-02-01,9435,2022-01-26,0510,020062,,3,3,7,1005,0,1,3,,1,411,"SR41 NORTHBOUND TO SR99 NORTHBOUND","SR41 NORTHBOUND",65.00,E,N,A,-,Y,FRE,,41,,R,21.892,H,,R,Y,2,0,1,1,A,-,08,22107,,F,E,I,A,A,H,-,D,D,0,,,,,Y,,A,01,1,0,0,0,0,0,0,0,0,"- ","- ",36.71820068359375,-119.78447723388672,FRESNO,FRESNO,-119.78466033935547,36.718177795410156
91696701,2022,2022-02-09,9435,2022-01-31,2255,020540,,1,3,9,1000,0,1,3,,2,184,"STATE ROUTE 180","COVE AVENUE",3696.00,E,N,A,-,Y,FRE,,180,,,84.630,H,,R,Y,2,0,2,1,A,-,08,22107,,N,E,I,A,A,H,-,D,D,0,,,,,Y,,A,01,1,1,0,0,0,0,0,0,0,"- ","- ",36.716678619384766,-119.33474731445312,FRESNO,UNINCORPORATED,-119.33477783203125,36.716705322265625
91699026,2022,2022-02-11,9435,2022-02-01,1303,014363,,2,1,9,1000,0,1,3,,1,630,"STATE ROUTE 99 (SOUTHBOUND)","MANNING AVENUE",1035.00,N,N,A,-,Y,FRE,,99,,,9.377,H,,R,N,2,0,1,2,A,-,08,22107,,N,E,C,A,A,H,-,B,D,0,,,,,Y,,A,01,1,0,0,0,0,0,0,0,0,"- ","- ",36.607570648193359,-119.6636962890625,FRESNO,UNINCORPORATED,-119.66350555419922,36.607715606689453
91700453,2021,2022-02-14,9495,2021-01-05,2115,019834,,2,2,9,1000,0,1,1,,2,001,"INTERSTATE 5","PANOCHE ROAD",7392.00,S,N,A,-,Y,,,5,,,,,,,Y,1,6,1,2,A,-,08,22107,,N,A,D,A,A,H,-,D,D,0,,,,Y,Y,,D,22,0,1,0,0,0,0,0,0,0,"- ","- ",36.623058319091797,-120.60997009277344,FRESNO,UNINCORPORATED,-120.61004638671875,36.622982025146484
91702023,2022,2022-02-16,9435,2022-02-12,1720,020836,,6,2,9,1000,0,1,3,,1,168,"STATE ROUTE 168 EASTBOUND","ASHLAN AVENUE",60.00,E,N,A,-,Y,FRE,,168,,R,3.079,H,,R,Y,2,0,1,1,A,-,03,22350,,N,E,I,A,A,H,-,A,D,0,,,,,Y,,A,01,1,0,0,0,0,0,0,0,0,"- ","- ",36.794628143310547,-119.74669647216797,FRESNO,UNINCORPORATED,-119.74666595458984,36.794612884521484
91707992,2022,2022-02-24,9461,2022-01-25,0100,021126,,2,3,9,1000,0,3,5,,2,050,"STATE ROUTE 180 (NORTH SAN BENITO AVENUE)","WEST BELMONT AVENUE",544.00,E,N,A,-,Y,FRE,,180,,,24.736,H,,R,N,1,1,0,2,A,-,11,21954,A,N,G,B,E,A,H,-,D,D,0,Y,,,Y,Y,,N,60,0,0,0,1,0,0,0,0,0,"- ","- ",36.746150970458984,-120.36956024169922,FRESNO,UNINCORPORATED,-120.36955261230469,36.746158599853516
91710970,2022,2022-02-28,9435,2022-02-19,0050,020429,,6,3,9,1000,0,1,3,,2,184,"STATE ROUTE 180","ALTA AVENUE",550.00,W,N,A,-,Y,FRE,,180,,,80.962,H,,R,Y,2,0,2,1,A,-,01,23152,A,N,E,I,A,A,H,-,D,D,0,,,,,Y,Y,A,01,2,0,0,0,0,0,0,0,0,"- ","- ",36.719829559326172,-119.39646911621094,FRESNO,UNINCORPORATED,-119.39646911621094,36.71990966796875
91711995,2022,2022-03-01,9435,2022-02-22,0850,016507,,2,1,9,1000,0,1,3,,2,184,"STATE ROUTE 180","STATE ROUTE 63",5808.00,W,N,B,-,Y,FRE,,180,,,86.531,H,,R,Y,2,0,1,1,A,-,08,22107,,N,E,I,A,A,H,-,A,D,0,,,,,Y,,A,01,1,0,0,0,0,0,0,0,0,"- ","- ",36.723751068115234,-119.30304718017578,FRESNO,UNINCORPORATED,-119.30306243896484,36.723793029785156
91714335,2021,2022-03-03,9435,2021-12-03,0658,020592,,5,1,9,1000,0,1,3,,1,145,"STATE ROUTE 145","NORTH AVENUE",1584.00,N,N,E,-,Y,,,145,,,,,,,Y,1,1,2,3,A,-,03,22350,,N,D,C,A,B,H,-,A,D,0,,,,Y,Y,,A,08,1,0,1,0,0,0,0,0,0,"- ","- ",36.695430755615234,-120.06065368652344,FRESNO,UNINCORPORATED,-120.06065368652344,36.695430755615234
91714338,2022,2022-04-19,9435,2022-01-01,2012,016860,,6,2,9,1000,0,1,3,,1,169,"STATE ROUTE 168","AUBERRY ROAD",2112.00,E,N,B,-,Y,FRE,,168,,T,30.584,H,,R,Y,1,1,1,2,A,-,08,22107,,N,D,C,A,A,H,-,D,A,0,,,,,Y,Y,A,01,0,1,0,0,0,0,0,0,0,"- ","- ",37.036048889160156,-119.50801086425781,FRESNO,UNINCORPORATED,-119.50802612304688,37.03607177734375
91716594,2022,2022-03-07,9435,2022-02-25,2130,021315,,5,2,9,1000,0,3,5,,2,010,"BELMONT AVENUE","LAKE AVENUE",20.00,E,N,A,-,N,,,,,,,,,,Y,2,0,2,2,A,-,03,22350,,N,C,C,A,A,H,-,D,D,0,,,,,Y,,A,01,1,0,1,0,0,0,0,0,0,"- ","- ",36.74945068359375,-120.13210296630859,FRESNO,UNINCORPORATED,-120.13217926025391,36.7493896484375
91727070,2021,2022-03-18,9495,2021-11-18,1745,021186,,4,2,9,1000,0,1,3,,2,005,"STATE ROUTE 33 (DERRICK AVENUE)","CENTRAL AVENUE",1584.00,N,N,A,-,Y,,,33,,,,,,,Y,1,1,1,2,A,-,06,21751,,N,A,C,A,A,H,-,D,D,0,,,,Y,Y,,A,01,0,0,1,0,0,0,0,0,0,"- ","- ",36.680599212646484,-120.38770294189453,FRESNO,UNINCORPORATED,-120.38772583007812,36.680599212646484
91728261,2022,2022-03-21,9435,2022-03-12,0325,021179,,6,3,2,1007,0,3,5,,2,010,"SHIELDS AVENUE","GOLDENROD AVENUE",650.00,W,N,A,-,N,,,,,,,,,,Y,2,0,1,1,A,-,08,22107,,N,E,I,A,A,H,-,D,D,0,,,,,Y,,A,01,1,0,0,0,0,0,0,0,0,"- ","- ",36.778579711914062,-120.04496765136719,FRESNO,KERMAN,-120.0447998046875,36.778644561767578
91737489,2022,2022-03-30,9435,2022-03-22,1940,020064,,2,2,7,1005,0,1,3,,2,105,"STATE ROUTE 99 (SR-99) SOUTHBOUND","HERNDON AVENUE",1584.00,S,N,A,-,Y,FRE,,99,,,30.212,H,,L,Y,2,0,1,2,A,-,03,22350,,N,C,C,A,A,H,-,D,D,0,,,Y,,Y,,E,22,1,0,0,0,0,0,0,0,1,"- ","- ",36.829441070556641,-119.91414642333984,FRESNO,FRESNO,-119.91417694091797,36.829418182373047
91738815,2022,2022-04-01,9435,2022-01-20,1735,018914,,4,2,7,1005,0,1,3,,2,410,"STATE ROUTE 41 NORTHBOUND","SHIELDS AVENUE",720.00,N,N,A,-,Y,FRE,,41,,R,26.645,H,,R,Y,1,1,0,2,A,-,11,21954,A,N,G,B,E,A,H,-,D,D,0,Y,,,,Y,,N,60,0,0,0,1,0,0,0,0,0,"- ","- ",36.782150268554688,-119.78443908691406,FRESNO,FRESNO,-119.78446197509766,36.782150268554688
91743639,2022,2022-04-07,9435,2022-03-30,2109,021178,,3,2,9,1000,0,3,5,,2,015,"ADAMS AVE","ELM AVE",50.00,E,N,A,-,N,,,,,,,,,,N,2,0,1,1,A,-,01,23152,A,N,F,A,A,A,H,-,D,A,0,,,Y,,Y,Y,C,02,1,0,0,0,0,0,0,0,1,"- ","- ",36.634269714355469,-119.79074096679688,FRESNO,UNINCORPORATED,-119.79080963134766,36.634231567382812
91744755,2022,2022-04-11,9435,2022-03-28,1727,021230,,1,2,9,1000,0,3,5,,2,034,"MANNING AVENUE","DEL REY AVENUE",686.00,E,N,C,F,N,,,,,,,,,,N,2,0,3,5,A,-,03,22350,,N,C,E,E,B,G,-,A,A,0,Y,,,,Y,,A,07,1,1,1,0,3,0,0,0,0,"- ","- ",36.604961395263672,-119.59060668945312,FRESNO,UNINCORPORATED,-119.59067535400391,36.605007171630859
91748523,2022,2022-04-15,9435,2022-01-25,1440,018914,,2,2,7,1005,0,1,3,,2,410,"STATE ROUTE 41 NORTHBOUND","SIERRA AVENUE",320.00,N,N,A,-,Y,FRE,,41,,R,30.030,H,,R,Y,2,0,5,6,A,-,07,21658,A,N,C,C,A,A,H,-,A,D,0,,,,Y,Y,,D,22,2,2,1,0,0,0,0,0,0,"- ","- ",36.831188201904297,-119.78486633300781,FRESNO,FRESNO,-119.78491973876953,36.831188201904297
91751278,2022,2022-04-19,9435,2022-01-08,1535,020586,,6,2,9,1000,0,3,5,,2,025,"AUBERRY ROAD","SUMMIT MOUNTAIN ROAD",5808.00,N,N,A,-,N,,,,,,,,,,Y,1,2,2,4,A,-,05,21460,A,N,C,C,A,A,H,-,A,D,0,,,Y,,Y,Y,C,02,1,1,0,0,0,0,0,2,0,"- ","- ",36.949138641357422,-119.65952301025391,FRESNO,UNINCORPORATED,-119.66026306152344,36.948677062988281
91752518,2022,2022-04-20,9435,2022-04-13,1600,019523,,3,2,9,1000,0,3,5,,2,040,"FOWLER AVENUE","CONEJO AVENUE",0.00,,Y,A,-,N,,,,,,,,,,Y,2,0,7,2,A,-,08,22107,,N,B,C,A,A,H,-,A,D,0,,,,,Y,,D,22,1,3,3,0,0,0,0,0,0,"- ","- ",36.518161773681641,-119.68296051025391,FRESNO,UNINCORPORATED,-119.68302917480469,36.518146514892578
91754238,2022,2022-04-22,9435,2022-04-16,0545,020836,,6,3,9,1000,0,1,3,,2,106,"STATE ROUTE 99 NORTHBOUND","AMERICAN AVENUE",528.00,S,N,B,-,Y,FRE,,99,,,14.400,H,,L,Y,2,0,1,2,A,-,08,22107,,N,C,C,A,B,H,-,D,D,0,,,,,Y,,A,07,1,0,0,0,0,0,0,0,0,"- ","- ",36.662281036376953,-119.72374725341797,FRESNO,UNINCORPORATED,-119.72369384765625,36.662319183349609
91764626,2022,2022-05-04,9435,2022-04-25,0600,015751,,1,1,9,1000,0,1,3,,1,411,"SR-41 S/B","SOUTH AVE",215.00,S,N,A,-,Y,FRE,,41,,R,15.052,H,,L,Y,2,0,1,1,A,-,01,23152,A,N,E,I,A,A,H,-,B,D,0,,,,,Y,Y,A,01,1,0,0,0,0,0,0,0,0,"- ","- ",36.619091033935547,-119.78624725341797,FRESNO,UNINCORPORATED,-119.78616333007812,36.619091033935547
91768128,2022,2022-05-09,9495,2022-04-27,1515,020021,,3,2,9,1000,0,1,1,,2,002,"INTERSTATE 5 NORTHBOUND","STATE ROUTE 33 (DERRICK AVENUE)",7920.00,S,N,A,-,Y,FRE,,5,,,28.483,H,,R,Y,2,0,1,1,A,-,08,22107,,N,E,I,A,A,H,-,A,D,0,,,,,Y,,A,07,1,0,0,0,0,0,0,0,0,"- ","- ",36.418540954589844,-120.37844848632812,FRESNO,UNINCORPORATED,-120.37850952148438,36.418502807617188
91770611,2022,2022-05-12,9435,2022-05-05,0010,021165,,4,3,9,1000,0,1,3,,2,106,"STATE ROUTE 99","JEFFERSON AVENUE",1700.00,S,N,A,-,Y,FRE,,99,,,13.495,H,,R,Y,2,0,1,2,A,-,01,23152,A,N,C,D,A,A,H,-,D,D,0,,,Y,Y,Y,Y,C,02,1,0,0,0,0,0,0,0,1,"- ","- ",36.652599334716797,-119.712646484375,FRESNO,UNINCORPORATED,-119.71269226074219,36.652568817138672
91775198,2022,2022-05-18,9435,2022-05-15,1100,017310,,7,1,9,1000,0,3,5,,2,025,"MILLERTON ROAD","WINCHELL COVE ROAD",5280.00,W,N,A,-,N,,,,,,,,,,N,2,0,1,1,A,-,08,22107,,N,F,A,A,A,H,-,A,D,0,,Y,,,Y,,L,04,1,0,0,0,0,0,1,0,0,"- ","- ",36.985118865966797,-119.67736053466797,FRESNO,UNINCORPORATED,-119.67722320556641,36.985050201416016
91777038,2022,2022-05-20,9435,2022-05-14,1730,020824,,6,2,9,1000,0,3,5,,2,034,"SMITH AVENUE","MANNING AVENUE",30.00,N,N,A,-,N,,,,,,,,,,Y,2,0,1,1,A,-,03,22350,,N,E,I,A,A,H,-,A,A,0,,,,,Y,,A,01,1,0,0,0,0,0,0,0,0,"- ","- ",36.604728698730469,-119.50251007080078,FRESNO,UNINCORPORATED,-119.50242614746094,36.604579925537109
91777886,2022,2022-05-23,9435,2022-05-15,2108,021230,,7,2,9,1000,0,3,5,,2,010,"STATE ROUTE 180","SHASTA AVENUE",10.00,W,N,A,-,Y,FRE,,180,,,40.104,H,,R,Y,2,0,3,2,A,-,08,22107,,N,D,C,A,A,H,-,D,D,0,,,,Y,Y,,A,01,3,0,0,0,0,0,0,0,0,"- ","- ",36.734748840332031,-120.10552215576172,FRESNO,UNINCORPORATED,-120.10552215576172,36.734718322753906
91777969,2022,2022-05-23,9435,2022-05-17,0541,020122,,2,3,9,1000,0,1,3,,1,180,"STATE ROUTE 180 WESTBOUND","GRANTLAND AVENUE",0.00,,Y,A,-,Y,FRE,,180,,,50.598,H,,L,Y,2,0,1,2,A,-,09,21802,A,N,D,C,A,A,H,-,A,A,0,,,Y,,Y,,D,22,1,0,0,0,0,0,0,0,1,"- ","- ",36.735328674316406,-119.91663360595703,FRESNO,UNINCORPORATED,-119.91663360595703,36.735359191894531
91778186,2022,2022-05-23,9435,2022-05-20,1750,020836,,5,2,9,1000,0,3,5,,2,034,"ADAMS AVENUE","HIGHLAND AVENUE",0.00,,Y,A,-,N,,,,,,,,,,Y,2,0,2,2,A,-,09,21802,A,N,D,C,A,A,H,-,A,A,0,,,,,Y,,A,07,1,1,0,0,0,0,0,0,0,"- ","- ",36.634319305419922,-119.62816619873047,FRESNO,UNINCORPORATED,-119.62814331054688,36.634319305419922
91779406,2021,2022-05-24,9435,2021-10-09,1620,021544,,6,2,9,1000,0,3,5,,2,015,"JENSEN AVENUE","SYCAMORE AVENUE",85.00,W,N,A,-,N,,,,,,,,,,Y,1,1,4,2,A,-,09,21801,A,N,D,C,A,A,H,-,A,D,0,,,,,Y,,A,01,0,0,4,0,0,0,0,0,0,"- ","- ",36.705848693847656,-120.03392028808594,FRESNO,UNINCORPORATED,-120.03389739990234,36.705860137939453
91788619,2022,2022-06-06,9435,2022-05-28,0500,020854,,6,3,9,1000,0,3,5,,2,010,"SHAW AVENUE","BUNGALOW LANE",10.00,E,N,A,-,N,,,,,,,,,,Y,2,0,2,1,A,-,01,23152,A,N,E,I,A,A,H,-,B,D,0,,,,,Y,Y,A,01,1,1,0,0,0,0,0,0,0,"- ","- ",36.808361053466797,-119.79840087890625,FRESNO,UNINCORPORATED,-119.79828643798828,36.808391571044922
91788643,2022,2022-06-06,9435,2022-05-30,1355,020592,,1,1,9,1000,0,3,5,,2,034,"GREENWOOD AVENUE","AMERICAN AVENUE",0.00,,Y,A,-,N,,,,,,,,,,Y,2,0,7,3,A,-,12,22450,A,N,D,C,A,A,H,-,A,A,0,,,,,Y,Y,A,07,3,3,1,0,0,0,0,0,0,"- ","- ",36.663181304931641,-119.56545257568359,FRESNO,UNINCORPORATED,-119.56546020507812,36.663192749023438
91793005,2022,2022-06-20,9435,2022-05-31,2249,020062,,2,3,9,1000,0,1,3,,1,411,"STATE ROUTE 41 (SOUTHBOUND)","SOUTH AVENUE",1584.00,S,N,A,-,Y,FRE,,41,,R,15.097,H,,R,Y,2,0,1,4,A,-,01,23152,A,N,C,C,A,A,H,-,D,A,0,,,,Y,Y,Y,A,01,1,0,0,0,0,0,0,0,0,"- ","- ",36.619739532470703,-119.78617858886719,FRESNO,UNINCORPORATED,-119.78585052490234,36.619739532470703
91794655,2022,2022-06-14,9461,2022-06-02,2345,021854,,4,3,9,1000,0,3,5,,2,060,"PANOCHE RD.","SAN BENITO AVE.",350.00,E,N,A,-,N,,,,,,,,,,Y,2,0,1,1,A,-,08,22107,,N,F,A,A,A,H,-,D,D,0,,,,,Y,,A,01,1,0,0,0,0,0,0,0,0,"- ","- ",36.731170654296875,-120.35980987548828,FRESNO,UNINCORPORATED,-120.35986328125,36.731124877929688
91795997,2022,2022-06-15,9495,2022-04-29,0248,020434,,5,3,9,1000,0,1,3,,1,006,"STATE ROUTE 33","SUTTER AVENUE",7392.00,N,N,A,-,Y,FRE,,33,,,4.522,H,,R,N,2,0,1,2,A,-,11,21956,A,F,G,B,E,A,H,-,D,D,0,Y,,,,Y,Y,N,60,1,0,0,0,1,0,0,0,0,"- ","- ",36.065361022949219,-120.21835327148438,FRESNO,UNINCORPORATED,-120.21839904785156,36.065319061279297
91797482,2022,2022-06-17,9435,2022-06-07,0937,014363,,2,1,9,1000,0,3,5,,2,040,"FOWLER AVENUE","CONEJO AVENUE",1960.00,S,N,A,-,N,,,,,,,,,,N,2,0,1,2,A,-,03,22350,,N,C,C,A,A,H,-,A,D,0,,,,,Y,,A,01,1,0,0,0,0,0,0,0,0,"- ","- ",36.512760162353516,-119.6829833984375,FRESNO,UNINCORPORATED,-119.68305206298828,36.512771606445312
91800369,2022,2022-07-05,9435,2022-06-11,2100,018944,,6,2,9,1000,0,1,3,,1,180,"STATE ROUTE 180","LASSEN AVENUE",20.00,E,N,A,-,Y,FRE,,180,,,40.628,H,,R,Y,2,0,3,3,A,-,03,22350,,N,B,C,A,A,H,-,C,D,0,,,,,Y,,A,01,1,2,0,0,0,0,0,0,0,"- ","- ",36.734760284423828,-120.09620666503906,FRESNO,UNINCORPORATED,-120.09620666503906,36.734733581542969
91802100,2022,2022-06-23,9435,2022-06-11,2205,018944,,6,3,9,1000,0,3,5,,2,010,"BRYAN AVENUE","SHIELDS AVENUE",0.00,,Y,A,-,N,,,,,,,,,,Y,2,0,4,2,A,-,09,21802,A,N,D,C,A,A,H,-,D,A,0,,,,,Y,,A,01,1,3,0,0,0,0,0,0,0,"- ","- ",36.778961181640625,-119.90728759765625,FRESNO,UNINCORPORATED,-119.90727996826172,36.778923034667969
91805824,2022,2022-06-29,9435,2022-06-19,0901,020019,,7,1,9,1000,0,3,5,,2,034,"CLOVIS AVENUE","AMERICAN AVENUE",0.00,,Y,A,-,N,,,,,,,,,,Y,2,0,2,2,A,-,12,21453,A,N,D,C,A,A,H,-,A,A,0,,,,,Y,,A,01,1,0,1,0,0,0,0,0,0,"- ","- ",36.663619995117188,-119.69985961914062,FRESNO,UNINCORPORATED,-119.69985961914062,36.663562774658203
91810209,2022,2022-07-05,9461,2022-06-29,1752,019052,,3,2,9,1000,0,1,3,,1,680,SR-180,"SAN BENITO AVE",528.00,W,N,A,-,Y,FRE,,180,,,25.627,H,,R,Y,2,0,2,1,A,-,01,23152,A,N,F,A,A,A,H,-,A,D,0,,,,,Y,Y,D,22,2,0,0,0,0,0,0,0,0,"- ","- ",36.734958648681641,-120.36258697509766,FRESNO,UNINCORPORATED,-120.36274719238281,36.734916687011719
91812756,2022,2022-07-08,9435,2022-06-26,0510,021491,,7,3,9,1000,0,3,5,,2,025,"AUBERRY RD","SUMMIT MOUNTAIN RD",1056.00,E,N,A,-,N,,,,,,,,,,N,2,0,2,1,A,-,08,22107,,N,E,J,A,A,H,-,D,D,0,,,,,Y,,A,08,2,0,0,0,0,0,0,0,0,"- ","- ",36.947608947753906,-119.67395782470703,FRESNO,UNINCORPORATED,-119.67431640625,36.946575164794922
91815079,2022,2022-07-12,9435,2022-06-22,2255,021544,,3,3,7,1005,0,1,3,,2,410,"SR-41 S/B","CLINTON AVE",100.00,N,N,A,-,Y,FRE,,41,,R,25.942,H,,L,Y,2,0,2,1,A,-,08,22107,,N,B,I,A,A,H,-,C,D,0,,,,,Y,,A,01,2,0,0,0,0,0,0,0,0,"- ","- ",36.771980285644531,-119.78488922119141,FRESNO,FRESNO,-119.78489685058594,36.771976470947266
91816458,2022,2022-07-13,9435,2022-01-21,0825,019603,,5,1,9,1000,0,1,3,,2,410,"STATE ROUTE 41 NORTHBOUND","FLORAL AVENUE",0.00,,Y,E,-,Y,FRE,,41,,R,12.100,H,,R,Y,1,2,3,2,A,-,09,21801,A,N,D,C,A,A,H,-,A,D,0,,,,,Y,,A,08,2,0,1,0,0,0,0,0,0,"- ","- ",36.576278686523438,-119.78595733642578,FRESNO,UNINCORPORATED,-119.78594970703125,36.576278686523438
91817408,2022,2022-07-14,9435,2022-07-04,2230,020854,,1,3,9,1000,0,3,5,,2,020,"WEST AVENUE","CARUTHERS AVENUE",440.00,N,N,A,-,N,,,,,,,,,,Y,2,0,3,2,A,-,14,25803,A,N,C,C,A,A,H,-,D,D,0,,,,,Y,Y,M,46,1,1,1,0,0,0,0,0,0,"- ","- ",36.541179656982422,-119.82682800292969,FRESNO,UNINCORPORATED,-119.82680511474609,36.541149139404297
91818697,2022,2022-07-18,9435,2022-07-11,1855,020942,,1,2,9,1000,0,1,3,,1,412,"STATE ROUTE 41","MOUNT WHITNEY AVENUE",0.00,,Y,A,-,Y,FRE,,41,,R,2.030,H,,R,Y,2,0,1,2,A,-,12,21453,A,N,D,C,A,A,H,-,A,A,0,,,Y,,Y,,C,02,1,0,0,0,0,0,0,0,1,"- ","- ",36.431049346923828,-119.8011474609375,FRESNO,UNINCORPORATED,-119.80120086669922,36.431056976318359
91825222,2022,2022-07-26,9435,2022-07-14,2100,019523,,4,2,9,1000,0,3,5,,2,020,"BRAWLEY AVENUE","MOUNTAIN VIEW AVENUE",1445.00,S,N,A,-,N,,,,,,,,,,N,2,0,1,1,A,-,01,23152,A,N,E,I,A,A,H,-,D,D,0,,,Y,,Y,Y,C,06,1,0,0,0,0,0,0,0,1,"- ","- ",36.543930053710938,-119.86312866210938,FRESNO,UNINCORPORATED,-119.86315155029297,36.543125152587891
91827085,2022,2022-07-28,9435,2022-07-26,1032,019548,,2,1,9,1000,0,1,3,,1,169,"STATE ROUTE 168","LITTLE SANDY ROAD",280.00,W,N,A,-,Y,FRE,,168,,T,31.107,H,,R,N,2,0,1,2,A,-,03,22350,,N,B,C,A,A,H,-,A,D,0,,,,Y,Y,,F,26,1,0,0,0,0,0,0,0,0,"- ","- ",37.041130065917969,-119.50102996826172,FRESNO,UNINCORPORATED,-119.50106048583984,37.0411376953125
91832024,2022,2022-08-03,9435,2022-07-23,0809,019548,,6,1,9,1000,0,3,5,,2,050,"SAMPLE ROAD","FRONTIER TRAIL LANE",420.00,E,N,A,-,N,,,,,,,,,,N,2,0,1,1,A,-,08,22107,,N,F,A,A,A,H,-,A,D,0,,,Y,,Y,,C,02,1,0,0,0,0,0,0,0,1,"- ","- ",36.904430389404297,-119.50331878662109,FRESNO,UNINCORPORATED,,
91836092,2022,2022-08-09,9435,2022-07-04,1635,020540,,1,2,9,1000,0,3,5,,2,060,"PRIVATE PROPERTY (6300 BLOCK COVE ROAD)","CLAYTON AVENUE",1320.00,N,N,A,-,N,,,,,,,,,,N,1,1,1,1,B,-,22,,,N,F,A,A,A,H,-,A,D,0,,,Y,,Y,,C,06,0,1,0,0,0,0,0,1,1,"- ","- ",36.643241882324219,-119.35077667236328,FRESNO,UNINCORPORATED,,
91837520,2022,2022-08-10,9435,2022-08-02,1048,018926,,2,1,9,1000,0,1,3,,1,180,"STATE ROUTE 180","JAMES ROAD",0.00,,Y,A,-,Y,FRE,,180,,,34.593,H,,R,Y,2,0,1,2,A,-,09,21802,A,N,D,C,A,A,H,-,A,D,0,,,,Y,Y,,G,27,1,0,0,0,0,0,0,0,0,"- ","- ",36.734539031982422,-120.205078125,FRESNO,UNINCORPORATED,-120.205078125,36.734535217285156