CASE_ID,ACCIDENT_YEAR,PROC_DATE,JURIS,COLLISION_DATE,COLLISION_TIME,OFFICER_ID,REPORTING_DISTRICT,DAY_OF_WEEK,CHP_SHIFT,POPULATION,CNTY_CITY_LOC,SPECIAL_COND,BEAT_TYPE,CHP_BEAT_TYPE,CITY_DIVISION_LAPD,CHP_BEAT_CLASS,BEAT_NUMBER,PRIMARY_RD,SECONDARY_RD,DISTANCE,DIRECTION,INTERSECTION,WEATHER_1,WEATHER_2,STATE_HWY_IND,CALTRANS_COUNTY,CALTRANS_DISTRICT,STATE_ROUTE,ROUTE_SUFFIX,POSTMILE_PREFIX,POSTMILE,LOCATION_TYPE,RAMP_INTERSECTION,SIDE_OF_HWY,TOW_AWAY,COLLISION_SEVERITY,NUMBER_KILLED,NUMBER_INJURED,PARTY_COUNT,PRIMARY_COLL_FACTOR,PCF_CODE_OF_VIOL,PCF_VIOL_CATEGORY,PCF_VIOLATION,PCF_VIOL_SUBSECTION,HIT_AND_RUN,TYPE_OF_COLLISION,MVIW,PED_ACTION,ROAD_SURFACE,ROAD_COND_1,ROAD_COND_2,LIGHTING,CONTROL_DEVICE,CHP_ROAD_TYPE,PEDESTRIAN_ACCIDENT,BICYCLE_ACCIDENT,MOTORCYCLE_ACCIDENT,TRUCK_ACCIDENT,NOT_PRIVATE_PROPERTY,ALCOHOL_INVOLVED,STWD_VEHTYPE_AT_FAULT,CHP_VEHTYPE_AT_FAULT,COUNT_SEVERE_INJ,COUNT_VISIBLE_INJ,COUNT_COMPLAINT_PAIN,COUNT_PED_KILLED,COUNT_PED_INJURED,COUNT_BICYCLIST_KILLED,COUNT_BICYCLIST_INJURED,COUNT_MC_KILLED,COUNT_MC_INJURED,PRIMARY_RAMP,SECONDARY_RAMP,LATITUDE,LONGITUDE,COUNTY,CITY,POINT_X,POINT_Y
91845342,2022,2022-10-13,9495,2022-08-06,1813,021029,,6,2,9,1000,0,3,5,,2,053,"JAYNE AVENUE","INTERSTATE 5",1584.00,E,N,A,-,N,,,,,,,,,,Y,2,0,2,2,A,-,09,21801,A,N,D,C,A,A,H,-,A,D,0,,,,Y,Y,Y,G,25,1,1,0,0,0,0,0,0,0,"- ","- ",36.137741088867188,-120.15367889404297,FRESNO,UNINCORPORATED,-120.15470886230469,36.137775421142578
91847586,2022,2022-08-24,9435,2022-08-15,1505,020319,,1,2,9,1000,0,1,3,,1,180,SR-180,"HAYES AVE",0.00,,Y,A,-,Y,FRE,,180,,,51.590,H,,R,Y,2,0,3,2,A,-,09,21802,A,N,D,C,A,A,H,-,A,A,0,,,,,Y,,A,01,2,1,0,0,0,0,0,0,0,"- ","- ",36.735439300537109,-119.89877319335938,FRESNO,UNINCORPORATED,-119.89877319335938,36.735374450683594
91847964,2021,2022-08-24,9435,2021-10-25,1600,021386,,1,2,3,1015,0,1,3,,2,107,"STATE ROUTE 99 NORTHBOUND","FLORAL AVENUE",6.00,S,N,B,C,Y,,,99,,,,,,N,Y,1,1,0,2,A,-,03,22350,,N,C,E,A,B,H,-,A,D,0,,,,,Y,,E,22,0,0,0,0,0,0,0,0,0,"- ","- ",36.576969146728516,-119.62995910644531,FRESNO,SELMA,-119.62993621826172,36.576995849609375
9185725,2020,2021-12-03,1012,2020-11-12,1758,L145,REEDL,4,5,3,1012,0,0,0,,0,0RE,"11TH ST","B ST",186.00,W,N,A,-,N,,,,,,,,,,,1,1,0,2,A,-,11,21954,A,N,G,B,D,A,H,-,C,D,0,Y,,,,Y,,N,60,0,0,0,1,0,0,0,0,0,"- ","- ",,,FRESNO,REEDLEY,-119.44615173339844,36.599620819091797
91860328,2022,2022-09-08,9495,2022-08-27,0354,021600,,6,3,9,1000,0,1,1,,2,001,"INTERSTATE 5 NORTHBOUND","MOUNTAIN VIEW AVENUE",2640.00,N,N,A,-,Y,FRE,,5,,,41.204,H,,R,Y,2,0,3,3,A,-,01,23152,A,N,C,2,A,A,H,-,D,D,0,,,,Y,Y,Y,A,01,1,2,0,0,0,0,0,0,0,"- ","- ",36.559249877929688,-120.52520751953125,FRESNO,UNINCORPORATED,-120.52527618408203,36.559192657470703
91860340,2022,2022-09-08,9461,2022-08-03,2150,018586,,3,2,9,1000,0,1,3,,1,604,"STATE ROUTE 33","SHAW AVENUE",7392.00,S,N,A,-,Y,FRE,,33,,R,64.737,H,,R,Y,1,1,0,2,A,-,08,22107,,N,A,C,A,A,H,-,D,D,0,,,,Y,Y,,A,01,0,0,0,0,0,0,0,0,0,"- ","- ",36.791080474853516,-120.41046142578125,FRESNO,UNINCORPORATED,-120.41043090820312,36.791095733642578
91864672,2022,2022-09-14,9435,2022-08-14,0416,021702,,7,3,9,1000,0,1,3,,2,182,"SR-180 W/B TO CHESTNUT AVENUE","CHESTNUT AVE",370.00,E,N,A,-,Y,,,,,,,,,,Y,2,0,3,1,A,-,01,23152,A,N,E,I,A,A,H,-,C,D,0,,,,,Y,Y,A,01,1,1,1,0,0,0,0,0,0,"- ","- ",36.755298614501953,-119.73470306396484,FRESNO,UNINCORPORATED,-119.73496246337891,36.754623413085938
91865271,2022,2022-09-15,9495,2022-09-06,2345,020434,,2,3,9,1000,0,1,1,,2,001,"INTERSTATE 5 (NORTHBOUND)","PANOCHE ROAD",4224.00,S,N,A,-,Y,FRE,,5,,,48.222,H,,R,Y,2,0,3,1,A,-,08,22107,,N,E,I,A,A,H,-,D,D,0,,,,,Y,,A,01,1,2,0,0,0,0,0,0,0,"- ","- ",36.630100250244141,-120.61517333984375,FRESNO,UNINCORPORATED,-120.61533355712891,36.630020141601562
91865778,2022,2022-09-15,9461,2022-08-04,1207,014933,,4,1,9,1000,0,1,1,,2,305,"INTERSTATE-5 (NORTHBOUND) TO NEES AVENUE","NEES AVENUE",0.00,,Y,A,-,Y,,,,,,,,,,Y,1,1,0,3,A,-,09,21802,A,N,D,C,A,A,H,-,A,A,0,,,,Y,Y,,A,01,0,0,0,0,0,0,0,0,0,"- ","- ",36.850341796875,-120.77247619628906,FRESNO,UNINCORPORATED,-120.774169921875,36.850311279296875
91869297,2022,2022-09-20,9435,2022-09-16,1422,021386,,5,2,9,1000,0,3,5,,2,015,"CALIFORNIA AVENUE","FAIR AVENUE",0.00,,Y,A,-,N,,,,,,,,,,Y,2,0,2,2,A,-,08,22107,,N,A,C,A,A,H,-,A,D,0,,,,,Y,,J,48,1,0,1,0,0,0,0,0,0,"- ","- ",36.720809936523438,-119.91217041015625,FRESNO,UNINCORPORATED,-119.912109375,36.720809936523438
91870159,2022,2022-09-21,9495,2022-09-10,2015,021073,,6,2,9,1000,0,1,1,,2,001,"INTERSTATE 5 (SOUTHBOUND)","MANNING AVENUE",5280.00,S,N,A,-,Y,FRE,,5,,,44.957,H,,L,Y,2,0,2,1,A,-,08,22107,,N,E,I,A,A,D,-,D,D,0,,,,,Y,,A,07,1,0,1,0,0,0,0,0,0,"- ","- ",36.596099853515625,-120.57479858398438,FRESNO,UNINCORPORATED,-120.57474517822266,36.596141815185547
91870256,2022,2022-09-21,9435,2022-09-14,1902,021179,,3,2,9,1000,0,3,5,,2,040,"CEDAR AVENUE","CONEJO AVENUE",0.00,,Y,A,-,N,,,,,,,,,,Y,2,0,3,2,A,-,12,22450,A,F,B,C,A,A,H,-,A,A,0,,,,Y,Y,,A,01,1,0,2,0,0,0,0,0,0,"- ","- ",36.518379211425781,-119.75520324707031,FRESNO,UNINCORPORATED,-119.75518035888672,36.518337249755859
91873811,2022,2022-09-30,9435,2022-09-24,1720,018914,,6,2,9,1000,0,1,3,,1,168,"STATE ROUTE 168","ACADEMY AVENUE",0.00,,Y,A,-,Y,FRE,,168,,,15.467,H,,R,N,1,1,1,2,A,-,03,22350,,N,C,C,A,A,H,-,A,D,0,,,Y,,Y,,C,02,0,1,0,0,0,0,0,1,1,"- ","- ",36.873779296875,-119.55741882324219,FRESNO,UNINCORPORATED,-119.55741119384766,36.873775482177734
91874318,2022,2022-09-27,9435,2022-09-20,1830,019263,,2,2,9,1000,0,3,5,,2,050,"AUBERRY RD","UPPITY-UPPITY ROAD",528.00,E,N,A,-,N,,,,,,,,,,Y,2,0,1,1,A,-,01,23152,A,N,F,A,A,A,H,-,D,D,0,,,,,Y,Y,A,01,1,0,0,0,0,0,0,0,0,"- ","- ",37.081760406494141,-119.47650909423828,FRESNO,UNINCORPORATED,,
91891651,2022,2022-10-17,9435,2022-10-08,0745,019603,,6,1,7,1005,0,1,3,,2,105,"STATE ROUTE 99 SOUTHBOUND","CALIFORNIA AVENUE",50.00,S,N,A,-,Y,FRE,,99,,,19.854,H,,L,N,2,0,1,1,A,-,08,22107,,N,F,A,A,A,H,-,A,D,0,,Y,,,Y,,L,04,1,0,0,0,0,0,1,0,0,"- ","- ",36.721260070800781,-119.7889404296875,FRESNO,FRESNO,-119.78872680664062,36.721427917480469
91895414,2022,2022-12-27,9435,2022-10-13,0845,015095,,4,1,7,1005,0,1,3,,2,410,"SR-41 S/B (TO ASHLAN AVENUE)","ASHLAN AVENUE",65.00,N,N,A,-,Y,,,,,,,,,,N,2,0,3,3,A,-,03,22350,,F,C,C,A,A,H,-,A,A,0,,,,,Y,,-,99,1,0,2,0,0,0,0,0,0,"- ","- ",36.794391632080078,-119.78587341308594,FRESNO,FRESNO,-119.78510284423828,36.794506072998047
91901372,2022,2022-10-27,9435,2022-05-01,1655,020836,,7,2,7,1005,0,1,3,,2,181,"STATE ROUTE 180 EASTBOUND","ABBY STREET",875.00,E,N,A,-,Y,FRE,,180,,R,58.141,H,,R,Y,1,1,0,1,A,-,08,22107,,N,E,I,A,A,H,-,A,D,0,,,,,Y,,A,07,0,0,0,0,0,0,0,0,0,"- ","- ",36.752971649169922,-119.78562927246094,FRESNO,FRESNO,-119.78559875488281,36.752864837646484
91901527,2022,2022-10-27,9435,2022-10-19,2038,020680,,3,2,9,1000,0,1,3,,1,147,"STATE ROUTE 145","FLORAL AVENUE",85.00,N,N,A,-,Y,FRE,,145,,,23.667,H,,R,Y,2,0,2,2,A,-,03,22350,,N,C,C,A,A,H,-,D,D,0,,,,,Y,,A,01,1,1,0,0,0,0,0,0,0,"- ","- ",36.574539184570312,-120.0794677734375,FRESNO,UNINCORPORATED,-120.07944488525391,36.574520111083984
91908891,2022,2022-11-03,9435,2022-08-26,1725,021148,,5,2,9,1000,0,3,5,,2,010,"LINCOLN AVENUE","BLYTHE AVENUE",893.00,W,N,A,-,N,,,,,,,,,,Y,1,1,0,1,A,-,08,22107,,N,F,A,A,A,H,-,A,D,0,,,,,Y,,D,22,0,0,0,0,0,0,0,0,0,"- ","- ",36.648448944091797,-119.87464141845703,FRESNO,UNINCORPORATED,-119.87454986572266,36.648452758789062
91908900,2021,2022-11-03,9435,2021-10-14,1533,021544,,4,2,9,1000,0,3,5,,2,040,"MOUNT WHITNEY AVENUE","CEDAR STREET",0.00,,Y,A,-,N,,,,,,,,,,Y,1,1,0,2,A,-,03,22350,,N,D,C,A,A,H,-,A,D,0,,,,Y,Y,,A,01,0,0,0,0,0,0,0,0,0,"- ","- ",36.431049346923828,-119.76251220703125,FRESNO,UNINCORPORATED,-119.762451171875,36.431026458740234
91912665,2022,2023-09-25,9461,2022-10-24,1635,021387,,1,2,9,1000,0,2,4,,1,310,"RUSSELL AVENUE","SHIELDS AVENUE",0.00,,Y,A,-,N,,,,,,,,,,Y,1,2,1,3,A,-,12,22450,A,N,D,C,A,A,H,-,A,A,0,,,,Y,Y,,A,07,1,0,0,0,0,0,0,0,0,"- ","- ",36.778171539306641,-120.65715789794922,FRESNO,UNINCORPORATED,-120.65714263916016,36.778240203857422
91913654,2022,2022-11-09,9495,2022-10-31,0500,021213,,1,3,9,1000,0,1,3,,1,006,"STATE ROUTE 33 (JAYNE AVENUE)","CALAVERAS AVENUE",528.00,E,N,A,-,N,,,,,,,,,,Y,2,0,4,2,A,-,08,22107,,N,C,C,A,A,H,-,D,D,0,,,,,Y,,-,"- ",1,0,3,0,0,0,0,0,0,"- ","- ",36.136920928955078,-120.28099060058594,FRESNO,UNINCORPORATED,-120.28099060058594,36.136924743652344
91914681,2022,2022-11-10,9435,2022-11-02,0835,019926,,3,1,7,1005,0,1,3,,2,105,"SR-99 N/B TO SR-180 E/B",SR-180,200.00,S,N,A,-,Y,,,,,,,,,,N,2,0,1,2,A,-,11,21954,A,N,G,B,D,A,H,-,A,D,0,Y,,,,Y,,N,60,1,0,0,0,1,0,0,0,0,"- ","- ",36.741039276123047,-119.81134796142578,FRESNO,FRESNO,-119.81134796142578,36.741039276123047
91917325,2022,2023-02-27,9435,2022-02-05,0425,021315,,6,3,9,1000,0,3,5,,2,025,"MILLERTON ROAD","MARINA DRIVE",680.00,S,N,A,-,N,,,,,,,,,,Y,1,5,2,2,A,-,01,23152,A,N,A,C,A,A,H,-,D,D,0,,,,,Y,Y,A,01,2,0,0,0,0,0,0,0,0,"- ","- ",36.984169006347656,-119.66200256347656,FRESNO,UNINCORPORATED,-119.66191864013672,36.984165191650391
91920643,2022,2022-11-17,9435,2022-11-13,0405,021402,,7,3,7,1005,0,1,3,,2,105,"SR-99 N/B","ASHLAN AVENUE",1.00,S,N,A,-,Y,FRE,,99,,,26.526,H,,R,Y,2,0,1,1,A,-,01,23152,A,N,E,8,A,A,H,-,D,D,0,,,,,Y,Y,A,01,1,0,0,0,0,0,0,0,0,"- ","- ",36.793498992919922,-119.8648681640625,FRESNO,FRESNO,-119.86495208740234,36.793422698974609
91925441,2022,2022-11-23,9435,2022-11-13,1845,021148,,7,2,9,1000,0,3,5,,2,010,"SHIELDS AVENUE","MILBURN AVENUE",0.00,,Y,B,-,N,,,,,,,,,,N,2,0,1,2,A,-,11,21956,A,N,G,B,E,A,H,-,D,D,0,Y,,,,Y,,N,60,1,0,0,0,1,0,0,0,0,"- ","- ",36.779060363769531,-119.87564849853516,FRESNO,UNINCORPORATED,-119.8758544921875,36.779048919677734
91929196,2022,2022-11-29,9435,2022-11-17,0245,020064,,4,3,9,1000,0,3,5,,2,030,"CLOVIS AVENUE","DAKOTA AVENUE",0.00,,Y,A,-,N,,,,,,,,,,Y,2,0,2,2,A,-,01,23152,A,N,D,C,A,A,H,-,D,A,0,,,,,Y,Y,A,01,2,0,0,0,0,0,0,0,0,"- ","- ",36.787200927734375,-119.70041656494141,FRESNO,UNINCORPORATED,-119.700439453125,36.787067413330078
91932675,2022,2022-12-02,9435,2022-10-16,1218,021555,,7,1,9,1000,0,3,5,,2,050,"DINKEY CREEK ROAD","CHAWANAKEE ROAD",900.00,E,N,A,-,N,,,,,,,,,,N,2,0,2,3,A,-,06,21760,C,F,B,G,A,A,H,-,A,D,0,,Y,,,Y,,D,22,2,0,0,0,0,0,2,0,0,"- ","- ",37.095298767089844,-119.28943634033203,FRESNO,UNINCORPORATED,-119.28939819335938,37.095226287841797
91934608,2022,2022-12-05,9435,2022-12-01,1330,020540,,4,1,9,1000,0,3,5,,2,060,"FRANKWOOD AVENUE","LINCOLN AVENUE",0.00,,Y,B,-,N,,,,,,,,,,Y,2,0,3,2,A,-,09,21802,A,N,D,C,A,B,H,-,A,A,0,,,,,Y,,A,01,1,1,1,0,0,0,0,0,0,"- ","- ",36.647659301757812,-119.44867706298828,FRESNO,UNINCORPORATED,-119.44872283935547,36.647659301757812
91936148,2022,2022-12-07,9435,2022-12-03,2045,021153,,6,2,9,1000,0,1,3,,2,105,"STATE ROUTE 99 (NORTHBOUND)","SHAW AVENUE",2640.00,S,N,C,-,Y,FRE,,99,,,27.585,H,,R,N,2,0,2,1,A,-,03,22350,,N,E,I,A,B,H,-,D,D,0,,,,,Y,,-,"- ",1,1,0,0,0,0,0,0,0,"- ","- ",36.803298950195312,-119.87950897216797,FRESNO,UNINCORPORATED,-119.87953186035156,36.803279876708984
91949020,2022,2022-12-22,9435,2022-12-15,0750,015986,,4,1,7,1005,0,3,5,,2,010,"BELMONT AVENUE","CHATEAU FRESNO",275.00,E,N,E,-,N,,,,,,,,,,Y,2,0,2,2,A,-,06,21751,,N,A,C,A,A,H,-,A,D,0,,,,,Y,,A,01,1,1,0,0,0,0,0,0,0,"- ","- ",36.749858856201172,-119.93312072753906,FRESNO,FRESNO,-119.93326568603516,36.749794006347656
91967106,2022,2023-01-12,9435,2022-12-30,0900,019603,,5,1,7,1005,0,1,3,,2,105,"SR-99 S/B TO SR-180 E/B","SR-99 S/B",563.00,W,N,B,-,Y,,,,,,,,,,N,2,0,1,2,A,-,01,23152,A,N,C,C,A,A,H,-,A,D,0,,,,,Y,Y,A,01,1,0,0,0,0,0,0,0,0,"- ","- ",36.739528656005859,-119.814697265625,FRESNO,FRESNO,-119.814697265625,36.739528656005859
91968130,2022,2023-01-13,9435,2022-12-31,1800,019603,,6,2,9,1000,0,3,5,,2,025,"TRIMMER SPRINGS","MAXIM ROAD",2640.00,S,N,B,C,N,,,,,,,,,,Y,2,0,1,1,A,-,08,22107,,N,F,A,A,B,H,-,B,D,0,,,,,Y,,D,22,1,0,0,0,0,0,0,0,0,"- ","- ",36.89910888671875,-119.29341888427734,FRESNO,UNINCORPORATED,,
91968320,2022,2023-01-13,9435,2022-08-27,0800,016860,,6,1,9,1000,0,1,3,,1,169,"STATE ROUTE 168","BEAL FIRE ROAD",6864.00,W,N,A,-,Y,FRE,,168,,L,32.316,H,,R,Y,1,1,0,1,A,-,08,22107,,N,E,I,A,A,H,-,A,D,0,,,,,Y,,A,01,0,0,0,0,0,0,0,0,0,"- ","- ",37.040538787841797,-119.41194915771484,FRESNO,UNINCORPORATED,-119.41195678710938,37.04058837890625
91977359,2023,2023-01-25,9435,2023-01-15,2220,018944,,7,3,7,1005,0,1,3,,2,105,"STATE ROUTE 99 NORTHBOUND","CLINTON AVENUE",620.00,N,N,C,-,Y,FRE,,99," ",R,24.545,H,,R,N,2,0,2,2,A,-,08,22107,,N,B,C,A,B,H,-,D,D,0,,,,Y,Y,,A,01,1,0,1,0,0,0,0,0,0,"- ","- ",36.773490905761719,-119.83992004394531,FRESNO,FRESNO,-119.83992767333984,36.773483276367188
91987950,2023,2023-02-06,9435,2023-01-27,"243 ",021589,,5,3,9,1000,0,1,3,,2,106,SR-99,"MERCED AVE",2640.00,S,N,A,-,Y,FRE,,99," "," ",10.505,H,,R,Y,2,0,1,1,A,-,01,23152,A,M,E,8,A,A,H,-,D,D,0,,,,,Y,Y,A,01,1,0,0,0,0,0,0,0,0,"- ","- ",36.620048522949219,-119.67693328857422,FRESNO,UNINCORPORATED,-119.67699432373047,36.620006561279297
91991669,2023,2023-02-10,9495,2023-02-02,1415,021351,,4,2,9,1000,0,1,3,,2,005,"STATE ROUTE 33","LIPE DRIVE",800.00,S,N,A,-,Y,FRE,,33," "," ",20.423,H,,R,Y,2,0,1,1,A,-,08,22107,,N,E,I,A,A,H,-,A,D,0,,,,,Y,,A,01,1,0,0,0,0,0,0,0,0,"- ","- ",36.197689056396484,-120.33078002929688,FRESNO,UNINCORPORATED,-120.33070373535156,36.197589874267578
91994057,2022,2023-02-14,9435,2022-11-14,1801,020942,,1,2,9,1000,0,3,5,,2,015,"ELM AVENUE","NORTH AVENUE",1426.00,S,N,A,-,N,,,,,,,,,,Y,1,1,0,2,A,-,11,21954,A,N,G,B,D,A,H,-,D,D,0,Y,,,,Y,,N,60,0,0,0,1,0,0,0,0,0,"- ","- ",36.688251495361328,-119.79077911376953,FRESNO,UNINCORPORATED,-119.79078674316406,36.688365936279297
91999908,2022,2023-02-22,9435,2022-11-18,1151,015890,,5,1,9,1000,0,3,5,,2,020,"WEST AVENUE","NEBRASKA AVENUE",1056.00,S,N,A,-,N,,,,,,,,,,Y,2,0,2,1,A,-,01,23152,A,F,E,I,A,A,H,-,A,D,0,,,,,Y,Y,A,01,2,0,0,0,0,0,0,0,0,"- ","- ",36.557468414306641,-119.82681274414062,FRESNO,UNINCORPORATED,-119.82682800292969,36.558849334716797
92004171,2023,2023-02-27,9435,2023-02-17,"818 ",015986,,5,1,9,1000,0,3,5,,2,010,"BRYAN AVENUE","SHIELDS AVENUE",0.00,,Y,A,-,N,,,,,,,,,,Y,2,0,3,2,A,-,09,21802,A,N,D,C,A,A,H,-,A,A,0,,,,,Y,,A,08,1,0,2,0,0,0,0,0,0,"- ","- ",36.778968811035156,-119.90733337402344,FRESNO,UNINCORPORATED,-119.90727996826172,36.778923034667969
92008291,2022,2023-03-02,9435,2022-07-11,0340,021299,,1,3,9,1000,0,3,5,,2,034,"JENSEN AVENUE","DE WOLF AVENUE",511.00,W,N,A,-,N,,,,,,,,,,Y,1,1,0,2,A,-,05,21202,A,M,C,G,A,A,H,-,D,D,0,,Y,,Y,Y,,L,04,0,0,0,0,0,1,0,0,0,"- ","- ",36.707298278808594,-119.64790344238281,FRESNO,UNINCORPORATED,-119.64774322509766,36.707309722900391
92026789,2022,2023-03-23,9435,2022-09-06,1517,021386,,2,2,9,1000,0,3,5,,2,020,"MARKS AVENUE","DINUBA AVENUE",71.00,S,N,A,-,N,,,,,,,,,,Y,1,1,0,1,A,-,08,22107,,N,E,I,A,A,H,-,A,D,0,,,,,Y,,D,22,0,0,0,0,0,0,0,0,0,"- ","- ",36.590431213378906,-119.84484100341797,FRESNO,UNINCORPORATED,-119.8448486328125,36.590373992919922
92026822,2022,2023-03-23,9435,2022-09-16,1930,021547,,5,2,9,1000,0,1,3,,2,105,"STATE ROUTE 99 SOUTHBOUND","SHAW AVENUE",600.00,N,N,A,-,Y,FRE,,99,,,28.232,H,,L,Y,1,1,0,2,A,-,03,22350,,N,E,J,A,A,C,-,D,D,0,,,Y,,Y,,C,02,0,0,0,0,0,0,0,1,0,"- ","- ",36.809238433837891,-119.88886260986328,FRESNO,UNINCORPORATED,-119.8887939453125,36.809295654296875
92029534,2023,2023-03-27,9435,2023-03-17,1810,020887,,5,2,9,1000,0,3,5,,2,025,"MILLERTON RD","MARINA DR",686.00,W,N,A,-,N,,,,,,,,,,N,2,0,1,1,A,-,08,22107,,N,E,I,A,A,H,-,A,D,0,,,,,Y,,A,01,1,0,0,0,0,0,0,0,0,"- ","- ",36.984291076660156,-119.66211700439453,FRESNO,UNINCORPORATED,-119.66193389892578,36.984169006347656
92029677,2022,2023-03-27,9435,2022-10-28,1920,020887,,5,2,9,1000,0,3,5,,2,025,"MAPLE AVENUE","YALE AVENUE",150.00,S,N,A,-,N,,,,,,,,,,N,1,1,0,2,A,-,11,21954,A,N,G,B,D,A,H,-,D,D,0,Y,,,,Y,,N,60,0,0,0,1,0,0,0,0,0,"- ","- ",36.769519805908203,-119.74539947509766,FRESNO,UNINCORPORATED,-119.74539947509766,36.769557952880859
92030572,2022,2023-03-28,9435,2022-08-26,1400,021119,,5,2,9,1000,0,1,3,,1,412,"STATE ROUTE 41","HARLAN AVENUE",915.00,S,N,A,-,Y,FRE,,41,,R,3.005,H,,R,Y,1,1,0,2,A,-,06,21750,,N,E,I,A,A,H,-,A,D,0,,,Y,Y,Y,,C,02,0,0,0,0,0,0,0,1,0,"- ","- ",36.445079803466797,-119.79833221435547,FRESNO,UNINCORPORATED,-119.79833221435547,36.445079803466797
92030574,2022,2023-03-28,9435,2022-12-10,1330,020062,,6,1,9,1000,0,3,5,,2,034,"DE WOLF AVENUE","NORTH AVENUE",0.00,,Y,B,-,N,,,,,,,,,,Y,1,2,0,2,A,-,12,22450,A,N,D,C,A,A,H,-,A,A,0,,,,Y,Y,,A,01,0,0,0,0,0,0,0,0,0,"- ","- ",36.692581176757812,-119.64598846435547,FRESNO,UNINCORPORATED,-119.64596557617188,36.692550659179688
92043641,2023,2023-04-12,9435,2023-04-04,1210,014363,,2,1,9,1000,0,3,5,,2,034,"CENTRAL AVENUE","PEACH AVENUE",0.00,,Y,B,-,N,,,,,,,,,,N,2,0,1,2,A,-,09,21801,A,N,A,C,A,A,H,-,A,D,0,,,Y,,Y,,A,01,1,0,0,0,0,0,0,0,1,"- ","- ",36.678131103515625,-119.71784973144531,FRESNO,UNINCORPORATED,-119.71784973144531,36.678115844726562
92044397,2023,2023-04-13,9435,2023-04-01,"640 ",019603,,6,1,9,1000,0,3,5,,2,015,"BRAWLEY AVENUE","CALIFORNIA AVENUE",0.00,,Y,A,-,N,,,,,,,,,,Y,2,0,3,2,A,-,09,21802,A,N,D,D,A,A,H,-,A,A,0,,,,,Y,,A,01,1,0,2,0,0,0,0,0,0,"- ","- ",36.721019744873047,-119.86244201660156,FRESNO,UNINCORPORATED,-119.86238861083984,36.721015930175781
92046924,2023,2023-04-17,9435,2023-04-04,2318,021702,,2,3,9,1000,0,3,5,,2,010,"ROLINDA AVE","DAKOTA AVE",1690.00,N,N,A,-,N,,,,,,,,,,Y,2,0,2,3,A,-,21,22106,,N,D,2,E,A,H,-,D,D,0,Y,,,,Y,,E,22,1,0,1,0,1,0,0,0,0,"- ","- ",36.790660858154297,-119.96115875244141,FRESNO,UNINCORPORATED,-119.96114349365234,36.790569305419922
92052705,2023,2023-04-25,9435,2023-04-14,2200,021312,,5,3,7,1005,0,1,3,,2,410,"SR-41 S/B","PRINCETON AVE",45.00,N,N,A,-,Y,FRE,,41," ",R,26.226,H,,L,Y,2,0,1,2,A,-,03,22350,,N,B,C,A,A,H,-,D,D,0,,,Y,,Y,,C,02,1,0,0,0,0,0,0,0,1,"- ","- ",36.776058197021484,-119.78518676757812,FRESNO,FRESNO,-119.78517150878906,36.776058197021484
92053562,2023,2023-04-26,9435,2023-04-15,1129,020095,,6,1,9,1000,0,3,5,,2,034,"MCCALL AVENUE","DUKE AVENUE",1120.00,S,N,A,-,N,,,,,,,,,,N,2,0,1,2,A,-,03,22350,,N,C,C,A,A,H,-,A,D,0,,,Y,,Y,,A,01,1,0,0,0,0,0,0,0,1,"- ","- ",36.598651885986328,-119.61065673828125,FRESNO,UNINCORPORATED,,
92054696,2023,2023-04-27,9435,2023-04-02,1942,020942,,7,2,9,1000,0,3,5,,2,010,"MARKS AVENUE","BELMONT AVENUE",0.00,,Y,A,-,N,,,,,,,,,,Y,2,0,5,2,A,-,01,23152,A,N,A,C,A,A,H,-,B,A,0,,,,,Y,Y,A,01,3,0,2,0,0,0,0,0,0,"- ","- ",36.750141143798828,-119.84435272216797,FRESNO,UNINCORPORATED,-119.84429931640625,36.750141143798828
92055013,2023,2023-04-27,9435,2023-04-24,1334,015986,,1,1,9,1000,0,3,5,,2,010,"PALM AVENUE","GETTYSBURG AVENUE",0.00,,Y,A,-,N,,,,,,,,,,N,2,0,1,2,A,-,09,21801,A,N,A,C,A,A,H,-,A,A,0,,,,,Y,,A,01,1,0,0,0,0,0,0,0,0,"- ","- ",36.801139831542969,-119.80851745605469,FRESNO,UNINCORPORATED,-119.80857849121094,36.801143646240234
92059257,2023,2023-05-02,9435,2023-04-22,2320,021702,,6,3,9,1000,0,1,3,,2,107,"SR-99 N/B","FLORAL AVE",4277.00,N,N,A,-,Y,FRE,,99," "," ",7.734,H,,R,Y,2,0,1,1,A,-,08,22107,,N,E,I,A,A,H,-,C,D,0,,,,,Y,,A,01,1,0,0,0,0,0,0,0,0,"- ","- ",36.589851379394531,-119.6439208984375,FRESNO,UNINCORPORATED,-119.64399719238281,36.589794158935547
92061619,2023,2023-05-04,9435,2023-04-26,1830,018746,,3,2,9,1000,0,3,5,,2,025,"WATTS VALLEY ROAD","PITMAN HILL ROAD",15418.00,W,N,A,-,N,,,,,,,,,,N,2,0,1,1,A,-,08,22107,,N,E,I,A,A,H,-,A,D,0,,,Y,,Y,,C,02,1,0,0,0,0,0,0,0,1,"- ","- ",36.854751586914062,-119.46743011474609,FRESNO,UNINCORPORATED,-119.46179962158203,36.893051147460938