CASE_ID,ACCIDENT_YEAR,PROC_DATE,JURIS,COLLISION_DATE,COLLISION_TIME,OFFICER_ID,REPORTING_DISTRICT,DAY_OF_WEEK,CHP_SHIFT,POPULATION,CNTY_CITY_LOC,SPECIAL_COND,BEAT_TYPE,CHP_BEAT_TYPE,CITY_DIVISION_LAPD,CHP_BEAT_CLASS,BEAT_NUMBER,PRIMARY_RD,SECONDARY_RD,DISTANCE,DIRECTION,INTERSECTION,WEATHER_1,WEATHER_2,STATE_HWY_IND,CALTRANS_COUNTY,CALTRANS_DISTRICT,STATE_ROUTE,ROUTE_SUFFIX,POSTMILE_PREFIX,POSTMILE,LOCATION_TYPE,RAMP_INTERSECTION,SIDE_OF_HWY,TOW_AWAY,COLLISION_SEVERITY,NUMBER_KILLED,NUMBER_INJURED,PARTY_COUNT,PRIMARY_COLL_FACTOR,PCF_CODE_OF_VIOL,PCF_VIOL_CATEGORY,PCF_VIOLATION,PCF_VIOL_SUBSECTION,HIT_AND_RUN,TYPE_OF_COLLISION,MVIW,PED_ACTION,ROAD_SURFACE,ROAD_COND_1,ROAD_COND_2,LIGHTING,CONTROL_DEVICE,CHP_ROAD_TYPE,PEDESTRIAN_ACCIDENT,BICYCLE_ACCIDENT,MOTORCYCLE_ACCIDENT,TRUCK_ACCIDENT,NOT_PRIVATE_PROPERTY,ALCOHOL_INVOLVED,STWD_VEHTYPE_AT_FAULT,CHP_VEHTYPE_AT_FAULT,COUNT_SEVERE_INJ,COUNT_VISIBLE_INJ,COUNT_COMPLAINT_PAIN,COUNT_PED_KILLED,COUNT_PED_INJURED,COUNT_BICYCLIST_KILLED,COUNT_BICYCLIST_INJURED,COUNT_MC_KILLED,COUNT_MC_INJURED,PRIMARY_RAMP,SECONDARY_RAMP,LATITUDE,LONGITUDE,COUNTY,CITY,POINT_X,POINT_Y
92063908,2023,2023-05-08,9435,2023-05-04,1445,020193,,4,2,9,1000,0,3,5,,2,020,"JAMESON AVENUE","KAMM AVENUE",2380.00,S,N,B,-,N,,,,,,,,,,Y,2,0,1,2,A,-,03,22350,,N,D,C,A,A,H,-,A,D,0,,,,Y,Y,,G,25,1,0,0,0,0,0,0,0,0,"- ","- ",36.525470733642578,-119.98963928222656,FRESNO,UNINCORPORATED,-119.98966979980469,36.525516510009766
92069913,2023,2023-12-21,9435,2023-02-11,1345,017310,,6,1,7,1005,0,1,3,,2,181,"STATE ROUTE 180 WESTBOUND","PEACH AVENUE",2640.00,E,N,A,-,Y,FRE,,180," ",R,62.399,H,,L,N,1,1,0,2,A,-,01,23152,A,N,C,C,A,A,H,-,A,D,0,,,Y,,Y,Y,C,02,0,0,0,0,0,0,0,1,0,"- ","- ",36.753219604492188,-119.709228515625,FRESNO,FRESNO,-119.709228515625,36.753185272216797
92071802,2023,2023-05-18,9435,2023-05-06,"245 ",021594,,6,3,7,1005,0,1,3,,2,105,"SR-99 N/B","STANISLAUS STREET",900.00,N,N,A,-,Y,FRE,,99," "," ",21.188,H,,R,Y,2,0,1,1,A,-,01,23152,A,N,E,I,A,A,H,-,D,D,0,,,,,Y,Y,A,01,1,0,0,0,0,0,0,0,0,"- ","- ",36.735931396484375,-119.80460357666016,FRESNO,FRESNO,-119.80451202392578,36.735988616943359
92072379,2023,2023-05-19,9435,2023-05-06,"350 ",021594,,6,3,7,1005,0,1,3,,2,105,"SR-99 N/B","STANISLAUS STREET",950.00,N,N,A,-,Y,FRE,,99," "," ",21.195,H,,R,Y,2,0,4,5,A,-,03,22350,,N,G,1,E,A,G,-,D,D,0,Y,,Y,,Y,Y,C,02,1,2,1,0,2,0,0,0,1,"- ","- ",36.736049652099609,-119.80461120605469,FRESNO,FRESNO,-119.80459594726562,36.736061096191406
92075130,2023,2023-05-23,9495,2023-05-07,1625,021354,,7,2,9,1000,0,3,5,,2,052,"MOUNT WHITNEY AVENUE","NAPA AVENUE",75.00,W,N,A,-,N,,,,,,,,,,Y,2,0,2,1,A,-,01,23152,A,N,E,I,A,A,H,-,A,D,0,,,,,Y,Y,A,01,2,0,0,0,0,0,0,0,0,"- ","- ",36.429019927978516,-120.23020172119141,FRESNO,UNINCORPORATED,-120.23004150390625,36.429119110107422
92076205,2023,2023-05-24,9435,2023-01-22,2220,016911,,7,3,9,1000,0,3,5,,2,050,"AUBERRY ROAD","FRAZIER ROAD",1320.00,N,N,A,-,N,,,,,,,,,,N,1,1,0,1,A,-,01,23152,A,N,E,I,A,A,H,-,D,D,0,,,,,Y,Y,D,22,0,0,0,0,0,0,0,0,0,"- ","- ",37.069789886474609,-119.48841857910156,FRESNO,UNINCORPORATED,-119.49095916748047,37.068267822265625
92081645,2023,2023-05-30,9435,2023-03-10,2226,021230,,5,3,5,1001,0,1,3,,1,168,"STATE ROUTE 168 WESTBOUND","FOWLER AVENUE",240.00,W,N,B,C,Y,FRE,,168," ",R,7.958,H,,L,N,1,1,0,2,A,-,11,21954,A,N,G,B,D,B,H,-,C,D,0,Y,,,,Y,Y,N,60,0,0,0,1,0,0,0,0,0,"- ","- ",36.840980529785156,-119.68560791015625,FRESNO,CLOVIS,-119.68560791015625,36.841033935546875
92082360,2023,2023-05-31,9435,2023-03-09,"610 ",019603,,4,1,9,1000,0,1,3,,1,180,"STATE ROUTE 180","CORNELIA AVENUE",0.00,,Y,B,-,N,,,,,,,,,,N,2,0,1,2,A,-,12,22450,A,F,D,D,A,A,H,-,B,D,0,,,,,Y,,A,01,1,0,0,0,0,0,0,0,0,"- ","- ",36.735450744628906,-119.88075256347656,FRESNO,UNINCORPORATED,-119.88072204589844,36.735469818115234
92088341,2023,2023-06-07,9495,2023-06-01,"825 ",019733,,4,1,9,1000,0,3,5,,2,052,"LOS GATOS CREEK ROAD","SOUTH DERRICK AVENUE",31152.00,W,N,A,-,N,,,,,,,,,,Y,2,0,1,1,A,-,08,22107,,N,F,A,A,A,H,-,A,D,0,,,,,Y,,J,49,1,0,0,0,0,0,0,0,0,"- ","- ",36.218418121337891,-120.47293090820312,FRESNO,UNINCORPORATED,-120.47400665283203,36.217990875244141
92091471,2023,2023-06-12,9435,2023-06-03,2237,021230,,6,3,9,1000,0,1,3,,2,105,"STATE ROUTE 99 NORTHBOUND","HERNDON AVENUE",2640.00,S,N,A,-,Y,FRE,,99," "," ",29.887,H,,R,Y,2,0,1,1,A,-,01,23152,A,N,E,I,A,A,H,-,D,D,0,,,,,Y,Y,A,01,1,0,0,0,0,0,0,0,0,"- ","- ",36.826198577880859,-119.90986633300781,FRESNO,UNINCORPORATED,-119.90976715087891,36.826282501220703
9209229,2020,2021-02-20,1013,2020-12-28,1732,M165,,1,5,3,1013,0,0,0,,0,M02,"ACADEMY AV","4TH ST",355.00,N,N,A,-,N,,,,,,,,,,,2,0,1,2,A,-,11,21954,A,N,G,B,D,A,H,-,C,D,0,Y,,,,Y,,N,60,1,0,0,0,1,0,0,0,0,"- ","- ",36.710941314697266,-119.55680847167969,FRESNO,SANGER,-119.55706024169922,36.711872100830078
92096019,2023,2023-06-16,9435,2023-06-16,"936 ",019263,,5,1,7,1005,0,3,5,,2,034,"GOLDEN STATE BOULEVARD","CENTRAL AVENUE",780.00,S,N,A,-,N,,,,,,,,,,Y,2,0,1,2,A,-,08,22107,,N,D,G,A,A,H,-,A,D,0,,Y,,,Y,,L,04,1,0,0,0,0,0,1,0,0,"- ","- ",36.67626953125,-119.732421875,FRESNO,FRESNO,-119.73278045654297,36.676326751708984
92101081,2023,2024-08-14,9435,2023-06-17,"515 ",020586,,6,3,9,1000,0,3,5,,2,030,"BELMONT AVENUE","DEL REY AVENUE",211.00,E,N,A,-,N,,,,,,,,,,Y,1,1,3,2,A,-,09,21804,A,N,D,C,A,A,H,-,B,D,0,,,,,Y,,E,22,0,1,2,0,0,0,0,0,0,"- ","- ",36.750198364257812,-119.59130096435547,FRESNO,UNINCORPORATED,-119.59137725830078,36.750141143798828
92101122,2023,2023-06-23,9435,2023-03-26,1206,020122,,7,1,7,1005,0,1,3,,2,105,"STATE ROUTE 99 NORTHBOUND","MCKINLEY AVENUE",500.00,N,N,A,-,Y,FRE,,99," "," ",23.956,H,,R,Y,1,1,0,1,A,-,08,22107,,N,E,I,A,A,H,-,A,D,0,,,,,Y,,A,01,0,0,0,0,0,0,0,0,0,"- ","- ",36.766040802001953,-119.834716796875,FRESNO,FRESNO,-119.83483123779297,36.765995025634766
92101865,2023,2023-06-26,9495,2023-06-14,2335,021213,,3,3,9,1000,0,1,1,,2,002,"INTERSTATE 5 (SOUTHBOUND)","COLE AVENUE",125.00,N,N,A,-,Y,FRE,,5," "," ",15.975,H,,L,Y,2,0,1,1,A,-,08,22107,,N,E,I,A,A,H,-,D,D,0,,,,,Y,,A,07,1,0,0,0,0,0,0,0,0,"- ","- ",36.268508911132812,-120.25319671630859,FRESNO,UNINCORPORATED,-120.25314331054688,36.268531799316406
92110024,2023,2023-07-05,9435,2023-06-25,"25  ",021230,,7,3,9,1000,0,3,5,,2,015,"SISKIYOU AVENUE DIRT EXTENSION","AMERICAN AVENUE",5280.00,N,N,A,-,N,,,,,,,,,,N,2,0,1,1,A,-,01,23152,A,N,E,I,A,A,H,-,D,D,0,,,,,Y,Y,A,07,1,0,0,0,0,0,0,0,0,"- ","- ",36.669338226318359,-120.07904815673828,FRESNO,UNINCORPORATED,,
92110156,2023,2023-07-05,9435,2023-06-14,2500,020019,,3,4,9,1000,0,3,5,,2,015,"SUMNER AVENUE","ADAMS AVENUE",0.00,,Y,A,-,N,,,,,,,,,,Y,1,1,0,1,B,-,22,,,N,E,I,A,A,H,-,D,D,0,,,,,Y,,D,22,0,0,0,0,0,0,0,0,0,"- ","- ",36.625438690185547,-120.15276336669922,FRESNO,UNINCORPORATED,,
92111113,2023,2023-07-06,9435,2023-06-28,2110,020854,,3,2,9,1000,0,3,5,,2,025,"ACADEMY  AVENUE","ASHLAN AVENUE",600.00,S,N,A,-,N,,,,,,,,,,Y,2,0,1,2,A,-,01,23152,A,N,B,C,A,A,H,-,D,D,0,,,Y,,Y,Y,C,02,1,0,0,0,0,0,0,0,1,"- ","- ",36.791961669921875,-119.55580902099609,FRESNO,UNINCORPORATED,-119.55596160888672,36.791973114013672
92111164,2023,2023-07-06,9495,2023-06-24,"515 ",021619,,6,3,9,1000,0,1,3,,1,014,"STATE ROUTE 269","OAKLAND AVE",0.00,,Y,A,-,Y,FRE,,269," "," ",18.759,H,,R,Y,2,0,5,2,A,-,05,21752,D,N,D,C,A,A,H,-,B,D,0,,,,,Y,,-,"- ",1,3,1,0,0,0,0,0,0,"- ","- ",36.342578887939453,-120.10330963134766,FRESNO,UNINCORPORATED,-120.10334014892578,36.342578887939453
92111828,2023,2023-07-07,9435,2023-04-21,1935,020019,,5,2,9,1000,0,3,5,,2,025,"FRIANT ROAD","MERRILL ROAD",528.00,N,N,A,-,N,,,,,,,,,,Y,1,1,3,1,A,-,08,22107,,N,E,I,A,A,H,-,A,D,0,,,,,Y,,-,"- ",2,0,1,0,0,0,0,0,0,"- ","- ",36.958011627197266,-119.72702026367188,FRESNO,UNINCORPORATED,-119.72620391845703,36.953895568847656
92112195,2023,2023-07-07,9435,2023-06-30,1825,021702,,5,2,9,1000,0,3,5,,2,034,"MENDOCINO AVE","DINUBA AVE",0.00,,Y,A,-,N,,,,,,,,,,Y,2,0,4,2,A,-,09,21802,A,N,D,C,A,A,H,-,A,A,0,,,,,Y,,A,07,1,0,3,0,0,0,0,0,0,"- ","- ",36.590419769287109,-119.54802703857422,FRESNO,UNINCORPORATED,-119.54798889160156,36.590408325195312
92114201,2023,2023-07-11,9435,2023-07-02,"535 ",020193,,7,3,9,1000,0,1,3,,1,430,"STATE ROUTE 43","MOUNTAIN VIEW AVENUE",0.00,,Y,A,-,Y,FRE,,43," "," ",7.339,H,,R,Y,2,0,2,2,A,-,01,23152,A,N,D,C,A,A,H,-,B,A,0,,,,,Y,Y,A,01,1,0,1,0,0,0,0,0,0,"- ","- ",36.547119140625,-119.62867736816406,FRESNO,UNINCORPORATED,-119.62873840332031,36.547119140625
92115269,2023,2023-07-12,9435,2023-07-02,1540,016507,,7,2,9,1000,0,1,3,,2,184,"STATE ROUTE 180 (KINGS CANYON ROAD)","FRANKWOOD AVE",100.00,E,N,A,-,Y,FRE,,180," ",R,77.559,H,,R,Y,2,0,1,2,A,-,09,21802,A,F,F,A,A,A,H,-,A,D,0,,,,,Y,,-,99,1,0,0,0,0,0,0,0,0,"- ","- ",36.721431732177734,-119.44776153564453,FRESNO,UNINCORPORATED,-119.44778442382812,36.721382141113281
9211822,2021,2021-04-15,1015,2021-03-30,0053,N125,SELMA,2,5,3,1015,0,0,0,,0,B03,"FLORAL AV","A ST",95.00,E,N,A,-,N,,,,,,,,,,Y,1,1,1,2,A,-,03,22356,B,F,C,E,A,A,H,-,C,D,0,,,,,Y,Y,A,01,1,0,0,0,0,0,0,0,0,"- ","- ",36.576290130615234,-119.60961151123047,FRESNO,SELMA,-119.6092529296875,36.576206207275391
9211826,2020,2021-04-15,1001,2020-02-29,1849,5635,,6,5,5,1001,0,0,0,,0,002,"SHAW AV","FOWLER AV",0.00,,Y,A,-,N,,,,,,,,,,Y,1,1,0,2,A,-,09,21801,A,N,D,C,A,A,-,-,C,D,0,,,Y,,Y,,A,07,0,0,0,0,0,0,0,1,0,"- ","- ",36.808521270751953,-119.68206024169922,FRESNO,CLOVIS,-119.68206024169922,36.808670043945312
9211889,2020,2021-04-29,1005,2020-01-27,2121,P731,2758,1,5,7,1005,0,0,0,,0,03E,"VENTURA AV","4TH ST",80.00,W,N,A,B,N,,,,,,,,,,N,1,1,0,4,A,-,11,21954,A,N,G,B,E,A,H,-,C,D,0,Y,,,,Y,,N,60,0,0,0,1,0,0,0,0,0,"- ","- ",36.735820770263672,-119.76750946044922,FRESNO,FRESNO,-119.76789093017578,36.735950469970703
9211892,2020,2021-04-29,1005,2020-02-13,0859,P1070,SWB,4,5,7,1005,0,0,0,,0,2556,"BLACKSTONE AV","ILLINOIS AV",0.00,,Y,A,-,N,,,,,,,,,,Y,1,1,1,2,A,-,09,21801,A,N,D,C,A,A,H,-,A,A,0,,,,,Y,,A,01,0,1,0,0,0,0,0,0,0,"- ","- ",36.745048522949219,-119.79042053222656,FRESNO,FRESNO,-119.79054260253906,36.745071411132812
9211896,2020,2021-04-29,1005,2020-03-19,0342,P1131,2C,4,5,7,1005,0,0,0,,0,2151,"HUGHES AV","BROWN AV",219.00,N,N,B,-,N,,,,,,,,,,Y,1,1,0,2,A,-,11,21954,A,N,G,B,E,A,H,-,D,D,0,Y,,,,Y,Y,N,60,0,0,0,1,0,0,0,0,0,"- ","- ",36.774551391601562,-119.83545684814453,FRESNO,FRESNO,-119.83547973632812,36.775089263916016
9211901,2020,2021-04-29,1005,2020-05-06,2128,P1131,3A,3,5,7,1005,0,0,0,,0,2358,"OLIVE AV","FISHER ST",1.00,W,N,A,-,N,,,,,,,,,,Y,1,1,0,2,A,-,10,21950,A,F,G,B,B,A,H,-,C,D,0,Y,,,,Y,Y,A,07,0,0,0,1,0,0,0,0,0,"- ","- ",36.757770538330078,-119.77024078369141,FRESNO,FRESNO,-119.77024078369141,36.757728576660156
9211902,2020,2021-04-29,1005,2020-05-14,2219,P731,2956,4,5,7,1005,0,0,0,,0,01E,"CALIFORNIA AV","LOTUS AV",135.00,W,N,A,-,N,,,,,,,,,,Y,1,1,0,1,A,-,01,23152,B,N,E,I,A,A,H,-,C,D,0,,,Y,,Y,Y,C,02,0,0,0,0,0,0,0,1,0,"- ","- ",36.721511840820312,-119.78739929199219,FRESNO,FRESNO,-119.78785705566406,36.721431732177734
9211906,2020,2021-05-04,1005,2020-06-09,2224,P1131,1/B,2,5,7,1005,0,0,0,,0,2555,"BLACKSTONE AV","BELMONT AV",35.00,S,N,A,-,N,,,,,,,,,,N,1,1,0,2,A,-,11,21954,A,F,G,B,D,A,H,-,C,A,0,Y,,,,Y,,N,60,0,0,0,1,0,0,0,0,0,"- ","- ",36.750438690185547,-119.79038238525391,FRESNO,FRESNO,-119.79055023193359,36.750335693359375
9211911,2020,2022-06-11,1005,2020-07-25,2249,P731,2151,6,5,7,1005,0,0,0,,0,"CE C","CLINTON AV","WEBER AV",247.00,E,N,A,-,N,,,,,,,,,,Y,1,1,0,3,A,-,03,22350,,N,G,B,D,A,H,-,C,D,0,Y,,,,Y,,A,01,0,0,0,1,0,0,0,0,0,"- ","- ",36.771991729736328,-119.83408355712891,FRESNO,FRESNO,-119.83326721191406,36.771976470947266
9211912,2020,2022-06-07,1005,2020-07-27,1058,P1763,NORTH,1,5,7,1005,0,0,0,,0,00G,"VALENTINE AV","NORWICH AV",0.00,,Y,A,-,N,,,,,,,,,,N,1,1,0,2,A,-,08,22107,,N,C,G,A,A,H,-,A,D,0,,Y,,,Y,,L,04,0,0,0,0,0,1,0,0,0,"- ","- ",36.800338745117188,-119.85343170166016,FRESNO,FRESNO,-119.85337066650391,36.800460815429688
9211916,2020,2021-05-04,1005,2020-08-08,0906,P731,2153,6,5,7,1005,0,0,0,,0,"CE C","SHIELDS AV","VAGEDES AV",0.00,,Y,A,-,N,,,,,,,,,,Y,1,1,1,2,A,-,09,21801,A,N,D,C,A,A,H,-,A,A,0,,,Y,,Y,,D,22,0,1,0,0,0,0,0,1,0,"- ","- ",36.779399871826172,-119.81645965576172,FRESNO,FRESNO,-119.81645965576172,36.779331207275391
92125181,2022,2023-07-25,9461,2022-10-03,0257,018586,,1,3,9,1000,0,1,3,,1,604,"STATE ROUTE 33","BASS AVENUE",5280.00,N,N,A,-,Y,FRE,,33,,R,63.651,H,,R,Y,1,1,1,2,A,-,01,23152,A,N,A,C,A,A,H,-,D,D,0,,,,,Y,Y,A,07,0,1,0,0,0,0,0,0,0,"- ","- ",36.778041839599609,-120.39945220947266,FRESNO,UNINCORPORATED,-120.39930725097656,36.778118133544922
92127343,2023,2023-07-27,9495,2023-07-12,2345,021213,,3,3,9,1000,0,1,1,,2,002,"INTERSTATE 5 (SOUTHBOUND)","JEFFREY AVE.",9504.00,N,N,A,-,Y,FRE,,5," "," ",26.208,H,,L,Y,2,0,1,2,A,-,01,23152,F,N,C,C,A,A,H,-,D,D,0,,,,Y,Y,,A,01,1,0,0,0,0,0,0,0,0,"- ","- ",36.391590118408203,-120.35491943359375,FRESNO,UNINCORPORATED,-120.35490417480469,36.391597747802734
92127911,2023,2023-07-27,9435,2023-07-22,1838,020429,,6,2,9,1000,0,3,5,,2,060,"ADAMS AVENUE","CRAWFORD AVENUE",0.00,,Y,A,-,N,,,,,,,,,,Y,2,0,4,2,A,-,01,23152,A,N,D,C,A,A,H,-,A,D,0,,,,,Y,Y,A,01,1,3,0,0,0,0,0,0,0,"- ","- ",36.632678985595703,-119.37638092041016,FRESNO,UNINCORPORATED,-119.37635040283203,36.6326904296875
92130706,2022,2023-07-28,9461,2022-11-08,1403,017029,,2,2,9,1000,0,1,1,,2,305,"INTERSTATE 5 NORTHBOUND","OXFORD AVENUE",3696.00,S,N,A,-,Y,FRE,,5,,,58.006,H,,R,Y,1,1,1,4,A,-,03,22350,,N,C,C,A,A,H,-,A,D,0,,,,Y,Y,Y,G,25,0,0,1,0,0,0,0,0,0,"- ","- ",36.751739501953125,-120.70591735839844,FRESNO,UNINCORPORATED,-120.70597076416016,36.751716613769531
92134616,2023,2023-08-02,9435,2023-07-21,2045,020887,,5,2,9,1000,0,3,5,,2,025,"SHAW AVE","GAYNOR AVE",20.00,E,N,A,-,N,,,,,,,,,,N,2,0,1,2,A,-,03,22350,,N,C,C,A,A,D,-,D,D,0,,,Y,,Y,,A,01,1,0,0,0,0,0,0,0,1,"- ","- ",36.808399200439453,-119.61721038818359,FRESNO,UNINCORPORATED,-119.61726379394531,36.808280944824219
92135293,2023,2023-08-03,9435,2023-07-25,1137,014363,,2,1,3,1015,0,1,3,,2,107,"STATE ROUTE 99","FLORAL AVENUE",2655.00,S,N,A,-,Y,FRE,,99," ",R,6.001,H,,R,Y,2,0,1,4,A,-,03,22350,,N,C,C,A,A,H,-,A,D,0,,,,Y,Y,,G,27,1,0,0,0,0,0,0,0,0,"- ","- ",36.571159362792969,-119.62370300292969,FRESNO,SELMA,-119.62361907958984,36.571216583251953
92135376,2023,2023-08-03,9435,2023-07-28,"559 ",020193,,5,3,9,1000,0,1,3,,1,411,"STATE ROUTE 41 SOUTHBOUND","ADAMS AVENUE",0.00,,Y,A,-,Y,FRE,,41," ",R,16.104,H,,L,N,2,0,2,2,A,-,12,21453,A,N,D,C,A,A,H,-,B,A,0,,,,Y,Y,,D,22,1,0,1,0,0,0,0,0,0,"- ","- ",36.634311676025391,-119.78617095947266,FRESNO,UNINCORPORATED,-119.78616333007812,36.634311676025391
92137577,2023,2023-08-07,9435,2023-07-29,"105 ",021315,,6,3,9,1000,0,3,5,,2,030,"BELMONT AVENUE","WILLOW AVENUE",528.00,E,N,A,-,N,,,,,,,,,,N,2,0,1,1,A,-,03,22350,,F,F,A,A,A,H,-,D,D,0,,,,,Y,Y,-,99,1,0,0,0,0,0,0,0,0,"- ","- ",36.750400543212891,-119.72927093505859,FRESNO,UNINCORPORATED,-119.72551727294922,36.750389099121094
92138384,2023,2023-08-08,9435,2023-07-29,2022,016860,,6,2,9,1000,0,3,5,,2,050,"AUBERRY ROAD","ROCKTREE ROAD",1056.00,S,N,A,-,N,,,,,,,,,,Y,2,0,4,2,A,-,01,23152,A,N,A,C,A,A,H,-,D,D,0,,,,,Y,Y,A,01,2,2,0,0,0,0,0,0,0,"- ","- ",37.071201324462891,-119.48739624023438,FRESNO,UNINCORPORATED,-119.48773193359375,37.070774078369141
92144555,2023,2023-08-15,9435,2023-08-06,"655 ",019705,,7,1,9,1000,0,3,5,,2,030,"FANCHER AVENUE","MCKINLEY AVE",1584.00,S,N,A,-,N,,,,,,,,,,N,2,0,2,1,A,-,01,23152,A,N,E,8,A,A,H,-,A,D,0,,,,,Y,Y,A,01,1,1,0,0,0,0,0,0,0,"- ","- ",36.760478973388672,-119.63253784179688,FRESNO,UNINCORPORATED,-119.63246917724609,36.760421752929688
92145367,2023,2023-08-16,9435,2023-08-09,1405,021299,,3,2,9,1000,0,1,3,,2,107,"SR-99 S/B","FLORAL AVE",2211.00,N,N,A,-,Y,FRE,,99," "," ",6.959,H,,L,Y,2,0,1,1,A,-,03,22350,,N,E,I,A,A,H,-,A,D,0,,,Y,,Y,,C,02,1,0,0,0,0,0,0,0,1,"- ","- ",36.581401824951172,-119.63506317138672,FRESNO,UNINCORPORATED,-119.63507080078125,36.581394195556641
92149105,2023,2023-08-21,9435,2023-08-09,2110,019523,,3,2,9,1000,0,3,5,,2,034,"JENSEN AVENUE","MCCALL AVENUE",530.00,W,N,A,-,N,,,,,,,,,,Y,2,0,3,2,A,-,01,23152,A,N,A,C,A,A,H,-,D,D,0,,,,,Y,Y,A,01,2,0,1,0,0,0,0,0,0,"- ","- ",36.706600189208984,-119.61209106445312,FRESNO,UNINCORPORATED,-119.61203765869141,36.706439971923828
92151187,2023,2023-08-23,9435,2023-06-26,"535 ",021544,,1,3,9,1000,0,3,5,,2,015,"KEARNEY BOULEVARD","HOWARD AVENUE",580.00,E,N,A,-,N,,,,,,,,,,Y,1,1,0,1,A,-,08,22107,,N,E,I,A,A,H,-,B,D,0,,,,,Y,,A,01,0,0,0,0,0,0,0,0,0,"- ","- ",36.727748870849609,-120.02220916748047,FRESNO,UNINCORPORATED,-120.02227020263672,36.727684020996094
92158726,2022,2023-08-30,9435,2022-12-29,1531,021315,,4,2,9,1000,0,3,5,,2,015,"SANTA FE COUNTY ROAD","PANOCHE ROAD",10032.00,S,N,C,-,N,,,,,,,,,,Y,1,1,4,1,A,-,03,22350,,N,F,A,A,B,H,-,A,D,0,,,,,Y,,A,07,1,2,1,0,0,0,0,0,0,"- ","- ",36.703670501708984,-120.35958862304688,FRESNO,UNINCORPORATED,,
92163300,2023,2023-09-06,9435,2023-08-28,"215 ",021594,,1,3,9,1000,0,3,5,,2,034,"JENSEN AVENUE WESTBOUND","TEMPERANCE AVENUE",1850.00,W,N,A,-,N,,,,,,,,,,N,2,0,1,2,A,-,11,21954,A,N,G,B,D,A,H,-,D,D,0,Y,,,,Y,,N,60,1,0,0,0,1,0,0,0,0,"- ","- ",36.707530975341797,-119.67051696777344,FRESNO,UNINCORPORATED,-119.67036437988281,36.70751953125
92172917,2023,2023-09-18,9495,2023-09-07,"430 ",021354,,4,3,9,1000,0,1,3,,1,008,"STATE ROUTE 198","STATE ROUTE 33",3168.00,E,N,A,-,Y,FRE,,198," "," ",23.279,H,,R,Y,2,0,1,1,A,-,08,22107,,N,E,I,A,A,H,-,D,D,0,,,,,Y,,A,01,1,0,0,0,0,0,0,0,0,"- ","- ",36.249378204345703,-120.30535125732422,FRESNO,UNINCORPORATED,-120.30540466308594,36.249233245849609
92175029,2023,2023-09-20,9435,2023-09-08,1510,021086,,5,2,9,1000,0,3,5,,2,025,"COPPER AVENUE","MINNEWAWA AVENUE",3960.00,E,N,A,-,N,,,,,,,,,,Y,2,0,2,2,A,-,06,21750,A,N,B,C,A,A,H,-,A,D,0,,,,,Y,,A,01,2,0,0,0,0,0,0,0,0,"- ","- ",36.895648956298828,-119.69753265380859,FRESNO,UNINCORPORATED,-119.69764709472656,36.895637512207031
92182550,2023,2023-09-28,9435,2023-09-19,"550 ",014363,,2,3,9,1000,0,3,5,,2,040,"STATE ROUTE 43","CLARKSON AVENUE",0.00,,Y,A,-,N,,,,,,,,,,N,2,0,1,2,A,-,03,22350,,N,C,C,A,A,H,-,B,D,0,,,,Y,Y,,F,27,1,0,0,0,0,0,0,0,0,"- ","- ",36.503620147705078,-119.62905120849609,FRESNO,UNINCORPORATED,-119.62905120849609,36.503631591796875
92192036,2023,2023-10-05,9435,2023-09-24,"135 ",021386,,7,3,9,1000,0,3,5,,2,010,"MAROA AVENUE","BROWNING AVENUE",555.00,N,N,A,-,N,,,,,,,,,,Y,2,0,1,4,A,-,01,23152,A,N,E,E,A,A,H,-,D,D,0,,,,,Y,Y,A,01,1,0,0,0,0,0,0,0,0,"- ","- ",36.820930480957031,-119.79953002929688,FRESNO,UNINCORPORATED,-119.79936981201172,36.820793151855469
92200005,2023,2024-02-08,9435,2023-10-07,1650,016911,,6,2,9,1000,0,3,5,,2,060,SR-180,"SILVER LANE",5280.00,E,N,A,-,Y,FRE,,180," "," ",92.218,H,,R,N,2,0,2,1,A,-,08,22107,,N,E,I,A,A,H,-,A,D,0,,,,,Y,,D,22,2,0,0,0,0,0,0,0,0,"- ","- ",36.754428863525391,-119.21283721923828,FRESNO,UNINCORPORATED,-119.21285247802734,36.754463195800781
92203618,2023,2023-10-19,9435,2023-10-02,"550 ",014363,,1,3,9,1000,0,1,3,,1,430,"STATE ROUTE 43","CAIRO AVENUE",5702.00,N,N,B,-,Y,FRE,,43," "," ",0.807,H,,R,Y,2,0,1,2,A,-,03,22350,,N,C,C,A,A,H,-,C,D,0,,,,Y,Y,,F,27,1,0,0,0,0,0,0,0,0,"- ","- ",36.453659057617188,-119.63616943359375,FRESNO,UNINCORPORATED,-119.63616180419922,36.453659057617188