CASE_ID,ACCIDENT_YEAR,PROC_DATE,JURIS,COLLISION_DATE,COLLISION_TIME,OFFICER_ID,REPORTING_DISTRICT,DAY_OF_WEEK,CHP_SHIFT,POPULATION,CNTY_CITY_LOC,SPECIAL_COND,BEAT_TYPE,CHP_BEAT_TYPE,CITY_DIVISION_LAPD,CHP_BEAT_CLASS,BEAT_NUMBER,PRIMARY_RD,SECONDARY_RD,DISTANCE,DIRECTION,INTERSECTION,WEATHER_1,WEATHER_2,STATE_HWY_IND,CALTRANS_COUNTY,CALTRANS_DISTRICT,STATE_ROUTE,ROUTE_SUFFIX,POSTMILE_PREFIX,POSTMILE,LOCATION_TYPE,RAMP_INTERSECTION,SIDE_OF_HWY,TOW_AWAY,COLLISION_SEVERITY,NUMBER_KILLED,NUMBER_INJURED,PARTY_COUNT,PRIMARY_COLL_FACTOR,PCF_CODE_OF_VIOL,PCF_VIOL_CATEGORY,PCF_VIOLATION,PCF_VIOL_SUBSECTION,HIT_AND_RUN,TYPE_OF_COLLISION,MVIW,PED_ACTION,ROAD_SURFACE,ROAD_COND_1,ROAD_COND_2,LIGHTING,CONTROL_DEVICE,CHP_ROAD_TYPE,PEDESTRIAN_ACCIDENT,BICYCLE_ACCIDENT,MOTORCYCLE_ACCIDENT,TRUCK_ACCIDENT,NOT_PRIVATE_PROPERTY,ALCOHOL_INVOLVED,STWD_VEHTYPE_AT_FAULT,CHP_VEHTYPE_AT_FAULT,COUNT_SEVERE_INJ,COUNT_VISIBLE_INJ,COUNT_COMPLAINT_PAIN,COUNT_PED_KILLED,COUNT_PED_INJURED,COUNT_BICYCLIST_KILLED,COUNT_BICYCLIST_INJURED,COUNT_MC_KILLED,COUNT_MC_INJURED,PRIMARY_RAMP,SECONDARY_RAMP,LATITUDE,LONGITUDE,COUNTY,CITY,POINT_X,POINT_Y
92208617,2023,2023-11-07,9495,2023-10-10,1635,021354,,2,2,9,1000,0,3,5,,2,053,"SUTTER AVENUE","JAYNE AVENUE",2640.00,S,N,A,-,N,,,,,,,,,,Y,2,0,2,2,A,-,08,22107,,N,A,C,A,A,H,-,A,D,0,,,,Y,Y,,A,07,1,0,1,0,0,0,0,0,0,"- ","- ",36.13092041015625,-120.20024108886719,FRESNO,UNINCORPORATED,-120.20020294189453,36.130279541015625
92223214,2023,2023-10-31,9435,2023-09-01,"750 ",020062,,5,1,9,1000,0,3,5,,2,034,"JEFFERSON AVENUE","BETHEL AVENUE",0.00,,Y,A,-,N,,,,,,,,,,Y,1,2,5,2,A,-,09,21802,A,N,D,2,A,A,H,-,A,A,0,,,,,Y,,A,01,0,4,1,0,0,0,0,0,0,"- ","- ",36.655941009521484,-119.57456207275391,FRESNO,UNINCORPORATED,-119.57455444335938,36.655956268310547
92226569,2023,2023-11-02,9495,2023-10-25,"810 ",019424,,3,1,9,1000,0,1,1,,2,001,"INTERSTATE 5 (NORTHBOUND)","MOUNTAIN VIEW AVENUE",2640.00,N,N,A,-,Y,FRE,,5," "," ",41.160,H,,R,Y,2,0,1,1,A,-,08,22107,,N,F,A,A,A,H,-,A,D,0,,,,,Y,,A,01,1,0,0,0,0,0,0,0,0,"- ","- ",36.558738708496094,-120.52471160888672,FRESNO,UNINCORPORATED,-120.52469635009766,36.558753967285156
92237798,2023,2023-11-16,9435,2023-10-26,1425,021086,,4,2,9,1000,0,1,3,,1,168,"STATE ROUTE 168 (E/B) TO BULLARD AVENUE","BULLARD AVENUE",545.00,W,N,A,-,Y,,,,,,,,,,N,2,0,1,2,A,-,01,23152,A,F,G,B,E,A,H,-,A,A,0,Y,,,,Y,Y,D,22,1,0,0,0,1,0,0,0,0,"- ","- ",36.821891784667969,-119.71710205078125,FRESNO,UNINCORPORATED,-119.71847534179688,36.822174072265625
92263527,2023,2024-06-28,9435,2023-08-22,1535,020540,,2,2,9,1000,0,3,5,,2,060,"GOODFELLOW AVENUE","RIO VISTA AVENUE",834.00,W,N,A,-,N,,,,,,,,,,Y,1,1,3,4,A,-,03,22350,,N,A,C,A,A,H,-,A,D,0,,,,,Y,,D,22,1,1,1,0,0,0,0,0,0,"- ","- ",36.6697998046875,-119.48226928710938,FRESNO,UNINCORPORATED,-119.47832489013672,36.669769287109375
92263540,2023,2023-12-15,9435,2023-11-07,2500,020064,,2,4,9,1000,0,3,5,,2,025,"MILLERTON ROAD","VIA MIRA BELLA",1584.00,E,N,B,-,N,,,,,,,,,,Y,1,1,0,1,A,-,01,23152,F,N,E,8,A,B,H,-,D,D,0,,,,,Y,,A,01,0,0,0,0,0,0,0,0,0,"- ","- ",36.987979888916016,-119.69133758544922,FRESNO,UNINCORPORATED,,
92265184,2023,2023-12-18,9495,2023-05-18,"505 ",021473,,4,3,9,1000,0,1,3,,2,005,"STATE ROUTE 33","MANNING AVENUE",0.00,,Y,A,-,Y,FRE,,33," "," ",51.404,H,,R,Y,1,3,0,2,A,-,12,22450,A,N,D,C,A,A,H,-,C,A,0,,,,Y,Y,,M,58,0,0,0,0,0,0,0,0,0,"- ","- ",36.603431701660156,-120.38855743408203,FRESNO,UNINCORPORATED,-120.3885498046875,36.603431701660156
92268412,2023,2023-12-21,9435,2023-12-14,1020,015890,,4,1,9,1000,0,1,3,,2,105,"SR-99 N/B","OLIVE AVE",767.00,N,N,A,-,Y,FRE,,99," "," ",23.457,H,,R,Y,2,0,3,3,A,-,03,22350,,N,C,C,A,A,H,-,A,D,0,,,,Y,Y,,D,22,2,0,1,0,0,0,0,0,0,"- ","- ",36.75946044921875,-119.83083343505859,FRESNO,UNINCORPORATED,-119.83089447021484,36.759433746337891
92270842,2023,2023-12-26,9435,2023-12-11,"322 ",022112,,1,3,9,1000,0,3,5,,2,030,"DINUBA AVE","MCCALL AVE",1056.00,W,N,A,-,N,,,,,,,,,,N,2,0,1,2,A,-,11,21954,A,F,G,B,E,A,H,-,D,D,0,Y,,,,Y,Y,N,60,1,0,0,0,1,0,0,0,0,"- ","- ",36.59075927734375,-119.61208343505859,FRESNO,UNINCORPORATED,-119.6142578125,36.590751647949219
92285852,2024,2024-01-12,9435,2024-01-03,2355,018944,,3,3,7,1005,0,1,3,,2,105,"SR99 SB TO SR180 EB","STATE ROUTE 99 SOUTHBOUND",480.00,E,N,A,-,Y,,,,,,,,,,Y,2,0,1,1,A,-,01,23152,A,N,F,0,A,A,H,-,D,D,0,,,,,Y,Y,D,22,1,0,0,0,0,0,0,0,0,"- ","- ",36.741340637207031,-119.81150054931641,FRESNO,FRESNO,-119.81150054931641,36.741340637207031
92289475,2023,2024-10-14,9435,2023-06-14,"305 ",019705,,3,3,9,1000,0,1,3,,1,183,"STATE ROUTE 180 EASTBOUND","BETHEL AVENUE",900.00,W,N,A,-,Y,FRE,,180," ",R,70.158,H,,R,Y,1,1,4,2,A,-,01,23152,E,N,C,C,A,A,H,-,D,D,0,,,,,Y,,A,01,0,1,3,0,0,0,0,0,0,"- ","- ",36.735889434814453,-119.57749938964844,FRESNO,UNINCORPORATED,-119.57749938964844,36.735893249511719
92302722,2024,2024-02-01,9435,2024-01-22,"125 ",020064,,1,3,7,1005,0,1,3,,1,168,"STATE ROUTE 168 (SR-168) EASTBOUND","GETTYSBURG AVENUE",1300.00,S,N,B,C,Y,FRE,,168," ",R,3.420,H,,R,Y,2,0,1,1,A,-,08,22107,,N,E,I,A,B,H,-,D,D,0,,,,,Y,,D,22,1,0,0,0,0,0,0,0,0,"- ","- ",36.798519134521484,-119.74291229248047,FRESNO,FRESNO,-119.74289703369141,36.798507690429688
92310378,2023,2024-02-09,9435,2023-09-15,2215,019523,,5,3,9,1000,0,1,3,,1,430,"STATE ROUTE 43","DAVIS AVENUE",1320.00,N,N,A,-,Y,FRE,,43," "," ",2.566,H,,R,Y,1,2,3,2,A,-,05,21460,C,N,A,C,A,A,H,-,D,D,0,,,,,Y,Y,A,01,1,2,0,0,0,0,0,0,0,"- ","- ",36.479049682617188,-119.63481140136719,FRESNO,UNINCORPORATED,-119.63484191894531,36.47906494140625
92313942,2024,2024-04-10,9435,2024-02-03,1835,021930,,6,2,9,1000,0,3,5,,2,034,"BETHEL AVE","ADAMS AVE",2665.00,S,N,A,-,N,,,,,,,,,,Y,2,0,1,2,A,-,09,21804,A,N,D,C,A,A,H,-,D,D,0,,,,Y,Y,,G,25,1,0,0,0,0,0,0,0,0,"- ","- ",36.626850128173828,-119.57479095458984,FRESNO,UNINCORPORATED,-119.57477569580078,36.626865386962891
92324532,2024,2024-02-27,9435,2024-02-18,1340,019705,,7,1,9,1000,0,3,5,,2,025,"AUBERRY RD","SUMMIT MOUNTAIN ROAD",5280.00,W,N,A,-,N,,,,,,,,,,Y,2,0,1,1,A,-,08,22107,,N,E,I,A,A,H,-,A,D,0,,,Y,,Y,,C,02,1,0,0,0,0,0,0,0,1,"- ","- ",36.939918518066406,-119.68829345703125,FRESNO,UNINCORPORATED,-119.69184875488281,36.938999176025391
92329419,2024,2024-03-04,9435,2024-01-02,1225,020019,,2,1,7,1005,0,1,3,,2,182,"SR-180 W/B FROM CHESTNUT AVE TO  CEDAR AVE","CEDAR AVENUE",1353.00,E,N,A,-,Y,FRE,,168," ",R,0.376,H,,R,Y,1,1,1,1,A,-,08,22107,,N,F,A,A,A,H,-,A,D,0,,,,,Y,,A,01,0,1,0,0,0,0,0,0,0,"- ","- ",36.755840301513672,-119.74967193603516,FRESNO,FRESNO,-119.74980163574219,36.755908966064453
92335372,2024,2024-03-11,9435,2024-03-03,"114 ",020854,,7,3,9,1000,0,1,3,,1,412,"STATE ROUTE 41 SOUTHBOUND","FLORAL AVENUE",0.00,,Y,C,-,Y,FRE,,41," ",R,12.103,H,,L,Y,2,0,3,2,A,-,01,23152,A,N,D,C,A,B,H,-,C,A,0,,,,,Y,Y,A,01,1,1,1,0,0,0,0,0,0,"- ","- ",36.576320648193359,-119.78623962402344,FRESNO,UNINCORPORATED,-119.78626251220703,36.576320648193359
92340913,2024,2024-03-18,9495,2024-03-09,1522,021029,,6,2,9,1000,0,3,5,,2,053,"GALE AVENUE","SISKIYOU AVENUE",0.00,,Y,A,-,N,,,,,,,,,,Y,2,0,5,2,A,-,01,23152,A,N,D,C,A,A,H,-,A,A,0,,,,,Y,Y,A,07,1,1,3,0,0,0,0,0,0,"- ","- ",36.181438446044922,-120.08529663085938,FRESNO,UNINCORPORATED,-120.08525848388672,36.181385040283203
92348469,2024,2024-03-27,9435,2024-03-08,1445,016911,,5,2,9,1000,0,3,5,,2,050,SR-168,"OAK VIEW DRIVE",300.00,E,N,A,-,Y,FRE,,168," ",T,24.938,H,,R,Y,2,0,1,1,A,-,08,22107,,N,E,I,A,A,H,-,A,D,0,,,Y,,Y,,C,02,1,0,0,0,0,0,0,0,1,"- ","- ",36.972358703613281,-119.5283203125,FRESNO,UNINCORPORATED,-119.52825927734375,36.972347259521484
92348521,2024,2024-03-27,9435,2024-03-23,"830 ",020429,,6,1,9,1000,0,1,3,,2,184,"STATE ROUTE 180","STATE ROUTE 63",6336.00,W,N,B,C,Y,FRE,,180," "," ",86.527,H,,R,Y,2,0,3,1,A,-,08,22107,,N,E,I,A,B,H,-,A,D,0,,,,,Y,,A,08,1,1,1,0,0,0,0,0,0,"- ","- ",36.723628997802734,-119.30309295654297,FRESNO,UNINCORPORATED,-119.30313110351562,36.723781585693359
92365588,2024,2024-04-16,9435,2024-04-05,1155,020540,,5,1,9,1000,0,3,5,,2,060,"SOUTH AVENUE","ALTA AVENUE",0.00,,Y,A,-,N,,,,,,,,,,Y,2,0,2,2,A,-,12,22450,A,N,D,C,A,A,H,-,A,A,0,,,,,Y,,A,01,2,0,0,0,0,0,0,0,0,"- ","- ",36.618389129638672,-119.39488220214844,FRESNO,UNINCORPORATED,-119.39481353759766,36.618427276611328
92365926,2024,2024-04-16,9435,2024-04-04,"540 ",015095,,4,3,7,1005,0,1,3,,1,168,"SR-168 W/B (TO SR-180 E/B)","MAPLE AVENUE",132.00,W,N,A,-,Y,FRE,,180," ",R,60.349,H,,R,Y,2,0,2,4,A,-,03,22350,,N,D,C,E,A,H,-,D,D,0,Y,,,,Y,,D,22,2,0,0,0,2,0,0,0,0,"- ","- ",36.754749298095703,-119.74600219726562,FRESNO,FRESNO,-119.74600219726562,36.754875183105469
92373395,2024,2024-07-08,9435,2024-04-18,1927,020205,,4,2,7,1005,0,1,3,,2,182,"SR-180 E/B TO CEDAR AVE","CEDAR AVE",994.00,E,N,A,-,Y,,,,,,,,,,N,2,0,1,1,A,-,03,22350,,N,F,I,A,A,H,-,B,D,0,,,,,Y,,A,01,1,0,0,0,0,0,0,0,0,"- ","- ",36.754360198974609,-119.75084686279297,FRESNO,FRESNO,-119.75434112548828,36.754829406738281
92374882,2023,2024-12-06,9495,2023-04-02,1415,021354,,7,2,9,1000,0,3,5,,2,052,"PALMER AVENUE","STATE ROUTE 33",7814.00,E,N,A,-,N,,,,,,,,,,Y,1,1,2,1,A,-,01,23152,G,N,E,J,A,A,H,-,A,D,0,,,,,Y,Y,A,01,1,1,0,0,0,0,0,0,0,"- ","- ",36.209480285644531,-120.28514099121094,FRESNO,UNINCORPORATED,-120.28522491455078,36.209468841552734
92375349,2024,2024-04-25,9435,2024-04-17,1923,020095,,3,2,9,1000,0,3,5,,2,025,"PINE FLAT RD","TRIMMER SPRINGS RD",1330.00,E,N,A,-,N,,,,,,,,,,Y,2,0,1,1,A,-,08,22107,,N,F,A,A,A,H,-,B,D,0,,,Y,,Y,,C,02,1,0,0,0,0,0,0,0,1,"- ","- ",36.822559356689453,-119.36106109619141,FRESNO,UNINCORPORATED,-119.3612060546875,36.822658538818359
92381298,2024,2024-05-03,9435,2024-04-19,1400,021086,,5,2,7,1005,1,3,5,,2,010,"GRANTLAND AVENUE","BELMONT AVENUE",0.00,,Y,A,-,N,,,,,,,,,,Y,2,0,1,2,A,-,09,21802,A,N,D,C,A,A,H,-,A,A,0,,,,,Y,,H,14,1,0,0,0,0,0,0,0,0,"- ","- ",36.749870300292969,-119.91613006591797,FRESNO,FRESNO,-119.91619110107422,36.749862670898438
92382501,2024,2024-05-06,9435,2024-04-24,1715,017579,,3,2,9,1000,0,3,5,,2,020,"NEBRASKA AVENUE","ELM AVENUE",0.00,,Y,A,-,N,,,,,,,,,,Y,2,0,3,2,A,-,12,22450,A,N,D,C,A,A,H,-,A,A,0,,,,,Y,,A,07,2,1,0,0,0,0,0,0,0,"- ","- ",36.561859130859375,-119.79100036621094,FRESNO,UNINCORPORATED,-119.79096221923828,36.561832427978516
92384840,2023,2024-05-08,9435,2023-12-06,"655 ",018746,,3,1,9,1000,0,1,3,,1,180,"STATE ROUTE 180 WESTBOUND","HAYES AVENUE",0.00,,Y,A,-,Y,FRE,,180," "," ",51.590,H,,L,Y,1,1,1,2,A,-,12,22450,A,N,D,C,A,A,H,-,A,A,0,,,,,Y,,A,01,1,0,0,0,0,0,0,0,0,"- ","- ",36.735401153564453,-119.89878845214844,FRESNO,UNINCORPORATED,-119.89878845214844,36.735469818115234
92384850,2024,2024-05-08,9435,2024-04-29,1635,016860,,1,2,9,1000,0,1,3,,1,169,"STATE ROUTE 168","LODGE ROAD",803.00,E,N,A,-,Y,FRE,,168," ",L,27.529,H,,R,Y,2,0,2,1,A,-,01,23152,A,N,E,8,A,A,H,-,A,A,0,,,Y,,Y,Y,C,02,2,0,0,0,0,0,0,0,2,"- ","- ",37.046039581298828,-119.47039794921875,FRESNO,UNINCORPORATED,-119.47035980224609,37.046009063720703
92384858,2023,2024-05-08,9435,2023-12-18,1912,021703,,1,2,7,1005,0,1,3,,2,105,"STATE ROUTE 99 NORTHBOUND","ASHLAN AVENUE",1056.00,S,N,A,-,Y,FRE,,99," ",R,26.087,H,,R,Y,1,1,1,2,A,-,08,22107,,N,E,8,A,A,H,-,D,D,0,,,,,Y,,A,01,0,0,1,0,0,0,0,0,0,"- ","- ",36.790359497070312,-119.85838317871094,FRESNO,FRESNO,-119.85850524902344,36.790206909179688
92384867,2024,2024-10-04,9435,2024-03-15,"739 ",017579,,5,1,9,1000,0,3,5,,2,015,"MARKS AVENUE","LINCOLN AVENUE",0.00,,Y,A,-,N,,,,,,,,,,Y,1,1,1,2,A,-,12,22450,A,N,D,C,A,A,H,-,A,A,0,,,,Y,Y,,A,07,0,0,1,0,0,0,0,0,0,"- ","- ",36.648590087890625,-119.84446716308594,FRESNO,UNINCORPORATED,-119.844482421875,36.648601531982422
92384899,2024,2024-05-08,9435,2024-02-13,1906,020205,,2,2,9,1000,0,3,5,,2,025,"HERNDON AVENUE","MAINE AVENUE",6.00,W,N,A,-,N,,,,,,,,,,Y,1,1,0,2,A,-,08,22107,,N,B,C,A,A,H,-,D,D,0,,,Y,,Y,,C,02,0,0,0,0,0,0,0,1,0,"- ","- ",36.837398529052734,-119.65061187744141,FRESNO,UNINCORPORATED,-119.65058135986328,36.837398529052734
92385839,2024,2024-06-17,9435,2024-05-03,"800 ",018746,,5,1,9,1000,0,3,5,,2,010,"OLIVE AVENUE","KATY AVENUE",0.00,,Y,A,-,N,,,,,,,,,,Y,2,0,1,2,A,-,09,21802,A,N,D,C,A,A,H,-,A,A,0,,,,,Y,,A,07,1,0,0,0,0,0,0,0,0,"- ","- ",36.757331848144531,-119.8746337890625,FRESNO,UNINCORPORATED,-119.87461853027344,36.757297515869141
92385875,2024,2024-05-09,9435,2024-03-05,1112,015751,,2,1,9,1000,0,3,5,,2,010,"DICKENSON AVENUE","BARSTOW AVENUE",0.00,,Y,A,-,N,,,,,,,,,,Y,1,1,1,2,A,-,12,22450,A,N,D,C,A,A,H,-,A,A,0,,,,,Y,,A,07,1,0,0,0,0,0,0,0,0,"- ","- ",36.814998626708984,-119.97039031982422,FRESNO,UNINCORPORATED,-119.97036743164062,36.814968109130859
92398052,2024,2024-05-24,9435,2024-05-15,2044,018609,,3,2,9,1000,0,1,3,,1,169,SR-168,"HUNTINGTON LAKE DRIVE",90.00,E,N,A,-,Y,FRE,,168," "," ",49.682,H,,R,Y,2,0,1,1,A,-,01,23152,A,N,E,I,A,A,H,-,D,D,0,,,,,Y,Y,A,01,1,0,0,0,0,0,0,0,0,"- ","- ",37.156238555908203,-119.29570770263672,FRESNO,UNINCORPORATED,-119.29566955566406,37.156162261962891
92399944,2024,2024-05-28,9435,2024-05-17,2250,021315,,5,3,9,1000,0,3,5,,2,034,"FOWLER AVENUE","LINCOLN AVE",528.00,S,N,A,-,N,,,,,,,,,,Y,2,0,3,2,A,-,01,23152,A,N,E,8,A,A,H,-,D,D,0,,,,,Y,Y,A,07,3,0,0,0,0,0,0,0,0,"- ","- ",36.647441864013672,-119.68196105957031,FRESNO,UNINCORPORATED,-119.68206024169922,36.647621154785156
92399966,2024,2024-05-28,9435,2024-05-19,1605,021940,,7,2,9,1000,0,3,5,,2,034,"S. ROSS AVE","E. CALIFORNIA AVE",950.00,N,N,A,-,N,,,,,,,,,,Y,2,0,1,1,A,-,03,22350,,N,E,I,A,A,H,-,A,D,0,,,,,Y,,A,01,1,0,0,0,0,0,0,0,0,"- ","- ",36.723880767822266,-119.53394317626953,FRESNO,UNINCORPORATED,-119.53392791748047,36.723796844482422
92401187,2024,2024-05-29,9435,2024-05-17,1550,020977,,5,2,9,1000,0,3,5,,2,020,"S/B STATE HIGHWAY 99","NORTH AVE OVERCROSSING",1056.00,N,N,A,-,Y,FRE,,99," "," ",17.408,H,,R,N,2,0,2,4,A,-,01,23152,A,N,C,C,A,A,H,-,A,D,0,,,,,Y,Y,D,22,1,0,1,0,0,0,0,0,0,"- ","- ",36.69390869140625,-119.76081085205078,FRESNO,UNINCORPORATED,-119.76062774658203,36.694049835205078
92405327,2024,2024-06-04,9435,2024-05-20,1850,021658,,1,2,9,1000,0,3,5,,2,034,"ANNADALE AVE.","RIVERBEND AVE.",145.00,W,N,A,-,N,,,,,,,,,,Y,2,0,2,2,A,-,08,22107,,N,A,C,A,A,H,-,A,D,0,,,,,Y,Y,A,01,2,0,0,0,0,0,0,0,0,"- ","- ",36.699211120605469,-119.51254272460938,FRESNO,UNINCORPORATED,-119.51254272460938,36.699214935302734
92411808,2024,2024-06-11,9435,2024-04-27,1537,021135,,6,2,9,1000,0,3,5,,2,020,"CONEJO AVENUE","WEST AVENUE",0.00,,Y,A,-,N,,,,,,,,,,Y,2,0,2,2,A,-,09,21802,A,N,D,C,A,A,H,-,A,A,0,,,,,Y,,A,01,2,0,0,0,0,0,0,0,0,"- ","- ",36.518230438232422,-119.82695770263672,FRESNO,UNINCORPORATED,-119.82695007324219,36.518203735351562
92414383,2024,2024-06-13,9435,2024-03-25,1535,020429,,1,2,9,1000,0,3,5,,2,060,"BUTTONWILLOW AVENUE","PARLIER AVENUE",0.00,,Y,A,-,N,,,,,,,,,,Y,1,2,0,2,A,-,01,23152,F,N,D,2,A,A,H,-,A,A,0,,,,,Y,,A,01,0,0,0,0,0,0,0,0,0,"- ","- ",36.611328125,-119.43083190917969,FRESNO,UNINCORPORATED,-119.43093109130859,36.611343383789062
92415104,2024,2024-06-14,9435,2024-05-18,1053,020062,,6,1,7,1005,0,1,3,,2,181,"SR180 W/B TO SR41 S/B","BOND AVENUE",55.00,E,N,A,-,Y,,,,,,,,,,Y,2,0,4,2,A,-,08,22107,,F,E,8,A,A,H,-,A,D,0,,,,,Y,Y,-,99,1,1,2,0,0,0,0,0,0,"- ","- ",36.755451202392578,-119.76747894287109,FRESNO,FRESNO,,
92415134,2024,2024-06-14,9435,2024-06-07,1311,018609,,5,1,9,1000,0,1,3,,1,169,SR-168,"BEAL FIRE ROAD",7920.00,W,N,A,-,Y,FRE,,168," ",L,32.015,H,,R,Y,2,0,1,1,A,-,08,22107,,N,F,0,A,A,H,-,A,D,0,,,Y,,Y,,C,02,1,0,0,0,0,0,0,0,1,"- ","- ",37.040321350097656,-119.41718292236328,FRESNO,UNINCORPORATED,-119.41714477539062,37.040264129638672
92428480,2024,2024-07-02,9435,2024-06-24,"937 ",020019,,1,1,9,1000,0,3,5,,2,034,"MANNING AVENUE","RIVERBEND AVENUE",42.00,E,N,A,-,N,,,,,,,,,,Y,2,0,1,1,A,-,08,22107,,N,E,I,A,A,H,-,A,D,0,,,Y,,Y,,C,02,1,0,0,0,0,0,0,0,1,"- ","- ",36.604740142822266,-119.51091766357422,FRESNO,UNINCORPORATED,-119.51128387451172,36.604587554931641
92429798,2023,2024-07-03,9435,2023-12-11,1516,021315,,1,2,2,1004,0,1,3,,2,106,"STATE ROUTE 99 SOUTHBOUND","MERCED STREET",528.00,N,N,A,-,Y,FRE,,99," "," ",11.338,H,,L,Y,1,1,1,2,A,-,08,22107,,F,B,C,A,A,H,-,A,D,0,,,,,Y,,A,01,0,0,1,0,0,0,0,0,0,"- ","- ",36.628971099853516,-119.68723297119141,FRESNO,FOWLER,-119.68721771240234,36.628978729248047
92432747,2024,2024-07-08,9435,2024-07-03,2130,021589,,3,2,9,1000,0,3,5,,2,025,"LEONARD AVE","SHIELDS AVE",1690.00,S,N,A,-,N,,,,,,,,,,N,2,0,1,2,A,-,11,21954,A,F,G,B,E,A,H,-,D,D,0,Y,,,,Y,,N,60,1,0,0,0,1,0,0,0,0,"- ","- ",36.774539947509766,-119.63694763183594,FRESNO,UNINCORPORATED,-119.63695526123047,36.774642944335938
92439639,2024,2024-07-15,9435,2024-07-08,1025,020019,,1,1,9,1000,0,3,5,,2,025,"MANILA AVENUE","AUSTIN WAY",123.00,N,N,A,-,N,,,,,,,,,,N,2,0,1,2,A,-,08,22107,,N,G,B,A,A,H,-,A,D,0,,,,,Y,,M,94,1,0,0,0,0,0,0,0,0,"- ","- ",36.795059204101562,-119.69460296630859,FRESNO,UNINCORPORATED,-119.69464111328125,36.795021057128906
92440621,2024,2024-07-16,9435,2024-05-15,1650,020319,,3,2,7,1005,0,1,3,,2,105,"SR-99 N/B","CALIFORNIA AVE",851.00,S,N,A,-,Y,FRE,,99," "," ",19.678,H,,R,Y,2,0,1,3,A,-,03,22350,,N,C,C,A,A,H,-,A,D,0,,,,Y,Y,,G,25,1,0,0,0,0,0,0,0,0,"- ","- ",36.719619750976562,-119.7864990234375,FRESNO,FRESNO,-119.78656005859375,36.719577789306641
92441634,2024,2024-07-17,9435,2024-07-09,"632 ",020019,,2,1,9,1000,0,3,5,,2,015,"NORTH AVENUE","DICKENSON AVENUE",0.00,,Y,A,-,N,,,,,,,,,,Y,2,0,1,2,A,-,12,22450,A,N,D,C,A,A,H,-,A,A,0,,,,Y,Y,,G,25,1,0,0,0,0,0,0,0,0,"- ","- ",36.691459655761719,-119.97019958496094,FRESNO,UNINCORPORATED,-119.97021484375,36.691497802734375
92444698,2024,2024-07-22,9495,2024-07-11,"815 ",021029,,4,1,9,1000,0,3,5,,2,053,"JAYNE AVENUE","BUTTE AVENUE/ I-5 N/B TO JAYNE AVENUE",0.00,,Y,A,-,N,,,,,,,,,,Y,2,0,3,2,A,-,09,21802,A,N,D,2,A,A,H,-,A,A,0,,,,Y,Y,,A,01,2,1,0,0,0,0,0,0,0,"- ","- ",36.137760162353516,-120.15643310546875,FRESNO,UNINCORPORATED,-120.27175140380859,36.136997222900391
92596539,2024,2024-07-24,9435,2024-07-13,"750 ",020887,,6,1,7,1005,0,1,3,,2,410,"SR-41 S/B","TULARE ST",50.00,S,N,A,-,Y,FRE,,41," ",R,23.715,H,,L,Y,2,0,1,2,A,-,03,22350,,N,C,C,A,A,H,-,A,D,0,,,Y,,Y,,C,02,1,0,0,0,0,0,0,0,1,"- ","- ",36.742561340332031,-119.77758026123047,FRESNO,FRESNO,-119.77755737304688,36.742557525634766
92596615,2024,2024-07-24,9435,2024-06-12,1015,015106,,3,1,5,1001,0,1,3,,1,168,"STATE ROUTE 168","TEMPERANCE AVENUE",43.00,E,N,A,-,Y,FRE,,168," ",R,9.196,H,,R,Y,1,1,0,1,C,-,18,,,N,H,I,A,A,H,-,A,D,0,,,,,Y,,-,"- ",0,0,0,0,0,0,0,0,0,"- ","- ",36.843128204345703,-119.66383361816406,FRESNO,CLOVIS,-119.66374206542969,36.842998504638672
9269657,2021,2021-06-01,1008,2021-04-18,0346,159,KINGS,7,5,2,1008,0,0,0,,0,0KI,"GOLDEN STATE BL","BETHEL AV",1198.00,S,N,A,-,,,,,,,,,,,Y,2,0,1,1,A,-,01,23152,A,N,F,A,A,A,H,-,D,D,0,,,,,Y,Y,A,01,1,0,0,0,0,0,0,0,0,"- ","- ",36.533199310302734,-119.53958892822266,FRESNO,KINGSBURG,-119.57321929931641,36.530780792236328
92888221,2024,2024-07-30,9435,2024-07-25,1615,016507,,4,2,9,1000,0,3,5,,2,060,"SOUTH AVE","ENGLEHART AVE",0.00,,Y,A,-,N,,,,,,,,,,Y,2,0,3,2,A,-,09,21802,A,N,D,C,A,A,H,-,A,A,0,,,,,Y,,A,01,1,1,1,0,0,0,0,0,0,"- ","- ",36.618579864501953,-119.41291809082031,FRESNO,UNINCORPORATED,-119.41304016113281,36.618553161621094
92906459,2024,2024-07-30,9495,2024-07-18,"325 ",021714,,4,3,9,1000,0,1,1,,2,001,"INTERSTATE 5 SOUTHBOUND","KAMM AVENUE",4910.00,S,N,A,-,Y,FRE,,5," "," ",37.423,H,,L,Y,2,0,1,2,A,-,08,22107,,N,C,2,A,A,H,-,D,D,0,,,,Y,Y,,A,07,1,0,0,0,0,0,0,0,0,"- ","- ",36.521499633789062,-120.47598266601562,FRESNO,UNINCORPORATED,-120.47599029541016,36.521492004394531