CASE_ID,ACCIDENT_YEAR,PROC_DATE,JURIS,COLLISION_DATE,COLLISION_TIME,OFFICER_ID,REPORTING_DISTRICT,DAY_OF_WEEK,CHP_SHIFT,POPULATION,CNTY_CITY_LOC,SPECIAL_COND,BEAT_TYPE,CHP_BEAT_TYPE,CITY_DIVISION_LAPD,CHP_BEAT_CLASS,BEAT_NUMBER,PRIMARY_RD,SECONDARY_RD,DISTANCE,DIRECTION,INTERSECTION,WEATHER_1,WEATHER_2,STATE_HWY_IND,CALTRANS_COUNTY,CALTRANS_DISTRICT,STATE_ROUTE,ROUTE_SUFFIX,POSTMILE_PREFIX,POSTMILE,LOCATION_TYPE,RAMP_INTERSECTION,SIDE_OF_HWY,TOW_AWAY,COLLISION_SEVERITY,NUMBER_KILLED,NUMBER_INJURED,PARTY_COUNT,PRIMARY_COLL_FACTOR,PCF_CODE_OF_VIOL,PCF_VIOL_CATEGORY,PCF_VIOLATION,PCF_VIOL_SUBSECTION,HIT_AND_RUN,TYPE_OF_COLLISION,MVIW,PED_ACTION,ROAD_SURFACE,ROAD_COND_1,ROAD_COND_2,LIGHTING,CONTROL_DEVICE,CHP_ROAD_TYPE,PEDESTRIAN_ACCIDENT,BICYCLE_ACCIDENT,MOTORCYCLE_ACCIDENT,TRUCK_ACCIDENT,NOT_PRIVATE_PROPERTY,ALCOHOL_INVOLVED,STWD_VEHTYPE_AT_FAULT,CHP_VEHTYPE_AT_FAULT,COUNT_SEVERE_INJ,COUNT_VISIBLE_INJ,COUNT_COMPLAINT_PAIN,COUNT_PED_KILLED,COUNT_PED_INJURED,COUNT_BICYCLIST_KILLED,COUNT_BICYCLIST_INJURED,COUNT_MC_KILLED,COUNT_MC_INJURED,PRIMARY_RAMP,SECONDARY_RAMP,LATITUDE,LONGITUDE,COUNTY,CITY,POINT_X,POINT_Y
9320118,2021,2021-12-08,1001,2021-08-08,2022,5824,,7,5,5,1001,0,0,0,,0,002,"WEST SHAW AV",FOWLER,293.00,E,N,A,-,N,,,,,,,,,,Y,2,0,1,2,C,-,18,,,N,E,I,A,A,D,-,C,A,0,,,,,Y,,-,"- ",1,0,0,0,0,0,0,0,0,"- ","- ",36.808521270751953,-119.68206024169922,FRESNO,CLOVIS,-119.68106079101562,36.808513641357422
9366748,2021,2022-02-11,1012,2021-11-15,2237,L193,REEDL,1,5,3,1012,0,0,0,,0,L04C,"D ST","10TH ST",31.00,S,N,E,-,N,,,,,,,,,,Y,2,0,1,2,A,-,01,23152,A,N,D,E,A,A,H,-,C,D,0,,,,,Y,Y,A,01,1,0,0,0,0,0,0,0,0,"- ","- ",,,FRESNO,REEDLEY,-119.44881439208984,36.599464416503906
93763836,2024,2024-08-07,9435,2024-08-04,1315,020205,,7,1,9,1000,0,3,5,,2,025,"WATTS VALLEY RD","PITTMAN HILL RD",13728.00,S,N,A,-,N,,,,,,,,,,Y,2,0,1,1,A,-,08,22107,,N,E,I,A,A,H,-,A,D,0,,,Y,,Y,,C,02,1,0,0,0,0,0,0,0,1,"- ","- ",36.854831695556641,-119.46719360351562,FRESNO,UNINCORPORATED,-119.46483612060547,36.858390808105469
93763992,2024,2024-08-06,9435,2024-08-03,"5   ",021982,,6,3,7,1005,0,1,3,,2,410,"SR-41 S/B FROM SHAW AVE E/B","SHAW AVENUE",600.00,S,N,A,-,Y,,,,,,,,,,Y,2,0,2,1,A,-,01,23152,A,N,E,8,A,A,H,-,C,D,0,,,,,Y,Y,A,01,2,0,0,0,0,0,0,0,0,"- ","- ",36.807910919189453,-119.78581237792969,FRESNO,FRESNO,-119.78541564941406,36.806781768798828
94366332,2024,2024-08-22,9435,2024-06-28,2210,021703,,5,3,9,1000,0,3,5,,2,034,"SOUTH INDIANOLA AVENUE","EAST CENTRAL AVENUE",0.00,,Y,A,-,N,,,,,,,,,,Y,2,0,1,2,A,-,12,22450,A,F,D,2,A,A,H,-,D,A,0,,,,,Y,,A,01,1,0,0,0,0,0,0,0,0,"- ","- ",36.677661895751953,-119.58339691162109,FRESNO,UNINCORPORATED,-119.58336639404297,36.677700042724609
94373363,2024,2024-08-28,9435,2024-08-18,2135,018944,,7,2,9,1000,0,3,5,,2,010,"PALM AVENUE","INDIANAPOLIS AVENUE",0.00,,Y,A,-,N,,,,,,,,,,N,2,0,1,2,D,-,00,,,F,C,G,A,A,H,-,D,D,0,,Y,,,Y,Y,-,"- ",1,0,0,0,0,0,1,0,0,"- ","- ",36.799320220947266,-119.80848693847656,FRESNO,UNINCORPORATED,-119.80858612060547,36.79931640625
94389150,2024,2024-09-10,9435,2024-09-06,1555,021837,,5,2,7,1005,0,1,3,,2,105,"SR-99 S/B","SHAW AVE",350.00,N,N,A,-,Y,FRE,,99," "," ",28.197,H,,L,N,2,0,1,2,A,-,08,22107,,F,B,C,A,A,H,-,A,D,0,,,Y,,Y,,C,02,1,0,0,0,0,0,0,0,1,"- ","- ",36.808979034423828,-119.88832092285156,FRESNO,FRESNO,-119.88834381103516,36.8089599609375
94390136,2024,2024-09-11,9435,2024-09-01,"505 ",021315,,7,3,7,1005,0,1,3,,2,410,"STATE ROUTE 41 (NORTHBOUND)","FLORADORA AVENUE",860.00,N,N,A,-,Y,FRE,,41," ",R,25.137,H,,R,Y,2,0,1,3,A,-,05,21651,B,F,B,2,A,A,H,-,D,D,0,,,,,Y,,D,22,1,0,0,0,0,0,0,0,0,"- ","- ",36.763130187988281,-119.77565002441406,FRESNO,FRESNO,-119.77561950683594,36.763137817382812
94400274,2024,2024-09-19,9435,2024-08-01,2035,021119,,4,2,9,1000,0,3,5,,2,040,"CHESTNUT AVENUE","SPRINGFIELD AVENUE",220.00,S,N,A,-,N,,,,,,,,,,Y,1,1,0,2,A,-,01,23152,G,N,C,C,A,A,H,-,D,D,0,,,Y,,Y,Y,C,02,0,0,0,0,0,0,0,1,0,"- ","- ",36.597808837890625,-119.73687744140625,FRESNO,UNINCORPORATED,-119.73689270019531,36.597545623779297
94403498,2024,2024-09-23,9461,2024-09-08,"20  ",023015,,7,3,9,1000,0,2,4,,1,315,"NEES AVE","OXFORD AVE",300.00,W,N,A,-,N,,,,,,,,,,N,2,0,6,2,A,-,08,22107,,N,A,C,A,A,H,-,D,D,0,,,,,Y,,A,07,1,2,3,0,0,0,0,0,0,"- ","- ",36.850498199462891,-120.71443939208984,FRESNO,UNINCORPORATED,-120.70984649658203,36.850532531738281
94408962,2024,2024-09-26,9435,2024-09-15,"220 ",019523,,7,3,9,1000,0,3,5,,2,034,"CHESTNUT AVENUE","ANNADALE AVENUE",80.00,S,N,A,-,N,,,,,,,,,,Y,2,0,1,2,A,-,01,23152,A,N,C,C,A,A,H,-,C,D,0,,,,Y,Y,Y,A,01,1,0,0,0,0,0,0,0,0,"- ","- ",36.699531555175781,-119.73638153076172,FRESNO,UNINCORPORATED,-119.736572265625,36.699420928955078
94410017,2024,2024-09-26,9435,2024-09-16,1900,017579,,1,2,9,1000,0,3,5,,2,010,"MCKINLEY AVE","HOWARD AVE",690.00,E,N,A,-,N,,,,,,,,,,Y,2,0,2,3,A,-,03,22350,,N,C,C,A,A,H,-,B,D,0,,,,,Y,,D,22,1,1,0,0,0,0,0,0,0,"- ","- ",36.764118194580078,-120.02205657958984,FRESNO,UNINCORPORATED,-120.02201843261719,36.764091491699219
94412585,2024,2024-09-30,9435,2024-07-10,2005,021658,,3,2,7,1005,0,1,3,,2,182,"SR-180 E/B TO PEACH AVENUE","PEACH AVENUE",300.00,W,N,A,-,Y,,,,,,,,,,Y,1,1,0,1,A,-,01,23152,G,N,E,8,A,A,H,-,B,D,0,,,,,Y,Y,D,22,0,0,0,0,0,0,0,0,0,"- ","- ",36.752128601074219,-119.71961975097656,FRESNO,FRESNO,-119.71856689453125,36.753238677978516
94414598,2024,2024-10-01,9435,2024-09-25,1557,018609,,3,2,9,1000,0,1,3,,1,169,SR-168,"BEAL FIRE RD",4224.00,E,N,A,-,Y,FRE,,168," ",R,34.352,H,,R,Y,2,0,1,1,A,-,08,22107,,N,E,8,A,A,H,-,A,D,0,,,,,Y,,D,22,1,0,0,0,0,0,0,0,0,"- ","- ",37.052528381347656,-119.39765167236328,FRESNO,UNINCORPORATED,-119.39760589599609,37.052413940429688
94418626,2024,2024-10-03,9495,2024-09-27,1530,021029,,5,2,9,1000,0,1,3,,1,006,"STATE ROUTE 33","FRESNO/KINGS COUNTY LINE",4224.00,N,N,A,-,Y,FRE,,33," "," ",0.821,H,,R,Y,2,0,1,1,A,-,01,23152,A,N,E,I,A,A,H,-,A,D,0,,,,,Y,Y,A,01,1,0,0,0,0,0,0,0,0,"- ","- ",36.030269622802734,-120.17494964599609,FRESNO,UNINCORPORATED,-120.17491912841797,36.030292510986328
94419982,2024,2024-10-04,9435,2024-10-02,"730 ",018746,,3,1,7,1005,0,1,3,,1,183,"SR-180 WESTBOUND","FROM FOWLER AVENUE SOUTHBOUND",212.00,W,N,A,-,Y,,,,,,,,,,Y,2,0,1,1,A,-,08,22107,,N,E,I,A,A,H,-,A,D,0,,,,,Y,,A,01,1,0,0,0,0,0,0,0,0,"- ","- ",36.753841400146484,-119.68283843994141,FRESNO,FRESNO,,
94439390,2024,2024-10-21,9435,2024-10-12,1450,022112,,6,2,9,1000,0,1,3,,1,183,"SR-180 W/B","CLOVIS AVENUE",1056.00,E,N,A,-,Y,FRE,,180," ",R,63.057,H,,L,Y,2,0,3,2,A,-,07,21658,A,N,C,2,A,A,H,-,A,D,0,,,,Y,Y,,F,55,1,0,2,0,0,0,0,0,0,"- ","- ",36.752948760986328,-119.69735717773438,FRESNO,UNINCORPORATED,-119.69736480712891,36.752979278564453
94446951,2024,2024-10-28,9435,2024-09-02,1509,018609,,1,2,9,1000,0,1,3,,1,169,"STATE ROUTE 168","GOOSEBERRY LANE",3696.00,S,N,A,-,Y,FRE,,168," ",T,27.649,H,,R,N,1,1,0,1,A,-,01,23152,A,N,F,A,A,A,H,-,A,D,0,,,Y,,Y,Y,C,02,0,0,0,0,0,0,0,1,0,"- ","- ",37.008968353271484,-119.52873229980469,FRESNO,UNINCORPORATED,-119.52879333496094,37.008975982666016
94456602,2024,2024-11-04,9435,2024-07-22,"837 ",015890,,1,1,9,1000,0,3,5,,2,020,"SONOMA AVENUE","ELKHORN AVENUE",0.00,,Y,A,-,N,,,,,,,,,,Y,1,1,0,1,A,-,01,23152,A,N,F,A,A,A,H,-,A,D,0,,,,,Y,Y,A,01,0,0,0,0,0,0,0,0,0,"- ","- ",36.483741760253906,-120.24822998046875,FRESNO,UNINCORPORATED,-120.24820709228516,36.483562469482422
94464162,2024,2024-11-08,9435,2024-10-29,1201,016911,,2,1,9,1000,0,3,5,,2,050,SR-168,"BIG DRY CREEK BRIDGE",20.00,E,N,A,-,Y,FRE,,168," ",R,21.616,H,,R,N,2,0,1,1,A,-,08,22107,,N,E,I,A,A,H,-,A,D,0,,,Y,,Y,,C,02,1,0,0,0,0,0,0,0,1,"- ","- ",36.939979553222656,-119.50523376464844,FRESNO,UNINCORPORATED,-119.50522613525391,36.939979553222656
94466634,2024,2024-11-12,9435,2024-11-08,"748 ",015986,,5,1,7,1005,0,1,3,,2,181,"SR180 E/B TO NB SR41","FRESNO STREET",686.00,E,N,A,-,Y,,,,,,,,,,Y,2,0,1,2,A,-,07,21658,A,N,B,C,A,A,H,-,A,D,0,,,,,Y,,D,22,1,0,0,0,0,0,0,0,0,"- ","- ",36.753528594970703,-119.77826690673828,FRESNO,FRESNO,-119.77919769287109,36.753795623779297
94468541,2024,2025-06-30,9435,2024-09-29,1139,019259,,7,1,9,1000,0,3,5,,2,015,"GOLDENROD AVENUE","JENSEN AVENUE",0.00,,Y,A,-,N,,,,,,,,,,Y,1,1,3,2,A,-,01,23152,A,N,D,2,A,A,H,-,A,A,0,,,,,Y,Y,D,22,1,2,0,0,0,0,0,0,0,"- ","- ",36.705879211425781,-120.04270172119141,FRESNO,UNINCORPORATED,-120.04267120361328,36.705879211425781
94468571,2023,2024-11-13,9435,2023-05-28,"403 ",021230,,7,3,9,1000,0,3,5,,2,034,"DINUBA AVENUE","FANCHER STREET",10.00,W,N,A,-,N,,,,,,,,,,Y,1,1,1,3,A,-,01,23152,A,N,E,8,A,A,H,-,D,D,0,,,,,Y,Y,A,07,1,0,0,0,0,0,0,0,0,"- ","- ",36.590778350830078,-119.63229370117188,FRESNO,UNINCORPORATED,-119.63223266601562,36.590839385986328
94474213,2024,2024-11-18,9435,2024-11-06,1555,021119,,3,2,9,1000,0,3,5,,2,020,"MOUNT WHITNEY AVENUE","CEDAR STREET",0.00,,Y,A,-,N,,,,,,,,,,Y,2,0,4,2,A,-,01,23152,A,N,D,C,A,A,H,-,A,A,0,,,,,Y,Y,A,01,1,2,1,0,0,0,0,0,0,"- ","- ",36.431060791015625,-119.76245880126953,FRESNO,UNINCORPORATED,-119.762451171875,36.431026458740234
94477540,2024,2024-11-20,9435,2024-11-18,"620 ",019705,,1,1,9,1000,0,1,3,,1,168,"SR-168 W/B","SHAW AVE",1584.00,W,N,B,-,Y,FRE,,168," ",R,3.827,H,,L,N,2,0,1,1,A,-,08,22107,,N,E,I,A,A,H,-,D,D,0,,,,,Y,,A,01,1,0,0,0,0,0,0,0,0,"- ","- ",36.803138732910156,-119.73847198486328,FRESNO,UNINCORPORATED,-119.73853302001953,36.803176879882812
94478441,2024,2024-11-21,9495,2024-11-06,1815,022824,,3,2,9,1000,0,1,3,,1,009,"STATE ROUTE 198 (WARTHAN CANYON)","BEACH ROAD",439.00,W,N,A,-,Y,FRE,,198," "," ",1.739,H,,R,Y,2,0,1,1,A,-,17,21662,,N,F,A,A,A,H,-,D,D,0,,,,Y,Y,,G,25,1,0,0,0,0,0,0,0,0,"- ","- ",36.157279968261719,-120.63748931884766,FRESNO,UNINCORPORATED,-120.63748931884766,36.157279968261719
94480617,2024,2024-11-22,9435,2024-11-14,2245,018944,,4,3,9,1000,0,1,3,,1,180,"SR180 WB TO MARKS AVENUE","MARKS AVENUE",528.00,E,N,A,-,Y,,,,,,,,,,Y,2,0,1,1,A,-,01,23152,A,N,F,A,A,A,H,-,D,D,0,,,Y,,Y,Y,C,02,1,0,0,0,0,0,0,0,1,"- ","- ",36.739051818847656,-119.84248352050781,FRESNO,UNINCORPORATED,-119.84430694580078,36.738559722900391
94482363,2024,2024-11-25,9435,2024-11-22,"854 ",021424,,5,1,7,1005,0,1,3,,2,181,"SR-99 SOUTHBOUND TO SR-180 EASTBOUND","SR-99 UNDERCROSSING",230.00,S,N,A,-,Y,,,,,,,,,,Y,2,0,1,1,A,-,08,22107,,N,E,I,A,A,H,-,A,D,0,,,,,Y,,A,07,1,0,0,0,0,0,0,0,0,"- ","- ",36.740821838378906,-119.81204223632812,FRESNO,FRESNO,-119.78428649902344,36.717853546142578
94491696,2024,2024-12-04,9435,2024-11-22,"550 ",022197,,5,3,9,1000,0,3,5,,2,034,"LINCOLN AVE","DEL REY AVE",1320.00,E,N,B,-,N,,,,,,,,,,Y,2,0,3,2,A,-,03,22350,,N,D,C,A,A,H,-,D,D,0,,,,Y,Y,,A,08,2,1,0,0,0,0,0,0,0,"- ","- ",36.648731231689453,-119.58815765380859,FRESNO,UNINCORPORATED,-119.58817291259766,36.648735046386719
94492665,2024,2024-12-04,9435,2024-12-02,1754,022221,,1,2,7,1005,0,1,3,,2,106,"SR-99 S/B","CHURCH AVE",1000.00,S,N,A,-,Y,FRE,,99," "," ",19.014,H,,L,Y,2,0,1,2,A,-,11,21954,A,N,G,B,E,A,H,-,D,D,0,Y,,,,Y,,N,60,1,0,0,0,1,0,0,0,0,"- ","- ",36.712001800537109,-119.77922058105469,FRESNO,FRESNO,-119.77922058105469,36.711997985839844
94498548,2024,2024-12-13,9435,2024-09-22,"813 ",016860,,7,1,9,1000,0,3,5,,2,050,"SAMPLE ROAD","GRANITE HILLS LANE",528.00,W,N,A,-,N,,,,,,,,,,Y,1,1,0,1,A,-,08,22107,,N,F,0,A,A,H,-,A,A,0,,,Y,,Y,Y,C,02,0,0,0,0,0,0,0,1,0,"- ","- ",36.908901214599609,-119.47006988525391,FRESNO,UNINCORPORATED,-119.47670745849609,36.907726287841797
94500388,2024,2024-12-13,9435,2024-09-01,1401,022000,,7,2,9,1000,0,3,5,,2,010,"HOLLAND AVENUE","WISHON AVENUE",23.00,W,N,A,-,N,,,,,,,,,,Y,1,1,0,1,A,-,01,23152,A,N,E,I,A,A,H,-,A,D,0,,,,,Y,Y,A,07,0,0,0,0,0,0,0,0,0,"- ","- ",36.797679901123047,-119.80300140380859,FRESNO,UNINCORPORATED,-119.80243682861328,36.797569274902344
94501775,2024,2024-12-13,9435,2024-11-28,2305,022112,,4,3,9,1000,0,3,5,,2,034,"JENSEN AVE BYPASS","PULLMAN ST",422.00,W,N,A,-,N,,,,,,,,,,Y,2,0,2,2,A,-,01,23152,A,F,A,C,A,A,H,-,C,D,0,,,,,Y,Y,A,01,1,1,0,0,0,0,0,0,0,"- ","- ",36.706760406494141,-119.76230621337891,FRESNO,UNINCORPORATED,,
94502313,2024,2024-12-13,9495,2024-10-11,1000,021877,,5,1,9,1000,0,1,1,,2,002,"INTERSTATE 5 SOUTHBOUND","STATE ROUTE 145 (FRESNO COALINGA ROAD)",528.00,S,N,A,-,Y,FRE,,5," "," ",17.889,H,,L,Y,1,1,4,3,A,-,03,22350,,N,C,C,A,A,H,-,A,D,0,,,,,Y,,A,01,1,2,1,0,0,0,0,0,0,"- ","- ",36.293251037597656,-120.26870727539062,FRESNO,UNINCORPORATED,-120.26871490478516,36.293247222900391
94516463,2024,2024-12-26,9435,2024-08-17,"145 ",021982,,6,3,9,1000,0,1,3,,1,180,"STATE ROUTE 180","FLOYD AVENUE",2040.00,E,N,A,-,Y,FRE,,180," "," ",46.795,H,,R,Y,1,1,2,2,A,-,08,22107,,N,A,C,A,A,H,-,D,D,0,,,,,Y,Y,A,01,2,0,0,0,0,0,0,0,0,"- ","- ",36.735000610351562,-119.98470306396484,FRESNO,UNINCORPORATED,-119.98470306396484,36.734981536865234
94522985,2024,2025-01-02,9461,2024-08-31,2500,022929,,6,4,9,1000,0,3,5,,2,050,"SANTE FE GRADE","WEST SHAW AVENUE",3274.00,S,N,A,-,N,,,,,,,,,,Y,1,2,0,2,A,-,03,22350,,N,A,E,A,A,H,-,D,D,0,,,Y,,Y,Y,C,06,0,0,0,0,0,0,0,2,0,"- ","- ",36.800308227539062,-120.42941284179688,FRESNO,UNINCORPORATED,,
94528503,2024,2025-01-07,9435,2024-11-12,1507,021119,,2,2,9,1000,0,3,5,,2,040,"ELKHORN AVENUE","HOWARD AVENUE",0.00,,Y,A,-,N,,,,,,,,,,Y,1,1,1,2,A,-,09,21802,A,N,D,C,A,A,H,-,A,A,0,,,,Y,Y,Y,D,22,0,1,0,0,0,0,0,0,0,"- ","- ",36.485088348388672,-120.03121185302734,FRESNO,UNINCORPORATED,-120.03121948242188,36.485027313232422
94542018,2025,2025-01-17,9435,2025-01-09,1840,022624,,4,2,7,1005,0,3,5,,2,034,"NORTH AVE W/B","TEMPERANCE AVE",0.00,,Y,A,-,Y,,,,,,,,,,N,2,0,1,3,A,-,12,22450,A,N,D,C,A,A,H,-,C,D,0,,,,,Y,,A,01,1,0,0,0,0,0,0,0,0,"- ","- ",36.692878723144531,-119.66401672363281,FRESNO,FRESNO,-119.66397094726562,36.692829132080078
94550760,2025,2025-01-27,9435,2025-01-15,"620 ",015890,,3,1,9,1000,0,3,5,,2,015,"JENSEN AVENUE","CHATEAU FRESNO AVENUE",0.00,,Y,A,-,N,,,,,,,,,,Y,2,0,6,2,A,-,05,21752,D,N,C,C,A,A,H,-,D,D,0,,,,,Y,,-,"- ",2,1,3,0,0,0,0,0,0,"- ","- ",36.706211090087891,-119.93437194824219,FRESNO,UNINCORPORATED,-119.93435668945312,36.70623779296875
94564672,2024,2025-02-04,9495,2024-08-22,"454 ",021029,,4,3,9,1000,0,1,1,,2,021,"INTERSTATE 5 S/B TO COALINGA-AVENAL ROADSIDE SAFET","QUIST UNDERCROSSING BRIDGE (#42-0274L)",792.00,S,N,A,-,Y,FRE,,5," "," ",1.549,H,,L,Y,1,1,2,1,A,-,08,22107,,N,E,8,A,A,H,-,C,D,0,,,,,Y,,A,01,1,0,1,0,0,0,0,0,0,"- ","- ",36.091461181640625,-120.11714935302734,FRESNO,UNINCORPORATED,-120.116943359375,36.091583251953125
94576844,2025,2025-02-12,9435,2025-01-31,1705,016507,,5,2,9,1000,0,3,5,,2,060,"HILL AVE","AMERICAN AVE",0.00,,Y,B,-,N,,,,,,,,,,Y,2,0,3,2,A,-,09,21802,A,N,D,C,A,A,H,-,A,A,0,,,,,Y,,A,01,1,2,0,0,0,0,0,0,0,"- ","- ",36.661121368408203,-119.34058380126953,FRESNO,UNINCORPORATED,-119.34068298339844,36.661113739013672
94588293,2024,2025-02-24,9435,2024-08-08,1919,021672,,4,2,9,1000,0,3,5,,2,025,"PERRIN ROAD","FOWLER AVENUE",0.00,,Y,A,-,Y,,,,,,,,,,N,1,1,0,2,A,-,09,21802,A,N,D,G,A,A,H,-,A,A,0,,Y,,,Y,,L,04,0,0,0,0,0,1,0,0,0,"- ","- ",36.873790740966797,-119.68399047851562,FRESNO,UNINCORPORATED,-119.68398284912109,36.873775482177734
94596115,2024,2025-03-04,9435,2024-12-28,"718 ",019263,,6,1,7,1005,0,1,3,,2,105,"STATE ROUTE 99 SOUTHBOUND","SHAW AVENUE",1774.00,S,N,E,-,Y,FRE,,99," "," ",27.760,H,,L,Y,1,2,6,3,A,-,05,21651,A,N,A,C,A,A,H,-,A,D,0,,,,,Y,,A,01,2,4,0,0,0,0,0,0,0,"- ","- ",36.804889678955078,-119.88230895996094,FRESNO,FRESNO,-119.88233184814453,36.80487060546875
94633132,2025,2025-04-01,9435,2025-02-12,1905,020887,,3,2,9,1000,0,3,5,,2,030,"CHESTNUT AVE","SHIELDS AVE",95.00,S,N,C,-,N,,,,,,,,,,N,2,0,1,2,A,-,11,21954,A,F,G,B,D,B,H,-,D,D,0,Y,,,,Y,,N,60,1,0,0,0,1,0,0,0,0,"- ","- ",36.779121398925781,-119.73636627197266,FRESNO,UNINCORPORATED,-119.73638916015625,36.779190063476562
9464316,2022,2023-04-27,1005,2022-02-08,0249,P731,2460,2,5,7,1005,0,0,0,,0,03C,"OLIVE AV","ROWELL AV",13.00,E,N,A,-,N,,,,,,,,,,N,1,1,0,2,A,-,10,21950,A,F,G,B,B,A,H,-,C,B,0,Y,,,,Y,,D,22,0,0,0,1,0,0,0,0,0,"- ","- ",36.7576904296875,-119.75218963623047,FRESNO,FRESNO,-119.75217437744141,36.757720947265625
9464320,2022,2023-04-27,1005,2022-10-20,0648,P731,1559,4,5,7,1005,0,0,0,,0,04D,"BULLARD AV","CEDAR AV",1525.00,E,N,A,-,N,,,,,,,,,,N,1,1,0,2,A,-,17,21209,A,N,B,G,A,A,H,-,B,D,0,,Y,,,Y,,D,22,0,0,0,0,0,1,0,0,0,"- ","- ",36.822299957275391,-119.75438690185547,FRESNO,FRESNO,-119.75899505615234,36.823261260986328
94643343,2025,2025-04-09,9435,2025-01-11,1505,023097,,6,2,9,1000,0,1,3,,1,412,"DINUBA AVENUE","CLOVIS AVENUE",1633.00,E,N,A,-,N,,,,,,,,,,Y,1,1,0,1,A,-,01,23152,F,N,E,I,A,A,H,-,A,D,0,,,Y,,Y,,C,02,0,0,0,0,0,0,0,1,0,"- ","- ",36.590888977050781,-119.69539642333984,FRESNO,UNINCORPORATED,-119.69480895996094,36.590934753417969
9464419,2021,2022-09-14,1005,2021-01-19,2043,P1070,NW/D,2,5,7,1005,0,0,0,,0,1748,"SHAW AV","BRAWLEY AV",565.00,E,N,A,-,N,,,,,,,,,,N,1,1,0,2,A,-,11,21954,A,N,G,B,E,A,H,-,E,D,0,Y,,,,Y,Y,N,60,0,0,0,1,0,0,0,0,0,"- ","- ",36.808151245117188,-119.86258697509766,FRESNO,FRESNO,-119.86082458496094,36.808380126953125
9464421,2021,2023-06-20,1005,2021-01-22,0606,P1070,CE/C,5,5,7,1005,0,0,0,,0,2152,"WEST AV","PRINCETON AV",0.00,,Y,B,-,N,,,,,,,,,,Y,1,1,0,2,A,-,12,22450,A,N,D,C,A,A,H,-,C,A,0,,,Y,,Y,,D,22,0,0,0,0,0,0,0,1,0,"- ","- ",36.775638580322266,-119.82655334472656,FRESNO,FRESNO,-119.82669067382812,36.775627136230469
9464427,2021,2022-09-13,1005,2021-03-05,1909,P1070,SW/G,5,5,7,1005,0,0,0,,0,3056,"ELM AV","GROVE AV",67.00,N,N,A,-,N,,,,,,,,,,N,1,1,0,2,A,-,03,22350,,F,G,B,D,A,H,-,C,D,0,Y,,,,Y,,A,01,0,0,0,1,0,0,0,0,0,"- ","- ",36.710548400878906,-119.79067993164062,FRESNO,FRESNO,-119.79086303710938,36.710712432861328
9464433,2021,2022-09-13,1005,2021-03-23,2029,P1070,SW/B,2,5,7,1005,0,0,0,,0,2555,"BELMONT AV","CALAVERAS ST",50.00,E,N,A,G,N,,,,,,,,,,Y,1,1,0,2,A,-,11,21954,A,N,G,B,D,A,H,-,C,A,0,Y,,,,Y,Y,N,60,0,0,0,1,0,0,0,0,0,"- ","- ",36.750438690185547,-119.791748046875,FRESNO,FRESNO,-119.791748046875,36.750431060791016
9464438,2021,2023-06-20,1005,2021-05-03,1652,P1070,SW/C,1,5,7,1005,0,0,0,,0,1652,"PICKFORD AV","OLEANDER AV",0.00,,Y,A,-,N,,,,,,,,,,Y,1,1,0,4,A,-,12,22450,A,F,D,C,A,A,H,-,A,A,0,,,,,Y,Y,A,01,0,0,0,0,0,0,0,0,0,"- ","- ",36.729728698730469,-119.80564880371094,FRESNO,FRESNO,-119.80573272705078,36.729774475097656
9464439,2021,2022-09-14,1005,2021-05-09,1416,P1131,SW/E,7,5,7,1005,0,0,0,,0,1416,"MARTIN AV","CALIFORNIA AV",102.00,N,N,A,-,N,,,,,,,,,,Y,1,1,0,1,A,-,01,23152,F,N,E,I,A,A,H,-,A,A,0,,,,,Y,,-,,0,0,0,0,0,0,0,0,0,"- ","- ",36.721370697021484,-119.80867767333984,FRESNO,FRESNO,-119.80891418457031,36.721649169921875
9464455,2021,2022-09-14,1005,2021-11-10,1209,P1131,NW/D,3,5,7,1005,0,0,0,,0,1209,"WEBER AV","SWIFT AV",200.00,S,N,A,-,N,,,,,,,,,,N,1,1,0,2,A,-,08,22107,,N,A,C,A,A,H,-,A,A,0,,,,,Y,,A,01,0,0,0,0,0,0,0,0,0,"- ","- ",36.842578887939453,-119.51439666748047,FRESNO,FRESNO,,
9464457,2021,2022-09-14,1005,2021-11-22,2205,P1131,NE/A,1,5,7,1005,0,0,0,,0,0860,"CHAMPLAIN DR","FOXHILL DR",206.00,E,N,E,-,N,,,,,,,,,,Y,1,1,0,1,A,-,01,23152,B,N,E,I,A,B,H,-,C,D,0,,,Y,,Y,Y,C,02,0,0,0,0,0,0,0,1,0,"- ","- ",36.869350433349609,-119.75862884521484,FRESNO,FRESNO,-119.75811004638672,36.868900299072266
9464458,2021,2023-06-20,1005,2021-12-08,1755,P1793,SE,3,5,7,1005,0,0,0,,0,00A,"MCKINLEY AV","MAPLE AV",59.00,W,N,B,-,N,,,,,,,,,,Y,1,1,0,2,A,-,11,21954,A,N,G,B,D,A,H,-,C,A,0,Y,,,,Y,Y,N,60,0,0,0,1,0,0,0,0,0,"- ","- ",36.765048980712891,-119.7454833984375,FRESNO,FRESNO,-119.74562072753906,36.765052795410156