CASE_ID,ACCIDENT_YEAR,PROC_DATE,JURIS,COLLISION_DATE,COLLISION_TIME,OFFICER_ID,REPORTING_DISTRICT,DAY_OF_WEEK,CHP_SHIFT,POPULATION,CNTY_CITY_LOC,SPECIAL_COND,BEAT_TYPE,CHP_BEAT_TYPE,CITY_DIVISION_LAPD,CHP_BEAT_CLASS,BEAT_NUMBER,PRIMARY_RD,SECONDARY_RD,DISTANCE,DIRECTION,INTERSECTION,WEATHER_1,WEATHER_2,STATE_HWY_IND,CALTRANS_COUNTY,CALTRANS_DISTRICT,STATE_ROUTE,ROUTE_SUFFIX,POSTMILE_PREFIX,POSTMILE,LOCATION_TYPE,RAMP_INTERSECTION,SIDE_OF_HWY,TOW_AWAY,COLLISION_SEVERITY,NUMBER_KILLED,NUMBER_INJURED,PARTY_COUNT,PRIMARY_COLL_FACTOR,PCF_CODE_OF_VIOL,PCF_VIOL_CATEGORY,PCF_VIOLATION,PCF_VIOL_SUBSECTION,HIT_AND_RUN,TYPE_OF_COLLISION,MVIW,PED_ACTION,ROAD_SURFACE,ROAD_COND_1,ROAD_COND_2,LIGHTING,CONTROL_DEVICE,CHP_ROAD_TYPE,PEDESTRIAN_ACCIDENT,BICYCLE_ACCIDENT,MOTORCYCLE_ACCIDENT,TRUCK_ACCIDENT,NOT_PRIVATE_PROPERTY,ALCOHOL_INVOLVED,STWD_VEHTYPE_AT_FAULT,CHP_VEHTYPE_AT_FAULT,COUNT_SEVERE_INJ,COUNT_VISIBLE_INJ,COUNT_COMPLAINT_PAIN,COUNT_PED_KILLED,COUNT_PED_INJURED,COUNT_BICYCLIST_KILLED,COUNT_BICYCLIST_INJURED,COUNT_MC_KILLED,COUNT_MC_INJURED,PRIMARY_RAMP,SECONDARY_RAMP,LATITUDE,LONGITUDE,COUNTY,CITY,POINT_X,POINT_Y
94646556,2025,2025-04-11,9435,2025-03-30,1640,018609,,7,2,9,1000,0,3,5,,2,050,"SJ & E ROAD","BULL PINE COURT",150.00,S,N,A,-,N,,,,,,,,,,Y,2,0,1,2,A,-,08,22107,,N,F,A,A,A,H,-,A,D,0,,,Y,,Y,,C,02,1,0,0,0,0,0,0,0,1,"- ","- ",37.065948486328125,-119.48045349121094,FRESNO,UNINCORPORATED,-119.48178100585938,37.066268920898438
94652443,2024,2025-04-16,9435,2024-09-20,"610 ",016911,,5,1,9,1000,0,3,5,,2,060,"ADAMS AVENUE","PEDERSEN AVENUE",800.00,W,N,A,-,N,,,,,,,,,,Y,1,1,0,2,A,-,03,22350,,N,C,C,A,A,H,-,B,D,0,,,,Y,Y,,A,08,0,0,0,0,0,0,0,0,0,"- ","- ",36.633140563964844,-119.40805053710938,FRESNO,UNINCORPORATED,-119.40659332275391,36.632991790771484
94660078,2025,2025-04-23,9435,2025-02-25,"313 ",023034,,2,3,9,1000,0,3,5,,2,025,"ACADEMY AVENUE","BULLARD AVENUE",125.00,S,N,E,-,N,,,,,,,,,,Y,1,1,0,1,A,-,01,23152,A,N,E,8,A,A,H,-,D,D,0,,,,,Y,Y,A,07,0,0,0,0,0,0,0,0,0,"- ","- ",36.822368621826172,-119.55574035644531,FRESNO,UNINCORPORATED,-119.55589294433594,36.822345733642578
94667187,2025,2025-04-28,9435,2025-04-16,"600 ",015890,,3,1,9,1000,0,3,5,,2,020,"MANNING AVENUE","SAN MATEO AVENUE",1206.00,E,N,A,-,N,,,,,,,,,,Y,2,0,3,2,A,-,03,22350,,N,C,C,A,A,H,-,D,D,0,,,,,Y,,A,01,1,1,1,0,0,0,0,0,0,"- ","- ",36.602970123291016,-120.31165313720703,FRESNO,UNINCORPORATED,-120.31159973144531,36.602962493896484
94681894,2024,2025-05-09,9435,2024-09-15,1605,021086,,7,2,9,1000,0,1,3,,1,183,"STATE ROUTE 180","RIO VISTA AVENUE",0.00,,Y,B,-,Y,FRE,,180," ",R,75.833,H,,R,Y,1,1,2,2,A,-,01,23152,A,N,B,2,A,A,H,-,A,A,0,,,,,Y,Y,A,01,1,1,0,0,0,0,0,0,0,"- ","- ",36.732601165771484,-119.47567749023438,FRESNO,UNINCORPORATED,-119.47576141357422,36.732406616210938
94692357,2025,2025-05-19,9495,2025-05-01,1600,021473,,4,2,9,1000,0,1,1,,2,003,"INTERSTATE 5","JAYNE AVENUE",824.00,S,N,A,-,Y,FRE,,5," "," ",5.342,H,,L,Y,2,0,2,3,A,-,03,22350,,N,C,C,A,A,H,-,A,D,0,,,,Y,Y,,G,25,1,0,1,0,0,0,0,0,0,"- ","- ",36.135879516601562,-120.15740203857422,FRESNO,UNINCORPORATED,-120.15739440917969,36.135883331298828
94702370,2025,2025-05-27,9435,2025-05-14,1648,020429,,3,2,9,1000,0,3,5,,2,015,"CENTRAL AVENUE","CORNELIA AVENUE",0.00,,Y,A,-,N,,,,,,,,,,Y,2,0,3,2,A,-,09,21802,A,N,D,2,A,A,H,-,A,D,0,,,,,Y,,J,48,3,0,0,0,0,0,0,0,0,"- ","- ",36.677448272705078,-119.88053131103516,FRESNO,UNINCORPORATED,-119.88052368164062,36.677421569824219
9470579,2023,2023-10-23,1009,2023-05-21,2031,R100,MENDO,7,5,2,1009,0,0,0,,0,,"LUA AV","ROSALES ST",116.00,E,N,A,-,N,,,,,,,,,,N,2,0,1,2,A,-,03,22350,,N,G,B,D,A,H,-,C,D,0,Y,,,,Y,,A,01,1,0,0,0,1,0,0,0,0,"- ","- ",,,FRESNO,MENDOTA,,
94707719,2025,2025-05-30,9435,2025-05-19,1750,021940,,1,2,9,1000,0,3,5,,2,020,"MT. VIEW AVE.","MARKS AVE.",0.00,,Y,A,-,N,,,,,,,,,,Y,2,0,3,2,A,-,09,21802,A,N,D,C,A,A,H,-,A,A,0,,,,,Y,,A,08,1,2,0,0,0,0,0,0,0,"- ","- ",36.547168731689453,-119.84516143798828,FRESNO,UNINCORPORATED,-119.84519958496094,36.547145843505859
94738122,2025,2025-06-24,9435,2025-06-12,1020,016860,,4,1,9,1000,0,1,3,,1,169,"STATE ROUTE 168","NICHOLAS ROAD",10.00,S,N,A,-,Y,FRE,,168," ",T,23.659,H,,R,N,2,0,1,2,A,-,08,22107,,N,B,G,A,A,H,-,A,A,0,,Y,,,Y,,L,04,1,0,0,0,0,0,1,0,0,"- ","- ",36.962310791015625,-119.51296234130859,FRESNO,UNINCORPORATED,-119.51299285888672,36.962303161621094
94740804,2025,2025-06-26,9435,2025-06-15,2210,021982,,7,3,7,1005,0,1,3,,1,180,"SR-180 W/B","BRAWLEY AVE",1900.00,E,N,A,-,Y,FRE,,180," ",R,54.014,H,,L,N,2,0,1,1,A,-,01,23152,A,N,F,A,A,A,H,-,D,D,0,,,,,Y,Y,A,07,1,0,0,0,0,0,0,0,0,"- ","- ",36.737579345703125,-119.85572052001953,FRESNO,FRESNO,-119.855712890625,36.737564086914062
94746622,2025,2025-07-07,9435,2025-06-24,1752,021837,,2,2,9,1000,0,1,3,,1,180,SR-180,"JAMES ROAD",200.00,E,N,A,-,Y,FRE,,180," "," ",34.632,H,,R,Y,2,0,2,2,A,-,01,23152,A,N,A,D,A,A,H,-,A,D,0,,,,,Y,Y,A,01,2,0,0,0,0,0,0,0,0,"- ","- ",36.734600067138672,-120.20437622070312,FRESNO,UNINCORPORATED,-120.20437622070312,36.734573364257812
94747432,2025,2025-07-07,9435,2025-06-23,2120,022221,,1,2,9,1000,0,3,5,,2,034,"JEFFERSON AVE","NEWMARK AVE",0.00,,Y,A,-,N,,,,,,,,,,Y,2,0,2,2,A,-,01,23152,A,N,D,C,A,A,H,-,D,D,0,,,,,Y,Y,D,22,1,1,0,0,0,0,0,0,0,"- ","- ",36.655708312988281,-119.54138946533203,FRESNO,UNINCORPORATED,,
94761826,2025,2025-07-15,9435,2025-06-21,"515 ",020854,,6,3,9,1000,0,1,3,,2,410,"STATE ROUTE 41 SOUTHBOUND","TULARE AVENUE",800.00,N,N,A,-,Y,FRE,,41," ",R,24.034,H,,L,Y,2,0,2,3,A,-,01,23152,A,N,C,2,A,A,H,-,A,D,0,,,Y,,Y,Y,A,01,1,1,0,0,0,0,0,0,1,"- ","- ",36.747200012207031,-119.77654266357422,FRESNO,UNINCORPORATED,-119.77651214599609,36.747200012207031
94784810,2025,2025-07-31,9435,2025-04-16,1618,021290,,3,2,9,1000,0,3,5,,2,020,"MOUNTAIN VIEW AVENUE","MARKS AVENUE",0.00,,Y,A,-,N,,,,,,,,,,Y,1,1,0,2,A,-,09,21802,A,N,D,C,A,A,H,-,A,A,0,,,Y,,Y,,A,01,0,0,0,0,0,0,0,1,0,"- ","- ",36.547130584716797,-119.84516906738281,FRESNO,UNINCORPORATED,-119.84519958496094,36.547145843505859
9479546,2022,2022-08-23,1001,2022-07-02,2036,5838,,6,5,5,1001,0,0,0,,0,007,"SPRUCE AV","POLLASKY AV",213.00,W,N,A,-,N,,,,,,,,,,N,2,0,1,2,A,-,03,22350,,N,D,E,A,A,H,-,C,D,0,,,Y,,Y,,C,03,1,0,0,0,0,0,0,0,1,"- ","- ",36.8408203125,-119.70436859130859,FRESNO,CLOVIS,-119.70378875732422,36.841217041015625
94820687,2025,2025-08-27,9435,2025-06-30,1235,022378,,1,1,9,1000,0,3,5,,2,034,"BUTLER AVENUE","MIDWICK LANE",120.00,E,N,A,-,N,,,,,,,,,,Y,1,1,2,2,A,-,08,22107,,N,A,C,A,A,H,-,A,D,0,,,,,Y,Y,A,01,0,1,1,0,0,0,0,0,0,"- ","- ",36.729511260986328,-119.68476104736328,FRESNO,UNINCORPORATED,-119.68482971191406,36.729469299316406
9484198,2022,2022-10-21,1001,2022-06-20,2106,5834,,1,5,5,1001,0,0,0,,0,007,"HERNDON AVE","MANILA AVE",133.00,W,N,A,-,N,,,,,,,,,,Y,2,0,1,2,A,-,11,21954,A,N,G,B,D,A,H,-,C,D,0,Y,,,,Y,Y,N,60,1,0,0,0,1,0,0,0,0,"- ","- ",36.83721923828125,-119.70005798339844,FRESNO,CLOVIS,-119.69486236572266,36.837390899658203
9509106,2022,2022-12-12,1013,2022-10-16,0206,M158,M390,7,5,3,1013,0,0,0,,0,M03,"ACADEMY AV","NORTH AV",21.00,N,N,A,-,N,,,,,,,,,,Y,2,0,1,1,A,-,01,23152,A,N,E,I,A,A,H,-,D,A,0,,,,,Y,Y,A,01,1,0,0,0,0,0,0,0,0,"- ","- ",36.677730560302734,-119.55655670166016,FRESNO,SANGER,-119.55412292480469,36.692237854003906
9520011,2021,2022-11-04,1001,2021-07-25,1251,5793,,7,5,5,1001,0,0,0,,0,005,"SHAW AV",SUNNYSIDE,450.00,W,N,A,-,N,,,,,,,,,,Y,1,1,0,1,D,-,00,,,N,H,J,A,A,H,-,A,D,0,,,Y,,Y,,-,"- ",0,0,0,0,0,0,0,1,0,"- ","- ",36.808578491210938,-119.69550323486328,FRESNO,CLOVIS,-119.69235229492188,36.808650970458984
9520082,2022,2022-12-02,1001,2022-09-01,2500,5808,,4,5,5,1001,0,0,0,,0,005,"CLOVIS AV","10TH ST",41.00,S,N,A,-,N,,,,,,,,,,Y,1,1,0,1,A,-,01,23152,B,N,E,I,A,A,H,-,C,D,0,,,Y,,Y,Y,C,02,0,0,0,0,0,0,0,1,0,"- ","- ",36.817611694335938,-119.70036315917969,FRESNO,CLOVIS,-119.70057678222656,36.818016052246094
9520226,2022,2023-01-12,1015,2022-12-08,0819,N131,SELMA,4,5,3,1015,0,0,0,,0,,"FLORAL AV","WRIGHT ST",6.00,E,N,E,-,N,,,,,,,,,,N,1,1,0,2,A,-,08,22107,,N,G,B,B,A,H,-,A,A,0,Y,,,,Y,,A,01,0,0,0,1,0,0,0,0,0,"- ","- ",36.576248168945312,-119.61519622802734,FRESNO,SELMA,-119.61515045166016,36.576240539550781
9520639,2022,2023-06-16,1005,2022-03-19,0050,P1748,NE,6,5,7,1005,0,0,0,,0,,"ASHLAN AV","FIRST ST",0.00,,Y,A,-,N,,,,,,,,,,N,1,1,0,2,A,-,12,21453,A,N,D,G,A,A,H,-,C,A,0,,Y,,,Y,,L,04,0,0,0,0,0,1,0,0,0,"- ","- ",36.79412841796875,-119.77240753173828,FRESNO,FRESNO,-119.77265930175781,36.7939453125
9520640,2022,2023-06-16,1005,2022-07-07,0709,P955,NE,4,5,7,1005,0,0,0,,0,00B,"WARNERS AV","FRESNO ST",519.00,E,N,A,-,N,,,,,,,,,,N,1,1,0,2,A,-,03,22350,A,N,C,E,A,A,H,-,A,D,0,,Y,,Y,Y,,L,04,0,0,0,0,0,1,0,0,0,"- ","- ",36.836498260498047,-119.78111267089844,FRESNO,FRESNO,-119.78134155273438,36.836441040039062
9524200,2022,2022-12-29,1015,2022-11-25,1709,N130,SELMA,5,5,3,1015,0,0,0,,0,SELMA,"FLORAL AV","WHITSON ST",90.00,E,N,A,-,N,,,,,,,,,,N,2,0,1,2,A,-,11,21956,,N,G,B,E,A,H,-,B,A,0,Y,,,,Y,,N,60,1,0,0,0,1,0,0,0,0,"- ","- ",,,FRESNO,SELMA,-119.62474822998047,36.576301574707031
9528034,2022,2022-12-13,1015,2022-11-07,1830,N136,SELMA,1,5,3,1015,0,0,0,,0,0A3,"GOLDEN STATE BL","DINUBA AV",335.00,N,N,A,-,N,,,,,,,,,,N,2,0,1,2,A,-,01,23152,A,N,B,C,A,A,H,-,D,D,0,,,,,Y,Y,D,22,1,0,0,0,0,0,0,0,0,"- ","- ",36.590629577636719,-119.63847351074219,FRESNO,SELMA,-119.63936614990234,36.591156005859375
9578105,2023,2023-05-10,1015,2023-04-20,1437,N140,SELMA,4,5,3,1015,0,0,0,,0,BEAT1,"WRIGHT ST","NORTHHILL ST",91.00,S,N,A,-,N,,,,,,,,,,N,2,0,1,3,A,-,04,21703,,N,D,C,A,A,H,-,A,A,0,,,Y,,Y,,A,07,1,0,0,0,0,0,0,0,1,"- ","- ",36.58673095703125,-119.61518859863281,FRESNO,SELMA,-119.61516571044922,36.586460113525391
9581277,2023,2023-06-30,1013,2023-05-31,1211,M158,M165,3,5,3,1013,0,0,0,,0,M01,"BETHEL AV","9TH ST",0.00,,Y,A,-,N,,,,,,,,,,Y,2,0,2,2,A,-,12,21453,A,N,D,C,A,A,H,-,A,A,0,,,,,Y,,A,01,1,0,1,0,0,0,0,0,0,"- ","- ",,,FRESNO,SANGER,-119.57427215576172,36.703098297119141
9590429,2023,2023-07-11,1001,2023-04-28,1552,5723,,5,5,5,1001,0,0,0,,0,006,"FOWLER AV",HERNDON,693.00,S,N,A,-,N,,,,,,,,,,N,2,0,1,2,A,-,03,22350,,N,D,C,A,A,H,-,A,A,0,,,Y,,Y,,C,02,1,0,0,0,0,0,0,0,1,"- ","- ",36.837390899658203,-119.68417358398438,FRESNO,CLOVIS,-119.68348693847656,36.835659027099609
9640316,2023,2025-06-25,1001,2023-11-01,2132,5898,,3,5,5,1001,0,0,0,,0,005,"SHAW AV","POLLASKY AV",0.00,,Y,A,-,N,,,,,,,,,,Y,1,1,0,2,A,-,03,22350,,N,A,I,A,A,H,-,C,A,0,,,,,Y,Y,A,01,0,0,0,0,0,0,0,0,0,"- ","- ",36.808509826660156,-119.70027923583984,FRESNO,CLOVIS,-119.70206451416016,36.808578491210938
9640630,2024,2024-06-26,1001,2024-03-27,1414,5902,,3,5,5,1001,0,0,0,,0,007,"WEST HERNDON AV",HELM,89.00,W,N,A,-,N,,,,,,,,,,Y,1,1,1,3,A,-,01,23152,A,N,A,C,A,A,H,-,A,D,0,,,,,Y,,A,01,1,0,0,0,0,0,0,0,0,"- ","- ",36.837650299072266,-119.72483825683594,FRESNO,CLOVIS,-119.72518157958984,36.837673187255859
9640648,2023,2024-06-24,1005,2023-10-03,2321,P1684,NORTH,2,5,7,1005,0,0,0,,0,D/1848,"ASHLAN AV","VALENTINE AV",580.00,E,N,A,-,N,,,,,,,,,,Y,1,1,0,2,A,-,11,21954,A,F,G,B,D,A,H,-,C,D,0,Y,,,,Y,,N,60,0,0,0,1,0,0,0,0,0,"- ","- ",36.793750762939453,-119.85321044921875,FRESNO,FRESNO,-119.85136413574219,36.793758392333984
9640966,2024,2024-10-07,1005,2024-03-12,2120,P2082,CE,2,5,7,1005,0,0,0,,0,,"SHIELDS AV","WARREN AV",70.00,E,N,A,-,N,,,,,,,,,,N,1,1,0,2,A,-,11,21954,A,N,G,B,D,A,H,-,C,D,0,Y,,,,Y,,N,60,0,0,0,1,0,0,0,0,0,"- ","- ",36.779289245605469,-119.82872009277344,FRESNO,FRESNO,-119.82855224609375,36.779293060302734
9641003,2024,2024-10-09,1005,2024-04-17,2006,P1910,NE,3,5,7,1005,0,0,0,,0,00E,"THIRD ST","RIALTO AV",18.00,S,N,A,-,N,,,,,,,,,,N,1,1,0,1,A,-,01,23152,B,N,H,A,A,A,H,-,B,D,0,,Y,,,Y,,L,04,0,0,0,0,0,1,0,0,0,"- ","- ",36.802791595458984,-119.76824188232422,FRESNO,FRESNO,-119.76776885986328,36.803470611572266
9715919,2023,2024-09-12,1007,2023-08-25,"728 ",I129,KERMA,5,5,2,1007,0,0,0,,0,0KE,"WHITESBRIDGE RD","1ST ST",510.00,E,N,A,-,Y,FRE,6,180,-,-,42.490,H,-,E,N,2,0,1,2,A,-,09,21804,A,N,H,G,A,A,H,-,A,D,0,,Y,,,Y,,L,04,1,0,0,0,0,0,1,0,0,"- ","- ",,,FRESNO,KERMAN,-120.06282806396484,36.734878540039062
9725850,2024,2024-09-10,1007,2024-06-11,1948,I035,KERMA,2,5,2,1007,0,0,0,,0,I320,"CALIFORNIA AV","MANOR DR",174.00,E,N,A,-,N,,,,,,,,,,N,2,0,1,2,A,-,05,21202,A,N,A,-,A,A,H,-,A,D,0,,Y,,,Y,,L,04,1,0,0,0,0,0,1,0,0,"- ","- ",36.720798492431641,-120.06729125976562,FRESNO,KERMAN,-120.06657409667969,36.720821380615234
9740265,2024,2024-10-23,1015,2024-10-02,1443,N140,SELMA,3,5,3,1015,0,0,0,,0,B02,"HIGHLAND AV","ROSE AV",0.00,,Y,A,-,N,,,,,,,,,,N,2,0,1,2,A,-,09,21800,A,N,D,G,A,A,H,-,A,A,0,,Y,,,Y,,L,04,1,0,0,0,0,0,1,0,0,"- ","- ",36.568859100341797,-119.62876129150391,FRESNO,SELMA,-119.62877655029297,36.568862915039062
9749429,2024,2024-10-28,1001,2024-08-14,1845,5850,,3,5,5,1001,0,0,0,,0,002,"CLOVIS AV","PICO AV",0.00,,Y,A,-,N,,,,,,,,,,Y,2,0,2,2,A,-,12,21453,A,N,D,C,A,A,H,-,A,A,0,,,,,Y,,A,01,1,0,1,0,0,0,0,0,0,"- ","- ",36.801651000976562,-119.70036315917969,FRESNO,CLOVIS,-119.70043182373047,36.801647186279297
9751450,2024,2025-02-05,1008,2024-10-06,"34  ",J126,KINGS,7,5,2,1008,0,0,0,,0,,"SIMPSON ST","STROUD AV",0.00,,Y,A,-,N,,,,,,,,,,Y,1,1,2,2,A,-,01,23153,A,N,D,C,A,A,H,-,C,A,0,,,,,Y,Y,A,01,0,1,1,0,0,0,0,0,0,"- ","- ",,,FRESNO,KINGSBURG,,
9767966,2024,2024-12-23,1012,2024-11-21,1925,L133,REEDL,4,5,3,1012,0,0,0,,0,,"DINUBA AV","BUTTONWILLOW AV",0.00,,Y,A,-,N,,,,,,,,,,Y,2,0,1,3,A,-,03,22350,,F,C,C,A,A,H,-,C,D,0,,,,Y,Y,Y,F,86,1,0,0,0,0,0,0,0,0,"- ","- ",,,FRESNO,REEDLEY,-119.43106079101562,36.589572906494141
9786138,2023,2025-04-23,1005,2023-04-21,1507,P1684,NORTH,5,5,7,1005,0,0,0,,0,E1857,"ASHLAN AV","ANGUS ST",0.00,,Y,A,-,N,,,,,,,,,,Y,1,1,1,2,A,-,09,21801,A,N,D,C,A,A,H,-,A,A,0,,,,,Y,,A,01,0,1,0,0,0,0,0,0,0,"- ","- ",36.793418884277344,-119.77742004394531,FRESNO,FRESNO,-119.77687072753906,36.794105529785156
9786337,2024,2025-07-08,1005,2024-12-02,"618 ",P2240,SE,1,5,7,1005,0,0,0,,0,00B,"CLOVIS AV","SHIELDS AV",321.00,S,N,A,-,N,,,,,,,,,,Y,1,1,0,1,A,-,03,22350,,N,E,I,A,A,H,-,B,D,0,,,,,Y,,A,01,0,0,0,0,0,0,0,0,0,"- ","- ",36.779449462890625,-119.70005798339844,FRESNO,FRESNO,-119.70034790039062,36.778488159179688
9811528,2025,2025-07-31,1012,2025-05-10,1711,L161,REEDL,6,5,3,1012,0,0,0,,0,L03E,"MANNING AV","REED AV",180.00,W,N,A,-,N,,,,,,,,,,Y,2,0,2,4,A,-,01,23152,A,N,D,E,A,A,H,-,A,D,0,,,,,Y,Y,D,22,1,1,0,0,0,0,0,0,0,"- ","- ",,,FRESNO,REEDLEY,-119.45830535888672,36.604228973388672
6290237,2014,2014-04-04,9435,2014-01-05,1758,18934,,7,2,9,1000,0,3,5,,2,010,"MARKS AV","BELMONT AV",1056.00,S,N,A,-,N,,,,,,,,,,Y,1,1,0,2,A,-,01,23152,A,N,C,C,A,A,H,-,D,A,0,,,Y,,Y,Y,A,07,0,0,0,0,0,0,0,1,0,"- ","- ",36.747770000000003,-119.84923999999999,FRESNO,UNINCORPORATED,-119.84439,36.747256069999999
6290313,2014,2015-12-21,9435,2014-02-26,1725,13200,,3,2,9,1000,0,3,5,,2,010,"MONROE AV","BELMONT AV",0.00,,Y,B,C,N,,,,,,,,,,Y,1,3,3,2,A,-,01,23152,A,N,D,C,A,B,H,-,B,A,0,,,,,Y,Y,A,01,1,0,2,0,0,0,0,0,0,"- ","- ",,,FRESNO,UNINCORPORATED,-119.94318998,36.749750110000001
6290531,2014,2015-04-15,9435,2014-03-21,0735,17215,,5,1,9,1000,0,3,5,,2,015,"GOLDENROD AV","JENSEN AV",0.00,,Y,A,-,N,,,,,,,,,,Y,1,2,4,2,A,-,12,22450,A,N,D,C,A,A,H,-,A,A,0,,,,,Y,,D,22,2,2,0,0,0,0,0,0,0,"- ","- ",36.705880000000001,-119.04268,FRESNO,UNINCORPORATED,-120.04266985,36.705880020000002
6290674,2014,2015-04-15,9435,2014-03-28,0720,12846,,5,1,7,1005,0,1,3,,2,181,"RT 180","CEDAR AV",945.00,E,N,A,-,Y,FRE,6,180,-,R,59.980,H,-,W,Y,1,1,0,2,A,-,08,22107,,N,D,C,A,A,H,-,A,D,1,,,,,Y,,A,01,0,0,0,0,0,0,0,0,0,"- ","- ",,,FRESNO,FRESNO,-119.75247189,36.755135250000002
6290682,2014,2015-10-06,9435,2014-04-21,0530,17310,,1,3,9,1000,0,3,5,,2,020,"NEBRASKA AV","WEST AV",0.00,,Y,A,-,N,,,,,,,,,,Y,1,1,0,2,A,-,09,21802,A,N,D,C,A,A,H,-,B,A,0,,,,,Y,,A,01,0,0,0,0,0,0,0,0,0,"- ","- ",36.561700000000002,-119.82680999999999,FRESNO,UNINCORPORATED,-119.8268399,36.561750009999997
6291101,2014,2015-12-23,9435,2014-03-24,1935,18914,,1,2,9,1000,0,1,3,,1,180,"RT 180","BRAWLEY AV",0.00,,Y,A,-,Y,FRE,6,180,-,-,53.600,I,5,W,Y,1,1,1,2,A,-,12,21453,A,N,D,C,A,A,H,-,C,A,0,,,,,Y,,D,22,0,0,1,0,0,0,0,0,0,"- ","- ",,,FRESNO,UNINCORPORATED,-119.86237370000001,36.735495030000003
6291162,2014,2014-08-25,9461,2014-06-15,2040,14933,,7,2,9,1000,0,1,3,,1,604,"RT 33","SHAW AV",13728.00,S,N,A,-,Y,FRE,6,33,-,R,63.490,H,-,N,Y,1,1,1,2,A,-,01,23152,A,N,A,C,A,A,H,-,B,D,0,,,,,Y,Y,A,01,0,1,0,0,0,0,0,0,0,"- ","- ",36.77617,-120.39773,FRESNO,UNINCORPORATED,-120.39763713000001,36.776184379999997
6291165,2014,2014-08-25,9461,2014-06-28,1120,11735,,6,1,9,1000,0,1,1,,2,305,"RT 5","RUSSELL AV",1078.00,S,N,A,-,Y,FRE,6,5,-,-,52.550,H,-,N,Y,1,1,5,1,A,-,08,22107,,N,F,A,A,A,H,-,A,D,1,,,,,Y,,A,08,2,1,2,0,0,0,0,0,0,"- ","- ",36.684240000000003,-120.65698,FRESNO,UNINCORPORATED,-120.65636565,36.683522830000001
6291167,2014,2014-08-25,9495,2014-06-06,1610,19205,,5,2,9,1000,0,1,1,,2,001,"RT 5","MANNING AV",1810.00,S,N,A,-,Y,FRE,6,5,-,-,45.380,H,-,N,Y,1,1,3,1,A,-,08,22107,,N,F,A,A,A,H,-,A,D,1,,,,,Y,,A,07,0,1,2,0,0,0,0,0,0,"- ","- ",36.600490000000001,-120.58031,FRESNO,UNINCORPORATED,-120.57996909000001,36.600494619999999
6291170,2014,2015-07-20,9435,2014-06-04,0521,18865,,3,3,9,1000,0,3,5,,2,020,"FOWLER AV","DAVIS AV",47.00,S,N,A,-,N,,,,,,,,,,Y,1,1,0,2,A,-,05,21460,C,N,F,A,A,A,H,-,B,D,0,,,Y,,Y,,C,02,0,0,0,0,0,0,0,1,0,"- ","- ",36.474420000000002,-119.69049,FRESNO,UNINCORPORATED,-119.69035414,36.474271080000001
6291173,2014,2014-08-21,9435,2014-06-16,0220,19032,,1,3,9,1000,0,3,5,,2,020,"MARKS AV","WOOD AV",720.00,S,N,A,-,N,,,,,,,,,,Y,1,1,0,1,A,-,01,23152,A,N,E,I,A,A,H,-,D,D,0,,,,,Y,Y,A,01,0,0,0,0,0,0,0,0,0,"- ","- ",36.421669999999999,-119.85133999999999,FRESNO,UNINCORPORATED,-119.8512832,36.421753600000002
6291175,2014,2014-08-21,9435,2014-06-05,1949,16860,,4,2,9,1000,0,3,5,,2,050,"AUBERRY RD","ROSS KOONTZ RD",27.00,N,N,A,-,N,,,,,,,,,,Y,1,2,0,1,A,-,08,22107,,N,E,I,A,A,H,-,A,D,0,,,Y,,Y,,C,02,0,0,0,0,0,0,0,2,0,"- ","- ",37.038699999999999,-119.51732,FRESNO,UNINCORPORATED,-119.51725066,37.038596009999999
6291176,2014,2014-08-21,9435,2014-06-13,0200,16507,,5,3,9,1000,0,3,5,,2,060,"DINUBA AV","ENGLEHART AV",1056.00,E,N,A,-,N,,,,,,,,,,Y,1,1,0,2,A,-,08,22107,,N,C,E,A,A,H,-,D,D,0,,,,Y,Y,,D,22,0,0,0,0,0,0,0,0,0,"- ","- ",36.589500000000001,-119.40891000000001,FRESNO,UNINCORPORATED,-119.40939640000001,36.589494199999997
6291186,2014,2015-12-18,9435,2014-07-04,0110,017088,,5,3,9,1000,0,3,5,,2,060,"SOUTH AV","ALTA AV",528.00,E,N,A,-,N,,,,,,,,,,Y,1,1,2,1,A,-,08,22107,,N,E,I,A,A,H,-,D,D,0,,,,,Y,Y,A,01,0,2,0,0,0,0,0,0,0,"- ","- ",36.618380000000002,-119.39230000000001,FRESNO,UNINCORPORATED,-119.39301267,36.618411530000003
6291208,2014,2015-12-30,9435,2014-07-30,0540,18865,,3,3,9,1000,0,3,5,,2,015,"JENSEN AV","BRAWLEY AV",756.00,W,N,B,-,N,,,,,,,,,,Y,1,1,1,2,A,-,05,21650,,N,A,C,A,A,H,-,B,D,0,,,,,Y,,A,07,0,1,0,0,0,0,0,0,0,"- ","- ",36.706499999999998,-119.8664,FRESNO,UNINCORPORATED,-119.86494697000001,36.706502860000001
6291336,2014,2015-12-30,9461,2014-07-12,1353,17493,,6,1,9,1000,0,1,3,,1,603,"RT 33","PANOCHE RD",0.00,,Y,A,-,Y,FRE,6,33,-,-,59.430,I,5,S,Y,1,1,0,2,A,-,12,22450,A,N,D,C,A,A,H,-,A,A,0,,,,Y,Y,,D,22,0,0,0,0,0,0,0,0,0,"- ","- ",36.719569999999997,-120.38724000000001,FRESNO,UNINCORPORATED,-120.38718068999999,36.720117680000001