CASE_ID,ACCIDENT_YEAR,PROC_DATE,JURIS,COLLISION_DATE,COLLISION_TIME,OFFICER_ID,REPORTING_DISTRICT,DAY_OF_WEEK,CHP_SHIFT,POPULATION,CNTY_CITY_LOC,SPECIAL_COND,BEAT_TYPE,CHP_BEAT_TYPE,CITY_DIVISION_LAPD,CHP_BEAT_CLASS,BEAT_NUMBER,PRIMARY_RD,SECONDARY_RD,DISTANCE,DIRECTION,INTERSECTION,WEATHER_1,WEATHER_2,STATE_HWY_IND,CALTRANS_COUNTY,CALTRANS_DISTRICT,STATE_ROUTE,ROUTE_SUFFIX,POSTMILE_PREFIX,POSTMILE,LOCATION_TYPE,RAMP_INTERSECTION,SIDE_OF_HWY,TOW_AWAY,COLLISION_SEVERITY,NUMBER_KILLED,NUMBER_INJURED,PARTY_COUNT,PRIMARY_COLL_FACTOR,PCF_CODE_OF_VIOL,PCF_VIOL_CATEGORY,PCF_VIOLATION,PCF_VIOL_SUBSECTION,HIT_AND_RUN,TYPE_OF_COLLISION,MVIW,PED_ACTION,ROAD_SURFACE,ROAD_COND_1,ROAD_COND_2,LIGHTING,CONTROL_DEVICE,CHP_ROAD_TYPE,PEDESTRIAN_ACCIDENT,BICYCLE_ACCIDENT,MOTORCYCLE_ACCIDENT,TRUCK_ACCIDENT,NOT_PRIVATE_PROPERTY,ALCOHOL_INVOLVED,STWD_VEHTYPE_AT_FAULT,CHP_VEHTYPE_AT_FAULT,COUNT_SEVERE_INJ,COUNT_VISIBLE_INJ,COUNT_COMPLAINT_PAIN,COUNT_PED_KILLED,COUNT_PED_INJURED,COUNT_BICYCLIST_KILLED,COUNT_BICYCLIST_INJURED,COUNT_MC_KILLED,COUNT_MC_INJURED,PRIMARY_RAMP,SECONDARY_RAMP,LATITUDE,LONGITUDE,COUNTY,CITY,POINT_X,POINT_Y
6291341,2014,2014-10-22,9435,2014-07-19,0835,19032,,6,1,7,1005,0,1,3,,2,105,"RT 99","HERNDON AV",3696.00,S,N,A,-,Y,FRE,6,99,-,-,30.300,H,-,N,Y,1,1,0,2,A,-,03,22350,,N,C,C,A,A,D,-,A,D,1,,,,Y,Y,,D,22,0,0,0,0,0,0,0,0,0,"- ","- ",36.823610000000002,-119.9064,FRESNO,FRESNO,-119.91508036,36.830497479999998
6291363,2014,2016-01-13,9435,2014-08-18,1748,14590,,1,2,9,1000,0,3,5,,2,050,"LODGE RD","WIEMILLER RD",1584.00,W,N,A,-,N,,,,,,,,,,Y,1,1,0,1,A,-,08,22107,,N,F,A,A,A,H,-,A,D,0,,,,,Y,Y,D,22,0,0,0,0,0,0,0,0,0,"- ","- ",37.029760000000003,-119.4452,FRESNO,UNINCORPORATED,-119.44778779000001,37.031233649999997
6291413,2014,2014-10-28,9435,2014-08-15,0005,18574,,5,3,9,1000,0,3,5,,2,015,"CALIFORNIA AV","HOWARD AV",2640.00,W,N,A,-,N,,,,,,,,,,Y,1,1,0,2,A,-,09,21801,A,N,D,C,A,A,H,-,D,D,0,,,Y,,Y,Y,D,22,0,0,0,0,0,0,0,1,0,"- ","- ",36.720399999999998,-119.0352,FRESNO,UNINCORPORATED,-120.03329297000001,36.720385550000003
6291432,2014,2015-07-21,9435,2014-08-12,1440,014650,,2,2,9,1000,0,3,5,,2,040,"NEBRASKA AV","RT 43",957.00,W,N,A,-,N,,,,,,,,,,Y,1,1,0,2,A,-,08,22107,,N,H,G,A,A,H,-,A,D,0,,Y,,,Y,,L,04,0,0,0,0,0,1,0,0,0,"- ","- ",36.561700000000002,-119.63146999999999,FRESNO,UNINCORPORATED,-119.63210106,36.561621950000003
6291435,2014,2014-10-30,9435,2014-08-20,2500,017088,,3,4,9,1000,0,1,3,,2,184,"RT 180","RT 63",6864.00,W,N,A,-,Y,FRE,6,180,-,-,86.410,H,-,W,Y,1,1,0,1,A,-,08,22107,,N,E,I,A,A,H,-,A,D,0,,,,,Y,,A,07,0,0,0,0,0,0,0,0,0,"- ","- ",36.72363,-119.30355,FRESNO,UNINCORPORATED,-119.30526086,36.723470300000002
6291473,2014,2014-10-27,1005,2014-06-25,1200,P959,SOUTH,3,5,7,1005,0,0,0,,0,2465,BELMONT,MINNEWAWA,1000.00,E,N,A,-,N,,,,,,,,,,N,1,1,0,1,A,-,03,22350,,N,E,-,A,A,H,-,A,D,0,,,Y,,Y,,C,02,0,0,0,0,0,0,0,1,0,"- ","- ",,,FRESNO,FRESNO,-119.70577913,36.750487509999999
6291537,2014,2014-10-31,9435,2014-07-31,1220,11603,,4,1,9,1000,0,3,5,,2,015,"MANNING AV","FOWLER AV",91.00,W,N,A,-,N,,,,,,,,,,Y,1,2,4,3,A,-,01,23152,A,F,C,C,A,A,H,-,A,D,0,,,,Y,Y,Y,G,25,2,0,2,0,0,0,0,0,0,"- ","- ",36.605699999999999,-119.68243,FRESNO,UNINCORPORATED,-119.68269979999999,36.605449849999999
6291613,2014,2014-11-13,9435,2014-09-12,0610,17088,,5,1,9,1000,0,3,5,,2,060,"REED AV","CENTRAL AV",3696.00,N,N,A,-,N,,,,,,,,,,Y,1,1,13,2,A,-,03,22350,,N,C,C,A,A,H,-,A,D,0,,,,,Y,,D,22,1,0,12,0,0,0,0,0,0,"- ","- ",36.687579999999997,-119.45739,FRESNO,UNINCORPORATED,-119.45744087,36.68699204
6291621,2014,2016-01-13,9435,2014-09-27,0032,16048,,6,3,7,1005,0,1,3,,2,410,"RT 41","HUNTINGTON BL",342.00,N,N,A,-,Y,FRE,6,41,-,R,23.410,H,-,S,Y,1,1,0,1,A,-,01,23152,A,N,E,I,A,A,H,-,C,D,1,,,,,Y,Y,A,01,0,0,0,0,0,0,0,0,0,"- ","- ",36.740070000000003,-119.77769000000001,FRESNO,FRESNO,-119.77764873,36.738139099999998
6291623,2014,2016-01-13,9435,2014-09-28,1530,17489,,7,2,9,1000,0,3,5,,2,025,"MILLERTON RD","WINCHELL COVE RD",1056.00,W,N,B,-,N,,,,,,,,,,Y,1,1,0,2,A,-,08,22107,,N,F,A,A,A,H,-,A,D,0,,,Y,,Y,,C,02,0,0,0,0,0,0,0,1,0,"- ","- ",36.984209999999997,-119.66222999999999,FRESNO,UNINCORPORATED,-119.66307303000001,36.984602459999998
6291639,2014,2014-11-19,9435,2014-08-28,1830,18883,,4,2,9,1000,0,3,5,,2,020,"FLORAL AV","ELM AV",0.00,,Y,A,-,N,,,,,,,,,,Y,1,3,4,4,A,-,12,22450,A,F,D,C,A,A,H,-,A,A,0,,,,,Y,,D,22,0,3,1,0,0,0,0,0,0,"- ","- ",36.576219999999999,-119.79094000000001,FRESNO,UNINCORPORATED,-119.79094988999999,36.57625006
6291661,2014,2015-07-20,9435,2014-10-18,0525,17215,,6,3,9,1000,0,3,5,,2,030,"CLOVIS AV","GARLAND AV",537.00,S,N,A,-,N,,,,,,,,,,Y,1,1,0,4,A,-,11,21956,A,N,G,B,E,A,H,-,D,D,0,Y,,,,Y,Y,N,60,0,0,0,1,0,0,0,0,0,"- ","- ",36.785119999999999,-119.70043,FRESNO,UNINCORPORATED,-119.70055000000001,36.785139999999998
6291722,2014,2014-12-16,9495,2014-10-26,1555,19453,,7,2,9,1000,0,1,1,,2,003,"RT 5","JAYNE AV",6600.00,N,N,A,-,Y,FRE,6,5,-,-,6.560,H,-,S,Y,1,1,1,1,A,-,08,22107,,N,F,A,A,A,H,-,A,D,1,,,,,Y,,A,07,1,0,0,0,0,0,0,0,0,"- ","- ",36.149740000000001,-120.16949,FRESNO,UNINCORPORATED,-120.17027677,36.14996996
6291847,2014,2016-01-12,9435,2014-10-30,2238,15890,,4,3,7,1005,0,1,3,,2,410,"RT 41","ASHLAN AV",852.00,N,N,A,-,Y,FRE,6,41,-,R,27.630,H,-,S,N,1,1,0,4,A,-,11,21956,A,F,G,B,D,A,H,-,D,D,1,Y,,,,Y,Y,N,60,0,0,0,1,0,0,0,0,0,"- ","- ",36.799169999999997,-119.78549,FRESNO,FRESNO,-119.78537470000001,36.796587039999999
6291916,2014,2015-02-10,9435,2014-11-14,2130,019473,,5,2,9,1000,0,1,3,,1,412,"RT 41","HARLAN AV",2278.00,N,N,A,-,Y,FRE,6,41,-,R,3.500,H,-,S,Y,1,2,3,2,A,-,06,21751,,N,A,C,A,A,H,-,D,D,0,,,,,Y,,A,01,1,2,0,0,0,0,0,0,0,"- ","- ",36.45026,-119.7975,FRESNO,UNINCORPORATED,-119.79706371,36.452456400000003
6291921,2014,2015-02-06,9435,2014-11-22,1810,18609,,6,2,9,1000,0,3,5,,2,030,"DAKOTA AV","CLOVIS AV",528.00,W,N,B,-,N,,,,,,,,,,N,1,1,0,1,A,-,01,23152,A,N,F,A,A,A,H,-,D,D,0,,,Y,,Y,Y,C,06,0,0,0,0,0,0,0,1,0,"- ","- ",36.787430000000001,-119.70307,FRESNO,UNINCORPORATED,-119.70044,36.78707
6291984,2014,2015-12-28,1005,2014-01-16,1737,P904,NEH,4,5,7,1005,0,0,0,,0,1961,"DAKOTA AV","MAPLE AV",664.00,E,N,A,-,N,,,,,,,,,,Y,1,1,0,2,A,-,11,21954,A,N,G,B,D,A,H,-,D,D,0,Y,,,,Y,,N,60,0,0,0,1,0,0,0,0,0,"- ","- ",,,FRESNO,FRESNO,-119.74301405,36.786810010000004
6292082,2014,2015-04-14,9435,2014-12-05,0742,19789,,5,1,9,1000,0,3,5,,2,030,"LEONARD AV","SHEILDS AV",0.00,,Y,A,-,N,,,,,,,,,,Y,1,1,1,2,A,-,09,21802,A,N,D,C,A,A,H,-,A,A,0,,,,,Y,,A,01,0,1,0,0,0,0,0,0,0,"- ","- ",36.779310000000002,-119.63696,FRESNO,UNINCORPORATED,-119.63695987,36.77928
6292201,2015,2017-04-21,9435,2015-02-02,0615,19697,,1,1,7,1005,0,1,3,,2,106,"RT 99","CHURCH AV",143.00,N,N,A,-,Y,FRE,6,99,-,-,19.230,H,-,S,Y,1,1,0,2,A,-,11,21954,A,N,G,B,D,A,H,-,D,D,1,Y,,,,Y,,N,60,0,0,0,1,0,0,0,0,0,"- ","- ",36.714500000000001,-119.78108,FRESNO,FRESNO,-119.78164821,36.714444880000002
6292276,2015,2015-06-17,9435,2015-03-14,1320,16507,,6,1,9,1000,0,3,5,,2,060,"PIEDRA RD","RT 180",405.00,N,N,A,-,N,,,,,,,,,,Y,1,1,1,1,A,-,01,23152,A,N,E,I,A,A,H,-,A,D,0,,,,,Y,Y,D,22,0,1,0,0,0,0,0,0,0,"- ","- ",36.730179999999997,-119.46625,FRESNO,UNINCORPORATED,-119.46628,36.728909999999999
6292277,2015,2017-04-25,9435,2015-03-17,1850,14650,,2,2,9,1000,0,1,3,,1,411,"RT 41","CLAYTON AV",1234.00,S,N,A,-,Y,FRE,6,41,-,R,16.490,H,-,S,Y,1,1,0,1,A,-,08,22107,,N,F,A,A,A,H,-,A,D,0,,,,,Y,,D,22,0,0,0,0,0,0,0,0,0,"- ","- ",36.637929999999997,-119.78619999999999,FRESNO,UNINCORPORATED,-119.78594508,36.639837059999998
6292293,2015,2015-06-24,9435,2015-04-10,0735,17088,,5,1,9,1000,0,3,5,,2,060,"SOUTH AV","HILL AV",0.00,,Y,A,-,N,,,,,,,,,,Y,1,1,1,2,A,-,12,22450,A,N,D,C,A,A,H,-,A,A,0,,,Y,,Y,,C,02,0,0,1,0,0,0,0,1,0,"- ","- ",36.617789999999999,-119.34054999999999,FRESNO,UNINCORPORATED,-119.34050990999999,36.617620080000002
6292301,2015,2016-04-04,9435,2015-04-19,0518,19648,,7,3,9,1000,0,1,3,,2,106,"RT 99","MERCED ST",4224.00,S,N,A,-,Y,FRE,6,99,-,-,10.300,H,-,S,N,1,1,0,2,A,-,11,21956,A,N,G,B,E,A,H,-,D,D,1,Y,,,,Y,Y,N,60,0,0,0,1,0,0,0,0,0,"- ","- ",36.617530000000002,-119.67418000000001,FRESNO,UNINCORPORATED,-119.67481352999999,36.617712089999998
6292514,2015,2015-08-21,9495,2015-03-19,0205,19962,,4,3,9,1000,0,1,1,,2,002,"RT 5","RT 145",15840.00,N,N,A,-,Y,FRE,6,5,-,-,19.670,H,-,S,Y,1,1,5,1,A,-,08,22107,,N,E,I,A,A,H,-,D,D,1,,,,,Y,,A,07,1,3,1,0,0,0,0,0,0,"- ","- ",36.314309999999999,-120.28671,FRESNO,UNINCORPORATED,-120.28672569,36.314421699999997
6292607,2015,2015-09-11,9435,2015-05-24,2330,19603,,7,3,9,1000,0,3,5,,2,020,"COLORADO AV","RT 145",7392.00,W,N,A,-,N,,,,,,,,,,Y,1,1,1,1,A,-,08,22107,,N,F,A,A,A,H,-,D,D,0,,,,,Y,,A,01,1,0,0,0,0,0,0,0,0,"- ","- ",36.553460000000001,-120.11744,FRESNO,UNINCORPORATED,-120.11496038999999,36.55117766
6292929,2016,2018-09-24,1005,2016-02-17,1805,P731,2351,3,5,7,1005,0,0,0,,0,01A,"GOLDEN STATE BL","PINE AV",307.00,N,N,A,-,N,,,,,,,,,,Y,1,1,1,2,A,-,11,21954,A,N,G,B,D,A,H,-,E,D,0,Y,,,,Y,,N,60,0,1,0,1,0,0,0,0,0,"- ","- ",,,FRESNO,FRESNO,-119.82741387999999,36.76259125
6292930,2016,2017-10-02,1005,2016-02-20,0113,P1070,NEC,6,5,7,1005,0,0,0,,0,1556,"BLACKSTONE AV","AUTO CENTER DR",162.00,S,N,A,-,N,,,,,,,,,,Y,1,1,0,1,A,-,01,23152,B,N,E,I,A,A,H,-,C,A,0,,,,,Y,Y,A,01,0,0,0,0,0,0,0,0,0,"- ","- ",,,FRESNO,FRESNO,-119.79049999999999,36.81890533
6292931,2016,2017-10-02,1005,2016-03-05,1625,P1070,NWC,6,5,7,1005,0,0,0,,0,1642,"BARSTOW AV","ISLAND WATERPARK DR",235.00,W,N,B,C,N,,,,,,,,,,Y,1,1,1,2,A,-,03,22350,,N,D,C,A,B,H,-,A,D,0,,,,,Y,,A,01,0,0,1,0,0,0,0,0,0,"- ","- ",36.815359999999998,-119.89699,FRESNO,FRESNO,-119.89791895,36.815378559999999
6292934,2016,2017-10-02,1005,2016-04-05,1446,P982,NE,2,5,7,1005,0,0,0,,0,1156,"N FRESNO ST","E EL PASO AV",11.00,S,N,A,-,N,,,,,,,,,,Y,1,1,0,2,A,-,12,21453,A,N,G,B,B,A,H,-,A,A,0,Y,,,,Y,,A,07,0,0,0,1,0,0,0,0,0,"- ","- ",,,FRESNO,FRESNO,-119.78386956999999,36.848259810000002
6292937,2016,2017-10-02,1005,2016-04-26,0354,P1070,NWB,2,5,7,1005,0,0,0,,0,1352,"WEST AV","SIERRA AV",505.00,N,N,A,-,N,,,,,,,,,,Y,1,1,0,1,A,-,01,23152,B,N,E,I,A,A,H,-,C,D,0,,,,,Y,Y,A,01,0,0,0,0,0,0,0,0,0,"- ","- ",36.830060000000003,-119.8263,FRESNO,FRESNO,-119.82647737000001,36.831356200000002
6292938,2016,2018-09-24,1005,2016-06-18,0025,P731,2158,6,5,7,1005,0,0,0,,0,NEG,"SHIELDS AV","1ST ST",290.00,W,N,A,-,N,,,,,,,,,,Y,1,1,0,1,A,-,08,22107,,N,E,I,A,A,H,-,C,A,0,,,,,Y,,D,22,0,0,0,0,0,0,0,0,0,"- ","- ",36.779600000000002,-119.77263000000001,FRESNO,FRESNO,-119.77364942,36.779694239999998
6345083,2014,2014-06-06,9435,2014-01-05,1835,18883,,7,2,9,1000,0,3,5,,2,034,"AMERICAN AV","DEWOLF AV",354.00,W,N,A,-,N,,,,,,,,,,Y,2,0,1,1,A,-,01,23152,A,N,E,I,A,A,H,-,D,D,0,,,,,Y,Y,A,01,1,0,0,0,0,0,0,0,0,"- ","- ",36.66348,-119.64778,FRESNO,UNINCORPORATED,-119.64718603999999,36.663451389999999
6345116,2014,2015-11-16,9435,2014-01-11,2010,19039,,6,2,9,1000,0,1,3,,1,169,"RT 168","GROUSE CREEK",2112.00,E,N,A,-,Y,FRE,6,168,-,-,61.595,H,-,W,Y,2,0,1,1,A,-,01,23152,A,N,E,I,A,B,H,-,D,D,0,,,,,Y,Y,A,07,1,0,0,0,0,0,0,0,0,"- ","- ",37.220089999999999,-119.19136,FRESNO,UNINCORPORATED,-119.19177067,37.219884630000003
6351247,2016,2016-03-28,1001,2016-02-21,1040,5250,,7,5,5,1001,0,0,0,,0,003,"KEATS AV",ARMSTRONG,358.00,E,N,A,-,N,,,,,,,,,,Y,2,0,1,2,A,-,08,22107,,N,D,C,A,A,H,-,A,D,0,,,Y,,Y,,A,01,1,0,0,0,0,0,0,0,1,"- ","- ",36.810980000000001,-119.67301,FRESNO,CLOVIS,-119.67301,36.810980000000001
6354802,2014,2016-03-24,9435,2014-01-13,0644,13112,,1,1,9,1000,0,1,3,,1,412,"RT 41","MANNING AV",0.00,,Y,E,-,Y,FRE,6,41,-,R,14.101,I,5,S,Y,2,0,2,2,A,-,08,22101,D,N,D,C,A,A,H,-,C,A,0,,,,,Y,,A,01,1,0,1,0,0,0,0,0,0,"- ","- ",36.605359999999997,-119.78713999999999,FRESNO,UNINCORPORATED,-119.78598968,36.605259029999999
6356371,2014,2014-06-04,9435,2014-01-15,1715,013780,,3,2,9,1000,0,3,5,,2,025,"MCCALL AV","ASHLAN AV",1900.00,N,N,A,-,N,,,,,,,,,,Y,2,0,1,1,A,-,01,23152,A,N,E,I,A,A,H,-,A,D,0,,,,,Y,Y,A,07,1,0,0,0,0,0,0,0,0,"- ","- ",,,FRESNO,UNINCORPORATED,-119.61025481999999,36.79907472
6365760,2014,2014-06-04,9435,2014-01-25,2213,016860,,6,3,9,1000,0,3,5,,2,025,"AUBERRY RD","SJ AND E RD",56.00,S,N,A,-,N,,,,,,,,,,Y,2,0,1,1,A,-,01,23152,A,N,E,I,A,A,H,-,D,D,0,,,,,Y,Y,D,22,1,0,0,0,0,0,0,0,0,"- ","- ",37.075189999999999,-119.48549,FRESNO,UNINCORPORATED,-119.48552635999999,37.075210679999998
6371018,2014,2015-11-16,9435,2014-01-26,1507,15902,,7,2,9,1000,0,1,3,,1,169,"RT 168","WOODLAND RD",1320.00,W,N,A,-,Y,FRE,6,168,-,-,41.430,H,-,E,Y,2,0,1,1,A,-,01,23152,A,N,F,A,A,A,H,-,A,D,0,,,,,Y,Y,D,22,1,0,0,0,0,0,0,0,0,"- ","- ",37.072110000000002,-119.34437,FRESNO,UNINCORPORATED,-119.34451855,37.072552870000003
6375295,2014,2014-06-03,9435,2014-01-26,0320,18935,,7,3,9,1000,0,3,5,,2,040,"GOLDEN STATE BL","DOCKERY AV",600.00,N,N,A,-,N,,,,,,,,,,Y,2,0,1,1,A,-,01,23152,A,N,E,I,A,A,H,-,C,D,0,,,,,Y,Y,A,01,1,0,0,0,0,0,0,0,0,"- ","- ",36.559040000000003,-119.60393999999999,FRESNO,UNINCORPORATED,-119.60325769000001,36.55823685
6375311,2014,2014-06-03,9435,2014-01-29,1153,13112,,3,1,9,1000,0,3,5,,2,040,"RIVERDALE AV","DEWOLF AV",1056.00,W,N,A,-,N,,,,,,,,,,N,2,0,1,1,A,-,08,22107,,N,F,A,A,A,H,-,A,D,0,,Y,,,Y,,L,04,1,0,0,0,0,0,1,0,0,"- ","- ",36.438000000000002,-119.65918000000001,FRESNO,UNINCORPORATED,-119.65816723,36.438033689999997
6389511,2014,2014-07-07,9435,2014-02-11,2028,018827,,2,2,9,1000,0,3,5,,2,034,"CENTRAL AV","NEWMARK AV",18.00,E,N,A,-,N,,,,,,,,,,Y,2,0,2,1,A,-,03,22350,,N,E,I,A,A,H,-,D,D,0,,,,,Y,,A,01,2,0,0,0,0,0,0,0,0,"- ","- ",36.677610000000001,-119.54662,FRESNO,UNINCORPORATED,-119.54680999999999,36.677729999999997
6390408,2014,2014-06-10,9435,2014-01-18,1145,14479,,6,1,9,1000,0,3,5,,2,030,"TRIMMER SPRINGS RD","E TRIMMER SPRINGS RD",690.00,E,N,A,-,N,,,,,,,,,,N,2,0,1,1,A,-,08,22107,,N,F,A,A,A,H,-,A,D,0,,Y,,,Y,,L,04,1,0,0,0,0,0,1,0,0,"- ","- ",36.868699999999997,-119.29559999999999,FRESNO,UNINCORPORATED,-119.27685391,36.900155789999999
6390463,2014,2014-06-10,9435,2014-01-30,1535,18574,,4,2,9,1000,0,3,5,,2,010,"PALM AV","HAMPTON WY",0.00,,Y,A,-,N,,,,,,,,,,Y,2,0,2,2,A,-,09,21801,A,N,D,C,A,A,H,-,A,D,0,,,Y,,Y,,A,01,1,0,1,0,0,0,0,0,1,"- ","- ",36.792009999999998,-119.80856,FRESNO,UNINCORPORATED,-119.80864991,36.79209007
6400379,2014,2014-06-20,9435,2014-02-20,1710,015751,,4,2,9,1000,0,3,5,,2,030,"DEWOLF AV","OLIVE AV",0.00,,Y,A,-,N,,,,,,,,,,Y,2,0,1,1,A,-,01,23152,A,N,E,I,A,A,H,-,A,A,0,,,Y,,Y,Y,C,02,1,0,0,0,0,0,0,0,1,"- ","- ",36.757399999999997,-119.64588999999999,FRESNO,UNINCORPORATED,-119.64597989000001,36.757520100000001
6400383,2014,2014-06-20,9435,2014-02-20,0515,019032,,4,3,9,1000,0,3,5,,2,025,"OLIVE AV","FANCHER AV",0.00,,Y,A,-,N,,,,,,,,,,Y,2,0,1,1,A,-,01,23152,A,N,E,I,A,A,H,-,D,A,0,,,,,Y,Y,-,,1,0,0,0,0,0,0,0,0,"- ","- ",36.757510000000003,-119.63247,FRESNO,UNINCORPORATED,-119.6324599,36.757460029999997
6400400,2014,2014-06-20,9435,2014-02-27,2109,017579,,4,2,9,1000,0,3,5,,2,010,"MARKS AV","OLIVE ST",600.00,S,N,A,-,N,,,,,,,,,,N,2,0,1,2,A,-,11,21956,A,N,G,B,E,A,H,-,D,D,0,Y,,,,Y,Y,N,60,1,0,0,0,1,0,0,0,0,"- ","- ",36.755710000000001,-119.84433,FRESNO,UNINCORPORATED,-119.84431734,36.75578299
6427644,2014,2014-06-27,9435,2014-03-25,1340,017138,,2,1,9,1000,0,3,5,,2,020,"ELKHORN AV","FRUIT AV",500.00,E,N,A,-,N,,,,,,,,,,Y,2,0,2,2,A,-,08,22107,,N,D,C,A,A,H,-,A,D,0,,,,,Y,,D,22,1,0,1,0,0,0,0,0,0,"- ","- ",36.489249999999998,-119.82177,FRESNO,UNINCORPORATED,-119.82279020999999,36.489236779999999
6432224,2014,2016-03-24,9435,2014-03-27,1645,018574,,4,2,7,1005,0,1,3,,2,105,"RT 99","BELMONT AV",100.00,S,N,A,-,Y,FRE,6,99,-,-,22.720,H,-,N,Y,2,0,1,2,A,-,03,22350,,N,C,C,A,A,H,-,A,D,1,,,,,Y,,A,01,1,0,0,0,0,0,0,0,0,"- ","- ",36.750169999999997,-119.8248,FRESNO,FRESNO,-119.82468703000001,36.750113470000002
6432312,2014,2015-11-16,9435,2014-03-19,0513,017518,,3,3,9,1000,0,1,3,,1,147,"RT 145","ELKHORN AV",1056.00,N,N,A,-,Y,FRE,6,145,-,-,17.470,H,-,S,Y,2,0,1,1,A,-,08,22107,,N,F,A,A,A,H,-,D,D,0,,,Y,,Y,,C,02,1,0,0,0,0,0,0,0,1,"- ","- ",36.490810000000003,-120.09820000000001,FRESNO,UNINCORPORATED,-120.09832633000001,36.490736800000001
6434357,2014,2014-07-18,9435,2014-04-06,0006,17842,,7,3,9,1000,0,3,5,,2,015,"MAPLE AV","MALAGA AV",220.00,S,N,A,-,N,,,,,,,,,,N,2,0,1,1,A,-,01,23152,A,N,F,A,A,A,H,-,D,D,0,,,Y,,Y,Y,C,02,1,0,0,0,0,0,0,0,1,"- ","- ",36.668320000000001,-119.74572999999999,FRESNO,UNINCORPORATED,-119.74572000000001,36.670076119999997
6444567,2014,2014-07-10,9461,2014-03-23,1400,019724,,7,2,9,1000,0,3,5,,2,030,"LITTLE PANOCHE RD","RT 5",52800.00,W,N,A,-,N,,,,,,,,,,N,2,0,1,1,A,-,08,22107,,N,F,A,A,A,H,-,A,D,0,,,Y,,Y,,C,02,1,0,0,0,0,0,0,0,1,"- ","- ",36.740900000000003,-120.87059000000001,FRESNO,UNINCORPORATED,-120.86943459,36.742604810000003
6448991,2014,2015-11-17,9435,2014-03-28,2036,18574,,5,2,7,1005,0,1,3,,1,168,"RT 168","ASHLAN AV",1056.00,E,N,A,-,Y,FRE,6,168,-,R,3.470,H,-,E,Y,2,0,1,2,A,-,11,21954,A,N,G,B,D,A,H,-,D,D,1,Y,,,,Y,,N,60,1,0,0,0,1,0,0,0,0,"- ","- ",36.79871,-119.74249,FRESNO,FRESNO,-119.74195367999999,36.799397689999999
6450157,2014,2016-03-24,9495,2014-03-28,0655,19453,,5,1,9,1000,0,1,1,,2,002,"RT 5","JEFFREY AV",3485.00,N,N,A,-,Y,FRE,6,5,-,-,25.050,H,-,N,Y,2,0,3,1,A,-,08,22107,,N,E,I,A,A,H,-,A,D,1,,,,,Y,,A,01,1,1,1,0,0,0,0,0,0,"- ","- ",36.2239,-120.203,FRESNO,UNINCORPORATED,-120.34235035,36.37809232
6454095,2014,2015-11-16,9435,2014-03-29,1535,18609,,6,2,7,1005,0,1,3,,1,168,"RT 168","SHIELDS AV",140.00,W,N,A,-,Y,FRE,6,168,-,R,1.990,H,-,E,Y,2,0,2,2,A,-,07,21658,A,F,B,C,A,A,H,-,A,D,1,,,Y,,Y,,D,22,1,1,0,0,0,0,0,0,2,"- ","- ",36.779060000000001,-119.74911,FRESNO,FRESNO,-119.74906793,36.779243790000002
6454098,2014,2014-07-08,9435,2014-03-28,1325,17215,,5,1,9,1000,0,3,5,,2,034,"BETHEL AV","DINUBA AV",0.00,,Y,A,-,N,,,,,,,,,,Y,2,0,2,3,A,-,12,22450,A,N,D,C,A,A,H,-,A,A,0,,,,,Y,,D,22,1,0,1,0,0,0,0,0,0,"- ","- ",36.590609999999998,-119.57489,FRESNO,UNINCORPORATED,-119.57488986,36.590610089999998
6460518,2014,2016-04-09,9435,2014-04-11,2005,013780,,5,2,7,1005,0,1,3,,2,182,"RT 180","CLOVIS AV",365.00,W,N,A,-,Y,FRE,6,180,-,R,62.810,H,-,W,Y,2,0,2,1,A,-,08,22107,,N,F,A,A,A,H,-,D,D,0,,,,,Y,,A,07,1,1,0,0,0,0,0,0,0,"- ","- ",,,FRESNO,FRESNO,-119.70178549000001,36.75289093
6479195,2014,2016-04-09,9495,2014-04-29,1708,19111,,2,2,9,1000,0,1,1,,2,003,"RT 5","JAYNE AV",6336.00,N,N,A,-,Y,FRE,6,5,-,-,6.610,H,-,N,Y,2,0,1,1,A,-,08,22107,,N,F,A,A,A,H,-,A,D,1,,,,,Y,,A,07,1,0,0,0,0,0,0,0,0,"- ","- ",36.15578,-120.17511,FRESNO,UNINCORPORATED,-120.17052237999999,36.150735539999999
6484935,2014,2014-08-06,9435,2014-05-07,1205,15095,,3,1,9,1000,0,3,5,,2,040,"ZEDIKER AV","MOUNTAIN VIEW AV",0.00,,Y,A,-,N,,,,,,,,,,Y,2,0,2,2,A,-,12,22450,A,N,D,C,A,A,H,-,A,A,0,,,,,Y,,A,01,1,0,1,0,0,0,0,0,0,"- ","- ",36.324849999999998,-119.31619999999999,FRESNO,UNINCORPORATED,-119.52129999,36.546790090000002
6487259,2014,2014-07-15,9435,2014-04-22,1720,013780,,2,2,9,1000,0,3,5,,2,025,"FOWLER AV","TEAGUE AV",32.00,N,N,A,-,N,,,,,,,,,,Y,2,0,1,2,A,-,09,21801,A,N,F,A,A,A,H,-,A,D,0,,,Y,,Y,,A,08,1,0,0,0,0,0,0,0,1,"- ","- ",,,FRESNO,UNINCORPORATED,-119.68402949999999,36.859337830000001
6495637,2014,2014-07-31,9461,2014-05-26,1120,011735,,1,1,9,1000,0,3,5,,2,030,"NORTH BANK OF DELTA MENDOTA CANAL","RUSSELL AV",4752.00,E,N,A,-,N,,,,,,,,,,Y,2,0,1,1,A,-,01,23152,A,N,F,A,A,A,H,-,A,D,0,,,,,Y,,D,22,1,0,0,0,0,0,0,0,0,"- ","- ",,,FRESNO,UNINCORPORATED,,
6496214,2014,2014-07-09,1011,2014-04-25,1729,K029,PARLI,5,5,3,1011,0,0,0,,0,0PA,"MANNING AV","MADSEN AV",0.00,,Y,C,-,N,,,,,,,,,,Y,2,0,3,2,A,-,08,22107,,N,C,C,A,B,H,-,A,A,0,,,,,Y,,-,,1,0,2,0,0,0,0,0,0,"- ","- ",,,FRESNO,PARLIER,-119.53879996000001,36.604930099999997