CASE_ID,ACCIDENT_YEAR,PROC_DATE,JURIS,COLLISION_DATE,COLLISION_TIME,OFFICER_ID,REPORTING_DISTRICT,DAY_OF_WEEK,CHP_SHIFT,POPULATION,CNTY_CITY_LOC,SPECIAL_COND,BEAT_TYPE,CHP_BEAT_TYPE,CITY_DIVISION_LAPD,CHP_BEAT_CLASS,BEAT_NUMBER,PRIMARY_RD,SECONDARY_RD,DISTANCE,DIRECTION,INTERSECTION,WEATHER_1,WEATHER_2,STATE_HWY_IND,CALTRANS_COUNTY,CALTRANS_DISTRICT,STATE_ROUTE,ROUTE_SUFFIX,POSTMILE_PREFIX,POSTMILE,LOCATION_TYPE,RAMP_INTERSECTION,SIDE_OF_HWY,TOW_AWAY,COLLISION_SEVERITY,NUMBER_KILLED,NUMBER_INJURED,PARTY_COUNT,PRIMARY_COLL_FACTOR,PCF_CODE_OF_VIOL,PCF_VIOL_CATEGORY,PCF_VIOLATION,PCF_VIOL_SUBSECTION,HIT_AND_RUN,TYPE_OF_COLLISION,MVIW,PED_ACTION,ROAD_SURFACE,ROAD_COND_1,ROAD_COND_2,LIGHTING,CONTROL_DEVICE,CHP_ROAD_TYPE,PEDESTRIAN_ACCIDENT,BICYCLE_ACCIDENT,MOTORCYCLE_ACCIDENT,TRUCK_ACCIDENT,NOT_PRIVATE_PROPERTY,ALCOHOL_INVOLVED,STWD_VEHTYPE_AT_FAULT,CHP_VEHTYPE_AT_FAULT,COUNT_SEVERE_INJ,COUNT_VISIBLE_INJ,COUNT_COMPLAINT_PAIN,COUNT_PED_KILLED,COUNT_PED_INJURED,COUNT_BICYCLIST_KILLED,COUNT_BICYCLIST_INJURED,COUNT_MC_KILLED,COUNT_MC_INJURED,PRIMARY_RAMP,SECONDARY_RAMP,LATITUDE,LONGITUDE,COUNTY,CITY,POINT_X,POINT_Y
6501078,2014,2016-04-09,9435,2014-05-05,1528,019385,,1,2,2,1008,0,1,3,,2,107,"RT 99","BETHEL AV",75.00,S,N,A,-,Y,FRE,6,99,-,R,0.250,R,2,N,Y,2,0,3,1,A,-,03,22350,,N,E,J,A,A,H,-,A,D,1,,,,,Y,,A,01,1,1,1,0,0,0,0,0,0,"- ","- ",36.530589999999997,-119.57513,FRESNO,KINGSBURG,-119.55265346,36.510576999999998
6501490,2014,2015-12-22,9435,2014-05-08,0140,017842,,4,3,9,1000,0,3,5,,2,040,"BETHEL AV","MANNING AV",1056.00,S,N,A,-,N,,,,,,,,,,Y,1,1,0,1,A,-,08,22107,,N,E,I,A,A,H,-,D,D,0,,,,,Y,Y,A,01,0,0,0,0,0,0,0,0,0,"- ","- ",36.601930000000003,-119.57483000000001,FRESNO,UNINCORPORATED,-119.5748451,36.602291700000002
6513206,2014,2014-08-11,9435,2014-06-06,2037,018939,,5,2,9,1000,0,3,5,,2,040,"SAGINAW AV","TEMPERANCE AV",528.00,E,N,A,-,N,,,,,,,,,,Y,2,0,1,1,A,-,08,22107,,N,E,I,A,A,H,-,D,D,0,,,,,Y,,A,01,1,0,0,0,0,0,0,0,0,"- ","- ",36.554290000000002,-119.66303000000001,FRESNO,UNINCORPORATED,-119.66290368,36.554319120000002
6513837,2014,2014-06-26,1013,2014-02-27,1602,M031,M170,4,5,3,1013,0,0,0,,0,001,"JENSEN AV","HAWLEY AV",0.00,,Y,B,-,N,,,,,,,,,,Y,2,0,2,1,A,-,08,22107,,N,E,I,A,A,H,-,C,D,0,,,,,Y,Y,-,,1,0,1,0,0,0,0,0,0,"- ","- ",,,FRESNO,SANGER,-119.56653994,36.70678006
6514838,2014,2016-04-12,9435,2014-05-23,1825,014650,,5,2,9,1000,0,1,3,,1,430,"RT 43","KAMM AV",1584.00,S,N,A,-,Y,FRE,6,43,-,-,6.040,H,-,S,Y,2,0,1,1,A,-,01,23152,A,F,E,I,A,A,H,-,A,D,0,,,,,Y,Y,A,01,1,0,0,0,0,0,0,0,0,"- ","- ",36.527720000000002,-119.62886,FRESNO,UNINCORPORATED,-119.62889895000001,36.528270310000003
6514846,2014,2016-04-08,9435,2014-05-28,0605,015902,,3,1,9,1000,0,1,3,,1,169,"RT 168","VINEYARD LN",342.00,W,N,A,-,Y,FRE,6,168,-,R,26.580,H,-,E,Y,2,0,1,1,A,-,03,22350,,N,E,I,A,A,H,-,A,A,0,,,,,Y,,A,01,1,0,0,0,0,0,0,0,0,"- ","- ",36.996200000000002,-119.53104,FRESNO,UNINCORPORATED,-119.52877002,36.995109759999998
6514854,2014,2014-08-12,9435,2014-05-17,1315,016860,,6,1,9,1000,0,3,5,,2,050,"DINKEY CREEK RD","US FOREST SERVICE ROAD 10S87",1584.00,W,N,A,-,N,,,,,,,,,,Y,2,0,1,2,A,-,09,21804,A,N,B,C,A,A,H,-,A,D,0,,,,,Y,,A,01,1,0,0,0,0,0,0,0,0,"- ","- ",37.089390000000002,-119.22985,FRESNO,UNINCORPORATED,-119.229877,37.089384690000003
6516006,2014,2016-04-09,9435,2014-05-30,0105,18865,,5,3,9,1000,0,1,3,,1,183,"RT 180","QUALITY AV",3090.00,E,N,A,-,Y,FRE,6,180,-,-,72.920,H,-,E,Y,2,0,3,1,A,-,03,22350,,N,E,J,A,A,D,-,D,D,0,,,,,Y,,A,01,1,2,0,0,0,0,0,0,0,"- ","- ",36.735759999999999,-119.53001999999999,FRESNO,UNINCORPORATED,-119.53257866,36.735632690000003
6516022,2014,2015-12-24,9435,2014-05-26,2025,17088,,1,2,9,1000,0,3,5,,2,060,"FRANKWOOD AV","RT 180",5280.00,N,N,A,-,N,,,,,,,,,,Y,2,0,4,1,A,-,01,23152,A,N,E,I,A,A,H,-,D,D,0,,,,,Y,Y,A,01,3,1,0,0,0,0,0,0,0,"- ","- ",36.739600000000003,-119.44829,FRESNO,UNINCORPORATED,-119.44835,36.73451979
6532434,2014,2014-08-01,1013,2014-05-25,1653,M090,M230,7,5,3,1013,0,0,0,,0,002,"ACADEMY AV","CHURCH AV",73.00,S,N,A,-,N,,,,,,,,,,Y,2,0,1,1,A,-,03,22350,,N,E,I,A,A,H,-,A,D,0,,,Y,,Y,Y,C,02,1,0,0,0,0,0,0,0,1,"- ","- ",,,FRESNO,SANGER,-119.55722947,36.712844140000001
6533138,2014,2014-08-25,9435,2014-06-11,1510,15902,,3,2,9,1000,0,3,5,,2,050,"TRIMMER SPRINGS RD","BIG CREEK RD",30096.00,E,N,A,-,N,,,,,,,,,,Y,2,0,3,1,A,-,03,22350,,N,F,A,A,A,H,-,A,D,0,,,,,Y,,A,07,2,1,0,0,0,0,0,0,0,"- ","- ",36.880929999999999,-119.18738999999999,FRESNO,UNINCORPORATED,-119.26763222,36.907748869999999
6533147,2014,2014-08-25,9435,2014-06-07,1855,19327,,6,2,9,1000,0,3,5,,2,030,"TRIMMER SPRINGS RD","PIEDRA RD",366.00,W,N,A,-,N,,,,,,,,,,Y,2,0,2,1,A,-,01,23152,A,N,B,I,A,A,H,-,A,D,0,,,,,Y,Y,A,08,1,1,0,0,0,0,0,0,0,"- ","- ",36.491500000000002,-119.2307,FRESNO,UNINCORPORATED,-119.38387014,36.82073896
6538937,2014,2015-04-15,9435,2014-06-12,1615,018044,,4,2,9,1000,0,3,5,,2,050,"TOLLHOUSE RD","RT 168",35.00,S,N,A,-,Y,FRE,6,168,-,R,36.176,I,6,E,Y,2,0,1,1,A,-,08,22107,,N,E,I,A,A,H,-,A,D,0,,,Y,,Y,,C,02,1,0,0,0,0,0,0,0,1,"- ","- ",37.060040000000001,-119.36647000000001,FRESNO,UNINCORPORATED,-119.36649971999999,37.060303910000002
6547139,2014,2016-04-09,9435,2014-06-22,0210,019032,,7,3,9,1000,0,1,3,,2,105,"RT 99","HERNDON AV",2112.00,N,N,A,-,Y,FRE,6,99,-,-,31.390,H,-,S,Y,2,0,1,1,A,-,01,23152,A,N,E,I,A,A,H,-,C,D,1,,,Y,,Y,Y,C,02,1,0,0,0,0,0,0,0,1,"- ","- ",36.841000000000001,-119.92905,FRESNO,UNINCORPORATED,-119.92946798,36.841303459999999
6547608,2014,2016-04-09,9435,2014-06-19,1653,017630,,4,2,9,1000,0,1,3,,1,180,"RT 180","POLK AV",150.00,W,N,A,-,Y,FRE,6,180,-,-,52.050,H,-,E,Y,2,0,3,4,A,-,03,22350,,N,C,C,A,A,H,-,A,D,0,,,,,Y,,D,22,1,1,1,0,0,0,0,0,0,"- ","- ",36.735680000000002,-119.8896,FRESNO,UNINCORPORATED,-119.89031864,36.735451689999998
6550071,2014,2016-04-12,9435,2014-06-19,1805,017591,,4,2,9,1000,0,1,3,,1,430,"RT 43","FRESNO/KINGS CO LINE",3500.00,N,N,A,-,Y,FRE,6,43,-,-,0.660,H,-,S,Y,2,0,1,1,A,-,01,23152,A,N,E,I,A,A,H,-,A,D,0,,,,,Y,Y,A,01,1,0,0,0,0,0,0,0,0,"- ","- ",36.452590000000001,-119.63616,FRESNO,UNINCORPORATED,-119.63614947000001,36.451703080000001
6550258,2014,2014-08-21,9435,2014-06-17,0230,018944,,2,3,9,1000,0,3,5,,2,010,"SHIELDS AV","DICKENSON AV",528.00,E,N,A,-,N,,,,,,,,,,Y,2,0,2,1,A,-,01,23152,A,N,E,I,A,A,H,-,D,D,0,,,,,Y,Y,A,01,1,1,0,0,0,0,0,0,0,"- ","- ",36.778820000000003,-119.96789,FRESNO,UNINCORPORATED,-119.96827810000001,36.778710050000001
6563595,2014,2015-12-18,9435,2014-06-25,1248,15902,,3,1,9,1000,0,1,3,,1,169,"RT 168","BALSAM SNOW PARK",2112.00,E,N,A,-,Y,FRE,6,168,-,-,54.380,H,-,W,Y,1,1,1,1,A,-,08,22107,,N,E,I,A,A,H,-,A,A,0,,,,,Y,Y,D,22,1,0,0,0,0,0,0,0,0,"- ","- ",37.157919999999997,-119.23644,FRESNO,UNINCORPORATED,-119.23871471,37.157240129999998
6565435,2014,2014-08-26,9435,2014-07-05,2208,018421,,6,3,9,1000,0,3,5,,2,050,"AUBERRY RD","FRONTIER RD",3168.00,S,N,A,-,N,,,,,,,,,,Y,2,0,3,2,A,-,06,21751,,N,A,C,A,A,H,-,E,D,0,,,,,Y,,A,01,1,2,0,0,0,0,0,0,0,"- ","- ",36.977739999999997,-119.60874,FRESNO,UNINCORPORATED,-119.60881197,36.97715737
6577600,2014,2014-08-29,9435,2014-07-31,0956,018044,,4,1,9,1000,0,3,5,,2,015,"FRUIT AV","AMERICAN AV",0.00,,Y,A,-,N,,,,,,,,,,Y,2,0,5,2,A,-,12,22450,A,N,D,C,A,A,H,-,A,A,0,,,,,Y,,D,22,2,2,1,0,0,0,0,0,0,"- ","- ",36.663290000000003,-119.81789000000001,FRESNO,UNINCORPORATED,-119.81779987,36.663230050000003
6587416,2014,2016-02-08,1015,2014-08-01,1209,N096,,5,5,3,1015,0,0,0,,0,001,"GOLDEN STATE BL","DINUBA AV",0.00,,Y,A,-,N,,,,,,,,,,Y,2,0,1,2,A,-,09,21802,A,N,C,C,A,A,H,-,A,A,0,,,,,Y,,-,,1,0,0,0,0,0,0,0,0,"- ","- ",,,FRESNO,SELMA,-119.63864999,36.59051006
6606023,2014,2014-08-26,9435,2014-03-27,1327,18823,,4,1,7,1005,0,1,3,,2,105,"RT 99","VENTURA ST",12.00,N,N,A,-,Y,FRE,6,99,-,-,20.382,R,2,S,N,1,1,0,2,C,-,18,,,N,G,B,E,A,H,-,A,D,1,Y,,,,Y,,-,"- ",0,0,0,1,0,0,0,0,0,TO,"- ",,,FRESNO,FRESNO,-119.79504378,36.72711322
6606043,2014,2014-08-23,9435,2014-04-24,2103,17166,,4,2,9,1000,0,3,5,,2,020,"RAIDER AV","TAHOE ST",10.00,S,N,A,-,N,,,,,,,,,,N,1,1,1,3,A,-,10,21950,A,F,G,B,B,A,H,-,C,D,0,Y,,,,Y,,A,01,1,0,0,0,1,0,0,0,0,"- ","- ",36.539490000000001,-119.83656000000001,FRESNO,UNINCORPORATED,-119.83659638,36.53958025
6606155,2014,2014-09-29,9435,2014-05-19,1648,18934,,1,2,9,1000,0,1,3,,1,412,"RT 41","LAGUNA AV",715.00,S,N,A,-,Y,FRE,6,41,-,R,0.850,H,-,N,Y,1,1,3,2,A,-,08,22107,,N,D,C,A,A,H,-,A,D,0,,,,Y,Y,,A,01,2,1,0,0,0,0,0,0,0,"- ","- ",36.414479999999998,-119.80461,FRESNO,UNINCORPORATED,-119.80458831,36.414390449999999
6606158,2014,2015-12-29,9435,2014-05-10,0117,18660,,6,3,9,1000,0,3,5,,2,040,"MOUNTAIN VIEW AV","MENDOCINO AV",0.00,,Y,A,-,N,,,,,,,,,,Y,1,1,0,2,A,-,01,23152,A,N,D,C,A,A,H,-,C,A,0,,,,,Y,Y,D,22,0,0,0,0,0,0,0,0,0,"- ","- ",36.546810000000001,-119.54864000000001,FRESNO,UNINCORPORATED,-119.54799991,36.546840009999997
6606159,2014,2014-09-24,9435,2014-05-04,1607,16507,,7,2,9,1000,0,3,5,,2,060,"ALTA AV","DINUBA AV",0.00,,Y,A,-,N,,,,,,,,,,Y,1,1,2,2,A,-,12,22450,A,N,D,C,A,A,H,-,A,A,0,,,,,Y,,D,22,0,1,1,0,0,0,0,0,0,"- ","- ",36.589390000000002,-119.39499000000001,FRESNO,UNINCORPORATED,-119.39502998,36.589420109999999
6606164,2014,2016-01-06,9435,2014-05-11,2500,17088,,7,4,9,1000,0,3,5,,2,060,"ENNIS RD","GEORGE SMITH RD",135.00,S,N,A,-,N,,,,,,,,,,Y,1,1,0,1,A,-,03,22350,,N,E,I,A,A,H,-,A,D,0,,,,,Y,,M,96,0,0,0,0,0,0,0,0,0,"- ","- ",36.689219999999999,-119.21561,FRESNO,UNINCORPORATED,-119.2157,36.68918
6606176,2014,2014-09-29,9495,2014-05-10,1725,19734,,6,2,9,1000,0,1,1,,2,001,"RT 5","RT 33",4752.00,N,N,A,G,Y,FRE,6,5,-,-,30.900,H,-,N,Y,1,1,2,1,A,-,08,22107,,N,F,A,A,A,H,-,A,D,1,,,,,Y,,A,07,0,2,0,0,0,0,0,0,0,"- ","- ",36.447620000000001,-120.40477,FRESNO,UNINCORPORATED,-120.40400171,36.446998440000002
6606338,2014,2015-12-29,1005,2014-03-21,1833,P731,2652,5,5,7,1005,0,0,0,,0,01E,"WHITESBRIDGE AV","TEILMAN AV",298.00,E,N,A,-,N,,,,,,,,,,Y,1,1,1,2,A,-,03,22350,,N,D,C,A,A,H,-,A,A,0,,,Y,,Y,,C,02,0,0,1,0,0,0,0,1,0,"- ","- ",,,FRESNO,FRESNO,-119.82093432000001,36.735864820000003
6613041,2014,2014-09-20,9435,2014-08-31,1015,11603,,7,1,9,1000,0,3,5,,2,015,"CHESTNUT AV","LINCOLN AV",0.00,,Y,A,-,N,,,,,,,,,,Y,2,0,3,2,A,-,09,21801,A,N,D,C,A,A,H,-,A,A,0,,,,,Y,,A,01,1,1,1,0,0,0,0,0,0,"- ","- ",36.648890000000002,-119.73661,FRESNO,UNINCORPORATED,-119.73677992,36.648920080000003
6625541,2014,2014-10-30,9435,2014-09-02,2220,015773,,2,3,9,1000,0,3,5,,2,060,"LINCOLN AV","ENGLEHART AV",27.00,W,N,A,-,N,,,,,,,,,,Y,2,0,12,2,A,-,08,22107,,F,D,C,A,A,H,-,D,A,0,,,,Y,Y,,F,26,3,1,8,0,0,0,0,0,0,"- ","- ",36.647509999999997,-119.41302,FRESNO,UNINCORPORATED,-119.41293195,36.647480109999997
6625553,2014,2014-09-30,9435,2014-09-12,1915,018746,,5,2,9,1000,0,3,5,,2,025,"COPPER AV","MINNEWAWA AV",0.00,,Y,A,-,N,,,,,,,,,,Y,2,0,2,2,A,-,09,21802,A,N,D,C,A,A,H,-,B,A,0,,,,,Y,,D,22,1,0,1,0,0,0,0,0,0,"- ","- ",36.895740000000004,-119.11172999999999,FRESNO,UNINCORPORATED,-119.71117986,36.895690020000004
6625771,2014,2014-09-29,9435,2014-08-28,2144,015890,,4,2,9,1000,0,3,5,,2,025,"BULLARD AV","MONTANA AV",27.00,W,N,A,-,N,,,,,,,,,,Y,2,0,1,2,A,-,03,22350,,N,C,C,A,A,H,-,D,D,0,,,Y,,Y,Y,C,02,1,0,0,0,0,0,0,0,1,"- ","- ",36.822890000000001,-119.62606,FRESNO,UNINCORPORATED,-119.62611217,36.822839520000002
6625948,2014,2015-01-08,1013,2014-08-24,1941,M041,M320,7,5,3,1013,0,0,0,,0,003,"GREENWOOD AV","CHERRY AV",360.00,N,N,A,-,N,,,,,,,,,,N,2,0,1,2,A,-,21,22106,,N,G,B,F,A,H,-,A,D,0,Y,,,,Y,,-,,1,0,0,0,1,0,0,0,0,"- ","- ",,,FRESNO,SANGER,-119.56539413,36.695477959999998
6627330,2014,2014-10-03,9435,2014-09-01,1410,013780,,1,2,9,1000,0,3,5,,2,025,"AUBERRY RD","COPPER AV",715.00,N,N,A,-,N,,,,,,,,,,Y,2,0,2,2,A,-,03,22350,,N,C,C,A,A,H,-,A,A,0,,,Y,,Y,,C,02,1,0,1,0,0,0,0,0,2,"- ","- ",,,FRESNO,UNINCORPORATED,-119.71569923,36.897742479999998
6631212,2014,2014-10-02,9435,2014-08-19,0005,015751,,2,3,9,1000,0,3,5,,2,020,"HENDERSON AV","MOUNTAIN VIEW AV",51.00,S,N,A,-,N,,,,,,,,,,Y,2,0,1,1,A,-,03,22350,,M,E,I,A,A,H,-,D,D,0,,,,,Y,,A,01,1,0,0,0,0,0,0,0,0,"- ","- ",36.547049999999999,-119.83754999999999,FRESNO,UNINCORPORATED,-119.83762283,36.54704461
6646485,2014,2016-05-11,9435,2014-08-14,2352,017579,,4,3,7,1005,0,1,3,,2,181,"18TH AV","RT 41",789.00,W,N,A,-,Y,FRE,6,180,-,R,58.433,R,2,E,Y,2,0,3,1,A,-,01,23152,A,N,E,I,A,A,H,-,D,D,1,,,,,Y,Y,D,22,2,1,0,0,0,0,0,0,0,TO,TR,36.753509999999999,-119.78171,FRESNO,FRESNO,-119.78042507000001,36.75364811
6647248,2014,2014-10-20,9435,2014-09-23,1445,013780,,2,2,9,1000,0,3,5,,2,030,"SUNNYSLOPE RD","TRIMMER SPRINGS RD",4752.00,E,N,A,-,N,,,,,,,,,,Y,2,0,1,1,A,-,03,22350,,N,F,A,A,A,H,-,A,A,0,,,Y,,Y,,C,02,1,0,0,0,0,0,0,0,1,"- ","- ",,,FRESNO,UNINCORPORATED,-119.33907753,36.857268349999998
6647768,2014,2016-05-16,9435,2014-09-17,0232,015751,,3,3,5,1001,0,1,3,,1,168,"RT 168","BULLARD AV",346.00,S,N,A,-,Y,FRE,6,168,-,R,46.990,R,2,E,Y,2,0,1,1,A,-,01,23152,A,N,E,I,A,A,H,-,C,D,0,,,,,Y,Y,A,01,1,0,0,0,0,0,0,0,0,"- ","- ",36.49183,-119.43040999999999,FRESNO,CLOVIS,-119.31140636000001,37.130067199999999
6678049,2014,2016-02-10,1005,2014-12-21,1959,P731,2761,7,5,7,1005,0,0,0,,0,03G,"KINGS CANYON RD","WHITNEY AV",110.00,E,N,B,-,N,,,,,,,,,,N,1,1,0,2,A,-,11,21954,A,F,G,B,D,A,H,-,C,D,0,Y,,,,Y,,N,60,0,0,0,1,0,0,0,0,0,"- ","- ",,,FRESNO,FRESNO,-119.74002489,36.735986680000003
6678050,2014,2016-02-10,1005,2014-06-18,2142,P731,2258,3,5,7,1005,0,0,0,,0,04G,"MCKINLEY AV","NORMAL AV",124.00,W,N,A,-,N,,,,,,,,,,N,1,1,0,2,A,-,03,22350,,F,G,B,D,A,H,-,C,D,0,Y,,,,Y,Y,A,01,0,0,0,1,0,0,0,0,0,"- ","- ",,,FRESNO,FRESNO,-119.76977305,36.765079999999998
6678051,2014,2016-02-10,1005,2014-01-26,2249,P1320,NE170,7,5,7,1005,0,0,0,,0,00D,"N FRESNO ST","E SANTA ANA AV",486.00,N,N,A,-,N,,,,,,,,,,N,1,1,0,2,A,-,"- ",,,N,G,B,D,A,H,-,C,D,0,Y,,,,Y,,N,60,0,0,0,1,0,0,0,0,0,"- ","- ",,,FRESNO,FRESNO,-119.78155,36.806274019999996
6678057,2014,2016-02-10,1005,2014-05-05,1531,P731,1254,1,5,7,1005,0,0,0,,0,02B,"PALM BLUFFS AV","LOCUST AV",65.00,S,N,A,-,N,,,,,,,,,,N,1,1,0,2,A,-,03,22350,,N,B,G,A,A,H,-,A,D,0,,Y,,,Y,,D,22,0,0,0,0,0,1,0,0,0,"- ","- ",,,FRESNO,FRESNO,-119.80974999999999,36.840511579999998
6678058,2014,2016-02-10,1005,2014-06-07,2257,P904,NWH,6,5,7,1005,0,0,0,,0,2155,"MAROA AV","MICHIGAN AV",25.00,N,N,A,-,N,,,,,,,,,,Y,1,1,0,2,A,-,01,23152,B,N,G,B,D,A,H,-,C,D,0,Y,,,,Y,Y,A,01,0,0,0,1,0,0,0,0,0,"- ","- ",,,FRESNO,FRESNO,-119.79958925,36.776808619999997
6678060,2014,2016-02-10,1005,2014-06-28,2255,P1298,SW,6,5,7,1005,0,0,0,,0,2356,"BLACKSTONE AV","MCKINLEY AV",363.00,S,N,A,-,N,,,,,,,,,,N,1,1,0,2,A,-,03,22350,,F,G,B,D,A,H,-,C,D,0,Y,,,,Y,,-,,0,0,0,1,0,0,0,0,0,"- ","- ",,,FRESNO,FRESNO,-119.79064013999999,36.764103779999999
6678061,2014,2016-02-10,1005,2014-08-14,0655,P731,NEC,4,5,7,1005,0,0,0,,0,1356,"HERNDON AV","FRESNO ST",0.00,,Y,A,-,N,,,,,,,,,,Y,1,1,7,5,A,-,01,23152,,N,D,C,A,A,H,-,A,A,0,,,,,Y,,A,07,1,2,4,0,0,0,0,0,0,"- ","- ",,,FRESNO,FRESNO,-119.78128992000001,36.837550069999999
6678064,2014,2016-02-10,1005,2014-09-03,1954,P731,4C,3,5,7,1005,0,0,0,,0,1356,"BLACKSTONE AV","BEECHWOOD AV",70.00,N,N,A,-,N,,,,,,,,,,Y,1,1,0,2,A,-,11,21954,A,N,G,B,D,A,H,-,C,D,0,Y,,,,Y,,N,60,0,0,0,1,0,0,0,0,0,"- ","- ",,,FRESNO,FRESNO,-119.79039541,36.838852090000003
6678067,2015,2016-02-10,1005,2015-03-04,1004,P731,2057,3,5,7,1005,0,0,0,,0,04F,"DAKOTA AV","1ST ST",310.00,E,N,A,-,N,,,,,,,,,,N,1,1,0,2,A,-,03,22350,,N,G,B,E,A,H,-,A,D,0,Y,,,,Y,,A,07,0,0,0,1,0,0,0,0,0,"- ","- ",,,FRESNO,FRESNO,-119.77148214,36.78681796
6678068,2015,2016-02-10,1005,2015-03-20,1939,P1070,2657,5,5,7,1005,0,0,0,,0,01C,"1ST ST","PLATT AV",133.00,N,N,A,-,N,,,,,,,,,,Y,1,1,0,2,A,-,11,21954,A,N,G,B,D,A,H,-,E,A,0,Y,,,,Y,,N,60,0,0,0,1,0,0,0,0,0,"- ","- ",,,FRESNO,FRESNO,-119.77244,36.742205069999997
6678070,2015,2016-02-11,1005,2015-04-03,1355,P731,2257,5,5,7,1005,0,0,0,,0,04G,"CLINTON AV","FRESNO ST",170.00,W,N,A,-,N,,,,,,,,,,N,1,1,0,3,A,-,07,21658,,N,F,A,A,A,H,-,A,A,0,,,Y,,Y,,A,01,0,0,0,0,0,0,0,1,0,"- ","- ",,,FRESNO,FRESNO,-119.78211967999999,36.772286559999998
6678072,2015,2016-02-11,1005,2015-06-03,1702,P1298,NW,3,5,7,1005,0,0,0,,0,1247,"HERNDON AV","BRAWLEY AV",272.00,E,N,A,-,N,,,,,,,,,,Y,1,1,0,1,A,-,01,23152,A,N,E,I,A,A,D,-,A,D,0,,,,,Y,Y,D,22,0,0,0,0,0,0,0,0,0,"- ","- ",,,FRESNO,FRESNO,-119.8615211,36.837319999999998
6678073,2015,2016-02-11,1005,2015-06-05,0626,P1298,NW,5,5,7,1005,0,0,0,,0,H2155,"SHIELDS AV","BLACKSTONE AV",30.00,W,N,A,-,N,,,,,,,,,,Y,1,1,1,3,A,-,01,23152,E,N,D,C,A,A,H,-,B,A,0,,,,,Y,,A,01,0,0,1,0,0,0,0,0,0,"- ","- ",,,FRESNO,FRESNO,-119.79074237,36.779749879999997
6678074,2015,2016-02-11,1005,2015-06-13,1705,P1070,1656,6,5,7,1005,0,0,0,,0,04D,"FRESNO ST","SAN JOSE AV",93.00,N,N,A,-,N,,,,,,,,,,N,1,1,0,2,A,-,08,22107,,F,D,G,A,A,H,-,A,D,0,,Y,,,Y,,L,04,0,0,0,0,0,1,0,0,0,"- ","- ",,,FRESNO,FRESNO,-119.78136000000001,36.812395279999997
6678075,2015,2016-02-11,1005,2015-07-16,1645,P731,1843,4,5,7,1005,0,0,0,,0,02C,"ASHLAN AV","HAYES AV",29.00,E,N,A,-,N,,,,,,,,,,Y,1,1,1,2,A,-,01,23152,E,N,C,C,A,A,H,-,A,A,0,,,Y,,Y,,C,02,0,0,1,0,0,0,0,1,0,"- ","- ",,,FRESNO,FRESNO,-119.89830102000001,36.793530439999998
6678240,2017,2018-01-31,1007,2017-03-21,2259,I066,,2,5,2,1007,0,0,0,,0,0KE,"WHITESBRIDGE RD","VINELAND AV",0.00,,N,A,-,Y,FRE,6,180,-,-,42.930,H,-,E,Y,1,1,1,1,A,-,17,21658,,N,A,I,A,A,H,-,C,D,0,,,,,Y,,-,,0,1,0,0,0,0,0,0,0,"- ","- ",,,FRESNO,KERMAN,-120.05479281,36.734952219999997
6678283,2014,2016-01-14,9435,2014-09-06,0530,19422,,6,3,9,1000,0,3,5,,2,020,"MOUNT WHITNEY AV","GARFIELD AV",60.00,W,N,A,-,N,,,,,,,,,,N,1,1,0,2,A,-,11,21956,A,N,G,B,E,A,H,-,D,D,0,Y,,,,Y,,N,60,0,0,0,1,0,0,0,0,0,"- ","- ",36.430480000000003,-119.93257,FRESNO,UNINCORPORATED,-119.93237382,36.430438080000002
6681439,2014,2014-12-12,9435,2014-10-04,0950,013182,,6,1,9,1000,0,3,5,,2,030,"TRIMMER SPRINGS RD","SUNNYSLOPE RD",7392.00,E,N,A,-,N,,,,,,,,,,Y,2,0,1,1,A,-,03,22350,,N,F,A,A,A,H,-,A,D,0,,,Y,,Y,,C,02,1,0,0,0,0,0,0,0,1,"- ","- ",36.874780000000001,-119.34232,FRESNO,UNINCORPORATED,-119.34326255000001,36.875021799999999
6694288,2014,2015-01-05,9435,2014-10-12,1025,013182,,7,1,9,1000,0,3,5,,2,025,"FRIANT RD","BELCHER AV",508.00,S,N,A,-,N,,,,,,,,,,Y,2,0,1,1,A,-,03,22350,,N,F,A,A,A,H,-,A,D,0,,,Y,,Y,,C,02,1,0,0,0,0,0,0,0,1,"- ","- ",36.977789999999999,-119.72008,FRESNO,UNINCORPORATED,-119.72014099,36.977872419999997
6695138,2014,2014-12-02,9435,2014-10-29,2307,015890,,3,3,7,1005,0,1,3,,1,168,"RT 168","SHIELDS AV",576.00,N,N,A,-,Y,,,168,,,,,,,Y,2,0,1,2,A,-,03,22350,,N,C,C,A,A,H,-,D,D,0,,,,Y,Y,,A,08,1,0,0,0,0,0,0,0,0,"- ","- ",36.781489999999998,-119.74896,FRESNO,FRESNO,-119.74903247,36.781491340000002
6695317,2014,2016-06-23,9435,2014-10-21,0735,014547,,2,1,7,1005,0,1,3,,1,411,"RT 41","CHURCH AV",100.00,S,N,A,-,Y,FRE,6,41,-,R,21.580,H,-,S,Y,2,0,6,1,A,-,08,22107,,N,F,A,A,A,H,-,A,D,1,,,,,Y,,A,07,1,3,2,0,0,0,0,0,0,"- ","- ",,,FRESNO,FRESNO,-119.78465785,36.713868089999998
6702511,2014,2014-12-04,9435,2014-10-25,1151,14479,,6,1,9,1000,0,3,5,,2,025,"BELCHER AV","FRIANT RD",1056.00,W,N,A,-,N,,,,,,,,,,N,2,0,1,1,A,-,03,22350,,N,E,I,A,A,H,-,A,D,0,,,Y,,Y,,C,02,1,0,0,0,0,0,0,0,1,"- ","- ",36.979900000000001,-119.72214,FRESNO,UNINCORPORATED,-119.72198009,36.980413660000004
6706483,2014,2015-01-12,9435,2014-11-01,0400,019327,,6,3,7,1005,0,1,3,,2,410,"RT 41","DAKOTA AV",375.00,N,N,C,-,Y,,,41,,,,,,,Y,2,0,1,1,A,-,01,23152,A,N,E,I,A,B,H,-,C,D,0,,,,,Y,Y,A,01,1,0,0,0,0,0,0,0,0,"- ","- ",36.787309999999998,-119.78404,FRESNO,FRESNO,-119.78415938000001,36.787316490000002