CASE_ID,ACCIDENT_YEAR,PROC_DATE,JURIS,COLLISION_DATE,COLLISION_TIME,OFFICER_ID,REPORTING_DISTRICT,DAY_OF_WEEK,CHP_SHIFT,POPULATION,CNTY_CITY_LOC,SPECIAL_COND,BEAT_TYPE,CHP_BEAT_TYPE,CITY_DIVISION_LAPD,CHP_BEAT_CLASS,BEAT_NUMBER,PRIMARY_RD,SECONDARY_RD,DISTANCE,DIRECTION,INTERSECTION,WEATHER_1,WEATHER_2,STATE_HWY_IND,CALTRANS_COUNTY,CALTRANS_DISTRICT,STATE_ROUTE,ROUTE_SUFFIX,POSTMILE_PREFIX,POSTMILE,LOCATION_TYPE,RAMP_INTERSECTION,SIDE_OF_HWY,TOW_AWAY,COLLISION_SEVERITY,NUMBER_KILLED,NUMBER_INJURED,PARTY_COUNT,PRIMARY_COLL_FACTOR,PCF_CODE_OF_VIOL,PCF_VIOL_CATEGORY,PCF_VIOLATION,PCF_VIOL_SUBSECTION,HIT_AND_RUN,TYPE_OF_COLLISION,MVIW,PED_ACTION,ROAD_SURFACE,ROAD_COND_1,ROAD_COND_2,LIGHTING,CONTROL_DEVICE,CHP_ROAD_TYPE,PEDESTRIAN_ACCIDENT,BICYCLE_ACCIDENT,MOTORCYCLE_ACCIDENT,TRUCK_ACCIDENT,NOT_PRIVATE_PROPERTY,ALCOHOL_INVOLVED,STWD_VEHTYPE_AT_FAULT,CHP_VEHTYPE_AT_FAULT,COUNT_SEVERE_INJ,COUNT_VISIBLE_INJ,COUNT_COMPLAINT_PAIN,COUNT_PED_KILLED,COUNT_PED_INJURED,COUNT_BICYCLIST_KILLED,COUNT_BICYCLIST_INJURED,COUNT_MC_KILLED,COUNT_MC_INJURED,PRIMARY_RAMP,SECONDARY_RAMP,LATITUDE,LONGITUDE,COUNTY,CITY,POINT_X,POINT_Y
6706530,2014,2015-04-01,9435,2014-11-01,1540,18609,,6,2,7,1005,0,1,3,,2,410,"RT 41","SHIELDS AV",100.00,N,N,B,-,Y,,,41,,,,,,,Y,2,0,1,3,A,-,03,22350,,N,B,C,A,B,H,-,A,D,0,,,,,Y,,A,01,1,0,0,0,0,0,0,0,0,"- ","- ",36.779559999999996,-119.78457,FRESNO,FRESNO,-119.78457376,36.779560250000003
6706550,2014,2015-01-12,9435,2014-11-01,0030,019323,,6,3,9,1000,0,3,5,,2,010,"MAROA AV","ESCALON AV",115.00,N,N,C,-,N,,,,,,,,,,Y,2,0,1,1,A,-,01,23152,A,N,E,I,A,A,H,-,C,D,0,,,,,Y,Y,A,01,1,0,0,0,0,0,0,0,0,"- ","- ",36.825690000000002,-119.79926,FRESNO,UNINCORPORATED,-119.799314,36.826405649999998
6707793,2014,2014-11-26,9435,2014-10-10,1945,015106,,5,2,9,1000,0,3,5,,2,030,"SIERRA VISTA AV","HARVARD AV",0.00,,Y,A,-,N,,,,,,,,,,N,2,0,1,2,D,-,00,,,F,G,B,B,A,H,-,D,A,0,Y,,,,Y,,-,"- ",1,0,0,0,1,0,0,0,0,"- ","- ",,,FRESNO,UNINCORPORATED,-119.74082989999999,36.774060040000002
6717632,2014,2015-01-16,9435,2014-11-09,1600,019032,,7,2,9,1000,0,3,5,,2,020,"PALOMA AV","ALVA AV",0.00,,Y,A,-,N,,,,,,,,,,N,2,0,1,2,A,-,09,21800,A,N,D,C,A,A,H,-,A,A,0,,,Y,,Y,,C,02,1,0,0,0,0,0,0,0,1,"- ","- ",36.432859999999998,-119.8653,FRESNO,UNINCORPORATED,-119.86529987,36.432870100000002
6718303,2015,2015-03-17,1011,2015-01-21,0642,K023,PARLI,3,5,3,1011,0,0,0,,0,0PA,"MANNING AV","MADSEN AV",0.00,E,N,F,-,N,,,,,,,,,,N,1,1,1,2,A,-,03,22350,,N,C,C,A,B,H,-,C,D,0,,,,,Y,,-,,0,1,0,0,0,0,0,0,0,"- ","- ",,,FRESNO,PARLIER,-119.53879996000001,36.604930099999997
6718357,2015,2015-03-16,9435,2015-01-28,0019,18421,,3,3,9,1000,0,3,5,,2,034,"RAINBOW AV","NEWMARK AV",23760.00,N,N,A,-,N,,,,,,,,,,Y,1,1,0,1,A,-,01,23152,A,N,E,I,A,A,H,-,D,D,0,,,,,Y,Y,A,01,0,0,0,0,0,0,0,0,0,"- ","- ",36.706449999999997,-119.54013999999999,FRESNO,UNINCORPORATED,-119.54301,36.70675
6718427,2014,2014-12-05,9435,2014-07-20,1740,18746,,7,2,9,1000,0,3,5,,2,025,"MILLERTON RD","VIA MIRA BELLA",1056.00,W,N,A,-,N,,,,,,,,,,Y,1,1,0,1,A,-,08,22107,,N,E,I,A,A,H,-,A,D,0,,,Y,,Y,,C,02,0,0,0,0,0,0,0,1,0,"- ","- ",36.990479999999998,-119.69446000000001,FRESNO,UNINCORPORATED,-119.69955236,36.992753659999998
6718702,2017,2018-03-02,1003,2017-10-06,0627,F053,FIREB,5,5,2,1003,0,0,0,,0,0FI,"N ST","12TH ST",0.00,,Y,A,-,N,,,,,,,,,,N,1,1,0,2,A,-,11,21453,D,N,A,B,B,A,H,-,B,A,0,Y,,,,Y,,N,60,0,0,0,1,0,0,0,0,0,"- ","- ",,,FRESNO,FIREBAUGH,-120.09967997,36.207660079999997
6718749,2017,2018-03-28,1005,2017-01-31,0441,P1070,3240,2,5,7,1005,0,0,0,,0,01F,"JENSEN AV","CHATEAU FRESNO AV",305.00,E,N,E,-,N,,,,,,,,,,Y,1,1,0,2,A,-,01,23152,B,N,A,C,A,D,H,-,D,D,0,,,,,Y,Y,D,22,0,0,0,0,0,0,0,0,0,"- ","- ",36.706400000000002,-119.93403000000001,FRESNO,FRESNO,-119.93332019,36.706249200000002
6718757,2017,2019-04-08,1005,2017-05-23,2258,P731,2662,2,5,7,1005,0,0,0,,0,03C,"TULARE AV","WINERY AV",90.00,W,N,A,-,N,,,,,,,,,,N,1,1,0,2,A,-,11,21954,A,F,G,B,E,A,H,-,C,D,0,Y,,,,Y,Y,N,60,0,0,0,1,0,0,0,0,0,"- ","- ",,,FRESNO,FRESNO,-119.73287692,36.743173910000003
6718758,2017,2018-03-29,1005,2017-06-09,0944,P731,1956,5,5,7,1005,0,0,0,,0,02B,"FRESNO ST","SUSSEX WY",112.00,S,N,A,B,N,,,,,,,,,,Y,1,1,1,2,A,-,01,23152,F,N,D,C,A,A,H,-,A,D,0,,,Y,,Y,,C,02,1,0,0,0,0,0,0,1,0,"- ","- ",36.79148,-119.78134,FRESNO,FRESNO,-119.78141809,36.791042640000001
6718764,2017,2019-04-08,1005,2017-07-26,1620,P1829,NE175,3,5,7,1005,0,0,0,,0,00E,"N 4TH ST","E SIERRA MADRE AV",28.00,E,N,A,-,N,,,,,,,,,,Y,1,1,0,1,A,-,03,22350,,N,E,I,A,A,H,-,A,A,0,,,Y,,Y,Y,C,02,0,0,0,0,0,0,0,1,0,"- ","- ",,,FRESNO,FRESNO,-119.76549,36.807510000000001
6723676,2014,2014-12-15,9435,2014-09-27,1815,017591,,6,2,9,1000,0,3,5,,2,015,"BISHOP AV","KEARNEY BL",0.00,,Y,A,-,N,,,,,,,,,,Y,2,0,7,2,A,-,12,22450,A,N,D,C,A,A,H,-,A,A,0,,,,,Y,,A,07,2,5,0,0,0,0,0,0,0,"- ","- ",36.727640000000001,-120.00546,FRESNO,UNINCORPORATED,-120.00612998,36.727710090000002
6728964,2014,2014-12-12,9435,2014-10-04,2240,16507,,6,3,9,1000,0,3,5,,2,060,"ELWOOD RD","BONANZA DR",3168.00,W,N,A,-,N,,,,,,,,,,Y,2,0,2,2,A,-,01,23152,A,N,A,C,A,A,H,-,D,D,0,,,,,Y,Y,A,07,2,0,0,0,0,0,0,0,0,"- ","- ",36.802700000000002,-119.32438,FRESNO,UNINCORPORATED,-119.32409929000001,36.802397880000001
6728981,2014,2015-01-15,9435,2014-11-24,2225,19422,,1,3,7,1005,0,1,3,,1,411,"RT 41","JENSEN AV",700.00,S,N,A,-,Y,,,41,,,,,,,Y,2,0,1,2,A,-,03,22350,,F,B,C,A,A,H,-,C,D,0,,,Y,,Y,,A,01,1,0,0,0,0,0,0,0,1,"- ","- ",36.703020000000002,-119.78570000000001,FRESNO,FRESNO,-119.78571092999999,36.703020449999997
6729920,2014,2015-01-14,1015,2014-11-27,1209,N084,SELMA,4,5,3,1015,0,0,0,,0,001,"WRIGHT ST","MERCED ST",45.00,N,N,A,-,N,,,,,,,,,,N,2,0,1,2,A,-,11,21956,,N,G,B,D,A,H,-,A,D,0,Y,,,,Y,,N,60,1,0,0,0,1,0,0,0,0,"- ","- ",,,FRESNO,SELMA,-119.61515129999999,36.573573510000003
6735414,2014,2015-02-10,9435,2014-12-08,1735,018883,,1,2,9,1000,0,3,5,,2,034,"AMERICAN AV","GOLDEN STATE BL",0.00,,Y,A,-,N,,,,,,,,,,Y,2,0,2,3,A,-,12,22450,A,N,D,C,A,A,H,-,C,A,0,,,,,Y,,A,01,1,1,0,0,0,0,0,0,0,"- ","- ",,,FRESNO,UNINCORPORATED,-119.71853993000001,36.66336003
6740041,2015,2016-04-04,9435,2015-03-22,2035,018883,,7,2,9,1000,0,3,5,,2,034,"NEWMARK AV","JEFFERSON AV",377.00,S,N,A,-,N,,,,,,,,,,Y,1,1,0,1,A,-,08,22107,,N,E,I,A,A,H,-,D,D,0,,,Y,,Y,,C,02,0,0,0,0,0,0,0,1,0,"- ","- ",36.655180000000001,-119.54086,FRESNO,UNINCORPORATED,-119.54054564,36.655033809999999
6743910,2014,2015-01-30,9435,2014-12-02,0900,15026,,2,1,9,1000,0,3,5,,2,015,"ELM AV","SAGINAW AV",1056.00,N,N,B,-,N,,,,,,,,,,Y,2,0,1,1,A,-,08,22107,,N,E,I,A,B,H,-,A,D,0,,,,,Y,,D,22,1,0,0,0,0,0,0,0,0,"- ","- ",,,FRESNO,UNINCORPORATED,-119.79097221000001,36.557428719999997
6746087,2014,2015-01-30,9435,2014-12-02,0050,18809,,2,3,7,1005,0,1,3,,2,106,"RT 99","CENTRAL AV",25.00,N,N,B,-,Y,,,99,,,,,,,Y,2,0,1,1,A,-,03,22350,,N,H,A,A,A,H,-,C,D,0,,,Y,,Y,,C,02,1,0,0,0,0,0,0,0,1,FR,"- ",36.678019999999997,-119.74039,FRESNO,FRESNO,-119.74076357,36.677558210000001
6780813,2014,2016-05-11,1009,2014-07-06,2223,R005,,7,5,2,1009,0,0,0,,0,0ME,"RT 33","LOZANO ST",33.00,S,N,A,-,Y,FRE,6,33,-,R,62.690,H,-,N,N,2,0,2,2,A,-,11,21954,A,N,G,B,D,A,H,-,C,A,0,Y,,,,Y,,N,60,2,0,0,0,1,0,0,0,0,"- ","- ",,,FRESNO,MENDOTA,-120.38911296000001,36.767067769999997
6784427,2014,2016-01-12,1009,2014-09-14,2001,,MENDO,7,5,2,1009,0,0,0,,0,0ME,"DERRICK AV","6TH ST",44.00,N,N,A,-,N,,,,,,,,,,N,2,0,1,2,A,-,10,21950,A,F,G,B,B,A,H,-,E,A,0,Y,,,,Y,,-,,1,0,0,0,1,0,0,0,0,"- ","- ",,,FRESNO,MENDOTA,-120.38677275000001,36.751986000000002
6786764,2014,2015-02-12,9435,2014-12-31,2500,19610,,3,4,9,1000,0,3,5,,2,034,"SOUTH AV","MCCALL AV",3168.00,W,N,E,-,N,,,,,,,,,,N,2,0,1,2,A,-,08,22107,,F,G,B,E,B,H,-,D,A,0,Y,,,,Y,,-,99,1,0,0,0,1,0,0,0,0,"- ","- ",36.619909999999997,-119.62709,FRESNO,UNINCORPORATED,-119.62144628,36.619820480000001
6795833,2015,2016-10-31,1015,2015-01-24,1600,N033,SELMA,6,5,3,1015,0,0,0,,0,004,"RT 43","ROSE AV",1056.00,S,N,A,-,Y,FRE,6,43,-,-,8.640,H,-,S,N,2,0,1,2,A,-,11,21954,A,N,G,B,D,A,H,-,A,D,0,Y,,,,Y,,N,60,1,0,0,0,1,0,0,0,0,"- ","- ",,,FRESNO,SELMA,-119.62874879,36.565985009999999
6799834,2015,2016-10-19,9495,2015-01-16,1228,19205,,5,1,9,1000,0,1,1,,2,001,"RT 5","KAMM AV",2640.00,S,N,B,-,Y,FRE,6,5,-,-,37.840,H,-,S,Y,2,0,1,2,A,-,01,23152,A,F,C,C,A,A,H,-,A,D,1,,,,,Y,Y,A,01,1,0,0,0,0,0,0,0,0,"- ","- ",36.525489999999998,-120.48133,FRESNO,UNINCORPORATED,-120.48155982999999,36.525717970000002
6801764,2015,2015-03-02,9435,2015-01-24,0350,16860,,6,3,9,1000,0,3,5,,2,050,"SAMPLE RD","GRANITE HILLS LN",3696.00,W,N,E,-,N,,,,,,,,,,Y,2,0,1,1,A,-,01,23152,A,N,E,I,A,B,H,-,D,D,0,,,,,Y,Y,D,22,1,0,0,0,0,0,0,0,0,"- ","- ",36.905799999999999,-119.48671,FRESNO,UNINCORPORATED,-119.48679374,36.905770279999999
6801971,2015,2015-02-18,1013,2015-01-12,1917,M017,1013,1,5,3,1013,0,0,0,,0,001,GREENWOOD,"JENSEN AV",10.00,S,N,A,-,N,,,,,,,,,,Y,2,0,1,2,A,-,12,21453,A,N,D,G,A,A,H,-,C,A,0,,Y,,,Y,,L,04,1,0,0,0,0,0,1,0,0,"- ","- ",,,FRESNO,SANGER,-119.56521183,36.706782590000003
6802275,2015,2015-02-25,9435,2015-01-18,1050,015773,,7,1,9,1000,0,3,5,,2,060,"MANNING AV","ALTA AV",197.00,W,N,B,-,N,,,,,,,,,,Y,2,0,2,2,A,-,05,21651,A,N,A,C,A,A,H,-,A,D,0,,,,,Y,,A,01,1,0,1,0,0,0,0,0,0,"- ","- ",36.603990000000003,-119.39561,FRESNO,UNINCORPORATED,-119.39562051,36.603943690000001
6815125,2015,2015-02-27,9435,2015-01-21,0712,14479,,3,1,9,1000,0,3,5,,2,015,"MADISON AV","CORNELIA AV",0.00,,Y,B,-,N,,,,,,,,,,N,2,0,1,2,A,-,09,21801,A,N,A,C,A,A,H,-,A,D,0,,,Y,,Y,,A,07,1,0,0,0,0,0,0,0,1,"- ","- ",36.728230000000003,-119.88057000000001,FRESNO,UNINCORPORATED,-119.88066986,36.728160039999999
6815133,2015,2015-02-27,9435,2015-01-29,1453,18860,,4,2,9,1000,0,3,5,,2,020,"ELKHORN AV","CORNELIA AV",2000.00,E,N,A,-,N,,,,,,,,,,Y,2,0,1,1,A,-,08,22107,,N,E,I,A,A,H,-,A,D,0,,,,,Y,,A,01,1,0,0,0,0,0,0,0,0,"- ","- ",36.48912,-119.87811000000001,FRESNO,UNINCORPORATED,-119.88053078999999,36.489008220000002
6815141,2015,2015-02-27,9435,2015-01-28,2130,17579,,3,2,9,1000,0,3,5,,2,034,"ANNADALE AV","DEL REY AV",1584.00,E,N,E,-,N,,,,,,,,,,Y,2,0,1,1,A,-,08,22107,,N,E,I,A,A,H,-,D,D,0,,,,,Y,,A,01,1,0,0,0,0,0,0,0,0,"- ","- ",36.699440000000003,-119.58611999999999,FRESNO,UNINCORPORATED,-119.58672125,36.699404260000001
6815189,2015,2015-02-27,9435,2015-01-24,1758,18746,,6,2,9,1000,0,3,5,,2,030,"ASHLAN AV","MINNEWAWA AV",650.00,E,N,A,-,N,,,,,,,,,,N,2,0,1,2,A,-,08,22107,,F,G,B,E,A,H,-,D,D,0,Y,,,,Y,,A,08,1,0,0,0,1,0,0,0,0,"- ","- ",36.79439,-119.7071,FRESNO,UNINCORPORATED,-119.70914,36.794460000000001
6819344,2015,2015-03-16,9435,2015-02-04,0710,019697,,3,1,9,1000,0,3,5,,2,015,"CALIFORNIA AV","FLOYD AV",71.00,E,N,E,-,N,,,,,,,,,,Y,2,0,1,2,A,-,03,22350,,N,C,C,A,A,H,-,A,D,0,,,Y,,Y,,C,02,1,0,0,0,0,0,0,0,1,"- ","- ",36.720410000000001,-119.99687,FRESNO,UNINCORPORATED,-119.99692788,36.720379739999998
6824672,2015,2016-10-20,9435,2015-02-08,1755,018912,,7,2,9,1000,0,1,3,,1,146,"RT 145","DATE AV",100.00,N,N,B,-,Y,FRE,6,145,-,-,32.960,H,-,S,N,2,0,1,2,A,-,08,22107,,M,B,G,A,A,H,-,D,D,0,,Y,,,Y,,A,01,1,0,0,0,0,0,1,0,0,"- ","- ",36.70337,-119.06059999999999,FRESNO,UNINCORPORATED,-120.06055708,36.703359550000002
6841293,2015,2016-10-20,9435,2015-02-22,2015,19039,,7,2,9,1000,0,3,5,,2,050,"LODGE RD","RT 168",1056.00,S,N,B,-,Y,FRE,6,168,-,T,31.240,H,-,W,Y,2,0,1,1,A,-,03,22350,,N,E,I,A,B,H,-,C,D,0,,,,,Y,,A,01,1,0,0,0,0,0,0,0,0,"- ","- ",37.042180000000002,-119.47216,FRESNO,UNINCORPORATED,-119.5000264,37.042463140000002
6841480,2015,2016-10-28,9435,2015-03-01,0150,017518,,7,3,7,1005,0,1,3,,2,182,"RT 180","CEDAR AV",2112.00,W,N,B,-,Y,FRE,6,180,-,R,59.480,H,-,W,Y,2,0,1,1,A,-,01,23152,A,N,E,I,A,A,H,-,C,D,1,,,,,Y,Y,A,01,1,0,0,0,0,0,0,0,0,TO,"- ",36.755580000000002,-119.7634,FRESNO,FRESNO,-119.76158872000001,36.755148370000001
6843204,2015,2015-03-18,9435,2015-02-21,1245,019039,,6,1,9,1000,0,3,5,,2,050,"LODGE RD","TOLLHOUSE RD",1584.00,S,N,B,-,N,,,,,,,,,,Y,2,0,1,2,A,-,03,22350,,N,B,C,A,A,H,-,A,D,0,,,Y,,Y,,C,02,1,0,0,0,0,0,0,0,1,"- ","- ",37.002220000000001,-119.40512,FRESNO,UNINCORPORATED,-119.40625,37.005470000000003
6845087,2015,2015-03-13,9435,2015-02-22,1240,19697,,7,1,9,1000,0,3,5,,2,010,"HAYES AV","SHIELDS AV",0.00,,Y,B,-,N,,,,,,,,,,Y,2,0,1,1,A,-,08,22107,,N,E,I,A,A,H,-,A,A,0,,,,,Y,,A,01,1,0,0,0,0,0,0,0,0,"- ","- ",36.779699999999998,-119.89838,FRESNO,UNINCORPORATED,-119.89828998,36.778950039999998
6845095,2015,2015-03-13,9435,2015-02-06,1010,14547,,5,1,9,1000,0,3,5,,2,010,"BRAWLEY AV","OLIVE AV",240.00,N,N,B,-,N,,,,,,,,,,Y,2,0,3,1,A,-,08,22107,,N,E,I,A,A,H,-,A,D,0,,,,,Y,,A,07,3,0,0,0,0,0,0,0,0,"- ","- ",,,FRESNO,UNINCORPORATED,-119.86215540000001,36.757958799999997
6854136,2014,2015-04-23,1009,2014-11-09,2253,R048,MENDO,7,5,2,1009,0,0,0,,0,0ME,"RT 33","LOZANO ST",0.00,,Y,A,-,Y,FRE,6,33,-,R,62.710,H,-,N,N,1,1,0,2,A,-,11,21954,A,N,G,B,D,A,H,-,C,A,0,Y,,,,Y,,N,60,0,0,0,1,0,0,0,0,0,"- ","- ",,,FRESNO,MENDOTA,-120.38937138999999,36.767253719999999
6854180,2015,2015-07-07,9435,2015-01-06,0355,19473,,2,3,9,1000,0,1,3,,1,411,"RT 41","MANNING AV",2640.00,N,N,A,-,Y,FRE,6,41,-,R,14.600,H,-,S,Y,1,1,2,1,A,-,08,22107,,N,F,A,A,A,H,-,D,D,0,,,,,Y,,A,01,0,0,2,0,0,0,0,0,0,"- ","- ",36.612499999999997,-119.78624000000001,FRESNO,UNINCORPORATED,-119.78597875,36.612499159999999
6854284,2014,2016-01-08,1005,2014-07-06,2200,P1360,NW194,7,5,7,1005,0,0,0,,0,00C,"N POLK AV","W DAKOTA AV",200.00,N,N,A,-,N,,,,,,,,,,N,1,1,0,2,D,-,00,,,F,E,B,E,A,H,-,C,D,0,Y,,,,Y,Y,-,"- ",0,0,0,1,0,0,0,0,0,"- ","- ",,,FRESNO,FRESNO,-119.88933,36.786789020000001
6854699,2015,2015-07-15,9495,2015-05-17,1210,017312,,7,1,9,1000,0,1,3,,1,009,"RT 198","COALINGA MINERAL SPRINGS RD",2112.00,E,N,B,-,Y,FRE,6,198,-,-,10.110,H,-,E,Y,1,1,0,1,A,-,03,22350,,N,F,A,A,A,H,-,A,A,0,,,Y,,Y,,C,02,0,0,0,0,0,0,0,1,0,"- ","- ",36.092190000000002,-120.51418,FRESNO,UNINCORPORATED,-120.51539766,36.09297574
6854800,2015,2016-04-04,9435,2015-05-13,0600,20019,,3,1,9,1000,0,3,5,,2,015,"SOUTH AV","CHESTNUT AV",0.00,,Y,A,-,N,,,,,,,,,,Y,1,2,1,2,A,-,12,22450,A,N,D,C,A,A,H,-,B,A,0,,,,,Y,,A,01,0,1,0,0,0,0,0,0,0,"- ","- ",36.619970000000002,-119.73685999999999,FRESNO,UNINCORPORATED,-119.73683987,36.619930029999999
6866603,2015,2016-10-20,9435,2015-03-16,0131,18044,,1,3,9,1000,0,1,3,,1,169,"RT 168","SAMPLE RD",10032.00,E,N,A,-,Y,FRE,6,168,-,-,20.450,H,-,E,Y,2,0,2,1,A,-,01,23152,A,N,E,I,A,A,H,-,D,D,0,,,,,Y,Y,D,22,1,1,0,0,0,0,0,0,0,"- ","- ",36.929079999999999,-119.5087,FRESNO,UNINCORPORATED,-119.51150042,36.928321160000003
6867472,2015,2016-10-28,9435,2015-03-07,1848,018939,,6,2,9,1000,0,1,3,,1,183,"RT 180","ARMSTRONG AV",340.00,E,N,A,-,Y,FRE,6,180,-,R,64.530,H,-,E,N,2,0,1,1,C,-,18,,,N,E,J,A,A,C,-,D,D,0,,,,,Y,,-,"- ",1,0,0,0,0,0,0,0,0,"- ","- ",,,FRESNO,UNINCORPORATED,-119.67258787,36.748158140000001
6867480,2015,2015-04-10,9435,2015-03-07,1252,014479,,6,1,9,1000,0,3,5,,2,025,"FRIANT RD","BELCHER RD",100.00,S,N,A,-,N,,,,,,,,,,N,2,0,2,2,A,-,03,22350,,N,C,C,A,A,H,-,A,D,0,,,Y,,Y,,C,02,1,1,0,0,0,0,0,0,2,"- ","- ",,,FRESNO,UNINCORPORATED,-119.71955895000001,36.978877349999998
6867504,2015,2015-04-10,9435,2015-03-10,1714,18609,,2,2,9,1000,0,3,5,,2,034,"LINCOLN AV","FOWLER AV",0.00,,Y,A,-,N,,,,,,,,,,Y,2,0,1,3,A,-,12,22450,A,F,D,C,A,A,H,-,A,A,0,,,Y,,Y,,-,99,1,0,0,0,0,0,0,0,1,"- ","- ",36.649070000000002,-119.68206000000001,FRESNO,UNINCORPORATED,-119.68203987,36.649070039999998
6870155,2015,2015-05-11,9435,2015-03-17,1038,14896,,2,1,9,1000,0,3,5,,2,060,"HILL AV","SOUTH AV",0.00,,Y,B,-,N,,,,,,,,,,Y,2,0,2,2,A,-,01,23152,A,N,D,C,A,A,H,-,A,A,0,,,,Y,Y,Y,G,27,1,0,1,0,0,0,0,0,0,"- ","- ",36.617710000000002,-119.34050999999999,FRESNO,UNINCORPORATED,-119.34050990999999,36.617620080000002
6870182,2015,2015-04-13,9435,2015-03-21,1905,18934,,6,2,9,1000,0,3,5,,2,040,"MANNING AV","CHANCE AV",20.00,E,N,A,-,N,,,,,,,,,,Y,2,0,1,2,A,-,01,23152,A,N,D,C,A,A,H,-,B,A,0,,,,,Y,Y,A,07,1,0,0,0,0,0,0,0,0,"- ","- ",36.605359999999997,-119.75105000000001,FRESNO,UNINCORPORATED,-119.75107194,36.605361719999998
6870186,2015,2016-10-28,9435,2015-03-19,1855,018746,,4,2,7,1005,0,1,3,,2,410,"RT 41","BULLARD AV",275.00,N,N,A,-,Y,FRE,6,41,-,R,29.613,R,1,S,Y,2,0,1,1,A,-,01,23152,A,N,E,I,A,A,H,-,B,D,1,,,,,Y,Y,A,07,1,0,0,0,0,0,0,0,0,TO,"- ",36.794809999999998,-119.78573,FRESNO,FRESNO,-119.78528672,36.825355569999999
6870190,2015,2016-10-20,9435,2015-03-19,0815,012846,,4,1,7,1005,0,1,3,,1,168,"SHAW AV","RT 168",117.00,E,N,A,-,Y,FRE,6,168,-,R,4.270,R,3,E,N,2,0,2,2,A,-,05,21650,,N,D,G,A,A,H,-,A,D,1,,Y,,,Y,,L,04,1,1,0,0,0,0,1,0,0,FR,"- ",,,FRESNO,FRESNO,-119.73322962,36.808692129999997
6870215,2015,2016-10-28,9435,2015-03-16,1240,017310,,1,1,9,1000,0,1,3,,1,183,"RT 180","TEMPERANCE AV",240.00,E,N,A,-,Y,FRE,6,180,-,R,65.390,H,-,W,Y,2,0,3,1,A,-,08,22107,,N,E,I,A,A,H,-,A,D,0,,,,,Y,,A,01,2,0,1,0,0,0,0,0,0,"- ","- ",36.738639999999997,-119.66184,FRESNO,UNINCORPORATED,-119.66287749,36.739102170000002
6893219,2015,2015-05-01,1001,2015-03-27,0948,5104,,5,5,5,1001,0,0,0,,0,004,"WILLOW AV","ESCALON AV",100.00,N,N,A,-,N,,,,,,,,,,Y,2,0,1,1,A,-,08,22107,1,N,E,I,A,A,H,-,A,D,0,,,,,Y,,A,01,1,0,0,0,0,0,0,0,0,"- ","- ",,,FRESNO,CLOVIS,-119.72935274,36.826534469999999
6895906,2015,2015-05-28,9495,2015-03-31,1915,19313,,2,2,9,1000,0,3,5,,2,052,"LOS GATOS CREEK RD","DERRICK RD",20064.00,W,N,A,-,N,,,,,,,,,,N,2,0,1,1,A,-,03,22350,,N,E,I,A,A,H,-,B,A,0,,,Y,,Y,,C,02,1,0,0,0,0,0,0,0,1,"- ","- ",36.194560000000003,-120.41538,FRESNO,UNINCORPORATED,-120.41538477,36.194545339999998
6902677,2015,2016-12-08,9435,2015-04-14,1110,015806,,2,1,9,1000,0,1,3,,1,180,"RT 180","JAMES RD",2500.00,W,N,F,-,Y,FRE,6,180,-,-,34.120,H,-,E,Y,2,0,1,3,A,-,03,22350,,N,C,C,A,A,H,-,A,D,0,,,,,Y,,A,07,1,0,0,0,0,0,0,0,0,"- ","- ",,,FRESNO,UNINCORPORATED,-120.21369543,36.734489250000003
6902708,2015,2015-05-15,9435,2015-04-05,1945,19113,,7,2,9,1000,0,3,5,,2,030,"CLINTON AV","MILLBROOK AV",241.00,E,N,A,-,N,,,,,,,,,,N,2,0,1,2,A,-,03,22350,,F,H,G,A,A,H,-,C,D,0,,Y,,,Y,,A,07,1,0,0,0,0,0,1,0,0,"- ","- ",36.772300000000001,-119.76176,FRESNO,UNINCORPORATED,-119.76214772,36.772302860000003
6902716,2015,2015-05-07,9435,2015-04-19,1345,15773,,7,1,9,1000,0,3,5,,2,060,"MANNING AV","ZUMWALT AV",316.00,W,N,A,-,N,,,,,,,,,,Y,2,0,2,2,A,-,08,22107,,N,B,C,A,A,H,-,A,D,0,,,Y,,Y,,-,"- ",2,0,0,0,0,0,0,0,2,"- ","- ",36.60407,-119.42319999999999,FRESNO,UNINCORPORATED,-119.42297558,36.604083150000001
6905660,2015,2016-04-04,9435,2015-04-12,1142,15095,,7,1,9,1000,0,3,5,,2,040,"ACADEMY AV","NEBRASKA AV",0.00,,Y,A,-,N,,,,,,,,,,Y,1,1,2,2,A,-,12,22450,A,N,D,C,A,A,H,-,A,A,0,,,,,Y,,A,01,1,1,0,0,0,0,0,0,0,"- ","- ",36.561790000000002,-119.55663,FRESNO,UNINCORPORATED,-119.55652985,36.561380079999999
6905664,2015,2015-05-15,9495,2015-04-27,0716,17312,,1,1,9,1000,0,3,5,,2,052,"MOUNT WHITNEY AV","BISHOP AV",1056.00,W,N,A,-,N,,,,,,,,,,Y,1,1,1,2,A,-,08,22107,,N,A,C,A,A,H,-,A,D,0,,,,Y,Y,,-,,0,1,0,0,0,0,0,0,0,"- ","- ",36.42991,-120.0185,FRESNO,UNINCORPORATED,-120.01686764999999,36.429928629999999
6911303,2015,2016-11-07,9495,2015-04-27,0030,19846,,1,3,9,1000,0,1,3,,1,008,"RT 198","RT 33",4224.00,E,N,A,-,Y,FRE,6,198,-,-,23.450,H,-,E,Y,2,0,1,1,A,-,01,23152,A,N,F,A,A,A,H,-,D,D,0,,,,,Y,Y,A,01,1,0,0,0,0,0,0,0,0,"- ","- ",36.248649999999998,-120.30347,FRESNO,UNINCORPORATED,-120.30252345,36.248270589999997
6911305,2015,2016-11-05,9495,2015-04-05,1139,19463,,7,1,9,1000,0,1,1,,2,021,"RT 5","RT 269",6864.00,N,N,A,-,Y,FRE,6,5,-,-,1.606,R,4,S,Y,2,0,5,5,A,-,08,22107,,N,E,I,F,A,H,-,A,D,1,Y,,,,Y,,A,07,1,3,1,0,1,0,0,0,0,"- ","- ",36.08972,-120.11721,FRESNO,UNINCORPORATED,-120.1175683,36.092268900000001