CASE_ID,ACCIDENT_YEAR,PROC_DATE,JURIS,COLLISION_DATE,COLLISION_TIME,OFFICER_ID,REPORTING_DISTRICT,DAY_OF_WEEK,CHP_SHIFT,POPULATION,CNTY_CITY_LOC,SPECIAL_COND,BEAT_TYPE,CHP_BEAT_TYPE,CITY_DIVISION_LAPD,CHP_BEAT_CLASS,BEAT_NUMBER,PRIMARY_RD,SECONDARY_RD,DISTANCE,DIRECTION,INTERSECTION,WEATHER_1,WEATHER_2,STATE_HWY_IND,CALTRANS_COUNTY,CALTRANS_DISTRICT,STATE_ROUTE,ROUTE_SUFFIX,POSTMILE_PREFIX,POSTMILE,LOCATION_TYPE,RAMP_INTERSECTION,SIDE_OF_HWY,TOW_AWAY,COLLISION_SEVERITY,NUMBER_KILLED,NUMBER_INJURED,PARTY_COUNT,PRIMARY_COLL_FACTOR,PCF_CODE_OF_VIOL,PCF_VIOL_CATEGORY,PCF_VIOLATION,PCF_VIOL_SUBSECTION,HIT_AND_RUN,TYPE_OF_COLLISION,MVIW,PED_ACTION,ROAD_SURFACE,ROAD_COND_1,ROAD_COND_2,LIGHTING,CONTROL_DEVICE,CHP_ROAD_TYPE,PEDESTRIAN_ACCIDENT,BICYCLE_ACCIDENT,MOTORCYCLE_ACCIDENT,TRUCK_ACCIDENT,NOT_PRIVATE_PROPERTY,ALCOHOL_INVOLVED,STWD_VEHTYPE_AT_FAULT,CHP_VEHTYPE_AT_FAULT,COUNT_SEVERE_INJ,COUNT_VISIBLE_INJ,COUNT_COMPLAINT_PAIN,COUNT_PED_KILLED,COUNT_PED_INJURED,COUNT_BICYCLIST_KILLED,COUNT_BICYCLIST_INJURED,COUNT_MC_KILLED,COUNT_MC_INJURED,PRIMARY_RAMP,SECONDARY_RAMP,LATITUDE,LONGITUDE,COUNTY,CITY,POINT_X,POINT_Y
6921397,2015,2016-11-05,9495,2015-05-03,0545,018589,,7,3,9,1000,0,1,1,,2,003,"RT 5","QUIST RD",528.00,N,N,A,-,Y,FRE,6,5,-,-,1.810,H,-,S,Y,2,0,5,1,A,-,08,22107,,N,F,A,A,A,H,-,B,D,1,,,,,Y,,A,07,2,3,0,0,0,0,0,0,0,"- ","- ",36.09525,-120.11994,FRESNO,UNINCORPORATED,-120.11974684,36.094664450000003
6924989,2015,2015-06-05,1015,2015-05-05,2042,N072,SELMA,2,5,3,1015,0,0,0,,0,004,"NEBRASKA AV","THOMPSON AV",124.00,W,N,A,-,N,,,,,,,,,,N,2,0,1,2,A,-,11,21954,A,N,G,B,D,A,H,-,C,D,0,Y,,,,Y,,N,60,1,0,0,0,1,0,0,0,0,"- ","- ",,,FRESNO,SELMA,-119.62028189,36.56165
6925616,2015,2015-05-20,9435,2015-04-30,1420,18574,,4,2,9,1000,0,3,5,,2,034,"CLOVIS AV","AMERICAN AV",0.00,,Y,A,-,N,,,,,,,,,,Y,2,0,2,2,A,-,01,23152,A,N,D,C,A,A,H,-,A,A,0,,,,,Y,Y,A,01,1,0,1,0,0,0,0,0,0,"- ","- ",36.663490000000003,-119.6999,FRESNO,UNINCORPORATED,-119.69985986,36.663559999999997
6949686,2015,2015-07-13,9435,2015-05-29,2353,016507,,5,3,9,1000,0,3,5,,2,060,"ALTA AV","DINUBA AV",0.00,,Y,A,-,N,,,,,,,,,,Y,2,0,2,2,A,-,03,22350,,N,D,C,A,A,H,-,C,A,0,,,Y,,Y,Y,C,02,1,1,0,0,0,0,0,0,2,"- ","- ",36.589410000000001,-119.39514,FRESNO,UNINCORPORATED,-119.39502998,36.589420109999999
6949723,2015,2015-06-30,9435,2015-05-31,2131,16761,,7,2,9,1000,0,3,5,,2,030,"TULARE AV","CAESAR AV",215.00,W,N,A,-,N,,,,,,,,,,N,2,0,1,2,A,-,11,21954,A,N,G,B,E,A,H,-,D,D,0,Y,,,,Y,Y,N,60,1,0,0,0,1,0,0,0,0,"- ","- ",36.743110000000001,-119.71544,FRESNO,UNINCORPORATED,-119.71570325,36.743125050000003
6949897,2015,2015-07-03,9435,2015-06-01,1620,15026,,1,2,9,1000,0,3,5,,2,030,"CHESTNUT AV","SHIELDS AV",0.00,,Y,A,-,N,,,,,,,,,,Y,2,0,5,2,A,-,01,23152,A,N,D,C,A,A,H,-,A,A,0,,,,,Y,Y,A,07,1,3,1,0,0,0,0,0,0,"- ","- ",,,FRESNO,UNINCORPORATED,-119.73638999000001,36.779559999999996
6968736,2015,2016-11-05,9435,2015-06-08,1828,18939,,1,2,7,1005,0,1,3,,2,410,"RT 41","SHAW AV",350.00,N,N,A,-,Y,FRE,6,41,-,R,28.615,R,2,N,Y,2,0,2,1,A,-,08,22107,,N,E,I,A,A,H,-,A,D,1,,,,,Y,,A,01,1,0,1,0,0,0,0,0,0,FR,"- ",36.80932,-119.7848,FRESNO,FRESNO,-119.78513697,36.810864109999997
6973844,2015,2015-07-03,9435,2015-05-30,1330,013112,,6,1,9,1000,0,3,5,,2,020,"ELM AV","FLORAL AV",0.00,,Y,A,-,N,,,,,,,,,,Y,2,0,4,2,A,-,12,22450,A,N,D,C,A,A,H,-,A,A,0,,,,,Y,,A,01,1,1,2,0,0,0,0,0,0,"- ","- ",36.5764,-119.7907,FRESNO,UNINCORPORATED,-119.79094988999999,36.57625006
6990505,2015,2017-01-12,9461,2015-07-13,0045,019923,,1,3,9,1000,0,1,1,,2,305,"RT 5","PANOCHE CREEK",170.00,S,N,A,-,Y,FRE,6,5,-,-,49.960,H,-,N,Y,2,0,1,3,A,-,03,22350,,N,C,C,A,A,C,-,D,D,1,,,,Y,Y,,G,27,1,0,0,0,0,0,0,0,0,"- ","- ",36.652270000000001,-121.63232000000001,FRESNO,UNINCORPORATED,-120.63179965,36.651510719999997
6993413,2015,2015-07-29,9435,2015-07-07,1515,018914,,2,2,9,1000,0,3,5,,2,025,"MILLERTON RD","MILLERTON LAKE DAM",350.00,E,N,A,-,N,,,,,,,,,,Y,2,0,3,2,A,-,05,21651,A,N,A,C,A,A,H,-,A,D,0,,,,,Y,,A,08,1,1,1,0,0,0,0,0,0,"- ","- ",,,FRESNO,UNINCORPORATED,-119.7069633,36.997203110000001
7006080,2015,2016-04-05,9435,2015-06-21,0210,19323,,7,3,9,1000,0,1,3,,1,180,"RT 180","GARFIELD AV",3.00,E,N,A,-,Y,FRE,6,180,-,-,50.110,I,5,E,Y,1,1,2,2,A,-,05,21460,C,N,A,C,A,A,H,-,D,D,0,,,,,Y,Y,D,22,1,1,0,0,0,0,0,0,0,"- ","- ",36.735169999999997,-119.92541,FRESNO,UNINCORPORATED,-119.92543171,36.735261029999997
7006101,2015,2015-08-25,9461,2015-07-10,1655,19052,,5,2,9,1000,0,3,5,,2,060,"MERRILL AV","HUDSON AV",0.00,,Y,B,-,N,,,,,,,,,,Y,1,1,1,2,A,-,12,22450,A,N,D,C,A,A,H,-,A,A,0,,,,,Y,,D,22,1,0,0,0,0,0,0,0,0,"- ","- ",36.952460000000002,-120.54533000000001,FRESNO,UNINCORPORATED,-120.54539991,36.952460109999997
7006712,2015,2016-04-13,1001,2015-10-11,2046,5635,,7,5,5,1001,0,0,0,,0,,"SHAW AV","DARTMOUTH AV",0.00,,Y,A,-,N,,,,,,,,,,Y,1,1,0,2,C,-,18,,,N,G,B,D,B,-,-,B,D,0,Y,,,,Y,,-,"- ",0,0,0,1,0,0,0,0,0,"- ","- ",36.809010000000001,-119.70480000000001,FRESNO,CLOVIS,-119.70511994,36.80856009
7011699,2015,2015-08-06,1001,2015-07-17,2215,5463,,5,5,5,1001,0,0,0,,0,005,"FOWLER AV",ASHLAN,379.00,S,N,A,-,N,,,,,,,,,,N,2,0,1,2,A,-,11,21954,A,N,A,B,E,A,H,-,C,D,0,Y,,Y,,Y,Y,N,60,1,0,0,0,1,0,0,0,0,"- ","- ",36.794060000000002,-119.68226,FRESNO,CLOVIS,-119.68226672,36.792989759999998
7012188,2015,2016-06-02,9435,2015-06-28,1750,16761,,7,2,9,1000,0,3,5,,2,034,"ZEDIKER AV","ADAMS AV",2600.00,S,N,A,-,N,,,,,,,,,,Y,2,0,2,1,A,-,08,22107,,N,E,I,A,A,H,-,A,D,0,,,,,Y,,A,07,1,0,1,0,0,0,0,0,0,"- ","- ",36.626860000000001,-119.52078,FRESNO,UNINCORPORATED,-119.52078754999999,36.626604460000003
7012220,2015,2015-08-08,9435,2015-06-18,0540,18944,,4,3,9,1000,0,3,5,,2,034,"RIVERBEND AV","RAINBOW AV",1000.00,S,N,A,-,N,,,,,,,,,,Y,2,0,1,1,A,-,08,22107,,N,E,I,A,A,H,-,B,D,0,,,,,Y,,A,01,1,0,0,0,0,0,0,0,0,"- ","- ",36.722200000000001,-119.51097,FRESNO,UNINCORPORATED,-119.5109672,36.722567890000001
7016415,2015,2015-08-24,9435,2015-07-16,1506,015181,,4,2,9,1000,0,3,5,,2,015,"WALNUT AV","AMERICAN AV",0.00,,Y,A,-,N,,,,,,,,,,Y,2,0,4,2,A,-,12,22450,A,N,D,C,A,A,H,-,A,D,0,,,,,Y,,D,22,1,2,1,0,0,0,0,0,0,"- ","- ",36.663499999999999,-119.80887,FRESNO,UNINCORPORATED,-119.80877995,36.663270009999998
7016771,2015,2017-01-23,9435,2015-07-14,0635,013780,,2,1,7,1005,0,1,3,,2,410,"RT 41","NEVADA AV",565.00,N,N,A,-,Y,FRE,6,41,-,R,24.050,H,-,N,Y,2,0,1,1,A,-,08,22107,,N,E,I,A,A,H,-,A,D,1,,,,,Y,,A,07,1,0,0,0,0,0,0,0,0,"- ","- ",,,FRESNO,FRESNO,-119.77617205,36.747628689999999
7035521,2015,2015-08-28,9435,2015-07-29,1425,019926,,3,2,9,1000,0,3,5,,2,010,"MAROA AV","SHAW AV",0.00,,Y,A,-,N,,,,,,,,,,Y,2,0,5,3,A,-,12,21453,A,N,D,C,A,A,H,-,A,A,0,,,,,Y,,D,22,1,4,0,0,0,0,0,0,0,"- ","- ",,,FRESNO,UNINCORPORATED,-119.79944992,36.808560100000001
7035541,2015,2015-08-28,9435,2015-07-31,2342,019789,,5,3,9,1000,0,3,5,,2,034,"NORTH AV","INDIANOLA AV",590.00,W,N,A,-,N,,,,,,,,,,N,2,0,1,2,A,-,11,21954,A,N,G,B,D,A,H,-,D,D,0,Y,,,,Y,,N,60,1,0,0,0,1,0,0,0,0,"- ","- ",36.692129999999999,-119.58503,FRESNO,UNINCORPORATED,-119.58526061000001,36.692212089999998
7035569,2015,2017-01-23,9435,2015-07-19,2114,018939,,7,2,9,1000,0,1,3,,1,411,"RT 41","CENTRAL AV",0.00,,Y,A,-,Y,FRE,6,41,-,R,19.113,I,5,N,Y,2,0,3,2,A,-,12,21453,A,N,D,C,A,A,H,-,C,A,1,,,,,Y,,D,22,1,0,2,0,0,0,0,0,0,"- ","- ",36.677970000000002,-119.78579999999999,FRESNO,UNINCORPORATED,-119.78574066,36.677885029999999
7037120,2015,2015-08-26,9435,2015-08-08,1242,019610,,6,1,9,1000,0,3,5,,2,030,"TRIMMER SPRINGS RD","PIEDRA RD",11616.00,W,N,A,-,N,,,,,,,,,,Y,2,0,1,1,A,-,08,22107,,N,E,I,A,A,H,-,A,D,0,,,Y,,Y,,C,02,1,0,0,0,0,0,0,0,1,"- ","- ",,,FRESNO,UNINCORPORATED,-119.40211469,36.798393230000002
7037348,2015,2016-05-24,9495,2015-08-03,1400,18253,,1,2,9,1000,0,3,5,,2,053,"PHELPS AV","CALAVERAS AV",4752.00,W,N,A,-,N,,,,,,,,,,Y,2,0,1,1,A,-,03,22350,,N,F,A,A,A,H,-,A,D,0,,,,Y,Y,,G,25,1,0,0,0,0,0,0,0,0,"- ","- ",36.151649999999997,-120.30043000000001,FRESNO,UNINCORPORATED,-120.29932965,36.151623430000001
7067553,2015,2015-09-22,1001,2015-09-04,1055,5463,,5,5,5,1001,0,0,0,,0,002,"SANTA ANA AV","CLOVIS AV",0.00,,Y,A,-,N,,,,,,,,,,N,2,0,1,2,A,-,09,21453,B,N,H,G,A,A,H,-,A,A,0,,Y,,,Y,,A,08,1,0,0,0,0,0,1,0,0,"- ","- ",36.804879999999997,-119.70054,FRESNO,CLOVIS,-119.70053987999999,36.804880019999999
7120543,2015,2015-11-23,1013,2015-10-04,0123,M046,M320,7,5,3,1013,0,0,0,,0,003,"BETHEL AV","ANNADALE AV",0.00,,Y,A,-,N,,,,,,,,,,Y,2,0,3,2,A,-,12,21453,A,N,D,C,A,A,H,-,C,A,0,,,,,Y,Y,D,22,1,1,1,0,0,0,0,0,0,"- ","- ",,,FRESNO,SANGER,-119.57426998,36.699490019999999
7142970,2014,2016-01-19,1005,2014-01-15,2235,P1298,NE096,3,5,7,1005,0,0,0,,0,00A,"E SHEPHERD AV","N CHANCE AV",16.00,W,N,A,-,N,,,,,,,,,,Y,2,0,1,1,A,-,03,22350,,N,E,I,A,A,H,-,C,D,0,,,,,Y,,A,01,1,0,0,0,0,0,0,0,0,"- ","- ",,,FRESNO,FRESNO,-119.75237466,36.866589599999998
7142972,2014,2016-01-19,1005,2014-03-14,1312,P624,2852,5,5,7,1005,0,0,0,,0,01E,"CALIFORNIA AV","FRUIT AV",0.00,,Y,A,-,N,,,,,,,,,,Y,2,0,13,2,A,-,03,22350,,F,D,C,A,A,H,-,A,A,0,,,,,Y,,A,01,3,6,4,0,0,0,0,0,0,"- ","- ",,,FRESNO,FRESNO,-119.81774986000001,36.721300069999998
7143015,2014,2016-01-20,1005,2014-01-04,1836,P1298,NW135,6,5,7,1005,0,0,0,,0,00B,"N WISHON AV","EAST CLINTON AV",102.00,N,N,A,-,N,,,,,,,,,,Y,2,0,2,2,A,-,01,23152,A,N,C,C,A,A,H,-,C,A,0,,,,,Y,,A,01,1,0,1,0,0,0,0,0,0,"- ","- ",,,FRESNO,FRESNO,-119.80106696,36.77245997
7143057,2014,2016-01-25,1005,2014-03-02,0904,P983,1649,7,5,7,1005,0,0,0,,0,00D,"WEST SHAW AV","N VALENTINE WY",0.00,,Y,A,-,N,,,,,,,,,,N,2,0,1,2,A,-,11,21950,B,N,G,B,B,A,H,-,A,A,0,Y,,,,Y,,A,01,1,0,0,0,1,0,0,0,0,"- ","- ",,,FRESNO,FRESNO,-119.85349998,36.808380110000002
7143179,2014,2016-01-20,1005,2014-05-21,1413,P874,2961,3,5,7,1005,0,0,0,,0,03H,"FLORENCE AV","PRICE AV",0.00,,-,A,-,N,,,,,,,,,,Y,2,0,1,2,A,-,11,21950,B,N,G,B,D,A,H,-,A,D,0,Y,,,,Y,,N,60,1,0,0,0,1,0,0,0,0,"- ","- ",,,FRESNO,FRESNO,-119.74456986,36.717760009999999
7143204,2014,2016-01-21,1005,2014-06-03,1224,P874,1845,2,5,7,1005,0,0,0,,0,02C,"ASHLAN AV",BABIGIAN,252.00,E,N,A,-,N,,,,,,,,,,,2,0,1,2,A,-,08,22107,,N,D,G,A,A,H,-,A,D,0,,Y,,,Y,,L,04,1,0,0,0,0,0,1,0,0,"- ","- ",,,FRESNO,FRESNO,-119.87456989,36.793786779999998
7143239,2014,2016-01-21,1005,2014-06-17,0058,P904,"SW B",2,5,7,1005,0,0,0,,0,2453,"BELMONT AV","H ST",180.00,W,N,A,-,N,,,,,,,,,,Y,2,0,1,2,A,-,11,21954,A,N,G,B,E,A,H,-,C,D,0,Y,,,,Y,,N,60,1,0,0,0,1,0,0,0,0,"- ","- ",,,FRESNO,FRESNO,-119.81312246,36.750410000000002
7143392,2014,2016-01-21,1005,2014-10-09,2150,P880,NE165,4,5,7,1005,0,0,0,,0,00D,"N BLACKSTONE AV","EAST BARSTOW AV",188.00,S,N,A,-,N,,,,,,,,,,N,2,0,1,2,A,-,11,21954,A,N,G,B,D,A,H,-,C,A,0,Y,,,,Y,Y,N,60,1,0,0,0,1,0,0,0,0,"- ","- ",,,FRESNO,FRESNO,-119.79032144,36.815213960000001
7143400,2014,2016-01-21,1005,2014-02-14,1839,P1569,NW184,5,5,7,1005,0,0,0,,0,00C,"N BRIX AV","W SWIFT AV",3.00,S,N,A,-,N,,,,,,,,,,N,2,0,1,2,A,-,01,23153,A,N,G,B,D,A,H,-,C,D,0,Y,,,,Y,Y,A,01,1,0,0,0,1,0,0,0,0,"- ","- ",,,FRESNO,FRESNO,-119.88109977000001,36.796361769999997
7143427,2014,2016-01-21,1005,2014-10-15,2500,P1629,,3,5,7,1005,0,0,0,,0,,"S CALLISCH ST","E HUNTINGTON BL",105.00,N,N,A,-,N,,,,,,,,,,N,2,0,1,2,A,-,11,21954,A,N,G,B,E,A,H,-,B,D,0,Y,,,,Y,,N,60,1,0,0,0,1,0,0,0,0,"- ","- ",,,FRESNO,FRESNO,-119.77570183,36.73982814
7148516,2015,2016-01-25,1005,2015-10-25,1840,P1680,NW225,7,5,7,1005,0,0,0,,0,00H,"EAST CLINTON AV","N VAN NESS BL",0.00,,Y,A,-,N,,,,,,,,,,N,2,0,1,2,A,-,10,21950,A,N,G,B,B,A,H,-,C,A,0,Y,,,,Y,,A,01,1,0,0,0,1,0,0,0,0,"- ","- ",,,FRESNO,FRESNO,-119.80415994000001,36.772210049999998
7148523,2015,2016-01-25,1005,2015-10-14,1321,P911,1352,3,5,7,1005,0,0,0,,0,00B,"WEST AV","SIERRA AV",232.00,N,N,A,-,N,,,,,,,,,,,2,0,1,2,A,-,03,22350,,N,C,G,A,A,H,-,A,D,0,,Y,,,Y,,A,01,1,0,0,0,0,0,1,0,0,"- ","- ",,,FRESNO,FRESNO,-119.82647339,36.830606830000001
7148543,2015,2016-01-25,1005,2015-10-12,1612,P1065,NE,1,5,7,1005,0,0,0,,0,,"SHIELDS AV","FRESNO ST",792.00,E,N,A,-,N,,,,,,,,,,Y,2,0,1,2,A,-,08,22107,,F,B,C,A,A,H,-,A,D,0,,,Y,,Y,Y,-,99,1,0,0,0,0,0,0,0,1,"- ","- ",,,FRESNO,FRESNO,-119.77883754,36.779740220000001
7155874,2014,2016-01-21,1005,2014-06-13,1850,P721,1858,5,5,7,1005,0,0,0,,0,00E,"EAST ASHLAN AV","NORTH MILLBROOK AV",500.00,E,N,A,-,N,,,,,,,,,,Y,2,0,2,2,A,-,07,21658,A,N,B,C,A,A,H,-,A,D,0,,,Y,,Y,,A,01,1,0,1,0,0,0,0,0,2,"- ","- ",,,FRESNO,FRESNO,-119.76160353,36.794200009999997
7155946,2014,2016-03-30,1005,2014-03-08,2252,P733,1149,6,5,7,1005,0,0,0,,0,00B,"NORTH MARKS AV","WEST CLINTON AV",0.00,,Y,A,-,N,,,,,,,,,,N,2,0,1,2,A,-,01,23152,E,N,H,G,A,A,H,-,C,A,0,,Y,,,Y,,L,04,1,0,0,0,0,0,1,0,0,"- ","- ",,,FRESNO,FRESNO,-119.8443999,36.771910069999997
7155954,2014,2016-01-22,1005,2014-04-27,0325,P1249,2661,7,5,7,1005,0,0,0,,0,00D,"E KINGS CANYON RD","SOUTH CHESTNUT AV",0.00,,Y,A,-,N,,,,,,,,,,Y,2,0,4,2,A,-,01,23153,A,N,D,C,A,A,H,-,C,A,0,,,,,Y,Y,A,01,1,0,3,0,0,0,0,0,0,"- ","- ",,,FRESNO,FRESNO,-119.73646995,36.735870050000003
7155975,2014,2016-01-28,1005,2014-10-01,2155,P1293,SW285,3,5,7,1005,0,0,0,,0,00E,"E EDEN AV","S THORNE AV",0.00,,N,A,-,N,,,,,,,,,,Y,2,0,1,2,A,-,00,23103,A,M,A,C,A,A,H,-,C,A,0,,,,,Y,Y,A,01,1,0,0,0,0,0,0,0,0,"- ","- ",,,FRESNO,FRESNO,-119.81316991,36.72537011
7155993,2014,2016-01-22,1005,2014-09-24,0005,P1627,1250,3,5,7,1005,0,0,0,,0,00B,"WEST HERNDON AV","VAN NESS",221.00,W,N,A,-,N,,,,,,,,,,Y,2,0,3,1,C,-,18,,,N,E,I,A,A,H,-,C,A,0,,,,,Y,,-,"- ",1,1,1,0,0,0,0,0,0,"- ","- ",,,FRESNO,FRESNO,-119.83612471000001,36.837336729999997
7155996,2014,2016-01-25,1005,2014-09-20,2051,P866,NE125,6,5,7,1005,0,0,0,,0,00C,"EAST HERNDON AV","N 1ST ST",0.00,,Y,A,-,N,,,,,,,,,,Y,2,0,4,2,A,-,09,21453,C,N,D,C,A,A,H,-,C,A,0,,,,,Y,,A,01,1,0,3,0,0,0,0,0,0,"- ","- ",,,FRESNO,FRESNO,-119.77235996,36.837200109999998
7156069,2014,2016-01-22,1005,2014-12-07,0035,P1628,NW154,7,5,7,1005,0,0,0,,0,00A,"W SAN JOSE AV","N SALINAS AV",0.00,,Y,A,-,N,,,,,,,,,,N,2,0,1,1,A,-,01,23152,A,N,A,J,A,A,H,-,C,D,0,,,,,Y,Y,A,01,1,0,0,0,0,0,0,0,0,"- ","- ",,,FRESNO,FRESNO,-119.87602990000001,36.814930029999999
7156775,2014,2016-01-22,1005,2014-04-15,1859,P1161,SW235,2,5,7,1005,0,0,0,,0,00B,"WEST MCKINLEY AV","N FAY AV",228.00,W,N,A,-,N,,,,,,,,,,N,2,0,1,2,A,-,21,22106,,F,C,G,A,A,H,-,A,D,0,,Y,,,Y,Y,D,22,1,0,0,0,0,0,1,0,0,"- ","- ",,,FRESNO,FRESNO,-119.82473786,36.764725609999999
7156834,2014,2016-01-22,1002,2014-08-31,1830,,,7,5,3,1002,0,0,0,,0,0CO,"W IVY SOUTH","E POLK ST",168.00,W,N,A,-,N,,,,,,,,,,N,2,0,1,2,A,-,09,21804,,N,C,G,A,A,H,-,A,D,0,,Y,,,Y,,L,04,1,0,0,0,0,0,1,0,0,"- ","- ",,,FRESNO,COALINGA,-120.35685003,36.136536020000001
7159143,2016,2016-02-16,1001,2016-01-19,1237,5104,,2,5,5,1001,0,0,0,,0,005,"BARSTOW AV","SUNNYSIDE AV",963.00,W,N,B,C,N,,,,,,,,,,Y,2,0,2,3,A,-,08,22107,,N,D,C,A,B,H,-,A,D,0,,,,,Y,,A,01,1,1,0,0,0,0,0,0,0,"- ","- ",36.815759999999997,-119.69096999999999,FRESNO,CLOVIS,-119.69425731,36.815783379999999
7159917,2015,2016-12-15,1002,2015-05-03,0315,E1412,,7,5,3,1002,0,0,0,,0,0CO,"RT 33","CAMBRIDGE AV",0.00,,Y,A,-,Y,FRE,6,33,-,-,16.560,H,-,N,Y,2,0,1,3,A,-,08,22107,,N,C,E,A,A,H,-,C,D,0,,,,,Y,,A,01,1,0,0,0,0,0,0,0,0,"- ","- ",,,FRESNO,COALINGA,-120.35445484,36.150901019999999
7161641,2015,2016-02-12,1005,2015-02-02,0007,P1450,SW275,1,5,7,1005,0,0,0,,0,00G,"S HAZELWOOD BL","E VENTURA AV",0.00,,Y,A,-,N,,,,,,,,,,Y,2,0,1,1,A,-,01,23152,B,N,E,I,A,A,H,-,C,A,0,,,,,Y,Y,A,01,1,0,0,0,0,0,0,0,0,"- ","- ",,,FRESNO,FRESNO,-119.77564989,36.735950029999998
7161814,2015,2016-02-17,1005,2015-02-07,0800,P647,NE136,6,5,7,1005,0,0,0,,0,00B,"EAST HERNDON AV","NORTH CEDAR AV",0.00,,Y,C,-,N,,,,,,,,,,Y,2,0,1,1,A,-,03,22350,,N,E,I,A,B,H,-,A,A,0,,,,,Y,,D,22,1,0,0,0,0,0,0,0,0,"- ","- ",,,FRESNO,FRESNO,-119.75434988000001,36.837450050000001
7161875,2015,2016-02-12,1005,2015-03-02,1448,P1070,1851,1,5,7,1005,0,0,0,,0,05D,"EMERSON AV","SWIFT AV",5.00,W,N,B,-,N,,,,,,,,,,Y,2,0,2,3,A,-,03,22350,,N,C,G,A,A,H,-,A,D,0,,Y,,,Y,,A,01,1,1,0,0,0,0,1,0,0,"- ","- ",,,FRESNO,FRESNO,-119.82993706000001,36.796489680000001
7161882,2015,2016-02-12,1005,2015-04-29,1547,776,1758,3,5,7,1005,0,0,0,,0,00E,"SHAW AV","4TH ST",107.00,W,N,A,-,N,,,,,,,,,,Y,2,0,1,1,A,-,03,22350,,N,E,I,A,A,H,-,A,D,0,,,,,Y,,D,22,1,0,0,0,0,0,0,0,0,"- ","- ",,,FRESNO,FRESNO,-119.76585525,36.808359199999998
7161921,2015,2016-05-16,1005,2015-05-02,2022,P1308,SE276,6,5,7,1005,0,0,0,,0,00A,"S ARMSTRONG AV","E LOWE AV",162.00,S,N,A,-,N,,,,,,,,,,N,2,0,2,3,A,-,14,21201,D,N,G,G,A,A,H,-,D,D,0,,Y,,,Y,,L,04,1,0,1,0,0,0,2,0,0,"- ","- ",,,FRESNO,FRESNO,-119.67296,36.731725349999998
7161958,2015,2016-01-28,1005,2015-05-16,2133,P1361,NE155,6,5,7,1005,0,0,0,,0,00C,"N BLACKSTONE AV","E BULLARD AV",21.00,N,N,A,-,N,,,,,,,,,,N,2,0,1,4,B,-,22,,,N,C,C,A,A,H,-,C,D,0,,,Y,,Y,,-,"- ",1,0,0,0,0,0,0,0,1,"- ","- ",,,FRESNO,FRESNO,-119.79026969,36.823027639999999
7162106,2015,2016-01-29,1005,2015-07-23,1950,P1286,SW255,4,5,7,1005,0,0,0,,0,00C,"N ANGUS ST","E WASHINGTON AV",0.00,,Y,A,-,N,,,,,,,,,,N,2,0,1,2,A,-,05,21650,1,F,A,G,A,A,H,-,B,D,0,,Y,,,Y,,L,04,1,0,0,0,0,0,1,0,0,"- ","- ",,,FRESNO,FRESNO,-119.77699990000001,36.747729999999997
7162141,2015,2016-06-22,1005,2015-04-05,1925,P1616,NW205,7,5,7,1005,0,0,0,,0,00G,"W DAKOTA AV","N HUGHES AV",0.00,,Y,B,G,N,,,,,,,,,,Y,2,0,1,2,A,-,01,23153,A,N,G,B,B,A,H,-,B,A,0,Y,,,,Y,Y,A,01,1,0,0,0,1,0,0,0,0,"- ","- ",,,FRESNO,FRESNO,-119.83544998000001,36.786520019999998
7162196,2014,2016-01-29,1002,2014-03-26,1917,E0879,,3,5,3,1002,0,0,0,,0,0CO,"5TH ST","FOREST AV",56.00,E,N,B,-,N,,,,,,,,,,N,2,0,2,2,A,-,09,21802,A,N,B,C,A,A,H,-,A,A,0,,,Y,,Y,,A,01,1,0,1,0,0,0,0,0,2,"- ","- ",,,FRESNO,COALINGA,-120.35905879000001,36.138977240000003
7162250,2015,2016-01-28,1005,2015-02-18,0039,P774,1C,3,5,7,1005,0,0,0,,0,2356,"CLARK ST","MCKINLEY AV",0.00,,N,A,-,N,,,,,,,,,,Y,2,0,1,1,A,-,01,23152,A,N,E,I,A,A,H,-,C,A,0,,,,,Y,Y,D,22,1,0,0,0,0,0,0,0,0,"- ","- ",,,FRESNO,FRESNO,-119.78606988,36.765030060000001
7162344,2015,2016-01-26,1005,2015-01-28,1658,P1293,2559,3,5,7,1005,0,0,0,,0,00B,"NORTH CEDAR AV","E MADISON AV",168.00,S,N,B,-,N,,,,,,,,,,N,2,0,1,2,A,-,11,21954,A,N,G,B,D,A,H,-,A,A,0,Y,,,,Y,,N,60,1,0,0,0,1,0,0,0,0,"- ","- ",,,FRESNO,FRESNO,-119.75447973999999,36.749109150000002
7162633,2014,2016-02-01,1005,2014-10-13,1915,P1011,0862,1,5,7,1005,0,0,0,,0,00A,"N WILLOW AV","E PERRIN AV",16.00,W,N,A,-,N,,,,,,,,,,N,2,0,1,2,A,-,12,22450,A,N,D,G,A,A,H,-,C,A,0,,Y,,,Y,,L,04,1,0,0,0,0,0,1,0,0,"- ","- ",,,FRESNO,FRESNO,-119.72996999999999,36.874169999999999
7163266,2014,2016-03-21,1005,2014-12-02,0731,P624,2351,2,5,7,1005,0,0,0,,0,01A,"SB GOLDEN STATE TRANSITION RD","RT 99",240.00,S,N,C,-,N,,,,,,,,,,N,2,0,1,2,D,-,00,,,N,B,B,E,B,H,-,A,A,0,Y,,,Y,Y,,-,"- ",1,0,0,0,1,0,0,0,0,"- ","- ",,,FRESNO,FRESNO,,
7163980,2015,2016-02-05,1005,2015-03-05,2312,P1070,1256,4,5,7,1005,0,0,0,,0,04C,"BLACKSTONE AV","HERNDON AV",0.00,,N,A,-,N,,,,,,,,,,Y,2,0,4,3,A,-,12,21453,A,N,D,C,A,A,H,-,C,A,0,,,,,Y,,J,48,1,1,2,0,0,0,0,0,0,"- ","- ",,,FRESNO,FRESNO,-119.79037997,36.837380019999998
7168565,2015,2016-01-25,1005,2015-05-20,1712,P1564,1852,3,5,7,1005,0,0,0,,0,00D,"N EMERSON AV","WEST ASHLAN AV",0.00,,Y,A,-,N,,,,,,,,,,N,2,0,1,2,A,-,11,21950,B,N,G,B,B,A,H,-,A,A,0,Y,,,,Y,,D,22,1,0,0,0,1,0,0,0,0,"- ","- ",,,FRESNO,FRESNO,-119.82459995000001,36.793790010000002
7168569,2015,2016-01-25,1005,2015-05-22,1617,P776,2264,5,5,7,1005,0,0,0,,0,00H,"DAKOTA AV","PEACH AV",0.00,,Y,A,-,N,,,,,,,,,,Y,2,0,1,2,A,-,12,21453,A,N,D,C,A,A,H,-,A,A,0,,,,Y,Y,,A,01,1,0,0,0,0,0,0,0,0,"- ","- ",,,FRESNO,FRESNO,-119.7182299,36.786720029999998