CASE_ID,ACCIDENT_YEAR,PROC_DATE,JURIS,COLLISION_DATE,COLLISION_TIME,OFFICER_ID,REPORTING_DISTRICT,DAY_OF_WEEK,CHP_SHIFT,POPULATION,CNTY_CITY_LOC,SPECIAL_COND,BEAT_TYPE,CHP_BEAT_TYPE,CITY_DIVISION_LAPD,CHP_BEAT_CLASS,BEAT_NUMBER,PRIMARY_RD,SECONDARY_RD,DISTANCE,DIRECTION,INTERSECTION,WEATHER_1,WEATHER_2,STATE_HWY_IND,CALTRANS_COUNTY,CALTRANS_DISTRICT,STATE_ROUTE,ROUTE_SUFFIX,POSTMILE_PREFIX,POSTMILE,LOCATION_TYPE,RAMP_INTERSECTION,SIDE_OF_HWY,TOW_AWAY,COLLISION_SEVERITY,NUMBER_KILLED,NUMBER_INJURED,PARTY_COUNT,PRIMARY_COLL_FACTOR,PCF_CODE_OF_VIOL,PCF_VIOL_CATEGORY,PCF_VIOLATION,PCF_VIOL_SUBSECTION,HIT_AND_RUN,TYPE_OF_COLLISION,MVIW,PED_ACTION,ROAD_SURFACE,ROAD_COND_1,ROAD_COND_2,LIGHTING,CONTROL_DEVICE,CHP_ROAD_TYPE,PEDESTRIAN_ACCIDENT,BICYCLE_ACCIDENT,MOTORCYCLE_ACCIDENT,TRUCK_ACCIDENT,NOT_PRIVATE_PROPERTY,ALCOHOL_INVOLVED,STWD_VEHTYPE_AT_FAULT,CHP_VEHTYPE_AT_FAULT,COUNT_SEVERE_INJ,COUNT_VISIBLE_INJ,COUNT_COMPLAINT_PAIN,COUNT_PED_KILLED,COUNT_PED_INJURED,COUNT_BICYCLIST_KILLED,COUNT_BICYCLIST_INJURED,COUNT_MC_KILLED,COUNT_MC_INJURED,PRIMARY_RAMP,SECONDARY_RAMP,LATITUDE,LONGITUDE,COUNTY,CITY,POINT_X,POINT_Y
7168574,2015,2016-01-25,1005,2015-05-27,1229,P776,1356,3,5,7,1005,0,0,0,,0,00C,"SIERRA AV","BLACKSTONE AV",560.00,E,N,A,-,N,,,,,,,,,,Y,2,0,1,2,A,-,09,21804,A,N,D,C,A,A,H,-,A,D,0,,,Y,,Y,,A,01,1,0,0,0,0,0,0,0,1,"- ","- ",,,FRESNO,FRESNO,-119.79042,36.83014
7168590,2015,2016-01-25,1005,2015-05-05,0340,P1403,3260,2,5,7,1005,0,0,0,,0,00F,"E JENSEN BYPASS AV","SOUTH CEDAR AV",1320.00,W,N,A,-,N,,,,,,,,,,Y,2,0,1,1,A,-,03,22350,,N,E,I,A,A,H,-,C,D,0,,,,,Y,Y,A,01,1,0,0,0,0,0,0,0,0,"- ","- ",,,FRESNO,FRESNO,-119.75918323,36.705873789999998
7168607,2015,2016-01-26,1005,2015-09-23,1344,P948,2161,3,5,7,1005,0,0,0,,0,04H,"MAPLE AV","SHEILDS AV",41.00,S,N,A,-,N,,,,,,,,,,Y,2,0,1,3,A,-,01,23152,B,N,B,C,A,A,H,-,A,A,0,,,,,Y,Y,D,22,1,0,0,0,0,0,0,0,0,"- ","- ",,,FRESNO,FRESNO,-119.74534,36.779517460000001
7168611,2015,2016-01-26,1005,2015-09-09,1504,P1109,2H,3,5,7,1005,0,0,0,,0,2151,"CLINTON AV","WEBER AV",0.00,,N,A,-,N,,,,,,,,,,N,2,0,1,2,A,-,12,21453,A,N,D,G,A,A,H,-,A,A,0,,Y,,Y,Y,,L,04,1,0,0,0,0,0,1,0,0,"- ","- ",,,FRESNO,FRESNO,-119.83410997999999,36.771980079999999
7168626,2015,2016-01-26,1005,2015-09-24,1235,P911,NW134,4,5,7,1005,0,0,0,,0,00A,"MILBURN AV","ANTIOCH AV",33.00,S,N,A,-,N,,,,,,,,,,Y,2,0,1,1,A,-,05,21651,A,N,E,I,A,A,H,-,A,D,0,,,,,Y,,A,01,1,0,0,0,0,0,0,0,0,"- ","- ",,,FRESNO,FRESNO,-119.87915552,36.83879949
7168683,2015,2016-01-25,1005,2015-09-08,1734,P1680,SW295,2,5,7,1005,0,0,0,,0,00E,"E CALIFORNIA","S MLK JR BL",135.00,W,N,A,-,N,,,,,,,,,,N,2,0,1,2,A,-,05,21650,,N,D,G,A,A,H,-,A,A,0,,Y,,,Y,,L,04,1,0,0,0,0,0,1,0,0,"- ","- ",,,FRESNO,FRESNO,-119.80033031000001,36.72138691
7168691,2015,2016-12-01,1005,2015-09-23,2000,P960,SE246,3,5,7,1005,0,0,0,,0,00C,"NORTH MAPLE AV","EAST OLIVE AV",0.00,,Y,A,-,N,,,,,,,,,,Y,2,0,4,2,A,-,12,21453,A,N,D,C,A,A,H,-,C,A,0,,,,,Y,,A,01,3,0,1,0,0,0,0,0,0,"- ","- ",,,FRESNO,FRESNO,-119.74542996,36.757710000000003
7168712,2015,2016-01-25,1005,2015-09-05,1951,P1690,SW255,6,5,7,1005,0,0,0,,0,00C,"E MCKENZIE AV","N 1ST ST",0.00,,Y,A,-,N,,,,,,,,,,Y,2,0,1,2,A,-,12,21453,A,N,D,I,A,A,H,-,C,A,0,,,,,Y,Y,A,01,1,0,0,0,0,0,0,0,0,"- ","- ",,,FRESNO,FRESNO,-119.77258993,36.74683005
7168722,2015,2016-02-17,1005,2015-03-22,2048,P1308,SE196,7,5,7,1005,0,0,0,,0,00A,"EAST DAKOTA AV","N ARMSTRONG AV",9.00,S,N,A,-,N,,,,,,,,,,N,2,0,1,2,A,-,11,21950,B,N,G,B,B,A,H,-,C,A,0,Y,,,,Y,,N,60,1,0,0,0,1,0,0,0,0,"- ","- ",,,FRESNO,FRESNO,-119.67312,36.786619999999999
7168725,2015,2016-01-26,1005,2015-03-22,2305,P731,2459,7,5,7,1005,0,0,0,,0,03B,"OLIVE AV","MALLBROOK AV",0.00,,N,A,-,N,,,,,,,,,,Y,2,0,1,2,A,-,11,21456,B,N,G,B,B,A,H,-,C,A,0,Y,,,,Y,,N,60,1,0,0,0,1,0,0,0,0,"- ","- ",,,FRESNO,FRESNO,-119.76347998999999,36.75774002
7168754,2015,2016-01-26,1005,2015-03-01,1540,P1615,SW275,7,5,7,1005,0,0,0,,0,00E,"E STANILAUS ST","S PLUMAS AV",0.00,,Y,B,-,N,,,,,,,,,,Y,2,0,1,1,A,-,03,22350,,N,A,I,A,A,H,-,A,D,0,,,,,Y,,A,01,1,0,0,0,0,0,0,0,0,"- ","- ",,,FRESNO,FRESNO,-119.81152987999999,36.731790060000002
7182536,2016,2016-03-22,1005,2016-01-18,1418,P959,1E,1,5,7,1005,0,0,0,,0,2752,"PLUMAS ST","AMADOR ST",0.00,,N,B,-,N,,,,,,,,,,Y,2,0,1,2,A,-,03,22350,,N,G,B,E,A,H,-,A,D,0,Y,,,,Y,,A,07,1,0,0,0,1,0,0,0,0,"- ","- ",,,FRESNO,FRESNO,-119.81145986,36.734900070000002
7182634,2016,2016-03-21,1005,2016-02-04,1829,P1251,NW,4,5,7,1005,0,0,0,,0,,"W SAN JOSE AV","N MARTY AV",120.00,E,N,A,-,N,,,,,,,,,,N,2,0,1,2,A,-,05,21650,1,N,-,G,A,A,H,-,C,D,0,,Y,,,Y,Y,L,04,1,0,0,0,0,0,1,0,0,"- ","- ",,,FRESNO,FRESNO,-119.85767033,36.811819999999997
7187325,2014,2016-03-21,1005,2014-10-24,1912,P904,NEC,5,5,7,1005,0,0,0,,0,1256,"FRESNO ST","HERNDON AV",40.00,N,N,A,-,N,,,,,,,,,,Y,2,0,2,2,A,-,01,23152,E,N,-,C,A,A,H,-,C,A,0,,,,,Y,,A,01,2,0,0,0,0,0,0,0,0,"- ","- ",,,FRESNO,FRESNO,-119.78129,36.837659799999997
7190067,2016,2018-09-24,1005,2016-01-18,0121,P731,2650,1,5,7,1005,0,0,0,,0,01E,"MARKS AV","WHITES BRIDGE AV",315.00,N,N,B,-,Y,FRE,6,180,-,R,54.886,R,4,E,Y,1,1,1,1,A,-,01,23153,A,N,E,I,A,A,H,-,C,B,0,,,,,Y,Y,A,01,0,1,0,0,0,0,0,0,0,"- ","- ",,,FRESNO,FRESNO,-119.83935834,36.738235709999998
7190530,2016,2016-12-07,1007,2016-08-25,0845,I067,KERMA,4,5,2,1007,0,0,0,,0,0KE,"GOLDENROD AV","WHITESBRIDGE RD",560.00,S,N,A,-,N,,,,,,,,,,N,1,1,0,2,A,-,10,21950,A,N,G,B,C,A,H,-,A,A,0,Y,,,,Y,,-,,0,0,0,1,0,0,0,0,0,"- ","- ",,,FRESNO,KERMAN,-120.04233868999999,36.733412610000002
7196506,2016,2016-03-10,1001,2016-02-25,0516,5465,,4,5,5,1001,0,0,0,,0,007,"CLOVIS AV","HERNDON AV",240.00,N,N,A,-,N,,,,,,,,,,Y,2,0,1,1,A,-,03,22350,,N,E,I,A,-,H,-,C,A,0,,,Y,,Y,,C,02,1,0,0,0,0,0,0,0,1,"- ","- ",36.811819999999997,-119.70116,FRESNO,CLOVIS,-119.70007432,36.838088620000001
7199468,2015,2017-03-28,1005,2015-11-26,1957,P731,2559,4,5,7,1005,0,0,0,,0,03B,"TULARE AV","10TH ST",0.00,,Y,A,-,N,,,,,,,,,,N,1,1,0,2,A,-,11,21954,A,N,G,B,C,A,H,-,C,D,0,Y,,,,Y,Y,N,60,0,0,0,1,0,0,0,0,0,"- ","- ",,,FRESNO,FRESNO,-119.75782996,36.743160070000002
7202886,2016,2016-03-21,1005,2016-02-17,1800,P1298,SE,3,5,7,1005,0,0,0,,0,B2559,"TULARE AV","CEDAR AV",180.00,E,N,A,-,N,,,,,,,,,,Y,2,0,4,2,A,-,01,23152,B,N,C,C,A,A,H,-,C,A,0,,,,,Y,Y,A,01,1,0,3,0,0,0,0,0,0,"- ","- ",,,FRESNO,FRESNO,-119.75389613999999,36.743153929999998
7202917,2016,2016-03-21,1005,2016-02-15,2332,P1070,2050,1,5,7,1005,0,0,0,,0,05G,"WEBER AV","HUGHES AV",0.00,,Y,A,-,N,,,,,,,,,,Y,2,0,8,2,A,-,01,23152,B,N,A,C,A,A,H,-,C,A,0,,,,,Y,Y,A,07,3,5,0,0,0,0,0,0,0,"- ","- ",,,FRESNO,FRESNO,-119.83554986,36.773330020000003
7206162,2014,2016-03-30,1005,2014-03-16,2245,P1550,2762,7,5,7,1005,0,0,0,,0,00G,"EAST BUTLER","E BUTLER 4817",0.00,,N,F,-,N,,,,,,,,,,N,2,0,1,2,A,-,03,22350,,M,G,B,F,A,H,-,C,D,0,Y,,,,Y,,D,22,1,0,0,0,1,0,0,0,0,"- ","- ",,,FRESNO,FRESNO,-119.73556548000001,36.72867145
8004693,2016,2016-03-25,1013,2016-02-13,2249,M139,1013,6,5,3,1013,0,0,0,,0,003,"ACADEMY AV","ANNADALE AV",265.00,S,N,A,-,N,,,,,,,,,,Y,2,0,1,2,A,-,03,22350,,N,F,E,A,A,H,-,C,D,0,,,,,Y,,A,01,1,0,0,0,0,0,0,0,0,"- ","- ",,,FRESNO,SANGER,-119.55416,36.698768190000003
8014148,2015,2016-10-31,1005,2015-02-05,0015,P1298,NW,4,5,7,1005,0,0,0,,0,F/2149,"CLINTON AV","RT 99",40.00,W,N,A,-,Y,FRE,6,99,-,-,24.215,R,4,N,Y,2,0,1,1,A,-,08,22107,,N,E,I,A,A,H,-,C,A,0,,,,,Y,,A,01,1,0,0,0,0,0,0,0,0,"- ",WO,,,FRESNO,FRESNO,-119.83684244,36.769323810000003
8014176,2015,2016-05-16,1005,2015-10-18,1158,P1211,NE126,7,5,7,1005,0,0,0,,0,00B,"NORTH MAPLE AV","E ALLUVIAL AV",360.00,N,N,A,-,N,,,,,,,,,,Y,2,0,2,1,A,-,01,23153,A,N,E,I,A,A,H,-,D,D,0,,,,,Y,Y,A,01,1,1,0,0,0,0,0,0,0,"- ","- ",,,FRESNO,FRESNO,-119.74773999999999,36.845778060000001
8014203,2015,2016-06-20,1005,2015-07-29,2034,P1672,NW142,3,5,7,1005,0,0,0,,0,00F,"W TERRACE AV","N BRAWLEY",17.00,N,N,A,-,N,,,,,,,,,,Y,2,0,2,2,A,-,11,21954,A,N,A,B,D,A,H,-,C,D,0,Y,,Y,,Y,Y,N,60,2,0,0,0,1,0,0,0,1,"- ","- ",,,FRESNO,FRESNO,-119.86233,36.773330000000001
8014204,2015,2016-04-12,1005,2015-01-04,0208,P1021,2452,7,5,7,1005,0,0,0,,0,00A,"N GOLDEN STATE BL","W OLIVE",0.00,,Y,A,-,N,,,,,,,,,,N,2,0,1,2,A,-,03,22350,,F,G,B,E,A,H,-,C,A,0,Y,,,,Y,,-,99,1,0,0,0,1,0,0,0,0,"- ","- ",,,FRESNO,FRESNO,-119.82180986,36.75752
8014223,2015,2016-05-16,1005,2015-09-21,2034,P960,SE276,1,5,7,1005,0,0,0,,0,00G,"EAST BUTLER AV","S CHANCE AV",0.00,,Y,A,-,N,,,,,,,,,,Y,2,0,2,2,A,-,01,23153,A,N,D,C,A,A,H,-,C,A,0,,,,,Y,Y,A,01,2,0,0,0,0,0,0,0,0,"- ","- ",,,FRESNO,FRESNO,-119.75123988,36.728630099999997
8014464,2015,2016-05-11,1001,2015-12-12,0747,5689,,6,5,5,1001,0,0,0,,0,003,"ASHLAN AV","ARMSTRONG AV",0.00,,Y,A,-,N,,,,,,,,,,Y,2,0,1,2,A,-,01,23153,A,N,D,C,A,A,H,-,A,A,0,,,,,Y,Y,D,22,1,0,0,0,0,0,0,0,0,"- ","- ",36.793909999999997,-119.67309,FRESNO,CLOVIS,-119.67309994,36.793950010000003
8027309,2016,2016-04-28,1015,2016-02-17,1405,N023,SELMA,3,5,3,1015,0,0,0,,0,003,"WHITSON AV","MCCALL AV",358.00,S,N,C,-,N,,,,,,,,,,N,2,0,2,2,A,-,08,22107,,N,A,D,A,B,H,-,A,D,0,,,,,Y,,-,,1,0,1,0,0,0,0,0,0,"- ","- ",,,FRESNO,SELMA,-119.60983209,36.563208369999998
8029917,2016,2016-04-27,1002,2016-02-11,1630,E1420,,4,5,3,1002,0,0,0,,0,0CO,"LONGHOLLOW WY","SALTBRUSH AV",24.00,S,N,A,-,N,,,,,,,,,,N,2,0,1,1,A,-,03,22350,,N,F,J,A,A,H,-,A,D,0,,,,,Y,Y,-,,1,0,0,0,0,0,0,0,0,"- ","- ",,,FRESNO,COALINGA,-120.33236033,36.134046060000003
8035034,2016,2016-05-13,1004,2016-02-08,0800,G051,FOWLE,1,5,2,1004,0,0,0,,0,0FO,"GOLDEN STATE BL","SAN ANTONIO DR",108.00,N,N,A,-,N,,,,,,,,,,N,2,0,2,2,A,-,03,22350,,N,C,C,A,A,H,-,A,A,0,,,,,Y,,-,,1,0,1,0,0,0,0,0,0,"- ","- ",,,FRESNO,FOWLER,-119.65338171000001,36.603991579999999
8069125,2016,2016-06-29,1001,2016-06-01,1508,5104,,3,5,5,1001,0,0,0,,0,003,"ASHLAN AV","PISTACHIO AV",0.00,,Y,A,-,N,,,,,,,,,,Y,2,0,2,1,A,-,01,23153,B,N,E,I,A,A,H,-,A,D,0,,,,,Y,Y,A,01,1,1,0,0,0,0,0,0,0,"- ","- ",36.793810000000001,-119.66588,FRESNO,CLOVIS,-119.66587989999999,36.793820009999997
81139547,2019,2019-12-10,1005,2019-11-19,1757,P1913,SOUTH,2,5,7,1005,0,0,0,,0,,"OLIVE AVE","MINNEWAWA AVE",236.00,E,N,A,-,N,,,,,,,,,,N,2,0,1,2,A,-,14,21201,D,N,H,G,A,A,H,-,C,D,0,,Y,,,Y,,L,04,1,0,0,0,0,0,1,0,0,"- ","- ",36.756351470947266,-119.71022796630859,FRESNO,FRESNO,-119.70844268798828,36.7574462890625
81182045,2020,2020-02-07,1005,2020-01-30,0939,P1795,,4,5,7,1005,0,0,0,,0,,"MAPLE AVE","MALAGA AVE",0.00,,Y,A,-,Y,,,,,,,,,,Y,2,0,2,2,A,-,12,22450,A,N,D,C,A,A,H,-,A,A,0,,,,Y,Y,,F,26,1,0,1,0,0,0,0,0,0,"- ","- ",36.669811248779297,-119.74771118164062,FRESNO,FRESNO,-119.74571990966797,36.670680999755859
81186583,2020,2020-02-14,1005,2020-01-09,1730,P1984,CENTR,4,5,7,1005,0,0,0,,0,00G,"FRESNO ST","WELDON AVE",33.00,N,N,A,-,N,,,,,,,,,,Y,1,1,0,2,A,-,11,21954,A,N,G,B,D,B,H,-,C,D,0,Y,,,,Y,,N,60,0,0,0,1,0,0,0,0,0,"- ","- ",36.768608093261719,-119.7816162109375,FRESNO,FRESNO,-119.78153991699219,36.768730163574219
81186593,2020,2020-02-14,1005,2020-02-10,0738,P1117,NE,1,5,7,1005,0,0,0,,0,00E,"SHAW AVE","FIRST ST",400.00,E,N,A,-,N,,,,,,,,,,N,2,0,1,2,A,-,10,21950,A,F,G,B,D,A,H,-,A,D,0,Y,,,,Y,Y,D,22,1,0,0,0,1,0,0,0,0,"- ","- ",36.808601379394531,-119.77226257324219,FRESNO,FRESNO,-119.77105712890625,36.808486938476562
81188843,2020,2020-02-19,1005,2020-01-20,0111,P1672,NORTH,1,5,7,1005,0,0,0,,0,00F,"VALENTINE AVE","CLINTON AVE",0.00,,Y,A,-,Y,,,,,,,,,,Y,2,0,1,2,A,-,00,22450,B,N,D,C,A,A,H,-,C,D,0,,,,,Y,Y,A,01,1,0,0,0,0,0,0,0,0,"- ","- ",36.771739959716797,-119.85414123535156,FRESNO,FRESNO,-119.85331726074219,36.771888732910156
81200276,2020,2020-03-03,1005,2020-02-25,2027,P1640,CENTR,2,5,7,1005,0,0,0,,0,00B,"ASHLAN AVE","EFFIE ST",24.00,W,N,A,-,N,,,,,,,,,,N,2,0,1,2,A,-,11,21954,A,N,G,B,D,A,H,-,C,D,0,Y,,,,Y,,N,60,1,0,0,0,1,0,0,0,0,"- ","- ",36.794021606445312,-119.78826141357422,FRESNO,FRESNO,-119.788330078125,36.794170379638672
81201153,2020,2020-03-04,1005,2020-02-19,1144,P1298,SW,3,5,7,1005,0,0,0,,0,"D / 26","TUOLUMNE ST","M ST",160.00,W,N,A,-,N,,,,,,,,,,Y,2,0,1,2,A,-,09,21804,A,N,D,C,A,A,H,-,A,D,0,,,Y,,Y,,A,01,1,0,0,0,0,0,0,0,1,"- ","- ",36.740089416503906,-119.79142761230469,FRESNO,FRESNO,-119.79186248779297,36.739776611328125
81205806,2020,2020-03-11,1005,2020-03-01,1930,P1754,NW,7,5,7,1005,0,0,0,,0,00G,"VALENTINE AVE","ASHLAN AVE",410.00,N,N,A,-,N,,,,,,,,,,N,2,0,1,2,A,-,11,21954,A,N,G,B,E,A,H,-,C,D,0,Y,,,,Y,,N,60,1,0,0,0,1,0,0,0,0,"- ","- ",36.793750762939453,-119.85321044921875,FRESNO,FRESNO,-119.85331726074219,36.794883728027344
81211977,2020,2020-03-19,1005,2020-02-21,2255,P1763,NORTH,5,5,7,1005,0,0,0,,0,,"E SHAW AVE","N MAPLE AVE",0.00,,Y,A,-,N,,,,,,,,,,Y,2,0,3,2,A,-,01,23153,A,F,D,C,A,A,H,-,C,A,0,,,,,Y,Y,A,01,1,0,2,0,0,0,0,0,0,"- ","- ",,,FRESNO,FRESNO,-119.74523162841797,36.808670043945312
81212048,2020,2020-03-19,1005,2020-03-16,1721,P1999,CENTR,1,5,7,1005,0,0,0,,0,,"WEST AVE","FOUNTAIN WAY",0.00,,Y,B,C,N,,,,,,,,,,Y,2,0,2,2,A,-,09,21804,A,N,D,C,A,B,H,-,A,D,0,,,,,Y,,A,01,1,0,1,0,0,0,0,0,0,"- ","- ",36.781219482421875,-119.8265380859375,FRESNO,FRESNO,-119.82662963867188,36.781108856201172
81218036,2020,2020-03-30,1005,2020-03-17,1742,P1980,CE,2,5,7,1005,0,0,0,,0,00A,"WEST AVE","DAKOTA AVE",0.00,,Y,A,-,N,,,,,,,,,,Y,2,0,1,2,A,-,09,21801,A,N,A,C,A,A,H,-,A,A,0,,,Y,,Y,,A,01,1,0,0,0,0,0,0,0,1,"- ","- ",36.786449432373047,-119.82646942138672,FRESNO,FRESNO,-119.82649993896484,36.786548614501953
81218208,2020,2020-03-30,1005,2020-03-24,1639,P1684,NORTH,2,5,7,1005,0,0,0,,0,00G,"ASHLAN AVE","WINERY AVE",0.00,,Y,B,-,N,,,,,,,,,,Y,2,0,4,2,A,-,09,21801,A,N,A,C,A,A,H,-,A,A,0,,,,,Y,,A,01,1,2,1,0,0,0,0,0,0,"- ","- ",36.794181823730469,-119.73171234130859,FRESNO,FRESNO,-119.73166656494141,36.794158935546875
81224318,2020,2020-04-13,1005,2020-04-09,2037,P1674,SOUTH,4,5,7,1005,0,0,0,,0,,"VENTURA ST","F ST",2.00,E,N,A,-,N,,,,,,,,,,N,2,0,1,2,A,-,10,21950,A,F,G,B,D,A,H,-,C,A,0,Y,,,,Y,,-,99,1,0,0,0,1,0,0,0,0,"- ","- ",36.725948333740234,-119.79193115234375,FRESNO,FRESNO,-119.79060363769531,36.726524353027344
81233643,2020,2020-05-05,1005,2020-04-29,2055,P1695,SOUTH,3,5,7,1005,0,0,0,,0,00G,"KINGS CANYON RD","PHILLIP AVE",0.00,,Y,A,-,N,,,,,,,,,,N,2,0,1,2,A,-,01,23152,A,N,G,B,B,A,H,-,C,A,0,Y,,,,Y,Y,A,01,1,0,0,0,1,0,0,0,0,"- ","- ",36.736129760742188,-119.69568634033203,FRESNO,FRESNO,-119.69560241699219,36.736141204833984
81236934,2020,2020-05-13,1005,2020-04-27,0020,P1754,NORTH,1,5,7,1005,0,0,0,,0,00F,"PLEASANT AVE","YALE AVE",20.00,S,N,A,-,N,,,,,,,,,,N,2,0,1,2,A,-,11,21954,A,N,G,B,E,A,H,-,C,D,0,Y,,,,Y,Y,N,60,1,0,0,0,1,0,0,0,0,"- ","- ",36.770118713378906,-119.84050750732422,FRESNO,FRESNO,-119.84050750732422,36.769996643066406
81241864,2020,2020-05-26,1005,2020-05-23,2119,P2007,SOUTH,6,5,7,1005,0,0,0,,0,CHARLE,"MARKS AVE","KEARNEY BLVD",34.00,N,N,A,-,N,,,,,,,,,,Y,2,0,3,1,A,-,01,23152,B,N,E,I,A,A,H,-,D,A,0,,,,,Y,Y,A,01,1,0,2,0,0,0,0,0,0,"- ","- ",36.728389739990234,-119.84451293945312,FRESNO,FRESNO,-119.844482421875,36.728466033935547
81253566,2020,2020-06-18,1005,2020-06-14,0123,P1821,SOUTH,7,5,7,1005,0,0,0,,0,00A,"1823 W OLIVE AVE","N CRYSTAL AVE",500.00,W,N,A,-,N,,,,,,,,,,N,2,0,1,2,A,-,11,21950,B,N,G,B,D,A,H,-,C,D,0,Y,,,,Y,,N,60,1,0,0,0,1,0,0,0,0,"- ","- ",,,FRESNO,FRESNO,-119.83394622802734,36.757453918457031
81256466,2020,2020-06-24,1005,2020-06-16,1546,P1306,NORTH,2,5,7,1005,0,0,0,,0,,"ASHLAN AVE","ANGUS ST (W)",0.00,,Y,A,-,N,,,,,,,,,,Y,2,0,1,2,A,-,09,21801,A,N,D,C,A,A,H,-,A,A,0,,,Y,,Y,,A,01,1,0,0,0,0,0,0,0,1,"- ","- ",36.794158935546875,-119.77694702148438,FRESNO,FRESNO,-119.77687072753906,36.794109344482422
81283771,2020,2020-08-11,1005,2020-08-07,0821,P874,3A,5,5,7,1005,0,0,0,,0,2260,"MCKINLEY AVE","168 FWY (1)",0.00,,Y,A,-,N,,,,,,,,,,Y,2,0,2,2,A,-,01,23153,B,N,C,C,A,A,H,-,A,A,0,,,,,Y,Y,A,01,1,1,0,0,0,0,0,0,0,"- ","- ",36.765041351318359,-119.74761962890625,FRESNO,FRESNO,-119.74949645996094,36.765148162841797
81292562,2020,2020-08-26,1005,2020-08-20,1318,P1298,NE,4,5,7,1005,0,0,0,,0,"A  /  ","PERRIN AVE","STONERIDGE LN",83.00,S,N,B,-,N,,,,,,,,,,Y,2,0,1,1,A,-,08,22107,,N,E,I,A,A,H,-,A,D,0,,,,,Y,,A,01,1,0,0,0,0,0,0,0,0,"- ","- ",36.869991302490234,-119.76693725585938,FRESNO,FRESNO,-119.76707458496094,36.869831085205078
81293334,2020,2020-08-27,1005,2020-08-26,1857,P2014,SOUTH,3,5,7,1005,0,0,0,,0,00C,"BELMONT AVE","SECOND ST (E)",1.00,E,N,A,-,N,,,,,,,,,,N,2,0,1,2,A,-,11,21954,A,N,G,B,D,A,H,-,A,D,0,Y,,,,Y,,N,60,1,0,0,0,1,0,0,0,0,"- ","- ",36.75054931640625,-119.77091979980469,FRESNO,FRESNO,-119.77133941650391,36.750518798828125
81295756,2020,2020-08-31,1005,2020-08-26,1828,P1813,NORTH,3,5,7,1005,0,0,0,,0,00B,"MAPLE AVE","RICHMOND AVE",99.00,S,N,A,-,N,,,,,,,,,,N,2,0,1,2,A,-,08,22107,,N,D,D,A,A,H,-,A,A,0,,,Y,,Y,,-,35,1,0,0,0,0,0,0,0,1,"- ","- ",36.857940673828125,-119.74783325195312,FRESNO,FRESNO,-119.74777984619141,36.857639312744141
81301919,2020,2020-09-10,1005,2020-08-13,0850,P1771,NE,4,5,7,1005,0,0,0,,0,00B,"BLACKSTONE AVE","HERNDON AVE",579.00,S,N,B,-,N,,,,,,,,,,N,2,0,4,6,A,-,01,23152,A,N,A,C,A,A,H,-,A,A,0,,,,,Y,,A,07,2,0,2,0,0,0,0,0,0,"- ","- ",36.837188720703125,-119.79029083251953,FRESNO,FRESNO,-119.79038238525391,36.835792541503906
81306813,2020,2020-09-18,1005,2020-09-07,1342,P1306,NORTH,1,5,7,1005,0,0,0,,0,,"WEST AVE","SIERRA AVE",0.00,,Y,A,-,N,,,,,,,,,,Y,2,0,3,2,A,-,12,21453,A,N,D,C,A,A,H,-,A,A,0,,,,,Y,,A,01,1,0,2,0,0,0,0,0,0,"- ","- ",36.829639434814453,-119.82650756835938,FRESNO,FRESNO,-119.82646942138672,36.829971313476562
81310184,2020,2020-09-24,1005,2020-09-16,0337,P1629,NORTH,3,5,7,1005,0,0,0,,0,00E,"SHAW AVE","BLACKSTONE AVE",3.00,W,N,A,-,N,,,,,,,,,,N,2,0,1,2,A,-,11,21950,B,N,A,G,A,A,H,-,C,A,0,,Y,,,Y,,L,04,1,0,0,0,0,0,1,0,0,"- ","- ",36.8084716796875,-119.79051208496094,FRESNO,FRESNO,-119.79058074951172,36.808628082275391
81330688,2020,2020-10-26,1005,2020-10-05,1830,P1754,,1,5,7,1005,0,0,0,,0,,"GOLDEN STATE BLVD","BARSTOW AVE",0.00,,Y,A,-,N,,,,,,,,,,Y,2,0,3,3,A,-,03,22350,,N,C,C,A,A,H,-,A,A,0,,,,,Y,,A,01,1,1,1,0,0,0,0,0,0,"- ","- ",36.815448760986328,-119.88780212402344,FRESNO,FRESNO,-119.88804626464844,36.815650939941406
81330752,2020,2020-10-26,1005,2020-10-20,2111,P2015,SOUTH,2,5,7,1005,0,0,0,,0,00B,"ABBY ST","BELMONT AVE",2.00,N,N,A,-,Y,,,,,,,,,,N,2,0,1,2,A,-,10,21950,A,F,G,B,B,A,H,-,C,A,0,Y,,,,Y,,-,99,1,0,0,0,1,0,0,0,0,"- ","- ",36.749790191650391,-119.79045867919922,FRESNO,FRESNO,-119.78939819335938,36.750316619873047
81336198,2020,2020-11-02,1005,2020-10-18,0242,P1837,SOUTH,7,5,7,1005,0,0,0,,0,,"OLIVE AVE","99 HWY (E)",0.00,,Y,A,-,Y,,,,,,,,,,N,1,1,0,2,A,-,12,22450,A,F,G,B,B,A,H,-,C,A,0,Y,,,,Y,,A,01,0,0,0,1,0,0,0,0,0,"- ","- ",36.757129669189453,-119.83010101318359,FRESNO,FRESNO,-119.82990264892578,36.757469177246094
81345271,2020,2020-11-16,1005,2020-10-03,1430,P1753,NORTH,6,5,7,1005,0,0,0,,0,00G,"ASHLAN AVE","BLACKSTONE AVE",118.00,W,N,A,-,N,,,,,,,,,,Y,2,0,2,2,A,-,05,21460,A,N,A,C,A,A,H,-,A,D,0,,,Y,,Y,,A,01,1,0,1,0,0,0,0,0,1,"- ","- ",36.794029235839844,-119.79054260253906,FRESNO,FRESNO,-119.79103088378906,36.794094085693359
81345276,2020,2020-11-16,1005,2020-10-12,1249,P880,NORTH,1,5,7,1005,0,0,0,,0,00B,"WILLOW AVE","ALLUVIAL AVE",0.00,,Y,A,-,N,,,,,,,,,,Y,2,0,1,2,A,-,04,21703,,N,C,C,A,A,D,-,A,A,0,,,,,Y,,D,22,1,0,0,0,0,0,0,0,0,"- ","- ",36.844841003417969,-119.72959136962891,FRESNO,FRESNO,-119.72975921630859,36.8448486328125