CASE_ID,ACCIDENT_YEAR,PROC_DATE,JURIS,COLLISION_DATE,COLLISION_TIME,OFFICER_ID,REPORTING_DISTRICT,DAY_OF_WEEK,CHP_SHIFT,POPULATION,CNTY_CITY_LOC,SPECIAL_COND,BEAT_TYPE,CHP_BEAT_TYPE,CITY_DIVISION_LAPD,CHP_BEAT_CLASS,BEAT_NUMBER,PRIMARY_RD,SECONDARY_RD,DISTANCE,DIRECTION,INTERSECTION,WEATHER_1,WEATHER_2,STATE_HWY_IND,CALTRANS_COUNTY,CALTRANS_DISTRICT,STATE_ROUTE,ROUTE_SUFFIX,POSTMILE_PREFIX,POSTMILE,LOCATION_TYPE,RAMP_INTERSECTION,SIDE_OF_HWY,TOW_AWAY,COLLISION_SEVERITY,NUMBER_KILLED,NUMBER_INJURED,PARTY_COUNT,PRIMARY_COLL_FACTOR,PCF_CODE_OF_VIOL,PCF_VIOL_CATEGORY,PCF_VIOLATION,PCF_VIOL_SUBSECTION,HIT_AND_RUN,TYPE_OF_COLLISION,MVIW,PED_ACTION,ROAD_SURFACE,ROAD_COND_1,ROAD_COND_2,LIGHTING,CONTROL_DEVICE,CHP_ROAD_TYPE,PEDESTRIAN_ACCIDENT,BICYCLE_ACCIDENT,MOTORCYCLE_ACCIDENT,TRUCK_ACCIDENT,NOT_PRIVATE_PROPERTY,ALCOHOL_INVOLVED,STWD_VEHTYPE_AT_FAULT,CHP_VEHTYPE_AT_FAULT,COUNT_SEVERE_INJ,COUNT_VISIBLE_INJ,COUNT_COMPLAINT_PAIN,COUNT_PED_KILLED,COUNT_PED_INJURED,COUNT_BICYCLIST_KILLED,COUNT_BICYCLIST_INJURED,COUNT_MC_KILLED,COUNT_MC_INJURED,PRIMARY_RAMP,SECONDARY_RAMP,LATITUDE,LONGITUDE,COUNTY,CITY,POINT_X,POINT_Y
81345510,2020,2020-11-16,1005,2020-10-21,1850,P1753,NORTH,3,5,7,1005,0,0,0,,0,00G,"ASHLAN AVE","FRUIT AVE",0.00,,Y,A,-,N,,,,,,,,,,Y,2,0,2,7,A,-,03,22350,,M,C,C,A,A,H,-,C,A,0,,,,,Y,Y,D,22,1,0,1,0,0,0,0,0,0,"- ","- ",36.793449401855469,-119.81806182861328,FRESNO,FRESNO,-119.81749725341797,36.793849945068359
81350017,2020,2020-11-20,1005,2020-11-10,1117,P864,FRESN,2,5,7,1005,0,0,0,,0,1351,"WEST AVE","SIERRA AVE",0.00,,Y,A,-,N,,,,,,,,,,Y,1,1,0,3,A,-,12,21453,A,N,D,C,A,A,H,-,A,A,0,,,,,Y,,A,01,0,0,0,0,0,0,0,0,0,"- ","- ",36.830059051513672,-119.82630157470703,FRESNO,FRESNO,-119.82646942138672,36.829971313476562
81350025,2020,2020-11-20,1005,2020-11-17,1144,P1601,3,2,5,7,1005,0,0,0,,0,,"CHESTNUT AVE","KINGS CANYON RD",370.00,S,N,A,-,N,,,,,,,,,,N,2,0,1,2,A,-,05,21650,1,N,A,G,A,A,H,-,A,D,0,,Y,,,Y,,L,04,1,0,0,0,0,0,1,0,0,"- ","- ",36.735870361328125,-119.73647308349609,FRESNO,FRESNO,-119.73647308349609,36.734855651855469
81352023,2020,2020-11-24,1005,2020-08-25,2347,P1839,NE,2,5,7,1005,0,0,0,,0,00E,"SHAW AVE","ANGUS ST",0.00,,Y,A,-,N,,,,,,,,,,Y,2,0,1,2,A,-,11,21954,A,N,G,B,E,A,H,-,C,A,0,Y,,,,Y,,N,60,1,0,0,0,1,0,0,0,0,"- ","- ",36.808620452880859,-119.77680969238281,FRESNO,FRESNO,-119.77680969238281,36.808879852294922
81359627,2020,2020-12-07,1005,2020-11-22,1420,P1337,SOUTH,7,5,7,1005,0,0,0,,0,00F,"VILLA AVE","HOXIE AVE",30.00,N,N,A,-,N,,,,,,,,,,N,2,0,1,2,A,-,03,22350,,N,D,E,A,A,H,-,A,D,0,,,Y,,Y,,C,03,1,0,0,0,0,0,0,0,1,"- ","- ",36.708099365234375,-119.71341705322266,FRESNO,FRESNO,-119.71331024169922,36.708030700683594
81359751,2020,2020-12-07,1005,2020-11-02,1038,P934,NORTH,1,5,7,1005,0,0,0,,0,00C,"FIGARDEN DR","SANTA FE AVE",0.00,,Y,A,-,N,,,,,,,,,,Y,2,0,1,1,A,-,03,22350,,N,H,A,A,A,H,-,A,A,0,,,Y,,Y,,C,02,1,0,0,0,0,0,0,0,1,"- ","- ",36.826648712158203,-119.86930847167969,FRESNO,FRESNO,-119.86940765380859,36.826789855957031
81364735,2020,2020-12-14,1005,2020-11-14,1813,P1937,NORTH,6,5,7,1005,0,0,0,,0,,"SHAW AVE","FRESNO ST",202.00,W,N,A,-,N,,,,,,,,,,Y,2,0,1,2,A,-,11,21954,A,N,G,B,D,A,H,-,C,A,0,Y,,,,Y,Y,N,60,1,0,0,0,1,0,0,0,0,"- ","- ",36.808650970458984,-119.78134155273438,FRESNO,FRESNO,-119.78206634521484,36.808650970458984
81370737,2020,2020-12-18,1005,2020-12-16,1748,P1957,NE,3,5,7,1005,0,0,0,,0,00C,"BARSTOW AVE","DIANA ST",0.00,,Y,A,-,N,,,,,,,,,,Y,2,0,2,2,A,-,11,21954,A,N,G,B,E,A,H,-,C,D,0,Y,,,,Y,,N,60,1,0,1,0,1,0,0,0,0,"- ","- ",36.815670013427734,-119.78697204589844,FRESNO,FRESNO,-119.7869873046875,36.815731048583984
8138017,2016,2016-12-08,1015,2016-10-02,2229,N085,SELMA,7,5,3,1015,0,0,0,,0,003,"FLORAL AV","WRIGHT ST",0.00,,Y,A,-,N,,,,,,,,,,N,1,1,0,2,A,-,09,21801,A,N,B,G,A,A,H,-,C,A,0,,Y,,,Y,,-,,0,0,0,0,0,1,0,0,0,"- ","- ",,,FRESNO,SELMA,-119.61516994,36.576240050000003
81380473,2020,2021-01-05,1005,2020-11-21,1744,P1176,NORTH,6,5,7,1005,0,0,0,,0,00G,"MARKS AVE","ASHLAN AVE",750.00,N,N,A,-,N,,,,,,,,,,N,2,0,1,2,A,-,08,22107,,N,B,G,A,A,H,-,C,D,0,,Y,,,Y,Y,L,04,1,0,0,0,0,0,1,0,0,"- ","- ",36.793720245361328,-119.84420013427734,FRESNO,FRESNO,-119.84431457519531,36.795848846435547
81385620,2021,2021-01-12,1005,2021-01-06,1329,P1322,SOUTH,3,5,7,1005,0,0,0,,0,00D,"PEACH AVE","OLIVE AVE",0.00,,Y,A,-,N,,,,,,,,,,N,2,0,1,3,A,-,12,21453,A,N,D,C,A,A,H,-,A,A,0,,,,,Y,,A,01,1,0,0,0,0,0,0,0,0,"- ","- ",36.757488250732422,-119.71820831298828,FRESNO,FRESNO,-119.71837615966797,36.757450103759766
81398296,2021,2021-01-29,1005,2021-01-11,1512,P1765,,1,5,7,1005,0,0,0,,0,,"ANNA ST","INDIANAPOLIS AVE",250.00,N,N,A,-,N,,,,,,,,,,N,2,0,1,3,A,-,05,21650,,N,A,C,A,A,H,-,A,D,0,,,Y,,Y,,C,03,1,0,0,0,0,0,0,0,1,"- ","- ",36.799449920654297,-119.78003692626953,FRESNO,FRESNO,-119.78031158447266,36.799991607666016
81402961,2021,2021-02-05,1005,2021-02-01,1635,P1994,CENTR,1,5,7,1005,0,0,0,,0,00A,"SHIELDS AVE","PLEASANT AVE (W)",45.00,E,N,A,-,N,,,,,,,,,,N,2,0,1,2,A,-,11,21955,,F,G,B,D,A,H,-,C,A,0,Y,,,,Y,,N,60,1,0,0,0,1,0,0,0,0,"- ","- ",36.779209136962891,-119.83995056152344,FRESNO,FRESNO,-119.83978271484375,36.779228210449219
81417434,2020,2021-03-01,1005,2020-12-27,0746,P1856,CE,7,5,7,1005,0,0,0,,0,00D,"FRESNO ST","MICHIGAN AVE",54.00,N,N,B,-,N,,,,,,,,,,Y,2,0,3,3,A,-,07,21658,A,N,C,E,A,A,H,-,A,D,0,,,,,Y,,-,"- ",3,0,0,0,0,0,0,0,0,"- ","- ",,,FRESNO,FRESNO,-119.78153228759766,36.776947021484375
81417449,2021,2021-03-01,1005,2021-02-19,0025,P2023,NORTH,5,5,7,1005,0,0,0,,0,00G,"CEDAR AVE","HAMPTON WAY",0.00,,Y,A,-,N,,,,,,,,,,Y,2,0,1,2,A,-,11,21956,A,N,G,B,D,A,H,-,C,D,0,Y,,,,Y,,N,60,1,0,0,0,1,0,0,0,0,"- ","- ",36.792251586914062,-119.75422668457031,FRESNO,FRESNO,-119.75450134277344,36.792331695556641
81424807,2021,2021-03-11,1005,2021-01-25,2017,P1184,NW,1,5,7,1005,0,0,0,,0,00B,"PALM AVE","PINEDALE AVE (N)",200.00,N,N,A,-,Y,,,,,,,,,,Y,2,0,1,2,A,-,01,23152,A,N,A,C,A,A,H,-,C,D,0,,,,,Y,Y,A,01,1,0,0,0,0,0,0,0,0,"- ","- ",36.846088409423828,-119.80844116210938,FRESNO,FRESNO,-119.80870819091797,36.844337463378906
81442611,2021,2021-04-05,1005,2021-03-19,1949,"P1944 ",SOUTH,5,5,7,1005,0,0,0,,0,00F,"E KINGS CANYON RD","S BACKER AV",15.00,S,N,B,C,N,,,,,,,,,,Y,2,0,2,2,A,-,01,23153,A,N,D,C,A,B,H,-,C,D,0,,,,,Y,Y,A,01,1,0,1,0,0,0,0,0,0,"- ","- ",,,FRESNO,FRESNO,-119.74378204345703,36.735851287841797
81442612,2021,2021-04-05,1005,2021-03-21,0355,"P1944 ",SOUTH,7,5,7,1005,0,0,0,,0,00A,"N FIRST ST","E LAMONA AVE",25.00,N,N,A,-,N,,,,,,,,,,Y,2,0,1,2,A,-,01,23153,B,N,C,C,A,A,H,-,C,D,0,,,,,Y,Y,A,01,1,0,0,0,0,0,0,0,0,"- ","- ",,,FRESNO,FRESNO,-119.77262115478516,36.760478973388672
81443665,2021,2021-04-06,1005,2021-03-30,0602,P1889,SOUTH,2,5,7,1005,0,0,0,,0,00A,"MCKINLEY AVE","CHESTNUT AVE",0.00,,Y,A,-,N,,,,,,,,,,N,2,0,1,3,A,-,12,21453,A,N,D,C,A,A,H,-,B,A,0,,,,,Y,,A,01,1,0,0,0,0,0,0,0,0,"- ","- ",36.765110015869141,-119.73642730712891,FRESNO,FRESNO,-119.7364501953125,36.765106201171875
81460927,2021,2021-04-29,1005,2021-04-22,1830,P1684,NORTH,4,5,7,1005,0,0,0,,0,00E,"ASHLAN AVE","FRESNO ST",0.00,,Y,A,-,N,,,,,,,,,,Y,2,0,1,3,A,-,12,21453,A,N,D,C,A,A,H,-,A,A,0,,,,,Y,,A,01,1,0,0,0,0,0,0,0,0,"- ","- ",36.793449401855469,-119.78199005126953,FRESNO,FRESNO,-119.78141021728516,36.794105529785156
81464848,2021,2021-05-04,1005,2021-04-29,0935,P1387,NW,4,5,7,1005,0,0,0,,0,00C,"ISLAND WATERPARK DR","BARSTOW AVE",630.00,S,N,A,-,N,,,,,,,,,,Y,2,0,1,2,A,-,03,22350,,N,C,C,A,A,H,-,A,D,0,,,Y,,Y,,C,02,1,0,0,0,0,0,0,0,1,"- ","- ",36.815361022949219,-119.89698791503906,FRESNO,FRESNO,-119.89545440673828,36.814262390136719
81466679,2021,2021-05-06,1005,2021-04-25,2136,P1700,,7,5,7,1005,0,0,0,,0,,"BLACKSTONE AVE","MINARETS AVE",118.00,N,N,A,-,N,,,,,,,,,,N,2,0,1,2,A,-,11,21954,A,N,G,B,D,A,H,-,C,A,0,Y,,,,Y,,N,60,1,0,0,0,1,0,0,0,0,"- ","- ",36.842601776123047,-119.79044342041016,FRESNO,FRESNO,-119.79058837890625,36.842994689941406
81467567,2021,2021-05-07,1005,2021-04-08,1443,P1734,,4,5,7,1005,0,0,0,,0,,"CEDAR AVE","PRINCETON AVE",0.00,,Y,A,-,N,,,,,,,,,,Y,2,0,1,2,A,-,09,21801,A,N,D,C,A,A,H,-,A,A,0,,,,Y,Y,,A,01,1,0,0,0,0,0,0,0,0,"- ","- ",36.775989532470703,-119.75438690185547,FRESNO,FRESNO,-119.75480651855469,36.775962829589844
81485492,2021,2021-05-31,1005,2021-05-23,0016,P1770,,7,5,7,1005,0,0,0,,0,,"LANE AVE","PEACH AVE",288.00,W,N,A,-,N,,,,,,,,,,Y,2,0,3,1,A,-,01,23152,A,F,E,I,A,A,H,-,C,A,0,,,,,Y,Y,A,01,1,2,0,0,0,0,0,0,0,"- ","- ",36.731239318847656,-119.71968841552734,FRESNO,FRESNO,-119.71951293945312,36.732269287109375
81488133,2021,2021-06-03,1005,2021-05-30,1618,P1689,SOUTH,7,5,7,1005,0,0,0,,0,00E,"FRESNO ST","COBB AVE",0.00,,Y,A,-,N,,,,,,,,,,Y,2,0,1,2,A,-,08,22107,,N,B,C,A,A,H,-,A,D,0,,,,,Y,,A,01,1,0,0,0,0,0,0,0,0,"- ","- ",36.722270965576172,-119.81147003173828,FRESNO,FRESNO,-119.81146240234375,36.722305297851562
81489226,2021,2021-06-04,1005,2021-05-05,2311,P1734,,3,5,7,1005,0,0,0,,0,,"OLIVE AVE","DELNO AVE",0.00,,Y,A,-,N,,,,,,,,,,Y,2,0,1,1,A,-,03,22350,,N,E,I,A,A,H,-,C,A,0,,,,,Y,,A,01,1,0,0,0,0,0,0,0,0,"- ","- ",36.757518768310547,-119.81980133056641,FRESNO,FRESNO,-119.81990051269531,36.757530212402344
81493585,2021,2021-06-10,1005,2021-06-08,1845,P1765,SE,2,5,7,1005,0,0,0,,0,00G,"GROVE AVE","FINE AVE",153.00,E,N,A,-,N,,,,,,,,,,N,2,0,1,2,A,-,03,22350,,N,B,E,A,A,H,-,A,D,0,,,Y,,Y,,C,02,1,0,0,0,0,0,0,0,1,"- ","- ",36.711360931396484,-119.72927856445312,FRESNO,FRESNO,-119.72873687744141,36.711418151855469
81494634,2021,2021-06-11,1005,2021-05-30,0133,P1965,NORTH,7,5,7,1005,0,0,0,,0,00F,"SHAW AVE","CEDAR AVE",0.00,,Y,A,-,N,,,,,,,,,,Y,2,0,3,2,A,-,12,21453,A,N,D,C,A,A,H,-,C,A,0,,,,Y,Y,,A,01,1,0,2,0,0,0,0,0,0,"- ","- ",36.808521270751953,-119.75414276123047,FRESNO,FRESNO,-119.7542724609375,36.808540344238281
81495458,2021,2021-06-14,1005,2021-06-02,0838,P1298,SE,3,5,7,1005,0,0,0,,0,"B / 19","DAKOTA AVE","ARMSTRONG AVE",16.00,W,N,A,-,N,,,,,,,,,,N,2,0,1,2,A,-,12,21453,A,N,D,G,A,A,H,-,A,A,0,,Y,,Y,Y,,L,04,1,0,0,0,0,0,1,0,0,"- ","- ",36.78533935546875,-119.67376708984375,FRESNO,FRESNO,-119.67317199707031,36.78662109375
81498001,2021,2021-06-16,1005,2021-06-11,1502,P1264,1,5,5,7,1005,0,0,0,,0,00E,"ELM AVE","GENEVA AVE",24.00,S,N,A,-,N,,,,,,,,,,N,2,0,1,2,A,-,00,21956,B,F,G,B,D,A,H,-,A,A,0,Y,,,,Y,,N,60,1,0,0,0,1,0,0,0,0,"- ","- ",36.720859527587891,-119.79168701171875,FRESNO,FRESNO,-119.79164123535156,36.720664978027344
81511634,2021,2021-07-02,1005,2021-04-22,0452,P2000,SW,4,5,7,1005,0,0,0,,0,00B,"BLACKSTONE AVE","GRANT AVE",165.00,S,N,A,-,N,,,,,,,,,,N,2,0,1,2,A,-,05,21650,1,N,A,G,A,A,H,-,C,D,0,,Y,,,Y,,L,04,1,0,0,0,0,0,1,0,0,"- ","- ",36.748668670654297,-119.79042053222656,FRESNO,FRESNO,-119.79053497314453,36.748176574707031
81521662,2021,2021-07-16,1005,2021-07-14,0927,P1264,2,3,5,7,1005,0,0,0,,0,00D,"CLINTON AVE","DEL MAR AVE",0.00,,Y,A,-,N,,,,,,,,,,Y,2,0,1,1,A,-,08,22107,,N,H,A,A,A,H,-,A,A,0,,,Y,,Y,,C,02,1,0,0,0,0,0,0,0,1,"- ","- ",36.771690368652344,-119.79586791992188,FRESNO,FRESNO,-119.79508209228516,36.772235870361328
81522801,2021,2021-07-19,1005,2021-07-01,0429,P1973,NORTH,4,5,7,1005,0,0,0,,0,00B,"FRIANT RD","AUDUBON DR",0.00,,Y,A,-,N,,,,,,,,,,N,2,0,1,2,A,-,03,22350,,F,D,C,A,A,H,-,C,A,0,,,,,Y,,A,01,1,0,0,0,0,0,0,0,0,"- ","- ",36.860549926757812,-119.78270721435547,FRESNO,FRESNO,-119.78292083740234,36.860481262207031
81550942,2021,2021-08-23,1005,2021-08-20,1706,P2044,SW,5,5,7,1005,0,0,0,,0,00C,"HUGHES AVE","LA SIERRA DR",23.00,N,N,A,-,Y,,,,,,,,,,Y,2,0,1,1,B,-,22,,,N,E,I,A,A,E,H,A,C,0,,,,,Y,,A,01,1,0,0,0,0,0,0,0,0,"- ","- ",36.730438232421875,-119.83564758300781,FRESNO,FRESNO,-119.83558654785156,36.730571746826172
81552300,2021,2021-08-24,1005,2021-08-21,2229,P1849,SOUTH,6,5,7,1005,0,0,0,,0,00D,"MAPLE AVE","BALCH AVE",95.00,S,N,A,-,N,,,,,,,,,,N,2,0,1,2,A,-,11,21954,A,F,G,B,E,A,H,-,C,D,0,Y,,,,Y,,N,60,1,0,0,0,1,0,0,0,0,"- ","- ",36.738601684570312,-119.74556732177734,FRESNO,FRESNO,-119.74546051025391,36.738300323486328
81560860,2021,2021-09-02,1005,2021-08-04,0015,P1684,NORTH,3,5,7,1005,0,0,0,,0,00G,"GARLAND AVE","PRICE AVE",54.00,W,N,A,-,N,,,,,,,,,,N,2,0,1,1,A,-,03,22350,,N,H,A,A,A,A,-,C,D,0,,,Y,,Y,,C,02,1,0,0,0,0,0,0,0,1,"- ","- ",36.784980773925781,-119.744140625,FRESNO,FRESNO,-119.74439239501953,36.784961700439453
81577451,2021,2021-09-23,1005,2021-08-24,1452,P1388,NORTH,2,5,7,1005,0,0,0,,0,00G,"BLACKSTONE AVE","ASHLAN AVE",0.00,,Y,A,-,N,,,,,,,,,,Y,2,0,1,3,A,-,12,21453,A,N,D,C,A,A,H,-,A,A,0,,,,,Y,Y,A,01,1,0,0,0,0,0,0,0,0,"- ","- ",36.794029235839844,-119.79054260253906,FRESNO,FRESNO,-119.79062652587891,36.794097900390625
81590094,2021,2021-10-07,1005,2021-09-28,0530,P1605,SW,2,5,7,1005,0,0,0,,0,00B,"BELMONT AVE","GLENN AVE (E)",0.00,,Y,A,-,N,,,,,,,,,,N,2,0,1,2,A,-,00,23103,,F,G,B,F,A,H,-,C,D,0,Y,,,,Y,Y,-,99,1,0,0,0,1,0,0,0,0,"- ","- ",36.749839782714844,-119.79385375976562,FRESNO,FRESNO,-119.79328155517578,36.750438690185547
81590104,2021,2021-10-07,1005,2021-10-05,1950,P1957,SW,2,5,7,1005,0,0,0,,0,00D,"FIRST ST","PLATT AVE",0.00,,Y,A,-,N,,,,,,,,,,N,2,0,1,2,A,-,11,21954,A,F,G,B,D,A,H,-,C,D,0,Y,,,,Y,,N,60,1,0,0,0,1,0,0,0,0,"- ","- ",36.741748809814453,-119.77242279052734,FRESNO,FRESNO,-119.77243804931641,36.741844177246094
81591349,2021,2021-10-08,1005,2021-10-06,1910,P1994,CENTR,3,5,7,1005,0,0,0,,0,00F,"VAN NESS AVE","HOME AVE",45.00,N,N,A,-,Y,,,,,,,,,,N,2,0,1,2,A,-,11,21954,A,N,G,B,D,A,H,-,C,D,0,Y,,,,Y,Y,N,60,1,0,0,0,1,0,0,0,0,"- ","- ",36.763130187988281,-119.79897308349609,FRESNO,FRESNO,-119.79898834228516,36.763275146484375
81594797,2021,2021-10-13,1005,2021-10-11,1600,P2062,CENTR,1,5,7,1005,0,0,0,,0,00D,"SHIELDS AVE","SOUTH WALL OF 3053 E SHIELDS AVE",30.00,S,N,A,-,Y,,,,,,,,,,Y,2,0,1,3,-,-,"- ",,,F,C,C,A,A,H,-,A,D,0,,,,,Y,Y,-,"- ",1,0,0,0,0,0,0,0,0,"- ","- ",,,FRESNO,FRESNO,-119.81307983398438,36.779411315917969
81595929,2021,2021-10-14,1005,2021-09-22,0931,P1306,NORTH,3,5,7,1005,0,0,0,,0,,"FIGARDEN DR","SANTA FE AVE",21.00,N,N,A,-,N,,,,,,,,,,Y,2,0,1,1,A,-,03,22350,,N,E,I,A,A,H,-,A,A,0,,,,,Y,,A,01,1,0,0,0,0,0,0,0,0,"- ","- ",36.826648712158203,-119.86930847167969,FRESNO,FRESNO,-119.86943817138672,36.826751708984375
81599856,2021,2021-10-19,1005,2021-10-16,2101,P807,CENTR,6,5,7,1005,0,0,0,,0,00E,"FRUIT AVE NORTH OF MCKINLEY AVE","MCKINLEY AVE",75.00,N,N,A,-,Y,,,,,,,,,,Y,2,0,2,2,A,-,03,22350,,N,B,C,A,A,H,-,C,A,0,,,Y,,Y,,C,02,1,0,1,0,0,0,0,0,1,"- ","- ",,,FRESNO,FRESNO,-119.81763458251953,36.765007019042969
81602126,2021,2021-10-21,1005,2021-10-08,1942,P1957,SW,5,5,7,1005,0,0,0,,0,00B,"BELMONT AVE","PALM AVE",2.00,E,N,A,-,N,,,,,,,,,,N,2,0,1,2,A,-,11,21456,C,F,G,B,B,A,H,-,C,A,0,Y,,,,Y,,N,60,1,0,0,0,1,0,0,0,0,"- ","- ",36.750289916992188,-119.80828857421875,FRESNO,FRESNO,-119.80828094482422,36.750381469726562
81604334,2021,2021-10-25,1005,2021-03-14,0116,P2001,CENTR,7,5,7,1005,0,0,0,,0,00A,"HUGHES AVE","CORTLAND AVE",157.00,S,N,A,-,N,,,,,,,,,,Y,2,0,1,2,A,-,01,23152,A,N,C,E,A,A,H,-,C,D,0,,,,,Y,Y,A,01,1,0,0,0,0,0,0,0,0,"- ","- ",36.781929016113281,-119.83551025390625,FRESNO,FRESNO,-119.83546447753906,36.781547546386719
81611455,2021,2021-11-01,1005,2021-10-29,2019,P2019,NE,5,5,7,1005,0,0,0,,0,00C,"FRESNO ST","BROWNING AVE",0.00,,Y,A,-,N,,,,,,,,,,N,2,0,1,2,A,-,03,22350,,N,G,B,B,A,H,-,C,A,0,Y,,,,Y,,A,01,1,0,0,0,1,0,0,0,0,"- ","- ",36.819438934326172,-119.7813720703125,FRESNO,FRESNO,-119.78132629394531,36.819351196289062
81614336,2021,2021-11-03,1005,2021-10-30,2125,P2003,NORTH,6,5,7,1005,0,0,0,,0,00E,"BLACKSTONE AVE","ASHLAN AVE",205.00,N,N,A,-,N,,,,,,,,,,N,2,0,1,2,A,-,03,22352,A,F,G,B,D,A,H,-,C,A,0,Y,,,,Y,,-,99,1,0,0,0,1,0,0,0,0,"- ","- ",36.794029235839844,-119.79054260253906,FRESNO,FRESNO,-119.79062652587891,36.794662475585938
81619683,2021,2021-11-09,1005,2021-09-13,1947,P1748,CE,1,5,7,1005,0,0,0,,0,,"BLACKSTONE AVE","DAKOTA AVE",150.00,N,N,A,-,N,,,,,,,,,,N,2,0,1,2,A,-,11,21953,,N,G,B,D,A,H,-,C,D,0,Y,,,,Y,,N,60,1,0,0,0,1,0,0,0,0,"- ","- ",36.786739349365234,-119.79042816162109,FRESNO,FRESNO,-119.79064178466797,36.78717041015625
81630993,2021,2021-11-22,1005,2021-10-21,1533,P1847,SW,4,5,7,1005,0,0,0,,0,00A,"BELMONT AVE","99 HWY (E)",0.00,,Y,A,-,N,,,,,,,,,,N,2,0,2,3,A,-,08,22107,,F,D,C,A,A,H,-,A,D,0,,,,,Y,,-,"- ",2,0,0,0,0,0,0,0,0,"- ","- ",36.757461547851562,-119.82926940917969,FRESNO,FRESNO,-119.82506561279297,36.750267028808594
81640460,2021,2021-12-02,1005,2021-11-25,2337,P1980,CENTR,4,5,7,1005,0,0,0,,0,00A,"MARKS AVE","BELLAIRE WAY (W)",90.00,N,N,A,-,N,,,,,,,,,,N,2,0,1,2,A,-,08,22107,,F,D,C,A,A,H,-,C,A,0,,,,,Y,,-,99,1,0,0,0,0,0,0,0,0,"- ","- ",,,FRESNO,FRESNO,-119.84430694580078,36.791767120361328
81651245,2021,2021-12-14,1005,2021-10-31,0659,P1991,NW,7,5,7,1005,0,0,0,,0,00D,"FIGARDEN DR","SIERRA AVE",54.00,W,N,A,-,N,,,,,,,,,,Y,2,0,1,1,A,-,08,22107,,N,E,I,A,A,H,-,A,D,0,,,,,Y,,A,01,1,0,0,0,0,0,0,0,0,"- ","- ",36.829349517822266,-119.85610198974609,FRESNO,FRESNO,-119.8563232421875,36.829338073730469
81655574,2021,2021-12-20,1005,2021-12-08,0325,P2016,NW,3,5,7,1005,0,0,0,,0,00F,"WEST CLINTON","FWY 99",250.00,W,N,E,-,N,,,,,,,,,,N,2,0,1,2,A,-,11,21954,A,F,G,B,E,A,H,-,C,A,0,Y,,,,Y,,N,60,1,0,0,0,1,0,0,0,0,"- ","- ",,,FRESNO,FRESNO,,
81661789,2021,2021-12-27,1005,2021-12-24,1906,P1926,NORTH,5,5,7,1005,0,0,0,,0,00D,"BRAWLEY AVE","SHAW AVE",190.00,N,N,A,-,N,,,,,,,,,,N,2,0,1,2,A,-,11,21955,,N,G,B,D,A,H,-,C,D,0,Y,,,,Y,,N,60,1,0,0,0,1,0,0,0,0,"- ","- ",,,FRESNO,FRESNO,-119.86273956298828,36.808902740478516
8166586,2016,2017-01-23,1007,2016-11-06,0100,I057,KERMA,7,5,2,1007,0,0,0,,0,0KE,"STANISLAUS AV","MERLOT AV",189.00,E,N,A,-,N,,,,,,,,,,N,1,1,0,1,A,-,01,23152,B,N,E,I,A,A,H,-,C,D,0,,,,,Y,Y,-,,0,0,0,0,0,0,0,0,0,"- ","- ",,,FRESNO,KERMAN,-120.05495476,36.731046169999999
8166806,2016,2017-04-01,1005,2016-08-26,0508,P1070,0660,5,5,7,1005,0,0,0,,0,04A,"MAPLE AV","SAINT ANDREW DR",0.00,,Y,A,-,N,,,,,,,,,,Y,1,1,0,2,A,-,10,21963,,N,G,B,D,A,H,-,C,D,0,Y,,,,Y,,A,01,0,0,0,1,0,0,0,0,0,"- ","- ",36.884010000000004,-119.74742000000001,FRESNO,FRESNO,-119.7475699,36.883980039999997
8167593,2017,2019-04-09,1005,2017-01-16,1845,P1752,CE215,1,5,7,1005,0,0,0,,0,00D,"N BLACKSTONE AV","E HARVARD AV",121.00,N,N,A,-,N,,,,,,,,,,N,1,1,0,2,A,-,03,22350,,N,G,B,D,A,H,-,C,D,0,Y,,,,Y,,D,22,0,0,0,1,0,0,0,0,0,"- ","- ",,,FRESNO,FRESNO,-119.79064,36.774402139999999
8168182,2017,2018-05-19,1005,2017-02-15,1848,P1264,5,3,5,7,1005,0,0,0,,0,00G,"BLACKSTONE AV","SWIFT AV",57.00,N,N,A,-,N,,,,,,,,,,Y,1,1,0,2,A,-,11,21954,A,N,G,B,D,A,H,-,C,A,0,Y,,,,Y,Y,N,60,0,0,0,1,0,0,0,0,0,"- ","- ",36.795839999999998,-119.79051,FRESNO,FRESNO,-119.79060913000001,36.796076460000002
8168187,2017,2018-05-19,1005,2017-02-19,1326,P1298,NE,7,5,7,1005,0,0,0,,0,B1156,"BLACKSTONE AV","MINARETS AV",0.00,,Y,B,-,N,,,,,,,,,,Y,1,1,0,2,A,-,12,21453,A,N,D,C,A,A,H,-,A,A,0,,,Y,,Y,,C,02,0,0,0,0,0,0,0,1,0,"- ","- ",36.842599999999997,-119.79044,FRESNO,FRESNO,-119.79056994,36.84267002
8168189,2017,2018-05-23,1005,2017-08-15,1200,P1131,4,2,5,7,1005,0,0,0,,0,00B,"NEES AV","CEDAR AV",0.00,,Y,A,-,N,,,,,,,,,,Y,1,1,0,2,A,-,01,21200,5,N,H,G,A,A,H,-,A,A,0,,Y,,,Y,,L,04,0,0,0,0,0,1,0,0,0,"- ","- ",36.852110000000003,-119.75688,FRESNO,FRESNO,-119.75688989,36.851950039999998
8168190,2017,2018-05-19,1005,2017-08-27,2055,P1070,1956,7,5,7,1005,0,0,0,,0,CEB,"BLACKSTONE AV","GRIFFITH WY",158.00,S,N,A,-,N,,,,,,,,,,N,1,1,0,2,A,-,11,21954,A,F,G,B,D,A,H,-,C,A,0,Y,,,,Y,Y,N,60,0,0,0,1,0,0,0,0,0,"- ","- ",36.790390000000002,-119.79058000000001,FRESNO,FRESNO,-119.7906335,36.790026310000002