CASE_ID,ACCIDENT_YEAR,PROC_DATE,JURIS,COLLISION_DATE,COLLISION_TIME,OFFICER_ID,REPORTING_DISTRICT,DAY_OF_WEEK,CHP_SHIFT,POPULATION,CNTY_CITY_LOC,SPECIAL_COND,BEAT_TYPE,CHP_BEAT_TYPE,CITY_DIVISION_LAPD,CHP_BEAT_CLASS,BEAT_NUMBER,PRIMARY_RD,SECONDARY_RD,DISTANCE,DIRECTION,INTERSECTION,WEATHER_1,WEATHER_2,STATE_HWY_IND,CALTRANS_COUNTY,CALTRANS_DISTRICT,STATE_ROUTE,ROUTE_SUFFIX,POSTMILE_PREFIX,POSTMILE,LOCATION_TYPE,RAMP_INTERSECTION,SIDE_OF_HWY,TOW_AWAY,COLLISION_SEVERITY,NUMBER_KILLED,NUMBER_INJURED,PARTY_COUNT,PRIMARY_COLL_FACTOR,PCF_CODE_OF_VIOL,PCF_VIOL_CATEGORY,PCF_VIOLATION,PCF_VIOL_SUBSECTION,HIT_AND_RUN,TYPE_OF_COLLISION,MVIW,PED_ACTION,ROAD_SURFACE,ROAD_COND_1,ROAD_COND_2,LIGHTING,CONTROL_DEVICE,CHP_ROAD_TYPE,PEDESTRIAN_ACCIDENT,BICYCLE_ACCIDENT,MOTORCYCLE_ACCIDENT,TRUCK_ACCIDENT,NOT_PRIVATE_PROPERTY,ALCOHOL_INVOLVED,STWD_VEHTYPE_AT_FAULT,CHP_VEHTYPE_AT_FAULT,COUNT_SEVERE_INJ,COUNT_VISIBLE_INJ,COUNT_COMPLAINT_PAIN,COUNT_PED_KILLED,COUNT_PED_INJURED,COUNT_BICYCLIST_KILLED,COUNT_BICYCLIST_INJURED,COUNT_MC_KILLED,COUNT_MC_INJURED,PRIMARY_RAMP,SECONDARY_RAMP,LATITUDE,LONGITUDE,COUNTY,CITY,POINT_X,POINT_Y
8168203,2017,2018-05-19,1005,2017-08-18,1949,P1070,2559,5,5,7,1005,0,0,0,,0,SEC,"11TH ST","MADISON AV",0.00,,Y,A,-,N,,,,,,,,,,Y,1,1,0,2,A,-,01,23152,E,N,D,C,A,A,H,-,B,A,0,,,Y,,Y,,C,03,0,0,0,0,0,0,0,1,0,"- ","- ",36.749580000000002,-119.75677,FRESNO,FRESNO,-119.75671995,36.74953008
81684348,2022,2022-01-25,1005,2022-01-10,1747,P1766,NW,1,5,7,1005,0,0,0,,0,00D,"BRAWLEY AVE","SHAW AVE",276.00,N,N,A,-,N,,,,,,,,,,N,2,0,1,2,A,-,11,21954,A,N,G,B,D,A,H,-,C,D,0,Y,,,,Y,,N,60,1,0,0,0,1,0,0,0,0,"- ","- ",36.808151245117188,-119.86258697509766,FRESNO,FRESNO,-119.86273956298828,36.809139251708984
81684351,2022,2022-01-25,1005,2022-01-17,1725,P1765,SE,1,5,7,1005,0,0,0,,0,00G,"ARMSTRONG AVE","CALIFORNIA AVE",0.00,,Y,A,-,N,,,,,,,,,,Y,2,0,3,2,A,-,08,22107,,N,D,C,A,A,H,-,B,D,0,,,,,Y,,A,01,1,0,2,0,0,0,0,0,0,"- ","- ",36.72052001953125,-119.67314910888672,FRESNO,FRESNO,-119.67308807373047,36.720439910888672
81690259,2022,2022-02-01,1005,2022-01-25,2205,P1765,SE,2,5,7,1005,0,0,0,,0,00C,"BELMONT AVE","SIXTH ST",0.00,,Y,A,-,N,,,,,,,,,,Y,2,0,1,3,A,-,01,23153,B,N,C,C,A,A,H,-,C,A,0,,,,,Y,Y,A,01,1,0,0,0,0,0,0,0,0,"- ","- ",36.750480651855469,-119.76438140869141,FRESNO,FRESNO,-119.76425170898438,36.750419616699219
81695546,2021,2022-02-08,1005,2021-12-21,1802,P1847,SW,2,5,7,1005,0,0,0,,0,00A,"OLIVE AVE","CRYSTAL AVE (W)",115.00,E,N,A,-,N,,,,,,,,,,N,2,0,1,2,A,-,11,21954,A,N,G,B,D,B,H,-,C,D,0,Y,,,,Y,,-,"- ",1,0,0,0,1,0,0,0,0,"- ","- ",36.757488250732422,-119.8323974609375,FRESNO,FRESNO,-119.83184814453125,36.757465362548828
81699315,2021,2022-02-14,1005,2021-10-30,0043,P2000,SW,6,5,7,1005,0,0,0,,0,00G,"CENTRAL AVE","EAST AVE",213.00,W,N,B,-,N,,,,,,,,,,Y,2,0,1,1,A,-,08,22107,,N,F,A,A,A,H,-,D,D,0,,,,,Y,,A,01,1,0,0,0,0,0,0,0,0,"- ","- ",36.678138732910156,-119.77271270751953,FRESNO,FRESNO,-119.77346801757812,36.677947998046875
81699801,2022,2022-02-14,1005,2022-01-29,0120,P1983,CENTR,6,5,7,1005,0,0,0,,0,00C,"MCKINLEY AVE","GOLDEN STATE BLVD",0.00,,Y,A,-,N,,,,,,,,,,N,2,0,1,2,A,-,01,23153,A,N,G,B,F,A,G,-,C,A,0,Y,,,,Y,Y,A,01,1,0,0,0,1,0,0,0,0,"- ","- ",36.764701843261719,-119.82964324951172,FRESNO,FRESNO,-119.82970428466797,36.764675140380859
81703842,2021,2022-02-18,1005,2021-09-07,0345,P1997,NORTH,2,5,7,1005,0,0,0,,0,00E,"DIANA ST","SIERRA MADRE AVE",42.00,S,N,A,-,N,,,,,,,,,,N,2,0,1,2,A,-,11,21954,A,N,G,B,E,A,H,-,C,D,0,Y,,,,Y,Y,N,60,1,0,0,0,1,0,0,0,0,"- ","- ",36.806999206542969,-119.78703308105469,FRESNO,FRESNO,-119.78661346435547,36.807483673095703
81711785,2022,2022-03-01,1005,2022-02-07,1805,P1767,SOUTH,1,5,7,1005,0,0,0,,0,00B,"KINGS CANYON RD","PEACH AVE",55.00,W,N,A,-,N,,,,,,,,,,Y,2,0,2,2,A,-,09,21453,C,N,D,C,A,A,H,-,B,A,0,,,,,Y,,A,01,1,1,0,0,0,0,0,0,0,"- ","- ",36.735958099365234,-119.71830749511719,FRESNO,FRESNO,-119.71869659423828,36.73577880859375
81713900,2022,2022-03-03,1005,2022-02-14,0001,P1700,"NW /",1,5,7,1005,0,0,0,,0,2149,"MARKS AVE","CLINTON AVE",250.00,N,N,A,-,N,,,,,,,,,,N,2,0,1,1,A,-,01,23152,A,N,E,I,A,A,H,-,C,A,0,,,,,Y,Y,A,01,1,0,0,0,0,0,0,0,0,"- ","- ",36.771881103515625,-119.84430694580078,FRESNO,FRESNO,-119.84441375732422,36.772594451904297
81713914,2022,2022-03-03,1005,2022-02-26,2341,P2082,NW,6,5,7,1005,0,0,0,,0,00A,"HERNDON AVE","MAROA AVE",552.00,E,N,A,-,N,,,,,,,,,,Y,2,0,1,1,A,-,08,22107,,N,E,I,A,A,H,-,C,D,0,,,,,Y,,A,01,1,0,0,0,0,0,0,0,0,"- ","- ",36.837039947509766,-119.79931640625,FRESNO,FRESNO,-119.79770660400391,36.837398529052734
81718312,2021,2022-03-09,1005,2021-12-23,1842,P1625,NE,4,5,7,1005,0,0,0,,0,00G,"DAKOTA AVE","CEDAR AVE",475.00,E,N,F,-,N,,,,,,,,,,Y,1,1,0,3,A,-,11,21954,A,N,G,B,D,B,H,-,C,D,0,Y,,,,Y,Y,N,60,0,0,0,1,0,0,0,0,0,"- ","- ",36.786048889160156,-119.75498199462891,FRESNO,FRESNO,-119.75441741943359,36.786880493164062
81718318,2022,2022-03-09,1005,2022-02-22,1830,P1765,SE,2,5,7,1005,0,0,0,,0,00C,"VENTURA ST","SEVENTH ST (E)",0.00,,Y,B,-,N,,,,,,,,,,N,2,0,1,2,A,-,11,21954,A,N,G,B,D,A,H,-,E,D,0,Y,,,,Y,,N,60,1,0,0,0,1,0,0,0,0,"- ","- ",36.735080718994141,-119.763671875,FRESNO,FRESNO,-119.76274108886719,36.735958099365234
81719331,2022,2022-03-10,1005,2022-03-08,1844,P1795,CENTR,2,5,7,1005,0,0,0,,0,00B,"BLACKSTONE AVE","SHIELDS AVE",0.00,,Y,A,-,N,,,,,,,,,,N,2,0,1,2,A,-,10,21950,A,N,G,B,B,A,H,-,C,A,0,Y,,,,Y,,A,01,1,0,0,0,1,0,0,0,0,"- ","- ",36.779079437255859,-119.791259765625,FRESNO,FRESNO,-119.79064178466797,36.779598236083984
81724802,2022,2022-03-17,1005,2022-03-05,2127,P1940,NE,6,5,7,1005,0,0,0,,0,00F,"SHAW AVE","SIXTH ST",396.00,W,N,A,-,N,,,,,,,,,,N,2,0,1,1,A,-,07,21658,A,N,E,I,A,A,H,-,C,D,0,,,,,Y,,A,01,1,0,0,0,0,0,0,0,0,"- ","- ",36.807819366455078,-119.76364898681641,FRESNO,FRESNO,-119.76457977294922,36.808361053466797
81727211,2022,2022-03-21,1005,2022-03-06,1440,P689,NW,7,5,7,1005,0,0,0,,0,00C,"W SHAW AVE","N ISLAND WATERPARK DR",60.00,W,N,A,-,N,,,,,,,,,,Y,2,0,1,2,A,-,09,21801,A,N,D,C,A,A,H,-,A,D,0,,,Y,,Y,,A,01,1,0,0,0,0,0,0,0,1,"- ","- ",,,FRESNO,FRESNO,-119.88970184326172,36.808074951171875
81733449,2022,2022-03-25,1005,2022-03-18,2055,P2072,SOUTH,5,5,7,1005,0,0,0,,0,00B,"BELMONT AVE","VAN NESS AVE",135.00,W,N,A,-,N,,,,,,,,,,N,2,0,1,2,A,-,11,21954,A,N,G,B,D,A,H,-,C,A,0,Y,,,,Y,,N,60,1,0,0,0,1,0,0,0,0,"- ","- ",36.750400543212891,-119.79904937744141,FRESNO,FRESNO,-119.79936218261719,36.750431060791016
81743878,2022,2022-04-08,1005,2022-03-04,2005,P1734,SOUTH,5,5,7,1005,0,0,0,,0,,"OLIVE AVE","WARREN AVE",0.00,,Y,A,-,N,,,,,,,,,,N,2,0,1,2,A,-,08,22107,,F,D,G,A,A,H,-,C,A,0,,Y,,,Y,,A,01,1,0,0,0,0,0,1,0,0,"- ","- ",36.757431030273438,-119.82792663574219,FRESNO,FRESNO,-119.82776641845703,36.757465362548828
81744730,2022,2022-04-11,1005,2022-03-24,2330,P2004,SOUTH,4,5,7,1005,0,0,0,,0,00C,"CEDAR AVE","TURNER AVE",0.00,,Y,A,-,N,,,,,,,,,,N,2,0,1,2,A,-,03,22350,,F,D,G,A,A,H,-,C,A,0,,Y,,,Y,,A,01,1,0,0,0,0,0,1,0,0,"- ","- ",36.752269744873047,-119.75447845458984,FRESNO,FRESNO,-119.75445556640625,36.752292633056641
81751778,2022,2022-04-20,1005,2022-03-22,1655,P1771,,2,5,7,1005,0,0,0,,0,,"MARKS AVE","DUDLEY AVE",13.00,S,N,A,-,N,,,,,,,,,,N,2,0,2,2,A,-,06,21751,,N,A,C,A,A,H,-,A,D,0,,,,,Y,,A,01,1,0,1,0,0,0,0,0,0,"- ","- ",36.753749847412109,-119.84442138671875,FRESNO,FRESNO,-119.84430694580078,36.753746032714844
81753158,2022,2022-04-21,1005,2022-04-19,1825,P1765,SE,2,5,7,1005,0,0,0,,0,00C,"MAPLE AVE","GRANT AVE",0.00,,Y,A,-,N,,,,,,,,,,Y,2,0,2,2,A,-,05,21650,A,F,A,C,A,A,A,-,A,D,0,,,,,Y,,A,01,1,0,1,0,0,0,0,0,0,"- ","- ",36.748649597167969,-119.74542999267578,FRESNO,FRESNO,-119.74542999267578,36.748619079589844
81754166,2022,2022-04-22,1005,2022-04-17,2020,P1843,SOUTH,7,5,7,1005,0,0,0,,0,00D,"TULARE ST","FIRST ST",150.00,W,N,A,-,Y,,,,,,,,,,Y,2,0,1,2,A,-,03,22350,,N,D,C,A,A,H,-,C,D,0,,,Y,,Y,,C,02,1,0,0,0,0,0,0,0,1,"- ","- ",36.742469787597656,-119.77358245849609,FRESNO,FRESNO,-119.7730712890625,36.743171691894531
81754944,2022,2022-04-25,1005,2022-02-11,0137,P1972,NW,5,5,7,1005,0,0,0,,0,00F,"GOLDEN STATE BLVD","MCKINLEY AVE",1604.00,N,N,A,-,N,,,,,,,,,,Y,2,0,1,1,A,-,17,23109,A,N,E,J,A,A,H,-,C,D,0,,,Y,,Y,,C,02,1,0,0,0,0,0,0,0,1,"- ","- ",36.764701843261719,-119.82964324951172,FRESNO,FRESNO,-119.83341217041016,36.767913818359375
81754963,2022,2022-04-25,1005,2022-04-21,2358,P1988,CENTR,4,5,7,1005,0,0,0,,0,00C,"CLINTON AVE","FRUIT AVE",36.00,E,N,B,C,N,,,,,,,,,,N,2,0,1,2,A,-,11,21954,A,F,G,B,D,B,H,-,C,A,0,Y,,,,Y,,-,"- ",1,0,0,0,1,0,0,0,0,"- ","- ",36.771999359130859,-119.81761932373047,FRESNO,FRESNO,-119.81748962402344,36.772060394287109
81758442,2022,2022-04-28,1005,2022-04-03,2244,P2084,CENTR,7,5,7,1005,0,0,0,,0,00B,"BLACKSTONE AVE","CLINTON AVE",0.00,,Y,A,-,N,,,,,,,,,,Y,2,0,2,2,A,-,12,21453,A,F,D,C,A,A,H,-,C,A,0,,,,,Y,,A,01,1,0,1,0,0,0,0,0,0,"- ","- ",36.772289276123047,-119.79058074951172,FRESNO,FRESNO,-119.79066467285156,36.772270202636719
81766049,2022,2022-05-06,1005,2022-04-10,1918,P1957,NW,7,5,7,1005,0,0,0,,0,00F,"PROVIDENCE AVE","VERNAL AVE",0.00,,Y,A,-,N,,,,,,,,,,Y,2,0,2,2,A,-,08,22107,,N,D,C,A,A,H,-,A,D,0,,,Y,,Y,,C,02,2,0,0,0,0,0,0,0,2,"- ","- ",36.772350311279297,-119.863037109375,FRESNO,FRESNO,-119.86295318603516,36.772506713867188
81780249,2022,2022-05-25,1005,2022-05-08,0200,P1957,SE,7,5,7,1005,0,0,0,,0,00D,"CHESTNUT AVE","180 FWY (1)",0.00,,Y,A,-,N,,,,,,,,,,Y,2,0,1,3,A,-,01,23153,A,N,G,B,E,A,H,-,C,A,0,Y,,,,Y,Y,A,01,1,0,0,0,1,0,0,0,0,"- ","- ",36.754039764404297,-119.73622894287109,FRESNO,FRESNO,,
81780258,2022,2022-05-25,1005,2022-05-08,1345,P963,NW,7,5,7,1005,0,0,0,,0,05B,"PALM AVE","LOCUST AVE",0.00,,Y,A,-,N,,,,,,,,,,Y,2,0,1,2,A,-,12,21453,A,N,-,C,A,A,H,-,A,A,0,,,Y,,Y,,C,02,1,0,0,0,0,0,0,0,1,"- ","- ",36.840190887451172,-119.80815887451172,FRESNO,FRESNO,-119.8082275390625,36.840652465820312
81780309,2022,2022-05-25,1005,2022-05-15,2107,P2107,SOUTH,7,5,7,1005,0,0,0,,0,00B,"BELMONT AVE","MANILA AVE",0.00,,Y,A,-,Y,,,,,,,,,,Y,2,0,1,1,A,-,01,23153,A,N,E,I,A,A,H,-,D,D,0,,,,,Y,Y,A,01,1,0,0,0,0,0,0,0,0,"- ","- ",36.750469207763672,-119.69416046142578,FRESNO,FRESNO,-119.69422149658203,36.750213623046875
81785510,2022,2022-06-01,1005,2022-05-26,0729,P1264,5,4,5,7,1005,0,0,0,,0,00F,"CLINTON AVE","BLYTHE AVE",0.00,,Y,A,-,N,,,,,,,,,,N,2,0,1,2,A,-,12,21453,A,N,D,G,A,A,H,-,A,A,0,,Y,,,Y,Y,L,04,1,0,0,0,0,0,1,0,0,"- ","- ",36.771869659423828,-119.87139892578125,FRESNO,FRESNO,-119.87134552001953,36.771812438964844
81786457,2022,2022-06-02,1005,2022-04-04,1707,P1070,NE/D,1,5,7,1005,0,0,0,,0,1459,"CEDAR AVE","SIERRA AVE",0.00,,Y,A,-,N,,,,,,,,,,Y,1,1,0,2,A,-,09,21801,A,N,D,C,A,A,H,-,A,A,0,,,,,Y,,A,01,0,0,0,0,0,0,0,0,0,"- ","- ",36.830348968505859,-119.75415802001953,FRESNO,FRESNO,-119.7542724609375,36.830284118652344
81791584,2022,2022-06-09,1005,2022-05-23,2232,P1573,NORTH,1,5,7,1005,0,0,0,,0,04B,"HERNDON AVE","WILLOW AVE",0.00,E,Y,A,-,N,,,,,,,,,,N,2,0,1,2,A,-,00,22453,,N,D,C,A,A,H,-,C,A,0,,,,,Y,Y,A,01,1,0,0,0,0,0,0,0,0,"- ","- ",36.837589263916016,-119.72959136962891,FRESNO,FRESNO,-119.72968292236328,36.837539672851562
81794479,2022,2022-06-14,1005,2022-06-10,1043,P1298,NE,5,5,7,1005,0,0,0,,0,"C / 14","BLACKSTONE AVE","BULLARD AVE",83.00,N,N,A,-,N,,,,,,,,,,Y,2,0,1,1,A,-,03,22350,,N,F,A,A,A,H,-,A,A,0,,,Y,,Y,,C,02,1,0,0,0,0,0,0,0,1,"- ","- ",36.822319030761719,-119.79058837890625,FRESNO,FRESNO,-119.79045867919922,36.823066711425781
81796308,2022,2022-06-16,1005,2022-06-13,1112,P1298,NW,1,5,7,1005,0,0,0,,0,"G / 18","MARKS AVE","ASHCROFT AVE",22.00,S,N,A,-,N,,,,,,,,,,Y,2,0,1,2,A,-,09,21804,A,N,C,C,A,A,H,-,A,A,0,,,Y,,Y,,D,22,1,0,0,0,0,0,0,0,1,"- ","- ",36.798568725585938,-119.84484100341797,FRESNO,FRESNO,-119.84435272216797,36.798709869384766
81802496,2022,2022-06-24,1005,2022-06-03,0059,P2077,SW,5,5,7,1005,0,0,0,,0,00B,"BELMONT AVE","FULTON ST",0.00,W,Y,A,-,N,,,,,,,,,,Y,2,0,1,2,A,-,12,21453,A,N,B,C,A,A,H,-,C,A,0,,,,,Y,Y,A,01,1,0,0,0,0,0,0,0,0,"- ","- ",36.750389099121094,-119.80048370361328,FRESNO,FRESNO,-119.80036163330078,36.75042724609375
81806577,2022,2022-06-30,1005,2022-03-13,2231,P1689,NE,7,5,7,1005,0,0,0,,0,00F,"NINTH ST","SWIFT AVE",0.00,,Y,A,-,N,,,,,,,,,,Y,1,1,0,2,A,-,01,23152,B,N,D,E,A,A,H,-,C,D,0,,,Y,,Y,Y,C,02,0,0,0,0,0,0,0,1,0,"- ","- ",36.795768737792969,-119.75868225097656,FRESNO,FRESNO,-119.75878143310547,36.795806884765625
81808469,2022,2022-07-01,1005,2022-05-20,0749,P1622,SOUTH,5,5,7,1005,0,0,0,,0,,"MAPLE AVE","THE CALIFORNIA AVE RAIL ROAD",10.00,N,N,A,-,N,,,,,,,,,,Y,2,0,1,2,A,-,08,22107,,N,D,C,A,A,H,-,A,A,0,,,,,Y,,A,01,1,0,0,0,0,0,0,0,0,"- ","- ",,,FRESNO,FRESNO,,
81808471,2022,2022-07-01,1005,2022-06-11,0630,P2083,SOUTH,6,5,7,1005,0,0,0,,0,00G,"ELM AVE","NORTH AVE",0.00,,Y,A,-,N,,,,,,,,,,Y,1,1,0,2,A,-,10,21950,A,N,G,B,B,A,H,-,B,A,0,Y,,,,Y,,D,22,0,0,0,1,0,0,0,0,0,"- ","- ",36.691719055175781,-119.79251098632812,FRESNO,FRESNO,-119.79079437255859,36.692279815673828
81811792,2022,2022-07-07,1005,2022-06-25,0001,P1735,CENTR,6,5,7,1005,0,0,0,,0,1955,"BLACKSTONE AVE","DAKOTA AVE",67.00,N,N,A,-,N,,,,,,,,,,N,2,0,1,2,A,-,11,21954,A,N,G,B,D,A,H,-,C,A,0,Y,,,,Y,,N,60,1,0,0,0,1,0,0,0,0,"- ","- ",36.786739349365234,-119.79042816162109,FRESNO,FRESNO,-119.79064178466797,36.786945343017578
81814783,2022,2022-07-12,1005,2022-05-20,2213,P1856,CE,5,5,7,1005,0,0,0,,0,00D,"PRINCETON AVE","FRESNO ST",0.00,,Y,A,-,N,,,,,,,,,,Y,2,0,1,2,A,-,01,23153,F,N,D,C,A,A,H,-,C,A,0,,,Y,,Y,,A,01,1,0,0,0,0,0,0,0,1,"- ","- ",36.775848388671875,-119.78154754638672,FRESNO,FRESNO,-119.78153228759766,36.775897979736328
81818615,2022,2022-07-18,1005,2022-07-15,0853,P1574,SOUTH,5,5,7,1005,0,0,0,,0,,"LANE AVE","WINERY AVE",250.00,E,N,A,-,N,,,,,,,,,,N,2,0,1,2,A,-,10,21954,B,N,G,B,D,A,H,-,A,D,0,Y,,,,Y,,A,01,1,0,0,0,1,0,0,0,0,"- ","- ",36.732440948486328,-119.73190307617188,FRESNO,FRESNO,-119.73106384277344,36.732280731201172
81830873,2022,2022-08-02,1005,2022-07-29,1228,P1117,NE,5,5,7,1005,0,0,0,,0,00F,"FIRST ST","SAGINAW WAY",0.00,,Y,A,-,N,,,,,,,,,,Y,2,0,1,2,A,-,09,21802,A,N,D,C,A,A,H,-,A,A,0,,,Y,,Y,,D,22,1,0,0,0,0,0,0,0,1,"- ","- ",36.787971496582031,-119.77304077148438,FRESNO,FRESNO,-119.77263641357422,36.788650512695312
81835890,2022,2022-08-09,1005,2022-06-06,0143,P1689,SOUTH,1,5,7,1005,0,0,0,,0,00A,"BELMONT AVE","PARKVIEW DR",739.00,W,N,A,-,N,,,,,,,,,,N,1,1,0,2,A,-,03,22350,,F,G,B,E,A,H,-,C,D,0,Y,,,,Y,Y,A,07,0,0,0,1,0,0,0,0,0,"- ","- ",36.750259399414062,-119.82795715332031,FRESNO,FRESNO,-119.83048248291016,36.750221252441406
81843057,2022,2022-08-18,1005,2022-03-07,1950,P2079,SE,1,5,7,1005,0,0,0,,0,00E,FIRST/PLATT,"E.PROLONGATION OF S.FIRST ST",20.00,E,N,A,-,N,,,,,,,,,,N,2,0,1,2,A,-,03,22350,,F,H,G,A,A,H,-,C,D,0,,Y,,,Y,,-,99,1,0,0,0,0,0,1,0,0,"- ","- ",,,FRESNO,FRESNO,,
81847234,2022,2022-08-24,1005,2022-05-13,0130,P731,1246,5,5,7,1005,0,0,0,,0,05A,"MILBURN AVE","HERNDON AVE",11.00,S,N,A,-,N,,,,,,,,,,N,1,1,0,2,A,-,10,21950,A,N,G,B,B,A,H,-,C,A,0,Y,,,,Y,,D,22,0,0,0,1,0,0,0,0,0,"- ","- ",36.837131500244141,-119.87906646728516,FRESNO,FRESNO,-119.87908935546875,36.837120056152344
81854930,2022,2022-09-01,1005,2022-07-24,2056,P731,2056,7,5,7,1005,0,0,0,,0,03C,"TULARE AVE","NINTH STREET",1.00,W,N,A,-,N,,,,,,,,,,N,1,1,0,2,C,-,18,,,F,G,B,B,A,H,-,C,D,0,Y,,,,Y,,-,"- ",0,0,0,1,0,0,0,0,0,"- ","- ",,,FRESNO,FRESNO,-119.75940704345703,36.743160247802734
81854933,2022,2022-09-01,1005,2022-08-09,0210,P731,2950,2,5,7,1005,0,0,0,,0,01F,"MARKS AVE","CALIFORNIA AVE",422.00,S,N,A,-,N,,,,,,,,,,N,1,1,0,2,A,-,03,22350,,F,C,G,A,A,H,-,C,D,0,,Y,,,Y,,D,22,0,0,0,0,0,1,0,0,0,"- ","- ",36.720920562744141,-119.84584808349609,FRESNO,FRESNO,-119.84445953369141,36.719982147216797
81862897,2022,2022-09-13,1005,2022-08-29,0013,P2009,SW,1,5,7,1005,0,0,0,,0,00F,"ELM AVE","NORTH AVE",0.00,,Y,A,-,N,,,,,,,,,,N,2,0,1,1,A,-,07,21658,A,N,E,I,A,A,H,-,C,D,0,,,,,Y,,A,01,1,0,0,0,0,0,0,0,0,"- ","- ",36.692329406738281,-119.79086303710938,FRESNO,FRESNO,-119.79079437255859,36.692279815673828
81871691,2022,2022-09-23,1005,2022-09-22,0801,P1094,CENTR,4,5,7,1005,0,0,0,,0,00F,"MCKINLEY AVE","SAN PABLO AVE",12.00,W,N,A,-,N,,,,,,,,,,Y,2,0,1,2,A,-,10,21950,A,N,G,B,C,A,H,-,A,D,0,Y,,,,Y,,A,01,1,0,0,0,1,0,0,0,0,"- ","- ",36.764949798583984,-119.79448699951172,FRESNO,FRESNO,-119.79457092285156,36.764999389648438
81893570,2022,2022-10-19,1005,2022-08-10,0508,P731,2361,3,5,7,1005,0,0,0,,0,03A,"OLIVE AVE","RECREATION AVE",0.00,,Y,A,-,N,,,,,,,,,,N,1,1,0,2,C,-,18,,,N,G,B,C,A,H,-,C,A,0,Y,,,,Y,,-,"- ",0,0,0,1,0,0,0,0,0,"- ","- ",36.757671356201172,-119.73854064941406,FRESNO,FRESNO,-119.73862457275391,36.757709503173828
81893646,2022,2022-10-19,1005,2022-10-01,2200,P1906,NORTH,6,5,7,1005,0,0,0,,0,00G,"DAKOTA AVE","CEDAR AVE",718.00,E,N,A,-,N,,,,,,,,,,N,2,0,2,2,A,-,03,22350,,N,G,B,E,A,H,-,C,D,0,Y,,Y,,Y,,C,02,1,0,1,0,1,0,0,0,1,"- ","- ",36.786811828613281,-119.75431060791016,FRESNO,FRESNO,-119.75441741943359,36.786880493164062
81893648,2022,2022-10-19,1005,2022-10-02,0058,P731,2754,7,5,7,1005,0,0,0,,0,01C,"TUOLUMNE ST","S/R 99 FRONTAGE ROAD",0.00,,Y,A,-,Y,,,,,,,,,,Y,2,0,1,2,A,-,17,21657,,N,D,C,A,A,H,-,C,A,0,,,Y,,Y,,C,02,1,0,0,0,0,0,0,0,0,"- ","- ",36.732711791992188,-119.80171966552734,FRESNO,FRESNO,,
81893714,2022,2022-10-19,1005,2022-10-14,1124,P1402,CENTR,5,5,7,1005,0,0,0,,0,00C,"FRUIT AVE","CLINTON AVE",0.00,,Y,A,-,N,,,,,,,,,,Y,2,0,1,2,A,-,09,21801,A,N,A,C,A,A,H,-,A,A,0,,,Y,,Y,,A,01,1,0,0,0,0,0,0,0,1,"- ","- ",36.771999359130859,-119.81761932373047,FRESNO,FRESNO,-119.81761169433594,36.772056579589844
81893721,2022,2022-10-19,1005,2022-10-15,2215,P2115,SW,6,5,7,1005,0,0,0,,0,00D,"FULTON ST","AMADOR ST",0.00,,Y,A,-,N,,,,,,,,,,Y,2,0,1,2,A,-,03,22350,,N,C,C,A,A,H,-,C,D,0,,,Y,,Y,Y,C,02,1,0,0,0,0,0,0,0,1,"- ","- ",36.741901397705078,-119.79875183105469,FRESNO,FRESNO,-119.79885864257812,36.741851806640625
81893722,2022,2022-10-19,1005,2022-10-17,0905,P1094,CENTR,1,5,7,1005,0,0,0,,0,00C,"CLINTON AVE","PALM AVE",0.00,,Y,A,-,N,,,,,,,,,,Y,2,0,2,4,A,-,12,21453,A,N,D,C,A,A,H,-,A,A,0,,,,,Y,,A,01,1,0,1,0,0,0,0,0,0,"- ","- ",36.772140502929688,-119.80870819091797,FRESNO,FRESNO,-119.80864715576172,36.772102355957031
81895857,2022,2022-10-21,1005,2022-10-09,1335,P594,,7,5,7,1005,0,0,0,,0,,"SHAW AVE","FRESNO ST",100.00,W,N,A,-,N,,,,,,,,,,Y,2,0,1,2,A,-,08,22107,,F,B,C,A,A,H,-,A,D,0,,,Y,,Y,,A,01,1,0,0,0,0,0,0,0,1,"- ","- ",36.808650970458984,-119.78134155273438,FRESNO,FRESNO,-119.78172302246094,36.808456420898438
81897210,2022,2022-10-24,1005,2022-10-09,1448,P795,FRESN,7,5,7,1005,0,0,0,,0,01D,"HUNTINGTON BLVD","FIRST ST",0.00,,Y,A,-,N,,,,,,,,,,Y,2,0,3,2,A,-,09,21801,A,N,D,C,A,A,H,-,A,A,0,,,,,Y,,A,01,1,2,0,0,0,0,0,0,0,"- ","- ",,,FRESNO,FRESNO,-119.77245330810547,36.739288330078125
81908291,2022,2022-11-03,1005,2022-10-30,1026,P1101,NORTH,7,5,7,1005,0,0,0,,0,00B,"PRIVATE DR",HERNDON,30.00,S,N,A,-,N,,,,,,,,,,N,2,0,1,2,A,-,03,22350,,F,G,B,F,A,H,-,A,D,0,Y,,,,Y,Y,-,99,1,0,0,0,1,0,0,0,0,"- ","- ",,,FRESNO,FRESNO,,
81919897,2022,2022-11-17,1005,2022-11-08,1734,P1689,NORTH,2,5,7,1005,0,0,0,,0,00G,"BLACKSTONE AVE","HOLLAND AVE",203.00,S,N,B,-,N,,,,,,,,,,Y,1,1,0,2,C,-,18,,,F,G,B,E,B,H,-,D,D,0,Y,,,,Y,,-,"- ",0,0,0,1,0,0,0,0,0,"- ","- ",36.797641754150391,-119.79048156738281,FRESNO,FRESNO,-119.79060363769531,36.797153472900391
81919906,2022,2022-11-17,1005,2022-11-16,0835,P1264,4,3,5,7,1005,0,0,0,,0,00C,"BLACKSTONE AVE","BULLARD AVE",0.00,,Y,A,-,N,,,,,,,,,,Y,2,0,1,2,A,-,12,21453,A,N,D,C,A,A,H,-,A,A,0,,,,,Y,,A,01,1,0,0,0,0,0,0,0,0,"- ","- ",36.822319030761719,-119.79058837890625,FRESNO,FRESNO,-119.79045867919922,36.822841644287109