CASE_ID,ACCIDENT_YEAR,PROC_DATE,JURIS,COLLISION_DATE,COLLISION_TIME,OFFICER_ID,REPORTING_DISTRICT,DAY_OF_WEEK,CHP_SHIFT,POPULATION,CNTY_CITY_LOC,SPECIAL_COND,BEAT_TYPE,CHP_BEAT_TYPE,CITY_DIVISION_LAPD,CHP_BEAT_CLASS,BEAT_NUMBER,PRIMARY_RD,SECONDARY_RD,DISTANCE,DIRECTION,INTERSECTION,WEATHER_1,WEATHER_2,STATE_HWY_IND,CALTRANS_COUNTY,CALTRANS_DISTRICT,STATE_ROUTE,ROUTE_SUFFIX,POSTMILE_PREFIX,POSTMILE,LOCATION_TYPE,RAMP_INTERSECTION,SIDE_OF_HWY,TOW_AWAY,COLLISION_SEVERITY,NUMBER_KILLED,NUMBER_INJURED,PARTY_COUNT,PRIMARY_COLL_FACTOR,PCF_CODE_OF_VIOL,PCF_VIOL_CATEGORY,PCF_VIOLATION,PCF_VIOL_SUBSECTION,HIT_AND_RUN,TYPE_OF_COLLISION,MVIW,PED_ACTION,ROAD_SURFACE,ROAD_COND_1,ROAD_COND_2,LIGHTING,CONTROL_DEVICE,CHP_ROAD_TYPE,PEDESTRIAN_ACCIDENT,BICYCLE_ACCIDENT,MOTORCYCLE_ACCIDENT,TRUCK_ACCIDENT,NOT_PRIVATE_PROPERTY,ALCOHOL_INVOLVED,STWD_VEHTYPE_AT_FAULT,CHP_VEHTYPE_AT_FAULT,COUNT_SEVERE_INJ,COUNT_VISIBLE_INJ,COUNT_COMPLAINT_PAIN,COUNT_PED_KILLED,COUNT_PED_INJURED,COUNT_BICYCLIST_KILLED,COUNT_BICYCLIST_INJURED,COUNT_MC_KILLED,COUNT_MC_INJURED,PRIMARY_RAMP,SECONDARY_RAMP,LATITUDE,LONGITUDE,COUNTY,CITY,POINT_X,POINT_Y
81926095,2022,2022-11-24,1005,2022-11-10,1630,P1766,NW,4,5,7,1005,0,0,0,,0,00D,"MARTY AVE","SELLAND AVE (1)",300.00,S,N,A,-,N,,,,,,,,,,N,2,0,1,1,A,-,03,22350,,N,E,I,A,A,H,-,B,D,0,,,Y,,Y,,C,02,1,0,0,0,0,0,0,0,1,"- ","- ",36.802669525146484,-119.85691070556641,FRESNO,FRESNO,-119.85811614990234,36.828525543212891
81927292,2022,2022-11-28,1005,2022-11-03,1724,P1940,CE,4,5,7,1005,0,0,0,,0,00G,"THOMAS AVE","THESTA ST",206.00,E,N,A,-,N,,,,,,,,,,N,2,0,1,2,A,-,11,21954,A,N,G,B,E,A,H,-,A,D,0,Y,,,,Y,,N,60,1,0,0,0,1,0,0,0,0,"- ","- ",36.751869201660156,-119.78455352783203,FRESNO,FRESNO,-119.78281402587891,36.752521514892578
81938026,2022,2022-12-09,1005,2022-11-18,2245,P1940,SE,5,5,7,1005,0,0,0,,0,00D,"WILLOW AVE","MONO ST",126.00,S,N,A,-,N,,,,,,,,,,N,2,0,1,1,A,-,07,21658,A,N,E,I,A,A,H,-,C,D,0,,,,,Y,,A,01,1,0,0,0,0,0,0,0,0,"- ","- ",36.735881805419922,-119.72860717773438,FRESNO,FRESNO,-119.72738647460938,36.736522674560547
81948808,2022,2022-12-22,1005,2022-12-20,1130,P1604,CE,2,5,7,1005,0,0,0,,0,00A,"SHIELDS AVE","PALM AVE",0.00,,Y,B,-,N,,,,,,,,,,Y,2,0,1,2,A,-,12,21453,A,F,B,C,A,A,H,-,A,A,0,,,,,Y,,D,22,1,0,0,0,0,0,0,0,0,"- ","- ",36.779380798339844,-119.80863189697266,FRESNO,FRESNO,-119.80867004394531,36.779373168945312
81950961,2022,2022-12-23,1005,2022-07-13,2357,S265,NE/E,3,5,7,1005,0,0,0,,0,1856,"BLACKSTONE AVE","ASHLAN AVE",0.00,,Y,A,-,N,,,,,,,,,,Y,1,1,0,2,A,-,11,21954,A,N,G,B,D,A,H,-,C,A,0,Y,,,,Y,,N,60,0,0,0,1,0,0,0,0,0,"- ","- ",36.794029235839844,-119.79054260253906,FRESNO,FRESNO,-119.79062652587891,36.794097900390625
81952587,2022,2022-12-27,1005,2022-12-24,2122,P1982,CENTR,6,5,7,1005,0,0,0,,0,BAKER,"SHIELDS AVE","FIRST ST",396.00,W,N,A,-,N,,,,,,,,,,Y,2,0,1,2,A,-,03,22350,,N,D,C,A,A,H,-,C,A,0,,,Y,,Y,,C,02,1,0,0,0,0,0,0,0,1,"- ","- ",36.778850555419922,-119.77330017089844,FRESNO,FRESNO,-119.77400970458984,36.779571533203125
81960477,2022,2023-01-05,1005,2022-12-04,1456,P1096,NW,7,5,7,1005,0,0,0,,0,05F,"BRAWLEY AVE","FOUNTAIN WAY",12.00,N,N,A,-,N,,,,,,,,,,N,2,0,1,2,A,-,06,21755,A,N,D,C,A,A,H,-,A,D,0,,,Y,,Y,,C,02,1,0,0,0,0,0,0,0,1,"- ","- ",36.780960083007812,-119.86229705810547,FRESNO,FRESNO,-119.86231994628906,36.781013488769531
81964022,2022,2023-01-10,1005,2022-11-11,1928,P1879,SE,5,5,7,1005,0,0,0,,0,00D,"PEACH AVE","OLIVE AVE",372.00,N,N,A,-,N,,,,,,,,,,N,2,0,1,2,A,-,11,21954,A,N,G,B,D,A,H,-,C,A,0,Y,,,Y,Y,,N,60,1,0,0,0,1,0,0,0,0,"- ","- ",36.757488250732422,-119.71820831298828,FRESNO,FRESNO,-119.71837615966797,36.758472442626953
81965250,2022,2023-01-11,1005,2022-12-28,1120,P1402,NORTH,3,5,7,1005,0,0,0,,0,00A,"FRIANT RD","SHEPHERD AVE",0.00,,Y,A,-,N,,,,,,,,,,Y,2,0,2,2,A,-,12,21453,A,N,D,C,A,A,H,-,A,A,0,,,,,Y,,A,01,1,0,1,0,0,0,0,0,0,"- ","- ",36.866218566894531,-119.77957153320312,FRESNO,FRESNO,-119.77964019775391,36.866287231445312
81972516,2023,2023-01-20,1005,2023-01-05,2330,P1957,SW,4,5,7,1005,0,0,0,,0,00D,"FRESNO ST","M ST",0.00,,Y,B,-,N,,,,,,,,,,N,2,0,1,2,A,-,11,21461,5,N,G,B,B,B,H,-,C,A,0,Y,,,,Y,,N,60,1,0,0,0,1,0,0,0,0,"- ","- ",36.738079071044922,-119.78923797607422,FRESNO,FRESNO,-119.78936004638672,36.738143920898438
81973526,2022,2023-01-23,1005,2022-08-01,0200,P2099,SW,1,5,7,1005,0,0,0,,0,01E,"TULARE AVE","CALIFORNIA AVE",9.00,N,N,A,-,N,,,,,,,,,,N,2,0,1,1,A,-,08,22107,,N,E,I,A,A,H,-,C,D,0,,,Y,,Y,,-,"- ",1,0,0,0,0,0,0,0,1,"- ","- ",,,FRESNO,FRESNO,-119.80758666992188,36.721382141113281
81973790,2022,2023-01-23,1005,2022-11-03,1858,P1927,NORTH,4,5,7,1005,0,0,0,,0,00E,"FRESNO ST","SANTA ANA AVE",0.00,,Y,A,-,N,,,,,,,,,,N,2,0,1,2,A,-,03,22350,,N,G,B,D,A,H,-,D,D,0,Y,,,,Y,,A,01,1,0,0,0,1,0,0,0,0,"- ","- ",36.804290771484375,-119.78182220458984,FRESNO,FRESNO,-119.78154754638672,36.804943084716797
81976442,2022,2023-01-25,1005,2022-11-20,1620,P1942,NORTH,7,5,7,1005,0,0,0,,0,00D,"CORONA AVE","DELBERT AVE (W)",0.00,,Y,A,-,N,,,,,,,,,,Y,2,0,1,1,A,-,03,22350,,N,E,I,A,A,H,-,A,D,0,,,Y,,Y,,C,02,1,0,0,0,0,0,0,0,1,"- ","- ",36.827091217041016,-119.88729858398438,FRESNO,FRESNO,-119.88723754882812,36.827083587646484
81985698,2023,2023-02-03,1005,2023-02-01,2338,P2158,SOUTH,3,5,7,1005,0,0,0,,0,01C,"TEILMAN AVE","WHITES BRIDGE",57.00,N,N,A,-,N,,,,,,,,,,Y,2,0,1,2,A,-,08,22107,,F,E,I,A,A,H,-,C,A,0,,,,,Y,,A,01,1,0,0,0,0,0,0,0,0,"- ","- ",,,FRESNO,FRESNO,-119.82195281982422,36.735996246337891
81986663,2023,2023-02-06,1005,2023-01-02,1946,P1684,NORTH,1,5,7,1005,0,0,0,,0,"B / 11","FRESNO ST","ALLUVIAL AVE",0.00,,Y,C,-,N,,,,,,,,,,Y,2,0,2,3,A,-,11,21950,B,N,G,B,B,B,H,-,C,A,0,Y,,,,Y,,N,60,2,0,0,0,2,0,0,0,0,"- ","- ",36.844039916992188,-119.78379058837891,FRESNO,FRESNO,-119.78387451171875,36.844669342041016
81990346,2022,2023-02-09,1005,2022-12-01,0949,P1684,SOUTH,4,5,7,1005,0,0,0,,0,"A / 24","BELMONT AVE","PARKWAY DR (E)",0.00,,Y,B,-,N,,,,,,,,,,N,1,1,0,2,C,-,18,,,N,G,B,B,A,H,-,A,A,0,Y,,,Y,Y,,-,"- ",0,0,0,1,0,0,0,0,0,"- ","- ",36.750259399414062,-119.82540893554688,FRESNO,FRESNO,-119.82662963867188,36.750247955322266
81991287,2023,2023-02-10,1005,2023-02-08,2310,P1689,SOUTH,3,5,7,1005,0,0,0,,0,00B,"SHIELDS AVE","FRESNO ST",0.00,,Y,A,-,N,,,,,,,,,,Y,1,1,0,2,A,-,01,23152,B,N,D,C,A,A,H,-,C,A,0,,,,,Y,,A,07,0,0,0,0,0,0,0,0,0,"- ","- ",36.779651641845703,-119.78147888183594,FRESNO,FRESNO,-119.78153991699219,36.779617309570312
82002815,2023,2023-02-27,1005,2023-02-10,1612,P1957,NE,5,5,7,1005,0,0,0,,0,00C,"HERNDON AVE","CEDAR AVE",668.00,E,N,A,-,N,,,,,,,,,,Y,2,0,1,1,A,-,07,21658,A,N,E,I,A,A,H,-,A,D,0,,,,,Y,,A,01,1,0,0,0,0,0,0,0,0,"- ","- ",36.837429046630859,-119.75409698486328,FRESNO,FRESNO,-119.75206756591797,36.837261199951172
82007493,2023,2023-03-02,1005,2023-02-22,1859,P2141,,3,5,7,1005,0,0,0,,0,NORTHE,"NEES AVE","EIGHTH ST",273.00,W,N,A,C,N,,,,,,,,,,Y,2,0,1,1,A,-,03,22350,,N,E,I,A,B,H,-,C,D,0,,,,,Y,,A,01,1,0,0,0,0,0,0,0,0,"- ","- ",36.851898193359375,-119.76306915283203,FRESNO,FRESNO,-119.76402282714844,36.852016448974609
82011125,2023,2023-03-07,1005,2023-03-06,1645,P1889,NORTH,1,5,7,1005,0,0,0,,0,00E,"WEST AVE","SHAW AVE",0.00,,Y,B,-,N,,,,,,,,,,N,2,0,4,4,C,-,18,,,N,C,C,A,A,H,-,A,A,0,,,,,Y,,-,"- ",2,2,0,0,0,0,0,0,0,"- ","- ",36.808300018310547,-119.82631683349609,FRESNO,FRESNO,-119.82650756835938,36.808181762695312
82012205,2023,2023-03-08,1005,2023-03-02,1148,P1402,NORTH,4,5,7,1005,0,0,0,,0,00A,"FRIANT RD","SHEPHERD AVE",0.00,,Y,A,-,N,,,,,,,,,,Y,2,0,2,3,A,-,12,21453,A,N,D,C,A,A,H,-,A,A,0,,,,,Y,,A,01,1,1,0,0,0,0,0,0,0,"- ","- ",36.865650177001953,-119.77932739257812,FRESNO,FRESNO,-119.77964019775391,36.866287231445312
8201336,2017,2017-04-03,1001,2017-03-06,1600,5104,,1,5,5,1001,0,0,0,,0,006,"NORTH CLOVIS AV","PALO ALTO AV",286.00,N,N,A,-,N,,,,,,,,,,N,2,0,1,2,A,-,07,21658,A,N,C,G,A,A,H,-,A,D,0,,Y,,,Y,,D,22,1,0,0,0,0,0,1,0,0,"- ","- ",36.8339,-119.70009,FRESNO,CLOVIS,-119.70009214,36.834684680000002
82014433,2023,2023-03-10,1005,2023-03-03,1520,P1540,NORTH,5,5,7,1005,0,0,0,,0,00B,"SHEPHERD AVE","MAPLE AVE",12.00,E,N,A,-,Y,,,,,,,,,,N,2,0,1,2,A,-,08,22107,,N,F,J,A,A,H,-,A,D,0,,,Y,,Y,,-,99,1,0,0,0,0,0,0,0,1,"- ","- ",36.866661071777344,-119.74777221679688,FRESNO,FRESNO,-119.74771118164062,36.866539001464844
82015271,2023,2023-03-13,1005,2023-02-25,"427 ",P1811,NW,6,5,7,1005,0,0,0,,0,00A,"N POLK AVE","W PALO ALTO AVE",125.00,N,N,C,-,N,,,,,,,,,,Y,2,0,1,1,A,-,07,21658,A,N,E,I,A,B,H,-,C,A,0,,,,,Y,,A,01,1,0,0,0,0,0,0,0,0,"- ","- ",,,FRESNO,FRESNO,-119.88954925537109,36.833854675292969
82015704,2023,2023-03-13,1005,2023-03-12,"40  ",P1734,,7,5,7,1005,0,0,0,,0,,"FIRST ST","SHIELDS AVE",12.00,S,N,B,-,N,,,,,,,,,,Y,2,0,4,1,A,-,01,23152,A,N,E,I,A,B,H,-,C,A,0,,,,,Y,Y,A,01,4,0,0,0,0,0,0,0,0,"- ","- ",36.779598236083984,-119.77262878417969,FRESNO,FRESNO,-119.77265930175781,36.779525756835938
82016932,2023,2023-03-14,1005,2023-02-27,1601,P1940,SE,1,5,7,1005,0,0,0,,0,00E,"CEDAR AVE","JENSEN AVE",16.00,N,N,A,-,N,,,,,,,,,,N,2,0,1,2,A,-,11,21954,A,F,G,B,D,A,H,-,A,D,0,Y,,,,Y,,N,60,1,0,0,0,1,0,0,0,0,"- ","- ",36.707038879394531,-119.75473785400391,FRESNO,FRESNO,-119.75447845458984,36.705780029296875
82016937,2023,2023-03-14,1005,2023-03-13,2143,P1889,NORTH,1,5,7,1005,0,0,0,,0,00B,"HERNDON AVE","PALM AVE",0.00,,Y,A,-,N,,,,,,,,,,N,2,0,1,2,A,-,12,21453,A,N,A,C,A,A,H,-,C,A,0,,,,,Y,,D,22,1,0,0,0,0,0,0,0,0,"- ","- ",36.837089538574219,-119.80838012695312,FRESNO,FRESNO,-119.80841064453125,36.837142944335938
82030153,2023,2023-04-12,1005,2023-03-18,1218,P1461,SOUTH,6,5,7,1005,0,0,0,,0,00D,"H ST","SACRAMENTO ST",0.00,,Y,A,-,N,,,,,,,,,,Y,2,0,2,2,A,-,08,22107,,N,D,C,A,A,H,-,A,A,0,,,,,Y,,A,01,1,1,0,0,0,0,0,0,0,"- ","- ",36.741458892822266,-119.80196380615234,FRESNO,FRESNO,-119.80198669433594,36.741348266601562
82043461,2023,2023-04-12,1005,2023-01-10,"545 ",P731,1949,2,5,7,1005,0,0,0,,0,02A,"ASHLAN AVE","MARKS AVE",0.00,,Y,C,-,N,,,,,,,,,,N,1,1,0,2,A,-,11,21456,A,N,G,B,B,B,H,-,C,A,0,Y,,,,Y,,N,60,0,0,0,1,0,0,0,0,0,"- ","- ",36.793720245361328,-119.84420013427734,FRESNO,FRESNO,-119.84430694580078,36.793647766113281
82043532,2023,2023-04-12,1005,2023-03-24,2022,P1734,,5,5,7,1005,0,0,0,,0,,"OLIVE AVE","FIRST ST",0.00,,Y,A,-,N,,,,,,,,,,N,2,0,1,3,A,-,10,21950,A,F,G,B,B,A,H,-,C,A,0,Y,,,,Y,,-,99,1,0,0,0,1,0,0,0,0,"- ","- ",36.756999969482422,-119.77349090576172,FRESNO,FRESNO,-119.77262115478516,36.757709503173828
82056278,2023,2023-04-28,1005,2023-03-26,1244,P880,NORTH,7,5,7,1005,0,0,0,,0,00B,"BLACKSTONE AVE","HERNDON AVE.",0.00,,Y,A,-,N,,,,,,,,,,Y,2,0,1,4,A,-,12,21453,A,N,D,C,A,A,H,-,A,A,0,,,,,Y,,A,01,1,0,0,0,0,0,0,0,0,"- ","- ",,,FRESNO,FRESNO,-119.79037475585938,36.837379455566406
82056370,2023,2023-04-28,1005,2023-04-17,"59  ",P2082,SW,1,5,7,1005,0,0,0,,0,,"PARKWAY DR","DENNETT AVE",524.00,S,N,A,-,N,,,,,,,,,,Y,2,0,2,3,A,-,00,2800,,F,H,E,A,A,H,-,C,D,0,,,,,Y,Y,A,01,1,1,0,0,0,0,0,0,0,"- ","- ",36.754928588867188,-119.82987213134766,FRESNO,FRESNO,-119.82810211181641,36.75408935546875
82056410,2023,2023-04-28,1005,2023-04-26,"722 ",P874,2A,3,5,7,1005,0,0,0,,0,1951,"SAGINAW WAY","WEST AVE",0.00,,Y,A,-,N,,,,,,,,,,N,2,0,1,2,A,-,09,21802,A,N,D,G,A,A,H,-,A,A,0,,Y,,,Y,,A,01,1,0,0,0,0,0,1,0,0,"- ","- ",36.788028717041016,-119.82708740234375,FRESNO,FRESNO,-119.82646942138672,36.788372039794922
82072498,2023,2023-05-19,1005,2023-02-11,"154 ",P2080,SW,6,5,7,1005,0,0,0,,0,00A,"BELMONT AVE","WESLEY AVE",39.00,E,N,A,-,N,,,,,,,,,,Y,2,0,1,1,A,-,03,22350,,N,E,I,A,A,D,-,C,D,0,,,,,Y,,A,01,1,0,0,0,0,0,0,0,0,"- ","- ",36.75,-119.81513214111328,FRESNO,FRESNO,-119.81485748291016,36.750202178955078
82072503,2023,2023-05-19,1005,2023-03-16,"521 ",P2080,SW,4,5,7,1005,0,0,0,,0,00D,"STANISLAUS ST","O ST",138.00,E,N,A,-,N,,,,,,,,,,N,2,0,1,2,A,-,03,22350,,F,G,B,E,A,H,-,C,A,0,Y,,,,Y,,A,01,1,0,0,0,1,0,0,0,0,"- ","- ",36.742530822753906,-119.79042816162109,FRESNO,FRESNO,-119.7901611328125,36.742771148681641
82072548,2023,2023-05-19,1005,2023-04-15,1903,P1689,SOUTH,6,5,7,1005,0,0,0,,0,00E,"MAPLE AVE","WOODWARD AVE",0.00,,Y,A,-,N,,,,,,,,,,Y,2,0,4,2,A,-,01,23152,B,N,D,C,A,A,H,-,B,A,0,,,,,Y,Y,D,22,2,2,0,0,0,0,0,0,0,"- ","- ",36.723159790039062,-119.74558258056641,FRESNO,FRESNO,-119.74559783935547,36.723186492919922
82072600,2023,2023-05-19,1005,2023-04-27,2108,P1734,,4,5,7,1005,0,0,0,,0,,"TULARE ST","CEDAR AVE",0.00,,Y,A,-,N,,,,,,,,,,Y,2,0,1,2,A,-,01,23152,F,F,G,B,B,A,H,-,C,A,0,Y,,,,Y,,A,01,1,0,0,0,1,0,0,0,0,"- ","- ",36.743259429931641,-119.75453948974609,FRESNO,FRESNO,-119.75450897216797,36.743156433105469
82072616,2023,2023-05-19,1005,2023-04-29,"3   ",P1855,,6,5,7,1005,0,0,0,,0,,"BLACKSTONE AVE","SIMPSON AVE",0.00,,Y,A,-,N,,,,,,,,,,Y,2,0,1,2,A,-,05,21650,1,F,D,G,A,A,H,-,D,A,0,,Y,,,Y,,L,04,1,0,0,0,0,0,1,0,0,"- ","- ",36.778640747070312,-119.79051971435547,FRESNO,FRESNO,-119.79064178466797,36.778617858886719
82072722,2023,2023-05-19,1005,2023-05-12,1630,P1796,SOUTH,5,5,7,1005,0,0,0,,0,00E,"ORANGE AVE","LOWE AVE (S)",0.00,,Y,A,-,N,,,,,,,,,,N,2,0,1,2,A,-,10,21950,A,F,A,G,A,A,H,-,A,D,0,,Y,,,Y,,A,01,1,0,0,0,0,0,1,0,0,"- ","- ",36.731479644775391,-119.76360321044922,FRESNO,FRESNO,-119.76364898681641,36.731410980224609
82072741,2023,2023-05-19,1005,2023-05-16,"815 ",P874,3G,2,5,7,1005,0,0,0,,0,2666,"KINGS CANYON RD","BURGAN AVE",0.00,,Y,A,-,N,,,,,,,,,,Y,2,0,1,2,A,-,09,21801,A,N,D,C,A,A,H,-,A,D,0,,,,,Y,,D,22,1,0,0,0,0,0,0,0,0,"- ","- ",36.736858367919922,-119.67765808105469,FRESNO,FRESNO,-119.67758941650391,36.736892700195312
82072742,2023,2023-05-19,1005,2023-05-16,1214,P1306,NORTH,2,5,7,1005,0,0,0,,0,,"MARTY AVE","SHAW AVE",427.00,N,N,A,-,N,,,,,,,,,,Y,2,0,1,2,A,-,09,21804,A,N,D,C,A,A,H,-,A,D,0,,,,,Y,,A,01,1,0,0,0,0,0,0,0,0,"- ","- ",36.808120727539062,-119.85803985595703,FRESNO,FRESNO,-119.85808563232422,36.809383392333984
82083066,2023,2023-06-01,1005,2023-05-20,"754 ",P1984,SE,6,5,7,1005,0,0,0,,0,00B,"SHIELDS AVE","FOWLER AVE",0.00,,Y,A,-,N,,,,,,,,,,Y,2,0,1,2,A,-,12,21453,A,N,D,C,A,A,H,-,A,A,0,,,,Y,Y,,A,07,1,0,0,0,0,0,0,0,0,"- ","- ",36.778118133544922,-119.68292236328125,FRESNO,FRESNO,-119.68209075927734,36.779392242431641
82083079,2023,2023-06-01,1005,2023-05-22,"821 ",P874,4F,1,5,7,1005,0,0,0,,0,1862,"ASHLAN AVE","CHESTNUT DIAGONAL",0.00,,Y,A,-,N,,,,,,,,,,Y,2,0,1,3,A,-,09,21453,C,N,A,C,A,A,H,-,A,A,0,,,,,Y,,A,01,1,0,0,0,0,0,0,0,0,"- ","- ",,,FRESNO,FRESNO,-119.72746276855469,36.794071197509766
82083100,2023,2023-06-01,1005,2023-05-25,2105,P1734,,4,5,7,1005,0,0,0,,0,,"BLACKSTONE AVE","GARLAND AVE",160.00,N,N,A,-,N,,,,,,,,,,N,2,0,1,2,A,-,09,21804,A,F,D,C,A,A,H,-,C,D,0,,,Y,,Y,,A,01,1,0,0,0,0,0,0,0,1,"- ","- ",36.785049438476562,-119.79044342041016,FRESNO,FRESNO,-119.79062652587891,36.785457611083984
82098515,2023,2023-06-21,1005,2023-04-07,"650 ",P2190,NE,5,5,7,1005,0,0,0,,0,00F,"SHAW AVE","CHESTNUT AVE",0.00,,Y,A,-,N,,,,,,,,,,Y,2,0,2,2,A,-,12,21453,A,N,D,D,A,A,H,-,A,A,0,,,,,Y,Y,A,01,1,0,1,0,0,0,0,0,0,"- ","- ",36.808559417724609,-119.73623657226562,FRESNO,FRESNO,-119.73628997802734,36.808479309082031
82117909,2023,2023-07-17,1005,2023-04-28,1048,P959,,5,5,7,1005,0,0,0,,0,,"MARKS AVE","HAMPTON WAY",70.00,S,N,A,-,N,,,,,,,,,,Y,1,1,0,2,A,-,07,21658,A,N,C,E,A,A,H,-,A,D,0,,,,Y,Y,,A,08,0,0,0,0,0,0,0,0,0,"- ","- ",36.792289733886719,-119.84423065185547,FRESNO,FRESNO,-119.84430694580078,36.792068481445312
82117947,2023,2023-07-17,1005,2023-05-12,"200 ",P2123,NORTH,5,5,7,1005,0,0,0,,0,04E,"SHAW AVE","FISHER ST",0.00,,N,A,-,N,,,,,,,,,,N,2,0,1,2,A,-,03,22350,,F,H,G,A,A,H,-,C,A,0,,Y,,,Y,,-,99,1,0,0,0,0,0,1,0,0,"- ","- ",36.808589935302734,-119.76999664306641,FRESNO,FRESNO,-119.77003479003906,36.808353424072266
82117966,2023,2023-07-17,1005,2023-05-20,1100,P1509,,6,5,7,1005,0,0,0,,0,,"CEDAR AVE","FARRIN AVE",0.00,,Y,A,-,N,,,,,,,,,,N,2,0,2,2,A,-,09,21801,A,N,D,C,A,A,H,-,A,D,0,,,,,Y,,A,01,1,1,0,0,0,0,0,0,0,"- ","- ",36.789348602294922,-119.7542724609375,FRESNO,FRESNO,-119.75453186035156,36.789417266845703
82118026,2023,2023-07-17,1005,2023-06-01,"30  ",P1855,,4,5,7,1005,0,0,0,,0,,"WHITES BRIDGE AVE","HUGHES AVE",941.00,W,N,A,-,N,,,,,,,,,,Y,2,0,1,2,A,-,22,23123,,N,C,C,A,A,H,-,D,D,0,,,,,Y,,A,01,1,0,0,0,0,0,0,0,0,"- ","- ",36.735660552978516,-119.83553314208984,FRESNO,FRESNO,-119.83875274658203,36.735729217529297
82118072,2023,2023-07-17,1005,2023-06-04,2000,P2152,SE,7,5,7,1005,0,0,0,,0,00G,"CLOVIS AVE","TULARE ST",0.00,,Y,A,-,N,,,,,,,,,,Y,2,0,2,2,A,-,12,21453,A,N,D,C,A,A,H,-,B,A,0,,,,,Y,,A,01,1,1,0,0,0,0,0,0,0,"- ","- ",36.743289947509766,-119.70014190673828,FRESNO,FRESNO,-119.70018005371094,36.743148803710938
82118168,2023,2023-07-17,1005,2023-06-15,1616,P1306,NORTH,4,5,7,1005,0,0,0,,0,,"BLACKSTONE AVE","SAN JOSE AVE",20.00,S,N,A,-,N,,,,,,,,,,N,2,0,1,2,A,-,12,21453,A,F,H,C,A,A,H,-,A,A,0,,,Y,,Y,Y,A,01,1,0,0,0,0,0,0,0,1,"- ","- ",36.812129974365234,-119.79045104980469,FRESNO,FRESNO,-119.79054260253906,36.812095642089844
82118300,2023,2023-07-17,1005,2023-07-08,1634,P1724,SOUTH,6,5,7,1005,0,0,0,,0,00A,"BELMONT AVE","PACIFIC AVE",100.00,W,N,A,-,N,,,,,,,,,,Y,2,0,1,1,A,-,01,23152,A,N,E,I,A,A,H,-,A,A,0,,,,,Y,Y,A,01,1,0,0,0,0,0,0,0,0,"- ","- ",36.750259399414062,-119.82093811035156,FRESNO,FRESNO,-119.82131958007812,36.750274658203125
82118302,2023,2023-07-17,1005,2023-07-08,2213,P2196,SW,6,5,7,1005,0,0,0,,0,DAVID,"STANISLAUS ST","O ST",69.00,W,N,A,-,N,,,,,,,,,,Y,2,0,3,1,A,-,03,22350,,F,E,I,A,A,H,-,C,A,0,,,,,Y,,A,01,1,2,0,0,0,0,0,0,0,"- ","- ",36.742530822753906,-119.79042816162109,FRESNO,FRESNO,-119.79069519042969,36.742404937744141
82130292,2023,2023-07-28,1005,2023-06-25,1954,P1767,CE,7,5,7,1005,0,0,0,,0,00C,"WISHON AVE","CLINTON AVE",0.00,,Y,A,-,N,,,,,,,,,,N,2,0,1,2,A,-,11,21954,A,N,H,G,A,A,H,-,A,A,0,,Y,,,Y,,L,04,1,0,0,0,0,0,1,0,0,"- ","- ",36.772209167480469,-119.80097961425781,FRESNO,FRESNO,-119.80107116699219,36.772182464599609
82130301,2023,2023-07-28,1005,2023-06-29,1744,P2009,NE,4,5,7,1005,0,0,0,,0,00G,"DAKOTA AVE","ANN AVE",0.00,,Y,A,-,N,,,,,,,,,,Y,2,0,2,1,C,-,18,,,N,F,A,A,A,H,-,A,D,0,,,Y,,Y,,-,"- ",1,1,0,0,0,0,0,0,2,"- ","- ",36.785758972167969,-119.72847747802734,FRESNO,FRESNO,-119.72784423828125,36.7867431640625
82130317,2023,2023-07-28,1005,2023-07-05,1853,P1889,SOUTH,3,5,7,1005,0,0,0,,0,00A,"OLIVE AVE","ROWELL AVE",354.00,E,N,A,-,N,,,,,,,,,,N,2,0,3,2,A,-,08,22107,,N,D,C,A,A,H,-,A,D,0,,,,,Y,,A,01,2,0,1,0,0,0,0,0,0,"- ","- ",36.7576904296875,-119.75218963623047,FRESNO,FRESNO,-119.75101470947266,36.757732391357422
82130334,2023,2023-07-28,1005,2023-07-12,1748,P1767,CENTR,3,5,7,1005,0,0,0,,0,00B,"SHIELDS AVE","VAN NESS BLVD",0.00,,Y,A,-,N,,,,,,,,,,Y,2,0,5,3,A,-,09,21453,C,N,D,C,A,A,H,-,A,A,0,,,,,Y,,A,07,1,0,4,0,0,0,0,0,0,"- ","- ",36.779399871826172,-119.80412292480469,FRESNO,FRESNO,-119.80419158935547,36.779399871826172
82130370,2023,2023-07-28,1005,2023-07-19,1818,P2009,NE,3,5,7,1005,0,0,0,,0,00A,"PERRIN AVE","FOXHILL DR",0.00,,Y,A,-,N,,,,,,,,,,N,2,0,1,2,A,-,09,21801,A,F,A,C,A,A,H,-,A,A,0,,,,,Y,,A,01,1,0,0,0,0,0,0,0,0,"- ","- ",36.869041442871094,-119.76844787597656,FRESNO,FRESNO,-119.7684326171875,36.869014739990234
82155429,2023,2023-08-28,1005,2023-08-04,2132,P1982,NORTH,5,5,7,1005,0,0,0,,0,CHARLE,"BULLARD AVE","EFFIE ST",0.00,,Y,A,-,N,,,,,,,,,,Y,2,0,3,3,A,-,01,23152,A,N,D,C,A,A,H,-,C,A,0,,,,,Y,,A,01,1,2,0,0,0,0,0,0,0,"- ","- ",36.822860717773438,-119.78829956054688,FRESNO,FRESNO,-119.78838348388672,36.822860717773438