CASE_ID,ACCIDENT_YEAR,PROC_DATE,JURIS,COLLISION_DATE,COLLISION_TIME,OFFICER_ID,REPORTING_DISTRICT,DAY_OF_WEEK,CHP_SHIFT,POPULATION,CNTY_CITY_LOC,SPECIAL_COND,BEAT_TYPE,CHP_BEAT_TYPE,CITY_DIVISION_LAPD,CHP_BEAT_CLASS,BEAT_NUMBER,PRIMARY_RD,SECONDARY_RD,DISTANCE,DIRECTION,INTERSECTION,WEATHER_1,WEATHER_2,STATE_HWY_IND,CALTRANS_COUNTY,CALTRANS_DISTRICT,STATE_ROUTE,ROUTE_SUFFIX,POSTMILE_PREFIX,POSTMILE,LOCATION_TYPE,RAMP_INTERSECTION,SIDE_OF_HWY,TOW_AWAY,COLLISION_SEVERITY,NUMBER_KILLED,NUMBER_INJURED,PARTY_COUNT,PRIMARY_COLL_FACTOR,PCF_CODE_OF_VIOL,PCF_VIOL_CATEGORY,PCF_VIOLATION,PCF_VIOL_SUBSECTION,HIT_AND_RUN,TYPE_OF_COLLISION,MVIW,PED_ACTION,ROAD_SURFACE,ROAD_COND_1,ROAD_COND_2,LIGHTING,CONTROL_DEVICE,CHP_ROAD_TYPE,PEDESTRIAN_ACCIDENT,BICYCLE_ACCIDENT,MOTORCYCLE_ACCIDENT,TRUCK_ACCIDENT,NOT_PRIVATE_PROPERTY,ALCOHOL_INVOLVED,STWD_VEHTYPE_AT_FAULT,CHP_VEHTYPE_AT_FAULT,COUNT_SEVERE_INJ,COUNT_VISIBLE_INJ,COUNT_COMPLAINT_PAIN,COUNT_PED_KILLED,COUNT_PED_INJURED,COUNT_BICYCLIST_KILLED,COUNT_BICYCLIST_INJURED,COUNT_MC_KILLED,COUNT_MC_INJURED,PRIMARY_RAMP,SECONDARY_RAMP,LATITUDE,LONGITUDE,COUNTY,CITY,POINT_X,POINT_Y
82155498,2023,2023-08-28,1005,2023-08-13,2243,P2228,CE,7,5,7,1005,0,0,0,,0,00E,"OLIVE AVE","WEBER AVE",0.00,,Y,B,-,N,,,,,,,,,,Y,2,0,2,2,A,-,01,23152,B,N,D,C,A,A,H,-,C,A,0,,,,,Y,Y,A,01,1,1,0,0,0,0,0,0,0,"- ","- ",36.757129669189453,-119.82185363769531,FRESNO,FRESNO,-119.82088470458984,36.757511138916016
82155531,2023,2023-08-28,1005,2023-08-17,1756,P1982,SOUTH,4,5,7,1005,0,0,0,,0,GEORGE,"JENSEN AVE","EAST AVE (W)",0.00,,Y,A,-,N,,,,,,,,,,Y,2,0,1,2,A,-,12,21453,A,N,D,G,A,A,H,-,A,A,0,,Y,,,Y,,L,04,1,0,0,0,0,0,1,0,0,"- ","- ",36.706821441650391,-119.77613830566406,FRESNO,FRESNO,-119.77619171142578,36.706840515136719
82155564,2023,2023-08-28,1005,2023-08-07,1414,P1402,NORTH,1,5,7,1005,0,0,0,,0,00G,"SIERRA VISTA AVE","SIMPSON AVE",0.00,,Y,A,-,N,,,,,,,,,,Y,2,0,1,2,A,-,09,21801,A,N,A,C,A,A,H,-,A,A,0,,,Y,,Y,,A,01,1,0,0,0,0,0,0,0,1,"- ","- ",36.778549194335938,-119.74082183837891,FRESNO,FRESNO,-119.74081420898438,36.778553009033203
82174435,2023,2023-09-20,1005,2023-09-01,1109,P1298,NW,5,5,7,1005,0,0,0,,0,"C / 16","SHAW AVE","POLK AVE",0.00,,Y,A,-,N,,,,,,,,,,Y,2,0,1,2,A,-,12,21453,A,N,D,C,A,A,H,-,A,A,0,,,,,Y,,A,01,1,0,0,0,0,0,0,0,0,"- ","- ",36.808101654052734,-119.88932800292969,FRESNO,FRESNO,-119.88949584960938,36.808082580566406
82174468,2023,2023-09-20,1005,2023-09-07,"725 ",P874,2D,4,5,7,1005,0,0,0,,0,2157,"FIRST ST","PRINCETON AVE",0.00,,Y,A,-,N,,,,,,,,,,Y,2,0,3,4,A,-,10,21950,A,N,G,B,B,A,H,-,A,A,0,Y,,,,Y,,A,01,2,1,0,0,3,0,0,0,0,"- ","- ",36.775840759277344,-119.77256774902344,FRESNO,FRESNO,-119.77263641357422,36.775909423828125
82174483,2023,2023-09-20,1005,2023-09-10,2010,P2009,SE,7,5,7,1005,0,0,0,,0,00D,"PEACH AVE","CLAY AVE",0.00,,Y,A,-,N,,,,,,,,,,N,2,0,1,2,A,-,08,22107,,N,H,G,A,A,H,-,C,A,0,,Y,,,Y,,L,04,1,0,0,0,0,0,1,0,0,"- ","- ",36.755870819091797,-119.71822357177734,FRESNO,FRESNO,-119.71823120117188,36.755847930908203
82174509,2023,2023-09-20,1005,2023-09-17,"500 ",P2053,NORTH,7,5,7,1005,0,0,0,,0,00G,"CEDAR AVE","FOUNTAIN WAY",0.00,,Y,A,-,N,,,,,,,,,,Y,2,0,2,2,A,-,07,21658,A,N,A,C,A,A,H,-,C,D,0,,,,,Y,,A,01,1,0,1,0,0,0,0,0,0,"- ","- ",36.781360626220703,-119.75438690185547,FRESNO,FRESNO,-119.75445556640625,36.781417846679688
82176751,2023,2023-09-22,1005,2023-09-19,"631 ",P1684,CENTR,2,5,7,1005,0,0,0,,0,02C,"HUGHES AVE","BROWN AVE",42.00,S,N,A,-,N,,,,,,,,,,Y,1,1,0,2,A,-,01,23152,F,N,G,B,D,A,H,-,B,D,0,Y,,,,Y,,A,01,0,0,0,1,0,0,0,0,0,"- ","- ",36.774551391601562,-119.83545684814453,FRESNO,FRESNO,-119.83547973632812,36.774375915527344
82201926,2023,2023-10-18,1005,2023-09-07,2303,P2095,SOUTH,4,5,7,1005,0,0,0,,0,00B,"FULTON ST","NEVADA AVE",222.00,S,N,A,-,N,,,,,,,,,,N,2,0,1,2,A,-,11,21954,A,F,G,B,E,A,H,-,C,D,0,Y,,,,Y,,N,60,1,0,0,0,1,0,0,0,0,"- ","- ",36.745811462402344,-119.80055999755859,FRESNO,FRESNO,-119.80034637451172,36.745189666748047
82201950,2023,2023-10-18,1005,2023-09-14,2135,P1972,NE,4,5,7,1005,0,0,0,,0,00E,"SHAW AVE","41 HWY (1)",78.00,W,N,A,-,N,,,,,,,,,,Y,2,0,1,2,A,-,08,22107,,N,D,C,A,A,H,-,C,A,0,,,,,Y,,A,01,1,0,0,0,0,0,0,0,0,"- ","- ",36.808429718017578,-119.78386688232422,FRESNO,FRESNO,-119.78587341308594,36.808429718017578
82224971,2023,2023-11-01,1005,2023-08-26,1724,P1684,NORTH,6,5,7,1005,0,0,0,,0,04C,"BULLARD AVE","FIRST ST",10.00,E,N,A,-,N,,,,,,,,,,Y,1,1,0,2,A,-,11,21461,5,N,G,B,B,A,H,-,A,A,0,Y,,,,Y,,N,60,0,0,0,1,0,0,0,0,0,"- ","- ",36.822330474853516,-119.77249908447266,FRESNO,FRESNO,-119.7723388671875,36.822971343994141
82225005,2023,2023-11-01,1005,2023-10-03,1639,P1855,,2,5,7,1005,0,0,0,,0,,"FIGARDEN DR","SALINAS AVE",42.00,N,N,A,-,N,,,,,,,,,,N,2,0,1,2,A,-,05,21650,1,N,D,G,A,A,H,-,A,A,0,,Y,,,Y,,L,04,1,0,0,0,0,0,1,0,0,"- ","- ",36.820968627929688,-119.86998748779297,FRESNO,FRESNO,-119.87007141113281,36.821052551269531
82225028,2023,2023-11-01,1005,2023-10-09,1355,P959,,1,5,7,1005,0,0,0,,0,,"BLACKSTONE AVE","BIRCH AVE",8.00,S,N,B,-,N,,,,,,,,,,Y,2,0,1,2,A,-,09,21802,A,N,D,C,A,A,H,-,A,D,0,,,Y,,Y,,D,22,1,0,0,0,0,0,0,0,1,"- ","- ",36.841709136962891,-119.79039764404297,FRESNO,FRESNO,-119.79032135009766,36.841747283935547
82225057,2023,2023-11-01,1005,2023-10-15,2123,P1808,CE,7,5,7,1005,0,0,0,,0,00F,"BELMONT AVE","N GLENN",150.00,W,N,A,-,N,,,,,,,,,,N,2,0,1,2,A,-,11,21954,A,N,G,B,E,A,H,-,C,D,0,Y,,,,Y,Y,A,01,1,0,0,0,1,0,0,0,0,"- ","- ",,,FRESNO,FRESNO,-119.79379272460938,36.750438690185547
82225074,2023,2023-11-01,1005,2023-10-18,1507,P958,NORTH,3,5,7,1005,0,0,0,,0,00C,"N FRESNO","E ESCALON",0.00,,Y,A,-,N,,,,,,,,,,N,2,0,1,2,A,-,10,21950,A,N,-,B,B,A,H,-,A,A,0,Y,,,,Y,,A,01,1,0,0,0,1,0,0,0,0,"- ","- ",,,FRESNO,FRESNO,-119.78140258789062,36.826587677001953
82225097,2023,2023-11-01,1005,2023-10-23,1542,P874,5E,1,5,7,1005,0,0,0,,0,1453,"BULLARD AVE","PALM AVE",330.00,E,N,B,-,N,,,,,,,,,,Y,2,0,1,2,A,-,09,21801,A,N,D,C,A,A,H,-,A,D,0,,,Y,,Y,,A,07,1,0,0,0,0,0,0,0,1,"- ","- ",36.822391510009766,-119.80857849121094,FRESNO,FRESNO,-119.80727386474609,36.822864532470703
82250861,2023,2023-12-04,1005,2023-01-17,2124,P1771,2856,2,5,7,1005,0,0,0,,0,01E,"ELM AVE","CALIFORNIA AVE",278.00,S,N,A,-,N,,,,,,,,,,N,1,1,0,2,A,-,11,21954,A,N,G,B,D,A,H,-,C,D,0,Y,,,,Y,Y,N,60,0,0,0,1,0,0,0,0,0,"- ","- ",36.720859527587891,-119.79168701171875,FRESNO,FRESNO,-119.79103088378906,36.720191955566406
82250870,2023,2023-12-04,1005,2023-08-14,2230,P2145,SE,1,5,7,1005,0,0,0,,0,03C,"N FIRST ST","E BLEMONT AVE",0.00,,Y,A,-,N,,,,,,,,,,N,2,0,1,2,A,-,00,20001,B,F,-,B,B,A,H,-,C,A,0,Y,,,,Y,Y,-,"- ",1,0,0,0,1,0,0,0,0,"- ","- ",,,FRESNO,FRESNO,-119.7725830078125,36.750358581542969
82250906,2023,2023-12-04,1005,2023-10-07,1312,P1525,SOUTH,6,5,7,1005,0,0,0,,0,00B,"FOWLER AVE","FEDORA AVE",0.00,,Y,A,-,N,,,,,,,,,,Y,2,0,4,2,A,-,01,23153,A,N,A,C,A,A,H,-,A,D,0,,,,,Y,Y,D,22,2,1,1,0,0,0,0,0,0,"- ","- ",36.783309936523438,-119.68219757080078,FRESNO,FRESNO,-119.68235015869141,36.783359527587891
82250915,2023,2023-12-04,1005,2023-10-13,2121,P1684,NORTH,5,5,7,1005,0,0,0,,0,A/0756,"FRIANT RD","CHAMPLAIN DR",847.00,N,N,A,-,N,,,,,,,,,,Y,1,2,0,1,A,-,03,22350,,N,E,I,A,A,H,-,D,D,0,,,,,Y,Y,A,01,0,0,0,0,0,0,0,0,0,"- ","- ",36.877540588378906,-119.77834320068359,FRESNO,FRESNO,-119.77812957763672,36.879726409912109
82250917,2023,2023-12-04,1005,2023-10-14,1922,P2089,SW,6,5,7,1005,0,0,0,,0,00B,"BELMONT AVE","CALAVERAS ST",105.00,W,N,A,-,N,,,,,,,,,,N,1,1,0,2,A,-,10,21954,B,N,G,B,D,A,H,-,D,D,0,Y,,,,Y,,N,60,0,0,0,1,0,0,0,0,0,"- ","- ",36.750438690185547,-119.791748046875,FRESNO,FRESNO,-119.79227447509766,36.750431060791016
82250921,2023,2023-12-04,1005,2023-10-15,1639,P731,1246,7,5,7,1005,0,0,0,,0,05A,"ALLUVIAL AVE","DANTE AVE",100.00,E,N,A,-,N,,,,,,,,,,N,1,1,0,1,A,-,03,22350,,N,F,A,A,A,H,-,A,D,0,,,Y,,Y,,C,06,0,0,0,0,0,0,0,1,0,"- ","- ",36.84429931640625,-119.88429260253906,FRESNO,FRESNO,-119.88395690917969,36.844207763671875
82250941,2023,2023-12-04,1005,2023-10-20,1904,P1895,SE,5,5,7,1005,0,0,0,,0,00G,"KINGS CANYON RD","BURGAN AVE",0.00,,Y,A,-,N,,,,,,,,,,N,1,1,0,2,A,-,11,21954,A,N,G,B,D,A,H,-,C,D,0,Y,,,,Y,,N,60,0,0,0,1,0,0,0,0,0,"- ","- ",36.736858367919922,-119.67765808105469,FRESNO,FRESNO,-119.67758941650391,36.736892700195312
82250959,2023,2023-12-04,1005,2023-10-23,1903,P2211,NW,1,5,7,1005,0,0,0,,0,05B,"BLACKSTONE AVE","BEECHWOOD AVE",60.00,N,N,A,-,Y,,,,,,,,,,N,1,1,0,2,A,-,11,21954,A,N,G,B,D,A,H,-,C,D,0,Y,,,,Y,,N,60,0,0,0,1,0,0,0,0,0,"- ","- ",36.838630676269531,-119.79029083251953,FRESNO,FRESNO,-119.79019165039062,36.838832855224609
82251027,2023,2023-12-04,1005,2023-11-05,1318,P2231,SOUTH,7,5,7,1005,0,0,0,,0,00A,"OLIVE AVE","CHESTNUT AVE",0.00,,Y,A,-,N,,,,,,,,,,Y,2,0,1,2,A,-,09,21804,A,N,D,C,A,A,H,-,A,A,0,,,Y,,Y,,D,82,1,0,0,0,0,0,0,0,1,"- ","- ",36.757659912109375,-119.73628997802734,FRESNO,FRESNO,-119.73645782470703,36.757701873779297
82251045,2023,2023-12-04,1005,2023-11-07,1554,P1264,4,2,5,7,1005,0,0,0,,0,00F,"CEDAR AVE","RIALTO AVE",0.00,,Y,A,-,N,,,,,,,,,,Y,2,0,3,3,A,-,01,23153,B,N,D,C,A,A,H,-,A,D,0,,,,,Y,Y,A,01,3,0,0,0,0,0,0,0,0,"- ","- ",36.803081512451172,-119.75421905517578,FRESNO,FRESNO,-119.75430297851562,36.803150177001953
82251058,2023,2023-12-04,1005,2023-11-08,2114,P2082,,3,5,7,1005,0,0,0,,0,,"BLACKSTONE AVE","ASHLAN AVE",0.00,,Y,A,-,N,,,,,,,,,,N,2,0,1,2,A,-,10,21950,A,F,G,B,B,A,H,-,C,A,0,Y,,,,Y,,A,01,1,0,0,0,1,0,0,0,0,"- ","- ",36.794029235839844,-119.79054260253906,FRESNO,FRESNO,-119.79062652587891,36.794097900390625
82251072,2023,2023-12-04,1005,2023-11-10,"540 ",P2079,SE,5,5,7,1005,0,0,0,,0,00C,"TURNER AVE","PLAZA DR (E)",501.00,E,N,A,-,N,,,,,,,,,,Y,2,0,2,2,A,-,03,22350,,N,A,E,A,A,H,-,C,D,0,,,,Y,Y,Y,A,01,1,1,0,0,0,0,0,0,0,"- ","- ",36.752288818359375,-119.75504302978516,FRESNO,FRESNO,-119.75687408447266,36.752727508544922
82251087,2023,2023-12-04,1005,2023-11-12,"610 ",P731,1963,7,5,7,1005,0,0,0,,0,04G,"AIRWAYS BLVD","DAKOTA AVE",485.00,S,N,A,-,N,,,,,,,,,,Y,1,1,3,1,A,-,01,23152,A,N,E,I,A,A,H,-,B,D,0,,,,,Y,Y,A,01,2,1,0,0,0,0,0,0,0,"- ","- ",36.786720275878906,-119.7181396484375,FRESNO,FRESNO,-119.71822357177734,36.785388946533203
82251097,2023,2023-12-04,1005,2023-11-13,1208,P1264,5,1,5,7,1005,0,0,0,,0,00B,"BLACKSTONE AVE","EL PASO AVE",627.00,N,N,A,-,N,,,,,,,,,,Y,2,0,1,2,A,-,09,21801,A,N,D,C,A,A,H,-,A,D,0,,,Y,,Y,,A,01,1,0,0,0,0,0,0,0,1,"- ","- ",36.846061706542969,-119.79062652587891,FRESNO,FRESNO,-119.79093170166016,36.847858428955078
82251114,2023,2023-12-04,1005,2023-11-15,1438,P1264,2,3,5,7,1005,0,0,0,,0,00C,"CLINTON AVE","WISHON AVE",2.00,E,N,A,-,N,,,,,,,,,,N,2,0,1,2,A,-,12,21453,A,N,D,G,A,A,H,-,A,A,0,,Y,,,Y,,L,04,1,0,0,0,0,0,1,0,0,"- ","- ",36.772209167480469,-119.80097961425781,FRESNO,FRESNO,-119.80106353759766,36.772178649902344
82251128,2023,2023-12-04,1005,2023-11-17,"23  ",P1653,NORTH,5,5,7,1005,0,0,0,,0,04A,"SHEPHERD AVE","COLFAX AVE",197.00,W,N,A,-,N,,,,,,,,,,Y,2,0,1,1,A,-,01,23152,A,N,E,J,A,A,H,-,C,D,0,,,,,Y,Y,A,01,1,0,0,0,0,0,0,0,0,"- ","- ",36.866420745849609,-119.77503967285156,FRESNO,FRESNO,-119.77561950683594,36.866291046142578
82251138,2023,2023-12-04,1005,2023-11-18,1521,P1909,SW,6,5,7,1005,0,0,0,,0,00E,"ELM AVE","REV CHESTER RIGGINS AVE",0.00,N,Y,A,-,Y,,,,,,,,,,N,2,0,1,2,A,-,10,21950,A,F,H,G,A,A,H,-,A,D,0,,Y,,,Y,,A,01,1,0,0,0,0,0,1,0,0,"- ","- ",36.717231750488281,-119.79213714599609,FRESNO,FRESNO,,
82251146,2023,2023-12-04,1005,2023-11-19,1824,P1748,SE,7,5,7,1005,0,0,0,,0,,"MCKENZIE AVE","SIXTH ST",42.00,W,N,A,-,N,,,,,,,,,,Y,2,0,1,2,A,-,11,21954,A,N,G,B,E,A,H,-,C,D,0,Y,,,,Y,Y,N,60,1,0,0,0,1,0,0,0,0,"- ","- ",36.746078491210938,-119.76544952392578,FRESNO,FRESNO,-119.76450347900391,36.746837615966797
82251150,2023,2023-12-04,1005,2023-11-20,"532 ",P1709,SW,1,5,7,1005,0,0,0,,0,00F,"W JENSEN AVE","CORNELIA AVE",3250.00,W,N,A,-,Y,,,,,,,,,,Y,2,0,2,2,A,-,09,21801,A,N,A,C,A,A,H,-,C,D,0,,,,Y,Y,,F,21,1,1,0,0,0,0,0,0,0,"- ","- ",36.706539154052734,-119.88059997558594,FRESNO,FRESNO,-119.8916015625,36.706378936767578
82260555,2023,2023-12-13,1005,2023-11-11,1750,P1684,NORTH,6,5,7,1005,0,0,0,,0,"F / 21","MARKS AVE","CLINTON AVE",286.00,S,N,A,-,N,,,,,,,,,,N,1,1,0,2,A,-,11,21954,A,F,G,B,D,A,H,-,C,D,0,Y,,,,Y,Y,N,60,0,0,0,1,0,0,0,0,0,"- ","- ",36.771881103515625,-119.84430694580078,FRESNO,FRESNO,-119.84439086914062,36.771125793457031
82264121,2023,2023-12-18,1005,2023-12-06,1550,P2231,NORTH,3,5,7,1005,0,0,0,,0,00E,"FORKNER AVE","BULLARD AVE",0.00,,Y,A,-,N,,,,,,,,,,Y,2,0,1,2,A,-,17,21451,A,N,D,C,A,A,H,-,A,A,0,,,Y,,Y,,A,01,1,0,0,0,0,0,0,0,1,"- ","- ",36.822429656982422,-119.83106231689453,FRESNO,FRESNO,-119.83081817626953,36.822742462158203
82265501,2023,2023-12-19,1005,2023-12-17,1928,P2235,CE,7,5,7,1005,0,0,0,,0,00A,"SHIELDS AVE","VAGEDES AVE",0.00,,Y,A,-,N,,,,,,,,,,Y,2,0,1,1,A,-,01,23152,A,N,F,A,A,A,H,-,C,D,0,,,,,Y,Y,A,07,1,0,0,0,0,0,0,0,0,"- ","- ",36.778949737548828,-119.81717681884766,FRESNO,FRESNO,-119.81645965576172,36.779327392578125
82290718,2023,2024-01-18,1005,2023-07-04,1715,P1936,,2,5,7,1005,0,0,0,,0,BAKER,"ARMSTRONG AVE","CLINTON AVE",0.00,,Y,A,-,N,,,,,,,,,,Y,1,1,2,2,A,-,01,23152,B,N,D,C,A,A,H,-,A,A,0,,,,,Y,Y,A,01,0,0,2,0,0,0,0,0,0,"- ","- ",36.772140502929688,-119.67311096191406,FRESNO,FRESNO,-119.67316436767578,36.772102355957031
82290789,2023,2024-01-18,1005,2023-12-04,1203,P864,,1,5,7,1005,0,0,0,,0,2155,"MICHIGAN AVE","COLLEGE AVE",342.00,W,N,A,-,N,,,,,,,,,,Y,1,1,1,1,A,-,01,23152,B,N,E,I,A,A,H,-,A,D,0,,,,,Y,,A,01,1,0,0,0,0,0,0,0,0,"- ","- ",36.776840209960938,-119.79730224609375,FRESNO,FRESNO,-119.79850769042969,36.776741027832031
82290821,2023,2024-01-18,1005,2023-12-18,1820,P1735,,1,5,7,1005,0,0,0,,0,2152,"CLINTON AVE","CHANNING WAY",231.00,E,N,A,-,N,,,,,,,,,,Y,1,1,0,2,A,-,11,21954,A,N,G,B,D,A,H,-,C,D,0,Y,,,,Y,,N,60,0,0,0,1,0,0,0,0,0,"- ","- ",36.771659851074219,-119.82521820068359,FRESNO,FRESNO,-119.82360076904297,36.772003173828125
82290836,2023,2024-01-18,1005,2023-12-21,1044,P1117,,4,5,7,1005,0,0,0,,0,00G,"SHIELDS AVE","FIRST ST",290.00,E,N,A,-,N,,,,,,,,,,Y,2,0,4,6,A,-,03,22350,,N,C,C,A,A,D,-,A,A,0,,,,,Y,,D,22,2,2,0,0,0,0,0,0,0,"- ","- ",36.779598236083984,-119.77262878417969,FRESNO,FRESNO,-119.77166748046875,36.779541015625
82290875,2023,2024-01-18,1005,2023-12-27,"809 ",P874,,3,5,7,1005,0,0,0,,0,1950,"DAKOTA AVE","HUGHES AVE",0.00,,Y,A,-,N,,,,,,,,,,Y,2,0,1,2,A,-,12,21453,A,N,D,C,A,A,H,-,A,A,0,,,,,Y,,A,01,1,0,0,0,0,0,0,0,0,"- ","- ",36.786449432373047,-119.83541870117188,FRESNO,FRESNO,-119.83544921875,36.786518096923828
82290876,2023,2024-01-18,1005,2023-12-27,"950 ",P1601,,3,5,7,1005,0,0,0,,0,,"MAPLE AVE","BALCH AVE",0.00,,Y,A,-,N,,,,,,,,,,Y,2,0,1,2,A,-,09,21804,A,N,A,C,A,A,H,-,A,D,0,,,,,Y,,A,01,1,0,0,0,0,0,0,0,0,"- ","- ",36.738601684570312,-119.74556732177734,FRESNO,FRESNO,-119.74546051025391,36.738559722900391
82290886,2023,2024-01-18,1005,2023-12-27,2241,P1961,,3,5,7,1005,0,0,0,,0,00C,"WEST AVE","SHIELDS AVE",0.00,,Y,A,-,N,,,,,,,,,,Y,2,0,1,2,A,-,01,23152,F,F,D,C,A,A,H,-,C,A,0,,,,,Y,,A,01,1,0,0,0,0,0,0,0,0,"- ","- ",36.778961181640625,-119.82729339599609,FRESNO,FRESNO,-119.82666015625,36.779308319091797
82290957,2024,2024-01-18,1005,2024-01-08,1734,P1938,,1,5,7,1005,0,0,0,,0,00E,"BLACKSTONE AVE","SHAW AVE",426.00,S,N,A,-,N,,,,,,,,,,N,2,0,1,2,A,-,01,23153,B,N,C,C,A,A,H,-,C,D,0,,,,,Y,Y,A,01,1,0,0,0,0,0,0,0,0,"- ","- ",36.8084716796875,-119.79051208496094,FRESNO,FRESNO,-119.79055023193359,36.807262420654297
82290961,2024,2024-01-18,1005,2024-01-09,1117,P1117,,2,5,7,1005,0,0,0,,0,00B,"BLACKSTONE AVE","EL PASO AVE",0.00,,Y,A,-,N,,,,,,,,,,N,2,0,1,2,A,-,10,21950,A,N,G,B,B,A,H,-,A,A,0,Y,,,,Y,,D,22,1,0,0,0,1,0,0,0,0,"- ","- ",36.846061706542969,-119.79062652587891,FRESNO,FRESNO,-119.79081726074219,36.846145629882812
82300442,2024,2024-01-30,1005,2024-01-21,1843,P1853,,7,5,7,1005,0,0,0,,0,00A,"OLIVE AVE","EIGHTH ST",209.00,E,N,B,-,N,,,,,,,,,,N,2,0,1,2,A,-,11,21954,A,N,G,B,D,A,H,-,D,D,0,Y,,,,Y,,N,60,1,0,0,0,1,0,0,0,0,"- ","- ",36.757740020751953,-119.76123046875,FRESNO,FRESNO,-119.76053619384766,36.757724761962891
82300452,2024,2024-01-30,1005,2024-01-26,1526,P1117,,5,5,7,1005,0,0,0,,0,00E,"SHAW AVE","BLACKSTONE AVE",0.00,,Y,A,-,N,,,,,,,,,,N,2,0,1,2,A,-,11,21950,B,N,G,B,B,A,H,-,A,A,0,Y,,,,Y,,N,60,1,0,0,0,1,0,0,0,0,"- ","- ",36.8084716796875,-119.79051208496094,FRESNO,FRESNO,-119.79057312011719,36.808433532714844
82306448,2024,2024-02-06,1005,2024-01-06,"234 ",P2149,CE/B,6,5,7,1005,0,0,0,,0,1956,"BLACKSTONE AVE","GRIFFITH WAY",16.00,N,N,A,-,N,,,,,,,,,,Y,1,1,0,2,A,-,11,21954,A,N,G,B,D,A,H,-,C,A,0,Y,,,,Y,,N,60,0,0,0,1,0,0,0,0,0,"- ","- ",36.790390014648438,-119.79058074951172,FRESNO,FRESNO,-119.79062652587891,36.790504455566406
82306451,2024,2024-02-06,1005,2024-01-13,1935,P1855,,6,5,7,1005,0,0,0,,0,,"CLARK ST","DIVISADERO ST",260.00,N,N,A,-,N,,,,,,,,,,N,2,0,1,2,A,-,11,21954,A,N,G,B,E,A,H,-,C,D,0,Y,,,,Y,,N,60,1,0,0,0,1,0,0,0,0,"- ","- ",36.743301391601562,-119.78591918945312,FRESNO,FRESNO,-119.78601837158203,36.744022369384766
82306475,2024,2024-02-06,1005,2024-01-31,1446,P1757,SOUTH,3,5,7,1005,0,0,0,,0,00D,BROADWAY,"MONTEREY ST",0.00,,Y,B,-,N,,,,,,,,,,N,2,0,2,2,A,-,01,23153,A,N,D,C,A,A,H,-,A,A,0,,,,,Y,Y,A,01,1,0,1,0,0,0,0,0,0,"- ","- ",36.726310729980469,-119.78353881835938,FRESNO,FRESNO,-119.78348541259766,36.726226806640625
82313532,2023,2024-02-14,1005,2023-10-16,2359,P2090,,1,5,7,1005,0,0,0,,0,00D,"CHESTNUT AVE","KINGS CANYON RD",0.00,,Y,A,B,Y,,,,,,,,,,N,2,0,1,2,A,-,10,21954,B,N,G,B,D,A,H,-,C,B,0,Y,,,,Y,,N,60,1,0,0,0,1,0,0,0,0,"- ","- ",36.735870361328125,-119.73647308349609,FRESNO,FRESNO,-119.73646545410156,36.735866546630859
82314626,2024,2024-02-15,1005,2024-02-11,1923,P1735,CENTR,7,5,7,1005,0,0,0,,0,2355,"OLIVE AVE","BLACKSTONE AVE",39.00,W,N,A,-,N,,,,,,,,,,N,2,0,3,2,A,-,01,23153,B,N,C,C,A,A,H,-,C,A,0,,,,,Y,Y,A,01,1,0,2,0,0,0,0,0,0,"- ","- ",36.757160186767578,-119.79152679443359,FRESNO,FRESNO,-119.79072570800781,36.757720947265625
82317710,2024,2024-02-20,1005,2024-01-12,"531 ",P2135,SW,5,5,7,1005,0,0,0,,0,01D,"G ST","DIVISADERO ST (W)",232.00,N,N,A,-,N,,,,,,,,,,Y,2,0,3,1,A,-,03,22350,,N,E,I,A,A,D,-,C,A,0,,,,,Y,,A,01,3,0,0,0,0,0,0,0,0,"- ","- ",36.743759155273438,-119.81083679199219,FRESNO,FRESNO,-119.80963897705078,36.744220733642578
82326084,2024,2024-02-29,1005,2024-02-14,1831,P1938,SOUTH,3,5,7,1005,0,0,0,,0,00C,"STANISLAUS ST","99 HWY (W)",0.00,,Y,A,-,N,,,,,,,,,,N,2,0,1,2,A,-,09,21804,A,N,D,C,A,A,H,-,C,A,0,,,Y,,Y,,A,01,1,0,0,0,0,0,0,0,1,"- ","- ",36.733890533447266,-119.80274963378906,FRESNO,FRESNO,-119.80279541015625,36.733734130859375
82326090,2024,2024-02-29,1005,2024-02-21,2205,P1684,CENTR,3,5,7,1005,0,0,0,,0,G/2456,"ABBY ST","WHITE AVE",167.00,N,N,A,-,N,,,,,,,,,,Y,1,1,0,2,A,-,11,21954,A,F,G,B,E,A,H,-,E,D,0,Y,,,,Y,Y,N,60,0,0,0,1,0,0,0,0,0,"- ","- ",36.751140594482422,-119.78917694091797,FRESNO,FRESNO,-119.78931427001953,36.751548767089844
82326091,2024,2024-02-29,1005,2024-02-21,2259,P1734,,3,5,7,1005,0,0,0,,0,,"HERNDON AVE","41 HWY (1)",0.00,,Y,A,-,N,,,,,,,,,,N,2,0,1,2,A,-,11,21954,A,F,G,B,D,A,H,-,C,D,0,Y,,,,Y,,N,60,1,0,0,0,1,0,0,0,0,"- ","- ",36.837329864501953,-119.78439331054688,FRESNO,FRESNO,-119.78517913818359,36.837387084960938
82330913,2024,2024-03-06,1005,2024-03-03,1925,P2082,CE,7,5,7,1005,0,0,0,,0,,"OLIVE AVE","LINDEN AVE",8.00,W,N,A,-,N,,,,,,,,,,N,2,0,1,2,A,-,11,21954,A,F,G,B,D,A,H,-,C,D,0,Y,,,,Y,Y,N,60,1,0,0,0,1,0,0,0,0,"- ","- ",36.757160186767578,-119.80326843261719,FRESNO,FRESNO,-119.80233764648438,36.757648468017578