CASE_ID,ACCIDENT_YEAR,PROC_DATE,JURIS,COLLISION_DATE,COLLISION_TIME,OFFICER_ID,REPORTING_DISTRICT,DAY_OF_WEEK,CHP_SHIFT,POPULATION,CNTY_CITY_LOC,SPECIAL_COND,BEAT_TYPE,CHP_BEAT_TYPE,CITY_DIVISION_LAPD,CHP_BEAT_CLASS,BEAT_NUMBER,PRIMARY_RD,SECONDARY_RD,DISTANCE,DIRECTION,INTERSECTION,WEATHER_1,WEATHER_2,STATE_HWY_IND,CALTRANS_COUNTY,CALTRANS_DISTRICT,STATE_ROUTE,ROUTE_SUFFIX,POSTMILE_PREFIX,POSTMILE,LOCATION_TYPE,RAMP_INTERSECTION,SIDE_OF_HWY,TOW_AWAY,COLLISION_SEVERITY,NUMBER_KILLED,NUMBER_INJURED,PARTY_COUNT,PRIMARY_COLL_FACTOR,PCF_CODE_OF_VIOL,PCF_VIOL_CATEGORY,PCF_VIOLATION,PCF_VIOL_SUBSECTION,HIT_AND_RUN,TYPE_OF_COLLISION,MVIW,PED_ACTION,ROAD_SURFACE,ROAD_COND_1,ROAD_COND_2,LIGHTING,CONTROL_DEVICE,CHP_ROAD_TYPE,PEDESTRIAN_ACCIDENT,BICYCLE_ACCIDENT,MOTORCYCLE_ACCIDENT,TRUCK_ACCIDENT,NOT_PRIVATE_PROPERTY,ALCOHOL_INVOLVED,STWD_VEHTYPE_AT_FAULT,CHP_VEHTYPE_AT_FAULT,COUNT_SEVERE_INJ,COUNT_VISIBLE_INJ,COUNT_COMPLAINT_PAIN,COUNT_PED_KILLED,COUNT_PED_INJURED,COUNT_BICYCLIST_KILLED,COUNT_BICYCLIST_INJURED,COUNT_MC_KILLED,COUNT_MC_INJURED,PRIMARY_RAMP,SECONDARY_RAMP,LATITUDE,LONGITUDE,COUNTY,CITY,POINT_X,POINT_Y
82339137,2024,2024-03-15,1005,2024-02-26,2208,P731,,1,5,7,1005,0,0,0,,0,05C,"POLK AVE","FAIRMONT AVE (S)",140.00,S,N,A,-,N,,,,,,,,,,N,1,1,0,2,A,-,11,21954,A,N,G,B,E,A,H,-,C,D,0,Y,,,,Y,,N,60,0,0,0,1,0,0,0,0,0,"- ","- ",36.806278228759766,-119.88934326171875,FRESNO,FRESNO,-119.88948822021484,36.805896759033203
82342575,2024,2024-03-20,1005,2024-02-28,1622,P1938,,3,5,7,1005,0,0,0,,0,,"WEBER AVE","BELMONT AVE",205.00,S,N,A,-,N,,,,,,,,,,N,2,0,1,3,C,-,18,,,N,C,C,A,A,H,-,A,A,0,,,,,Y,,-,"- ",1,0,0,0,0,0,0,0,0,"- ","- ",36.750259399414062,-119.81223297119141,FRESNO,FRESNO,-119.81214141845703,36.750350952148438
82345362,2024,2024-03-25,1005,2024-03-10,1722,P1855,,7,5,7,1005,0,0,0,,0,,"BRYAN AVE","FAIRMONT AVE",0.00,,Y,A,-,N,,,,,,,,,,N,2,0,1,2,A,-,09,21802,A,N,D,C,A,A,H,-,A,A,0,,,Y,,Y,,A,07,1,0,0,0,0,0,0,0,1,"- ","- ",36.806018829345703,-119.90786743164062,FRESNO,FRESNO,-119.90740966796875,36.805797576904297
82345603,2024,2024-03-25,1005,2024-03-14,"423 ",P2256,SOUTH,4,5,7,1005,0,0,0,,0,01F,"JENSEN AVE","BARDELL ST",57.00,W,N,A,-,N,,,,,,,,,,Y,1,1,0,2,A,-,11,21954,A,N,G,B,D,A,H,-,C,D,0,Y,,,,Y,,N,60,0,0,0,1,0,0,0,0,0,"- ","- ",36.706928253173828,-119.79749298095703,FRESNO,FRESNO,-119.79777526855469,36.706748962402344
82347018,2024,2024-03-26,1005,2024-03-24,1801,P2265,,7,5,7,1005,0,0,0,,0,05D,"CECELIA AVE","ESCALON AVE",109.00,N,N,A,-,N,,,,,,,,,,Y,2,0,1,1,A,-,01,23152,B,N,E,I,A,A,H,-,A,D,0,,,,,Y,Y,A,01,1,0,0,0,0,0,0,0,0,"- ","- ",36.826248168945312,-119.87452697753906,FRESNO,FRESNO,-119.87456512451172,36.826580047607422
82350277,2024,2024-03-29,1005,2024-03-14,2152,P1855,,4,5,7,1005,0,0,0,,0,,"PARKWAY DR","DENNETT AVE",994.00,S,N,A,-,N,,,,,,,,,,N,2,0,1,2,A,-,06,21750,,F,C,G,A,A,H,-,C,A,0,,Y,,,Y,,D,22,1,0,0,0,0,0,1,0,0,"- ","- ",36.755298614501953,-119.82879638671875,FRESNO,FRESNO,-119.82740020751953,36.752925872802734
82351082,2024,2024-04-01,1005,2024-03-23,2140,P1957,,6,5,7,1005,0,0,0,,0,,"CLINTON AVE","BLACKSTONE AVE",50.00,W,N,A,-,N,,,,,,,,,,N,2,0,1,2,A,-,11,21954,A,N,G,B,D,A,H,-,C,A,0,Y,,,,Y,Y,N,60,1,0,0,0,1,0,0,0,0,"- ","- ",36.772289276123047,-119.79058074951172,FRESNO,FRESNO,-119.79083251953125,36.772266387939453
82351083,2024,2024-04-01,1005,2024-03-27,1320,P1767,NE,3,5,7,1005,0,0,0,,0,00G,"CEDAR AVE","DAKOTA AVE",450.00,N,N,A,-,N,,,,,,,,,,N,2,0,1,2,A,-,11,21950,B,N,G,B,D,A,H,-,A,D,0,Y,,,,Y,Y,N,60,1,0,0,0,1,0,0,0,0,"- ","- ",36.786048889160156,-119.75498199462891,FRESNO,FRESNO,-119.75440979003906,36.788116455078125
82355710,2024,2024-04-04,1005,2024-02-18,"357 ",P1689,CENTR,7,5,7,1005,0,0,0,,0,00C,"MCKINLEY AVE","WEBER AVE",316.00,E,N,B,-,N,,,,,,,,,,Y,1,1,3,1,A,-,01,23152,B,N,E,I,A,B,H,-,C,D,0,,,,,Y,Y,A,01,3,0,0,0,0,0,0,0,0,"- ","- ",36.764701843261719,-119.82884979248047,FRESNO,FRESNO,-119.82785034179688,36.76470947265625
82356948,2024,2024-04-05,1005,2024-03-23,1410,P1793,,6,5,7,1005,0,0,0,,0,00B,"PALM AVE","REMINGTON AVE",135.00,N,N,A,-,N,,,,,,,,,,Y,2,0,1,1,A,-,08,22107,,N,E,I,A,A,H,-,A,D,0,,,Y,,Y,,C,02,1,0,0,0,0,0,0,0,1,"- ","- ",36.842189788818359,-119.80812835693359,FRESNO,FRESNO,-119.80815124511719,36.842514038085938
82362883,2024,2024-04-12,1005,2024-03-07,1914,P1643,NW,4,5,7,1005,0,0,0,,0,00D,"FIGARDEN DR","SANTA FE AVE",0.00,,Y,A,-,N,,,,,,,,,,N,2,0,1,2,A,-,03,22350,,N,G,B,B,A,H,-,C,A,0,Y,,Y,,Y,,C,02,1,0,0,0,1,0,0,0,0,"- ","- ",36.826648712158203,-119.86930847167969,FRESNO,FRESNO,-119.86943817138672,36.826747894287109
82362884,2024,2024-04-12,1005,2024-03-23,"148 ",P2217,SOUTH,6,5,7,1005,0,0,0,,0,00A,"MCKINLEY AVE","MAPLE AVE",0.00,,Y,C,-,N,,,,,,,,,,Y,2,0,1,1,A,-,03,22350,,N,E,I,A,B,H,-,C,A,0,,,,,Y,,A,01,1,0,0,0,0,0,0,0,0,"- ","- ",36.765048980712891,-119.7454833984375,FRESNO,FRESNO,-119.74541473388672,36.765064239501953
82362886,2024,2024-04-12,1005,2024-03-29,1951,P2009,NE,5,5,7,1005,0,0,0,,0,,"FIRST ST","BARSTOW AVE",0.00,,Y,B,C,N,,,,,,,,,,N,2,0,1,2,A,-,11,21950,B,N,G,B,B,B,H,-,C,A,0,Y,,,,Y,,N,60,1,0,0,0,1,0,0,0,0,"- ","- ",36.815059661865234,-119.77261352539062,FRESNO,FRESNO,-119.77255249023438,36.815956115722656
82362887,2024,2024-04-12,1005,2024-04-04,1821,P1700,"NE / ",4,5,7,1005,0,0,0,,0,1860,"CEDAR AVE","ASHLAN AVE",0.00,,Y,B,-,N,,,,,,,,,,Y,2,0,2,2,A,-,12,21453,A,N,D,C,A,B,H,-,A,A,0,,,,,Y,,A,01,1,1,0,0,0,0,0,0,0,"- ","- ",36.794059753417969,-119.75418853759766,FRESNO,FRESNO,-119.75437164306641,36.793582916259766
82362894,2024,2024-04-12,1005,2024-04-11,"655 ",P1684,SOUTH,4,5,7,1005,0,0,0,,0,D/2657,"FRESNO ST","Q ST",22.00,E,Y,A,-,N,,,,,,,,,,N,2,0,1,1,A,-,05,21650,1,N,H,I,A,A,H,-,A,D,0,,Y,,,Y,,L,04,1,0,0,0,0,0,1,0,0,"- ","- ",36.740890502929688,-119.78521728515625,FRESNO,FRESNO,-119.78523254394531,36.741035461425781
82365102,2024,2024-04-16,1005,2024-04-14,"1   ",P2148,,7,5,7,1005,0,0,0,,0,00D,"BLACKSTONE AVE","WELDON AVE",0.00,,Y,B,-,N,,,,,,,,,,N,2,0,1,2,A,-,00,20002,A,F,G,B,E,B,D,-,C,A,0,Y,,,,Y,,-,99,1,0,0,0,1,0,0,0,0,"- ","- ",36.768669128417969,-119.79064178466797,FRESNO,FRESNO,-119.7906494140625,36.768688201904297
82373770,2024,2024-04-24,1005,2024-01-28,"204 ",P1684,,7,5,7,1005,0,0,0,,0,F/2149,"CLINTON AVE","MARKS AVE",0.00,,Y,F,-,N,,,,,,,,,,Y,1,2,0,2,A,-,01,23152,B,N,D,C,A,A,H,-,C,A,0,,,,,Y,Y,D,22,0,0,0,0,0,0,0,0,0,"- ","- ",36.771709442138672,-119.84517669677734,FRESNO,FRESNO,-119.84439849853516,36.77191162109375
82373780,2024,2024-04-24,1005,2024-04-23,"838 ",P874,,2,5,7,1005,0,0,0,,0,2854,"MARTIN LUTHER KING JR BLVD/POTTLE",CALIFORNIA,0.00,,Y,A,-,N,,,,,,,,,,N,2,0,1,2,A,-,10,21950,A,N,G,B,B,A,H,-,A,A,0,Y,,,,Y,,A,01,1,0,0,0,1,0,0,0,0,"- ","- ",,,FRESNO,FRESNO,-119.79986572265625,36.721385955810547
82385610,2024,2024-05-09,1005,2024-04-30,"1   ",P731,,2,5,7,1005,0,0,0,,0,05C,"POLK AVE","RIALTO AVE",105.00,N,N,A,-,N,,,,,,,,,,N,1,1,0,2,A,-,11,21954,A,F,G,B,D,A,H,-,C,D,0,Y,,,,Y,,N,60,0,0,0,1,0,0,0,0,0,"- ","- ",36.801979064941406,-119.88919067382812,FRESNO,FRESNO,-119.88941192626953,36.802146911621094
82397946,2024,2024-05-24,1005,2024-05-22,"734 ",P874,,3,5,7,1005,0,0,0,,0,2257,"ORCHARD ST","MICHIGAN AVE",66.00,N,N,A,-,N,,,,,,,,,,N,2,0,1,2,A,-,11,21954,A,N,G,B,D,A,H,-,A,D,0,Y,,,,Y,,N,60,1,0,0,0,1,0,0,0,0,"- ","- ",36.776748657226562,-119.77480316162109,FRESNO,FRESNO,-119.77479553222656,36.777000427246094
82400907,2024,2024-05-29,1005,2024-05-21,"815 ",P1306,,2,5,7,1005,0,0,0,,0,,"BLYTHE AVE","WELDON AVE",43.00,N,N,A,-,N,,,,,,,,,,N,2,0,1,2,A,-,10,21950,A,N,G,B,B,A,H,-,A,A,0,Y,,,,Y,,A,01,1,0,0,0,1,0,0,0,0,"- ","- ",36.768241882324219,-119.87142944335938,FRESNO,FRESNO,-119.87125396728516,36.768337249755859
82402890,2024,2024-05-31,1005,2024-05-23,1811,P1700,,4,5,7,1005,0,0,0,,0,1855,"ASHLAN AVE","BLACKSTONE AVE",6.00,W,N,A,-,N,,,,,,,,,,Y,2,0,1,2,A,-,10,21950,A,F,G,B,B,A,H,-,A,A,0,Y,,,,Y,,A,01,1,0,0,0,1,0,0,0,0,"- ","- ",36.794029235839844,-119.79054260253906,FRESNO,FRESNO,-119.7906494140625,36.794097900390625
82402898,2024,2024-05-31,1005,2024-05-27,"850 ",P1094,,1,5,7,1005,0,0,0,,0,00C,"MCKINLEY AVE","TEILMAN AVE",0.00,,Y,A,-,N,,,,,,,,,,Y,2,0,2,2,A,-,09,21800,A,N,D,C,A,A,H,-,A,A,0,,,,,Y,,A,01,1,1,0,0,0,0,0,0,0,"- ","- ",36.764701843261719,-119.82225036621094,FRESNO,FRESNO,-119.82218933105469,36.764747619628906
82405106,2024,2024-06-04,1005,2024-05-29,1408,P1982,,3,5,7,1005,0,0,0,,0,DAVID,"CHESTNUT AVE","180 FWY (1)",0.00,,Y,A,-,N,,,,,,,,,,Y,2,0,3,2,A,-,01,23152,A,N,D,C,A,A,H,-,A,A,0,,,,,Y,Y,A,01,1,2,0,0,0,0,0,0,0,"- ","- ",36.753170013427734,-119.73731994628906,FRESNO,FRESNO,,
82411204,2024,2024-06-11,1005,2024-05-03,1257,P731,,5,5,7,1005,0,0,0,,0,02D,"MCKINLEY AVE","EFFIE ST",0.00,,Y,A,-,N,,,,,,,,,,Y,1,1,0,2,A,-,03,22350,,N,D,C,A,A,H,-,A,A,0,,,Y,,Y,,C,02,0,0,0,0,0,0,0,1,0,"- ","- ",36.764419555664062,-119.78919982910156,FRESNO,FRESNO,-119.78832244873047,36.765026092529297
82412323,2024,2024-06-12,1005,2024-06-05,"904 ",P864,,3,5,7,1005,0,0,0,,0,2157,"FRESNO ST","HARVARD AVE",0.00,,Y,A,-,N,,,,,,,,,,N,2,0,1,2,A,-,09,21801,A,N,D,C,A,A,H,-,A,D,0,,,Y,,Y,,A,07,1,0,0,0,0,0,0,0,1,"- ","- ",36.774059295654297,-119.78157043457031,FRESNO,FRESNO,-119.78153228759766,36.774082183837891
82415446,2024,2024-06-17,1005,2024-05-11,"740 ",P1671,,6,5,7,1005,0,0,0,,0,00D,"FIGARDEN DR","BARSTOW AVE",15.00,N,N,A,-,N,,,,,,,,,,Y,2,0,1,1,A,-,03,22350,,N,E,I,A,A,H,-,A,A,0,,,,,Y,,A,01,1,0,0,0,0,0,0,0,0,"- ","- ",36.81536865234375,-119.86266326904297,FRESNO,FRESNO,-119.86289978027344,36.815437316894531
82415622,2024,2024-06-17,1005,2024-06-11,1737,P1961,,2,5,7,1005,0,0,0,,0,00E,"SHAW AVE","BLACKSTONE AVE",26.00,E,N,A,-,N,,,,,,,,,,N,2,0,1,2,A,-,11,21954,A,F,G,B,D,A,H,-,A,A,0,Y,,,,Y,,N,60,1,0,0,0,1,0,0,0,0,"- ","- ",36.807929992675781,-119.79084777832031,FRESNO,FRESNO,-119.79057312011719,36.808429718017578
82416988,2024,2024-06-18,1005,2024-06-12,"637 ",P1117,,3,5,7,1005,0,0,0,,0,00G,"CLINTON WAY","GATEWAY BLVD",150.00,N,N,A,-,N,,,,,,,,,,Y,2,0,1,1,A,-,01,23152,A,N,E,I,A,A,H,-,A,A,0,,,,,Y,Y,A,01,1,0,0,0,0,0,0,0,0,"- ","- ",36.770458221435547,-119.72261810302734,FRESNO,FRESNO,-119.72284698486328,36.770828247070312
82423738,2024,2024-06-26,1005,2024-01-17,"702 ",P2262,,3,5,7,1005,0,0,0,,0,,"FRESNO ST","E ST",192.00,N,N,B,-,N,,,,,,,,,,Y,2,0,1,1,A,-,08,22107,,N,E,I,A,B,H,-,A,A,0,,,,,Y,,A,01,1,0,0,0,0,0,0,0,0,"- ","- ",36.7318115234375,-119.79820251464844,FRESNO,FRESNO,-119.79771423339844,36.732151031494141
82424689,2024,2024-06-28,1005,2024-06-03,1840,P1910,,1,5,7,1005,0,0,0,,0,,"MAPLE AVE","TEAGUE AVE",0.00,,Y,A,-,N,,,,,,,,,,N,2,0,1,2,A,-,12,21453,A,N,D,C,A,A,H,-,A,A,0,,,,,Y,,A,01,1,0,0,0,0,0,0,0,0,"- ","- ",36.859390258789062,-119.74781799316406,FRESNO,FRESNO,-119.74777984619141,36.859329223632812
82430783,2024,2024-07-04,1005,2024-04-14,"152 ",P2173,,7,5,7,1005,0,0,0,,0,00F,"OLIVE AVE","LUCERNE LN",0.00,,Y,A,-,N,,,,,,,,,,N,2,0,2,3,A,-,03,22350,,F,G,B,B,B,H,-,C,D,0,Y,,,,Y,Y,A,01,1,0,1,0,2,0,0,0,0,"- ","- ",36.757671356201172,-119.80358123779297,FRESNO,FRESNO,-119.80351257324219,36.757637023925781
82430799,2024,2024-07-04,1005,2024-07-01,1540,P1700,,1,5,7,1005,0,0,0,,0,1154,"PALM BLUFFS AVE","PINEDALE AVE",286.00,N,N,A,-,N,,,,,,,,,,N,2,0,1,2,A,-,03,22350,,N,C,C,A,A,H,-,A,D,0,,,,,Y,,A,01,1,0,0,0,0,0,0,0,0,"- ","- ",36.843349456787109,-119.80973815917969,FRESNO,FRESNO,-119.80973815917969,36.844566345214844
82435806,2024,2024-07-11,1005,2024-06-30,2022,P2117,,7,5,7,1005,0,0,0,,0,00G,"N BOND ST","PRINCETON AVE",0.00,E,Y,A,-,N,,,,,,,,,,N,2,0,1,2,A,-,01,23153,A,N,B,E,A,A,H,-,B,D,0,,,,,Y,Y,-,"- ",1,0,0,0,0,0,0,0,0,"- ","- ",,,FRESNO,FRESNO,-119.76789855957031,36.775539398193359
82437522,2024,2024-07-12,1005,2024-06-02,1321,P1689,,7,5,7,1005,0,0,0,,0,01D,"STANISLAUS ST","VAN NESS AVE",0.00,,Y,A,-,N,,,,,,,,,,Y,1,1,0,2,A,-,08,22107,,N,B,G,A,A,H,-,A,A,0,,Y,,,Y,Y,L,04,0,0,0,0,0,1,0,0,0,"- ","- ",36.739028930664062,-119.79580688476562,FRESNO,FRESNO,-119.79457855224609,36.739593505859375
82438642,2024,2024-07-15,1005,2024-07-10,2225,P2304,,3,5,7,1005,0,0,0,,0,00F,"WINERY AVE","LANE AVE",0.00,,Y,A,-,N,,,,,,,,,,N,2,0,1,2,A,-,08,22107,,N,B,C,A,A,H,-,C,D,0,,,,,Y,,A,01,1,0,0,0,0,0,0,0,0,"- ","- ",36.732440948486328,-119.73190307617188,FRESNO,FRESNO,-119.73191833496094,36.732276916503906
82440073,2024,2024-07-16,1005,2024-05-24,1630,P731,,5,5,7,1005,0,0,0,,0,05F,"VALENTINE AVE","SHIELDS AVE",0.00,,Y,A,-,N,,,,,,,,,,Y,1,1,2,2,A,-,01,23152,F,N,D,C,A,A,H,-,A,B,0,,,Y,,Y,,C,02,1,1,0,0,0,0,0,1,1,"- ","- ",36.779071807861328,-119.85337066650391,FRESNO,FRESNO,-119.85337066650391,36.779155731201172
82444529,2024,2024-07-22,1005,2024-07-13,"435 ",P2151,,6,5,7,1005,0,0,0,,0,04F,"CEDAR AVE","HOLLAND AVE",0.00,,Y,A,-,N,,,,,,,,,,Y,2,0,1,1,A,-,01,23152,A,N,E,I,A,A,H,-,C,D,0,,,,,Y,Y,A,01,1,0,0,0,0,0,0,0,0,"- ","- ",36.7972412109375,-119.75431823730469,FRESNO,FRESNO,-119.75447845458984,36.797317504882812
82595933,2024,2024-07-24,1005,2024-06-30,2010,P2009,,7,5,7,1005,0,0,0,,0,00B,"SHEPHERD AVE","FULLER AVE",0.00,,Y,A,-,N,,,,,,,,,,Y,2,0,1,1,A,-,01,23152,A,N,F,A,A,A,H,-,A,D,0,,,Y,,Y,Y,C,02,1,0,0,0,0,0,0,0,1,"- ","- ",36.866439819335938,-119.76957702636719,FRESNO,FRESNO,-119.76944732666016,36.866313934326172
8282707,2016,2017-01-25,1012,2016-12-28,1606,L016,REEDL,3,5,3,1012,0,0,0,,0,001,"N RIVERVIEW AV","PONDEROSA AV",16.00,N,N,A,-,N,,,,,,,,,,N,2,0,1,1,C,-,18,,,N,A,I,A,A,H,-,A,D,0,,,,,Y,,-,"- ",1,0,0,0,0,0,0,0,0,"- ","- ",,,FRESNO,REEDLEY,-119.45654016,36.606073909999999
83280914,2024,2024-08-02,1005,2024-06-16,1710,P2107,,7,5,7,1005,0,0,0,,0,00G,"CHESTNUT AVE","GARLAND AVE",39.00,S,N,A,-,Y,,,,,,,,,,Y,2,0,1,2,A,-,03,22350,,N,C,E,A,A,H,-,A,D,0,,,,,Y,,A,01,1,0,0,0,0,0,0,0,0,"- ","- ",36.784030914306641,-119.73696136474609,FRESNO,FRESNO,-119.73650360107422,36.78485107421875
8338081,2017,2018-10-30,1013,2017-01-08,1951,M127,M370,7,5,3,1013,0,0,0,,0,003,"K ST","EDGAR AV",176.00,S,N,B,C,N,,,,,,,,,,N,1,1,0,2,A,-,11,21956,,N,-,B,E,B,H,-,C,A,0,Y,,,,Y,Y,N,60,0,0,0,1,0,0,0,0,0,"- ","- ",,,FRESNO,SANGER,-119.55143225,36.695386970000001
8359858,2016,2017-06-27,1001,2016-02-28,1020,5104,,7,5,5,1001,0,0,0,,0,007,"RT 168","TOLLHOUSE RD",3168.00,E,N,A,-,Y,FRE,6,168,-,R,10.720,H,-,E,Y,2,0,1,2,-,-,"- ",,,N,H,H,A,A,H,-,A,D,0,,,Y,,Y,,-,"- ",1,0,0,0,0,0,0,0,1,"- ","- ",36.855600000000003,-119.64086,FRESNO,CLOVIS,-119.64097463,36.85566223
83769107,2024,2024-08-08,1005,2024-03-04,"340 ",P2152,,1,5,7,1005,0,0,0,,0,00B,"E. HERNDON AVE","N. CHESTNUT AVE.",0.00,,Y,A,-,N,,,,,,,,,,Y,2,0,1,2,A,-,09,21801,A,N,A,C,A,A,H,-,C,A,0,,,,,Y,,A,01,1,0,0,0,0,0,0,0,0,"- ","- ",,,FRESNO,FRESNO,-119.73621368408203,36.837703704833984
83769148,2024,2024-08-08,1005,2024-07-24,2118,P2165,,3,5,7,1005,0,0,0,,0,00F,"MAPLE AVE","BUTLER AVE",0.00,,Y,A,-,N,,,,,,,,,,Y,2,0,1,2,A,-,09,21801,A,N,B,D,A,A,H,-,C,A,0,,,Y,,Y,,A,01,1,0,0,0,0,0,0,0,1,"- ","- ",36.728580474853516,-119.74552917480469,FRESNO,FRESNO,-119.74557495117188,36.728630065917969
83769189,2024,2024-08-08,1005,2024-08-04,2229,P1889,,7,5,7,1005,0,0,0,,0,00E,"G ST","CALIFORNIA AVE (N)",285.00,N,N,A,-,N,,,,,,,,,,N,2,0,1,2,A,-,11,21954,A,F,G,B,E,A,H,-,C,D,0,Y,,,,Y,,N,60,1,0,0,0,1,0,0,0,0,"- ","- ",36.721340179443359,-119.78517913818359,FRESNO,FRESNO,-119.78441619873047,36.722560882568359
8381841,2016,2017-06-12,1004,2016-12-20,0608,G050,FOWLE,2,5,2,1004,0,0,0,,0,0FO,"GOLDEN STATE BL","TEMPERANCE AV",0.00,,Y,A,-,N,,,,,,,,,,N,2,0,1,2,D,-,00,,,N,C,C,A,A,H,-,A,D,0,,,,,Y,,-,"- ",1,0,0,0,0,0,0,0,0,"- ","- ",,,FRESNO,FOWLER,-119.66410985,36.613730089999997
83983479,2024,2024-08-09,1005,2024-07-28,"56  ",P731,,7,5,7,1005,0,0,0,,0,04E,"FIRST ST","ASHCROFT AVE",40.00,N,N,A,-,N,,,,,,,,,,N,1,1,0,2,C,-,18,,,N,G,B,E,A,H,-,C,D,0,Y,,,,Y,,-,"- ",0,0,0,1,0,0,0,0,0,"- ","- ",36.798629760742188,-119.77236175537109,FRESNO,FRESNO,-119.77224731445312,36.798709869384766
84020185,2024,2024-08-12,1005,2024-08-04,1940,P1867,,7,5,7,1005,0,0,0,,0,00E,"SHAW AVE","ANGUS ST",285.00,W,N,A,-,N,,,,,,,,,,N,2,0,1,4,C,-,18,,,N,C,B,E,A,H,-,A,A,0,Y,,,Y,Y,,-,"- ",1,0,0,0,1,0,0,0,0,"- ","- ",36.808620452880859,-119.77680969238281,FRESNO,FRESNO,-119.77778625488281,36.808662414550781
8404325,2017,2017-07-13,1015,2017-05-08,1903,N079,"PD SE",1,5,3,1015,0,0,0,,0,001,"WHITSON ST","HIGHLAND AV",876.00,S,N,A,-,N,,,,,,,,,,N,1,1,0,1,A,-,01,23152,A,N,A,I,A,A,H,-,B,D,0,,,,,Y,Y,-,,0,0,0,0,0,0,0,0,0,"- ","- ",,,FRESNO,SELMA,-119.62694105,36.5794213
8404499,2015,2017-10-23,1005,2015-04-02,1602,P662,NW,4,5,7,1005,0,0,0,,0,,FIRST,NORTHDALE,155.00,N,N,A,-,N,,,,,,,,,,Y,1,1,0,1,A,-,03,22350,,N,E,I,A,A,H,-,A,A,0,,,,,Y,,A,01,0,0,0,0,0,0,0,0,0,"- ","- ",,,FRESNO,FRESNO,-119.77253,36.799565459999997
8404653,2017,2018-05-23,1005,2017-05-29,0945,P889,,1,5,7,1005,0,0,0,,0,,"FRIANT RD","COPPER AV",0.00,,Y,A,-,N,,,,,,,,,,Y,1,1,2,3,D,-,00,,,N,D,C,A,A,H,-,A,A,0,,,Y,,Y,,-,"- ",1,1,0,0,0,0,0,1,1,"- ","- ",36.896140000000003,-119.76532,FRESNO,FRESNO,-119.76538987000001,36.896180020000003
8404669,2017,2019-04-09,1009,2017-04-30,0006,R124,,7,5,2,1009,0,0,0,,0,0ME,"DERRICK AV","MCCABE ST",0.00,,Y,-,-,Y,FRE,6,33,-,R,62.270,I,5,N,N,1,1,5,2,A,-,03,22350,,N,C,C,A,A,H,-,C,D,0,,,,,Y,Y,-,,0,0,5,0,0,0,0,0,0,"- ","- ",,,FRESNO,MENDOTA,-120.38663905999999,36.7614406
8404673,2017,2018-05-23,1005,2017-08-22,0608,P731,2861,2,5,7,1005,0,0,0,,0,03F,"CHESTNUT AV","DWIGHT WY",140.00,S,N,A,-,N,,,,,,,,,,N,1,1,0,2,A,-,11,21954,A,N,G,B,E,A,H,-,B,D,0,Y,,,,Y,,N,60,0,0,0,1,0,0,0,0,0,"- ","- ",36.721870000000003,-119.73644,FRESNO,FRESNO,-119.73671,36.721850000000003
8404674,2017,2018-05-29,1005,2017-09-19,0724,P731,2856,2,5,7,1005,0,0,0,,0,01E,"GOLDEN STATE BL","SANTA CLARA ST",270.00,S,N,A,-,N,,,,,,,,,,Y,1,1,1,2,A,-,11,21954,A,N,G,B,D,A,H,-,A,D,0,Y,,,,Y,,N,60,0,1,0,1,0,0,0,0,0,"- ","- ",36.723779999999998,-119.79199,FRESNO,FRESNO,-119.79039967,36.723757730000003
8404675,2017,2019-04-09,1005,2017-03-09,0051,P731,1358,4,5,7,1005,0,0,0,,0,04C,"HERNDON FRONTAGE","EAST HERNDON AV",0.00,,Y,A,-,N,,,,,,,,,,N,1,1,0,2,A,-,11,21950,B,F,G,B,E,A,H,-,C,B,0,Y,,,,Y,Y,N,60,0,0,0,1,0,0,0,0,0,"- ","- ",36.8352,-119.76553,FRESNO,FRESNO,-119.79012987999999,36.8374101
8404677,2017,2018-05-29,1005,2017-03-10,0423,P1070,2155,5,5,7,1005,0,0,0,,0,CED,"SHEILDS AV","BLACKSTONE AV",296.00,W,N,A,-,N,,,,,,,,,,Y,1,1,0,2,A,-,11,21954,A,N,G,B,D,A,H,-,C,D,0,Y,,,,Y,Y,N,60,0,0,0,1,0,0,0,0,0,"- ","- ",36.779690000000002,-119.79048,FRESNO,FRESNO,-119.79164303,36.779666059999997
8404700,2017,2018-05-23,1005,2017-10-09,1131,P1827,NW145,1,5,7,1005,0,0,0,,0,00E,"WEST BULLARD AV","N BRAIRWOOD AV",0.00,,Y,A,-,N,,,,,,,,,,Y,1,1,2,3,A,-,09,21801,A,N,A,C,A,A,H,-,A,A,0,,,,,Y,,A,01,0,0,2,0,0,0,0,0,0,"- ","- ",,,FRESNO,FRESNO,-119.84159993,36.822730100000001
8404702,2017,2019-04-09,1005,2017-11-25,1844,P1070,2665,6,5,7,1005,0,0,0,,0,SED,"CLOVIS AV","HUNTINGTON AV",87.00,S,N,A,-,N,,,,,,,,,,Y,1,1,0,2,A,-,11,21954,A,F,G,B,D,A,H,-,C,D,0,Y,,,,Y,,N,60,0,0,0,1,0,0,0,0,0,"- ","- ",36.739870000000003,-119.70001999999999,FRESNO,FRESNO,-119.70019627000001,36.739661220000002
8404703,2017,2019-04-09,1005,2017-12-09,0304,P1070,2050,6,5,7,1005,0,0,0,,0,CEA,"WEBER AV","PRINCETON AV",375.00,N,N,A,-,N,,,,,,,,,,Y,1,1,0,2,A,-,01,23152,B,F,H,G,A,A,H,-,C,D,0,,Y,,,Y,Y,A,01,0,0,0,0,0,1,0,0,0,"- ","- ",36.77599,-119.8381,FRESNO,FRESNO,-119.83893596999999,36.776705980000003