CASE_ID,ACCIDENT_YEAR,PROC_DATE,JURIS,COLLISION_DATE,COLLISION_TIME,OFFICER_ID,REPORTING_DISTRICT,DAY_OF_WEEK,CHP_SHIFT,POPULATION,CNTY_CITY_LOC,SPECIAL_COND,BEAT_TYPE,CHP_BEAT_TYPE,CITY_DIVISION_LAPD,CHP_BEAT_CLASS,BEAT_NUMBER,PRIMARY_RD,SECONDARY_RD,DISTANCE,DIRECTION,INTERSECTION,WEATHER_1,WEATHER_2,STATE_HWY_IND,CALTRANS_COUNTY,CALTRANS_DISTRICT,STATE_ROUTE,ROUTE_SUFFIX,POSTMILE_PREFIX,POSTMILE,LOCATION_TYPE,RAMP_INTERSECTION,SIDE_OF_HWY,TOW_AWAY,COLLISION_SEVERITY,NUMBER_KILLED,NUMBER_INJURED,PARTY_COUNT,PRIMARY_COLL_FACTOR,PCF_CODE_OF_VIOL,PCF_VIOL_CATEGORY,PCF_VIOLATION,PCF_VIOL_SUBSECTION,HIT_AND_RUN,TYPE_OF_COLLISION,MVIW,PED_ACTION,ROAD_SURFACE,ROAD_COND_1,ROAD_COND_2,LIGHTING,CONTROL_DEVICE,CHP_ROAD_TYPE,PEDESTRIAN_ACCIDENT,BICYCLE_ACCIDENT,MOTORCYCLE_ACCIDENT,TRUCK_ACCIDENT,NOT_PRIVATE_PROPERTY,ALCOHOL_INVOLVED,STWD_VEHTYPE_AT_FAULT,CHP_VEHTYPE_AT_FAULT,COUNT_SEVERE_INJ,COUNT_VISIBLE_INJ,COUNT_COMPLAINT_PAIN,COUNT_PED_KILLED,COUNT_PED_INJURED,COUNT_BICYCLIST_KILLED,COUNT_BICYCLIST_INJURED,COUNT_MC_KILLED,COUNT_MC_INJURED,PRIMARY_RAMP,SECONDARY_RAMP,LATITUDE,LONGITUDE,COUNTY,CITY,POINT_X,POINT_Y
8404706,2017,2018-05-23,1005,2017-12-22,1723,P731,2856,5,5,7,1005,0,0,0,,0,01E,"VENTURA ST","F ST",0.00,,Y,A,-,N,,,,,,,,,,N,1,1,0,3,A,-,10,21950,A,N,G,B,B,A,H,-,C,D,0,Y,,,,Y,Y,A,07,0,0,0,1,0,0,0,0,0,"- ","- ",,,FRESNO,FRESNO,-119.79060998,36.726520100000002
8404732,2017,2018-05-25,1005,2017-05-05,1456,P1070,2953,5,5,7,1005,0,0,0,,0,SWF,"THORNE AV","ATCHISON ST",9.00,N,N,A,-,N,,,,,,,,,,Y,1,1,0,2,A,-,08,22107,,F,D,C,A,A,H,-,A,A,0,,,Y,,Y,,C,03,0,0,0,0,0,0,0,1,0,"- ","- ",36.720460000000003,-119.81338,FRESNO,FRESNO,-119.81333945999999,36.720454699999998
8404941,2018,2018-07-17,1005,2018-02-18,2013,P731,2147,7,5,7,1005,0,0,0,,0,05F,"MCKINLEY AV","BRAWLEY AV",315.00,W,N,A,G,N,,,,,,,,,,N,1,1,0,2,A,-,14,24400,B,F,G,B,E,A,H,-,D,D,0,Y,,,,Y,Y,A,01,0,0,0,1,0,0,0,0,0,"- ","- ",36.764678955078125,-119.86226654052734,FRESNO,FRESNO,-119.86331176757812,36.764610290527344
84353379,2024,2024-08-14,1005,2024-08-05,2229,P1767,,1,5,7,1005,0,0,0,,0,00B,"CLOVIS AVE","GRANT AVE",739.00,S,N,A,-,N,,,,,,,,,,N,2,0,1,2,A,-,11,21954,A,N,G,B,E,A,D,E,D,D,0,Y,,,,Y,,N,60,1,0,0,0,1,0,0,0,0,"- ","- ",36.748619079589844,-119.70027160644531,FRESNO,FRESNO,-119.70023345947266,36.74658203125
84358945,2024,2024-08-19,1005,2024-08-15,2232,P1853,,4,5,7,1005,0,0,0,,0,00F,"KINGS CANYON RD","PEACH AVE",0.00,,Y,A,-,N,,,,,,,,,,Y,2,0,1,2,A,-,10,21950,A,F,D,G,A,A,H,-,C,A,0,,Y,,,Y,,A,01,1,0,0,0,0,0,1,0,0,"- ","- ",36.734859466552734,-119.71961212158203,FRESNO,FRESNO,-119.718505859375,36.73577880859375
84363163,2024,2024-08-21,1005,2024-08-19,"22  ",P731,,1,5,7,1005,0,0,0,,0,03A,"CHESTNUT AVE","UNIVERSITY AVE",0.00,,Y,A,-,N,,,,,,,,,,Y,1,1,1,3,A,-,01,23152,A,F,D,C,A,A,H,-,C,A,0,,,,,Y,Y,D,22,1,0,0,0,0,0,0,0,0,"- ","- ",36.767158508300781,-119.7364501953125,FRESNO,FRESNO,-119.73644256591797,36.767169952392578
84365006,2024,2024-08-22,1005,2024-08-04,2112,P1705,,7,5,7,1005,0,0,0,,0,00G,"SHAW AVE","VALENTINE AVE",0.00,,Y,A,-,N,,,,,,,,,,N,2,0,1,2,A,-,10,21950,A,N,G,B,B,A,H,-,C,A,0,Y,,,,Y,,A,01,1,0,0,0,1,0,0,0,0,"- ","- ",36.808170318603516,-119.85347747802734,FRESNO,FRESNO,-119.85350036621094,36.808181762695312
84365009,2024,2024-08-22,1005,2024-08-08,1926,P2165,,4,5,7,1005,0,0,0,,0,00G,"HAMILTON AVE","APRICOT AVE",0.00,,Y,A,-,N,,,,,,,,,,N,2,0,1,2,A,-,11,21954,A,N,G,B,D,A,H,-,B,D,0,Y,,,,Y,,N,60,1,0,0,0,1,0,0,0,0,"- ","- ",36.72589111328125,-119.66911315917969,FRESNO,FRESNO,-119.66909027099609,36.725902557373047
84372701,2024,2024-08-28,1005,2024-07-12,2049,P1689,,5,5,7,1005,0,0,0,,0,,"SIERRA VISTA AVE","MICHIGAN AVE",93.00,N,N,A,-,N,,,,,,,,,,N,1,1,1,2,A,-,11,21956,A,N,G,B,E,A,H,-,C,D,0,Y,,Y,,Y,,N,60,1,0,0,1,0,0,0,0,1,"- ","- ",36.77703857421875,-119.74082946777344,FRESNO,FRESNO,-119.74080657958984,36.777046203613281
84374546,2024,2024-08-29,1005,2024-08-03,1947,P2098,,6,5,7,1005,0,0,0,,0,02B,"SHIELDS AVE","FRESNO ST",174.00,E,N,A,-,N,,,,,,,,,,N,2,0,1,2,A,-,08,22107,,N,D,G,A,A,H,-,B,A,0,,Y,,Y,Y,,L,04,1,0,0,0,0,0,1,0,0,"- ","- ",36.779651641845703,-119.78147888183594,FRESNO,FRESNO,-119.78094482421875,36.779621124267578
84376412,2024,2024-08-30,1005,2024-08-20,"923 ",P1402,,2,5,7,1005,0,0,0,,0,00A,"PERRIN AVE","SHARON AVE",0.00,,Y,A,-,N,,,,,,,,,,N,2,0,1,2,A,-,07,21658,A,F,C,G,A,A,H,-,A,D,0,,Y,,,Y,,A,01,1,0,0,0,0,0,1,0,0,"- ","- ",36.873790740966797,-119.75724792480469,FRESNO,FRESNO,-119.75723266601562,36.873916625976562
84378171,2024,2024-09-02,1005,2024-08-22,"659 ",P1509,,4,5,7,1005,0,0,0,,0,00G,"SHIELDS AVE","SPALDING AVE",0.00,,Y,A,-,N,,,,,,,,,,N,2,0,1,2,A,-,09,21801,A,N,D,C,A,A,H,-,A,A,0,,,,,Y,,A,01,1,0,0,0,0,0,0,0,0,"- ","- ",36.77880859375,-119.75990295410156,FRESNO,FRESNO,-119.75917053222656,36.779407501220703
84382042,2024,2024-09-05,1005,2024-08-30,1912,P2082,,5,5,7,1005,0,0,0,,0,,"JENSEN AVE","GOLDEN STATE BLVD (W)",720.00,E,N,A,-,N,,,,,,,,,,Y,2,0,1,1,A,-,03,22350,,N,H,A,A,A,H,-,A,A,0,,,Y,,Y,,C,02,1,0,0,0,0,0,0,0,1,"- ","- ",36.706790924072266,-119.7686767578125,FRESNO,FRESNO,-119.76896667480469,36.706649780273438
8438447,2017,2017-08-28,1015,2017-08-09,0316,N079,SELMA,3,5,3,1015,0,0,0,,0,001,"MCCALL AV","GOLDRIDGE ST",0.00,,Y,-,-,N,,,,,,,,,,N,2,0,1,1,A,-,08,22107,,N,E,I,A,A,G,-,-,D,0,,,,,Y,Y,-,,1,0,0,0,0,0,0,0,0,"- ","- ",,,FRESNO,SELMA,-119.61066987,36.587510010000003
84385240,2024,2024-09-09,1005,2024-08-16,"15  ",P1889,,5,5,7,1005,0,0,0,,0,00B,"BELMONT AVE","ANGUS ST",50.00,E,N,A,-,N,,,,,,,,,,N,1,1,0,2,A,-,11,21954,A,N,G,B,D,A,H,-,D,D,0,Y,,,,Y,,N,60,0,0,0,1,0,0,0,0,0,"- ","- ",36.750568389892578,-119.77704620361328,FRESNO,FRESNO,-119.77687835693359,36.750339508056641
84385246,2024,2024-09-09,1005,2024-08-29,2358,P1889,,4,5,7,1005,0,0,0,,0,00G,"ASHLAN AVE","WEST AVE",150.00,E,N,A,-,N,,,,,,,,,,N,2,0,1,1,A,-,07,21658,A,N,E,I,A,A,H,-,C,B,0,,,,,Y,,A,01,1,0,0,0,0,0,0,0,0,"- ","- ",36.793830871582031,-119.82649993896484,FRESNO,FRESNO,-119.82592010498047,36.793678283691406
84385252,2024,2024-09-09,1005,2024-09-05,1447,P1795,,4,5,7,1005,0,0,0,,0,00F,"BUTLER AVE","MAPLE AVE",0.00,,Y,A,-,Y,,,,,,,,,,Y,2,0,1,2,A,-,09,21801,A,F,H,G,A,A,H,-,A,A,0,,Y,,,Y,,A,01,1,0,0,0,0,0,1,0,0,"- ","- ",36.727760314941406,-119.74687957763672,FRESNO,FRESNO,-119.74557495117188,36.728630065917969
84558476,2023,2025-02-03,1005,2023-12-31,"606 ",P2158,,7,5,7,1005,0,0,0,,0,00A,"HERNDON & WEBER","WEBER AVE",40.00,W,N,E,-,N,,,,,,,,,,N,2,0,1,2,C,-,18,,,N,G,B,D,A,H,-,C,A,0,Y,,,,Y,,-,"- ",1,0,0,0,1,0,0,0,0,"- ","- ",,,FRESNO,FRESNO,-119.91498565673828,36.834999084472656
84558577,2024,2025-02-03,1005,2024-08-03,"155 ",P2274,,6,5,7,1005,0,0,0,,0,00B,"KINGS CANYON RD","MINNEWAWA AVE",300.00,E,N,A,-,Y,,,,,,,,,,Y,2,0,1,1,A,-,07,21658,A,N,F,J,A,A,H,-,C,A,0,,,,,Y,,A,01,1,0,0,0,0,0,0,0,0,"- ","- ",36.735881805419922,-119.709228515625,FRESNO,FRESNO,-119.70829010009766,36.7359619140625
84558657,2024,2025-02-03,1005,2024-09-08,"108 ",P1972,,7,5,7,1005,0,0,0,,0,00E,"SHAW AVE","FRESNO ST",0.00,,Y,A,-,N,,,,,,,,,,Y,2,0,2,2,A,-,12,21453,A,N,A,C,A,A,H,-,C,A,0,,,,,Y,,A,07,1,0,1,0,0,0,0,0,0,"- ","- ",36.808650970458984,-119.78134155273438,FRESNO,FRESNO,-119.78137969970703,36.808460235595703
84558664,2024,2025-02-03,1005,2024-09-09,1612,P1931,,1,5,7,1005,0,0,0,,0,00C,"CLINTON AVE","WARREN AVE",0.00,,Y,A,-,N,,,,,,,,,,Y,2,0,1,3,A,-,09,21802,A,N,D,C,A,A,H,-,A,A,0,,,,,Y,,A,01,1,0,0,0,0,0,0,0,0,"- ","- ",36.771991729736328,-119.82884979248047,FRESNO,FRESNO,-119.82886505126953,36.771965026855469
84558753,2024,2025-02-03,1005,2024-09-23,"620 ",P1988,,1,5,7,1005,0,0,0,,0,00D,"WILLOW AVE","LAUREL AVE (S)",45.00,S,N,A,-,N,,,,,,,,,,N,2,0,1,2,A,-,11,21954,A,N,G,B,D,A,H,-,B,A,0,Y,,,,Y,Y,-,"- ",1,0,0,0,1,0,0,0,0,"- ","- ",36.740230560302734,-119.72747039794922,FRESNO,FRESNO,-119.72737884521484,36.739986419677734
84558832,2024,2025-02-03,1005,2024-09-30,1904,P1931,,1,5,7,1005,0,0,0,,0,00E,"SHAW AVE","SIXTH ST",0.00,,Y,A,-,N,,,,,,,,,,Y,2,0,1,2,A,-,12,21453,A,N,D,G,A,A,H,-,C,A,0,,Y,,,Y,,L,04,1,0,0,0,0,0,1,0,0,"- ","- ",36.808559417724609,-119.76319885253906,FRESNO,FRESNO,-119.76323699951172,36.808280944824219
84558833,2024,2025-02-03,1005,2024-10-01,"634 ",P2340,,2,5,7,1005,0,0,0,,0,00C,"FIRST ST","TYLER AVE",0.00,,Y,A,-,N,,,,,,,,,,Y,2,0,2,2,A,-,08,22107,,N,D,C,A,A,H,-,B,A,0,,,Y,,Y,,A,01,1,0,1,0,0,0,0,0,1,"- ","- ",36.7559814453125,-119.77250671386719,FRESNO,FRESNO,-119.77259826660156,36.755874633789062
84558834,2024,2025-02-03,1005,2024-10-01,"803 ",P1757,,2,5,7,1005,0,0,0,,0,00B,"DIVISADERO ST","CALAVERAS ST",0.00,,Y,A,-,N,,,,,,,,,,N,2,0,1,2,A,-,10,21950,A,N,G,B,D,A,H,-,A,D,0,Y,,,,Y,,A,01,1,0,0,0,1,0,0,0,0,"- ","- ",36.743339538574219,-119.79181671142578,FRESNO,FRESNO,-119.79187774658203,36.743309020996094
84558854,2024,2025-02-03,1005,2024-10-03,"801 ",P1298,,4,5,7,1005,0,0,0,,0,"B / 10","CEDAR AVE","NEES AVE",365.00,S,N,A,-,N,,,,,,,,,,N,2,0,1,2,A,-,10,21952,,N,G,B,F,A,H,-,A,D,0,Y,,,,Y,,A,01,1,0,0,0,1,0,0,0,0,"- ","- ",36.851898193359375,-119.75673675537109,FRESNO,FRESNO,-119.75688934326172,36.850948333740234
84558893,2024,2025-02-03,1005,2024-10-06,"420 ",P2194,,7,5,7,1005,0,0,0,,0,00C,"TURNER AVE","CEDAR AVE",222.00,W,N,A,-,Y,,,,,,,,,,Y,2,0,2,2,A,-,01,23153,A,N,A,E,A,A,H,-,C,D,0,,,Y,,Y,Y,-,"- ",1,1,0,0,0,0,0,0,1,"- ","- ",36.752269744873047,-119.75447845458984,FRESNO,FRESNO,-119.75517272949219,36.752433776855469
84558896,2024,2025-02-03,1005,2024-10-06,1335,P1689,,7,5,7,1005,0,0,0,,0,00B,"ABBY/BLACKSTONE ALY","ABBY ST",133.00,W,N,A,-,N,,,,,,,,,,N,1,1,0,2,C,-,18,,,N,G,B,E,A,H,-,A,D,0,Y,,,,Y,Y,-,"- ",0,0,0,1,0,0,0,0,0,"- ","- ",,,FRESNO,FRESNO,-119.79047393798828,36.759899139404297
84558918,2024,2025-02-03,1005,2024-10-09,"801 ",P1306,,3,5,7,1005,0,0,0,,0,,"MCKINLEY AVE","CHESTNUT AVE",573.00,W,N,A,-,N,,,,,,,,,,Y,2,0,2,3,A,-,03,22350,,N,C,C,A,A,H,-,A,A,0,,,,,Y,,A,01,1,0,1,0,0,0,0,0,0,"- ","- ",36.765110015869141,-119.73642730712891,FRESNO,FRESNO,-119.73838043212891,36.765182495117188
84558974,2024,2025-02-03,1005,2024-10-15,1941,P2335,,2,5,7,1005,0,0,0,,0,00C,"MAPLE AVE","HUNTINGTON AVE",0.00,,Y,A,-,N,,,,,,,,,,Y,2,0,2,2,A,-,09,21800,A,N,D,C,A,A,H,-,C,D,0,,,,,Y,,A,01,2,0,0,0,0,0,0,0,0,"- ","- ",36.739490509033203,-119.74555206298828,FRESNO,FRESNO,-119.74545288085938,36.739456176757812
84558991,2024,2025-02-03,1005,2024-10-17,1849,P1895,,4,5,7,1005,0,0,0,,0,00F,"CHURCH AVE","SIEGA AVE",214.00,E,N,A,-,N,,,,,,,,,,N,2,0,1,2,A,-,11,21954,A,N,G,B,D,A,H,-,D,D,0,Y,,,,Y,,N,60,1,0,0,0,1,0,0,0,0,"- ","- ",36.714218139648438,-119.73468780517578,FRESNO,FRESNO,-119.73397827148438,36.714275360107422
84559001,2024,2025-02-03,1005,2024-10-19,1026,P1525,,6,5,7,1005,0,0,0,,0,00E,"BUTLER AVE","ORANGE AVE",0.00,,Y,A,-,N,,,,,,,,,,N,2,0,1,2,A,-,10,21950,A,N,G,B,B,A,H,-,A,A,0,Y,,,,Y,,D,22,1,0,0,0,1,0,0,0,0,"- ","- ",36.728679656982422,-119.76358795166016,FRESNO,FRESNO,-119.76364898681641,36.728630065917969
84559057,2024,2025-02-03,1005,2024-10-25,2231,P1947,,5,5,7,1005,0,0,0,,0,00G,"E DAKOTA AVE","N CHESTNUT AVE",0.00,,Y,A,-,N,,,,,,,,,,Y,2,0,1,3,A,-,01,23153,A,F,D,D,A,A,H,-,C,A,0,,,,,Y,Y,A,01,1,0,0,0,0,0,0,0,0,"- ","- ",36.786750793457031,-119.73583984375,FRESNO,FRESNO,-119.73600769042969,36.786762237548828
84559079,2024,2025-02-03,1005,2024-10-28,1054,P1298,,1,5,7,1005,0,0,0,,0,"B / 20","SHIELDS AVE","41 HWY (4)",40.00,W,N,A,-,N,,,,,,,,,,Y,2,0,1,2,C,-,18,,,N,C,C,A,A,H,-,A,A,0,,,,,Y,,-,"- ",1,0,0,0,0,0,0,0,0,"- ","- ",36.779060363769531,-119.78595733642578,FRESNO,FRESNO,-119.78513336181641,36.779609680175781
84559081,2024,2025-02-03,1005,2024-10-28,1055,P1298,,1,5,7,1005,0,0,0,,0,"B / 20","SHIELDS AVE","FIRST ST",342.00,W,N,A,-,N,,,,,,,,,,Y,2,0,1,1,C,-,18,,,N,E,I,A,A,H,-,A,D,0,,,,,Y,,-,"- ",1,0,0,0,0,0,0,0,0,"- ","- ",36.779598236083984,-119.77262878417969,FRESNO,FRESNO,-119.77382659912109,36.779571533203125
84559086,2024,2025-02-03,1005,2024-10-28,1834,P1931,,1,5,7,1005,0,0,0,,0,00C,"FIRST ST",WRENWOOD,92.00,N,N,A,-,N,,,,,,,,,,N,2,0,1,2,A,-,11,21954,A,N,G,B,E,A,H,-,C,D,0,Y,,,,Y,,N,60,1,0,0,0,1,0,0,0,0,"- ","- ",,,FRESNO,FRESNO,-119.77249908447266,36.818321228027344
84559096,2024,2025-02-03,1005,2024-10-29,1339,P1795,,2,5,7,1005,0,0,0,,0,00A,"CHESTNUT AVE","WELDON AVE",0.00,,Y,A,-,Y,,,,,,,,,,Y,2,0,1,2,A,-,09,21801,A,N,A,C,A,A,H,-,A,A,0,,,Y,,Y,,I,09,1,0,0,0,0,0,0,0,1,"- ","- ",36.768589019775391,-119.73642730712891,FRESNO,FRESNO,-119.73644256591797,36.768608093261719
84559119,2024,2025-02-03,1005,2024-11-01,"52  ",P2318,,5,5,7,1005,0,0,0,,0,00D,"BLACKSTONE AVE","MCKINLEY AVE",0.00,W,Y,A,-,N,,,,,,,,,,Y,2,0,3,2,A,-,01,23152,A,N,D,C,A,A,H,-,C,A,0,,,,,Y,Y,D,22,1,2,0,0,0,0,0,0,0,"- ","- ",36.764938354492188,-119.79055786132812,FRESNO,FRESNO,-119.79066467285156,36.764991760253906
84559144,2024,2025-02-03,1005,2024-11-03,2039,P2041,,7,5,7,1005,0,0,0,,0,00B,"BRAWLEY AVE","SAN JOSE AVE",0.00,,Y,A,-,N,,,,,,,,,,Y,2,0,2,3,A,-,01,23152,A,N,A,C,A,A,H,-,C,A,0,,,,Y,Y,Y,A,01,1,1,0,0,0,0,0,0,0,"- ","- ",36.811721801757812,-119.86296081542969,FRESNO,FRESNO,-119.86270904541016,36.811798095703125
84559170,2024,2025-02-03,1005,2024-11-06,1323,P1298,,3,5,7,1005,0,0,0,,0,"A / 24","BELMONT AVE","PARKWAY DR (W)",0.00,,Y,A,-,Y,,,,,,,,,,Y,2,0,6,2,A,-,01,23152,A,N,A,C,A,A,H,-,A,A,0,,,,,Y,Y,A,01,4,2,0,0,0,0,0,0,0,"- ","- ",36.750259399414062,-119.82659149169922,FRESNO,FRESNO,-119.82662963867188,36.750247955322266
84559189,2024,2025-02-03,1005,2024-11-08,1420,P1264,,5,5,7,1005,0,0,0,,0,00A,"CHESTNUT AVE","WELDON AVE",0.00,,Y,A,-,N,,,,,,,,,,Y,2,0,1,2,A,-,09,21801,A,N,D,C,A,A,H,-,A,D,0,,,,,Y,,A,01,1,0,0,0,0,0,0,0,0,"- ","- ",36.768589019775391,-119.73642730712891,FRESNO,FRESNO,-119.73644256591797,36.768608093261719
84559190,2024,2025-02-03,1005,2024-11-08,1437,P1890,,5,5,7,1005,0,0,0,,0,01D,"O ST","MERCED ST",0.00,,Y,A,-,N,,,,,,,,,,Y,2,0,1,2,A,-,09,21801,A,F,D,C,A,A,H,-,A,D,0,,,,,Y,,A,01,1,0,0,0,0,0,0,0,0,"- ","- ",36.740520477294922,-119.78829193115234,FRESNO,FRESNO,-119.78832244873047,36.740547180175781
84559225,2024,2025-02-03,1005,2024-11-13,1700,P1910,,3,5,7,1005,0,0,0,,0,,"FRESNO ST","MARTIN AVE",0.00,,Y,A,-,N,,,,,,,,,,N,2,0,2,3,A,-,08,22107,,N,D,C,A,A,H,-,A,D,0,,,Y,,Y,,A,01,2,0,0,0,0,0,0,0,1,"- ","- ",36.722549438476562,-119.81181335449219,FRESNO,FRESNO,-119.81044006347656,36.7230224609375
84559240,2024,2025-02-03,1005,2024-11-15,"219 ",P2322,,5,5,7,1005,0,0,0,,0,03G,"E JENSEN AVE","S ARMSTRONG AVE",12.00,W,N,A,-,Y,,,,,,,,,,Y,2,0,1,2,A,-,01,23153,B,N,B,C,A,A,H,-,D,D,0,,,,,Y,Y,A,01,1,0,0,0,0,0,0,0,0,"- ","- ",36.707408905029297,-119.67323303222656,FRESNO,FRESNO,-119.67307281494141,36.707508087158203
84559277,2024,2025-02-03,1005,2024-11-19,1810,P1957,,2,5,7,1005,0,0,0,,0,,"VENTURA ST","THIRD ST",0.00,,Y,A,-,N,,,,,,,,,,N,1,1,0,2,A,-,11,21954,A,N,G,B,D,A,H,-,D,D,0,Y,,,,Y,,N,60,0,0,0,1,0,0,0,0,0,"- ","- ",36.735759735107422,-119.76927185058594,FRESNO,FRESNO,-119.76929473876953,36.735832214355469
84559309,2024,2025-02-03,1005,2024-11-22,1334,P1802,,5,5,7,1005,0,0,0,,0,00E,"BULLARD AVE","CHANNING WAY",60.00,E,N,A,-,N,,,,,,,,,,N,2,0,5,2,A,-,07,21658,A,N,A,C,A,A,H,-,A,D,0,,,,,Y,,A,01,5,0,0,0,0,0,0,0,0,"- ","- ",36.822399139404297,-119.82430267333984,FRESNO,FRESNO,-119.8238525390625,36.822769165039062
84559374,2024,2025-02-03,1005,2024-11-30,"230 ",P731,,6,5,7,1005,0,0,0,,0,01F,"NORTH AVE","ELM AVE",235.00,W,N,A,-,N,,,,,,,,,,Y,1,1,2,1,A,-,01,23152,B,N,E,I,A,A,H,-,C,A,0,,,,,Y,Y,A,01,0,1,1,0,0,0,0,0,0,"- ","- ",36.691719055175781,-119.79251098632812,FRESNO,FRESNO,-119.79158782958984,36.692279815673828
84559412,2024,2025-02-03,1005,2024-12-04,2224,P1895,,3,5,7,1005,0,0,0,,0,00E,"CEDAR AVE","FLORENCE AVE",171.00,S,N,A,-,N,,,,,,,,,,Y,2,0,1,2,A,-,09,21801,A,N,D,C,A,A,H,-,C,D,0,,,Y,,Y,,D,22,1,0,0,0,0,0,0,0,1,"- ","- ",36.717739105224609,-119.75473785400391,FRESNO,FRESNO,-119.75467681884766,36.717330932617188
84559442,2024,2025-02-03,1005,2024-12-07,1904,P2163,,6,5,7,1005,0,0,0,,0,,"FIRST ST","WILLIS AVE",4.00,S,N,B,-,N,,,,,,,,,,Y,2,0,1,1,A,-,03,22350,,N,E,I,A,A,H,-,C,D,0,,,,,Y,,A,01,1,0,0,0,0,0,0,0,0,"- ","- ",36.794841766357422,-119.77287292480469,FRESNO,FRESNO,-119.77259826660156,36.795551300048828
84559481,2024,2025-02-03,1005,2024-12-13,1337,P1700,,5,5,7,1005,0,0,0,,0,1243,"SPRUCE AVE","IVANHOE AVE",166.00,E,N,B,-,N,,,,,,,,,,Y,2,0,1,1,A,-,03,22350,,N,E,I,A,A,H,-,A,D,0,,,,,Y,,A,01,1,0,0,0,0,0,0,0,0,"- ","- ",36.840579986572266,-119.89454650878906,FRESNO,FRESNO,-119.89393615722656,36.840595245361328
84559577,2024,2025-02-03,1005,2024-12-23,1135,P2200,,1,5,7,1005,0,0,0,,0,05F,"N CORNELIA AVE","W DAKOTA AVE",0.00,,Y,A,-,N,,,,,,,,,,N,2,0,2,2,A,-,12,21453,A,N,D,C,A,A,H,-,A,B,0,,,,,Y,,A,01,2,0,0,0,0,0,0,0,0,"- ","- ",36.786369323730469,-119.88037872314453,FRESNO,FRESNO,-119.88037872314453,36.786304473876953
84559627,2024,2025-02-03,1005,2024-12-30,"657 ",P2298,,1,5,7,1005,0,0,0,,0,02B,"BLACKSTONE AVE","ASHLAN AVE",183.00,S,N,A,-,N,,,,,,,,,,N,2,0,1,2,A,-,10,21950,A,N,G,B,D,A,H,-,B,A,0,Y,,,,Y,,A,01,1,0,0,0,1,0,0,0,0,"- ","- ",36.794029235839844,-119.79054260253906,FRESNO,FRESNO,-119.79062652587891,36.793598175048828
84559643,2025,2025-02-03,1005,2025-01-03,1230,P1802,,5,5,7,1005,0,0,0,,0,00E,"MAROA AVE","BARSTOW AVE",0.00,,Y,A,-,N,,,,,,,,,,Y,2,0,2,2,A,-,12,21453,A,N,D,D,A,A,H,-,A,A,0,,,,,Y,,A,01,1,1,0,0,0,0,0,0,0,"- ","- ",36.815151214599609,-119.79972839355469,FRESNO,FRESNO,-119.79941558837891,36.815662384033203
84559663,2025,2025-02-03,1005,2025-01-06,"749 ",P1264,,1,5,7,1005,0,0,0,,0,00E,"OLIVE AVE","WEBER AVE",2.00,E,N,A,-,N,,,,,,,,,,N,2,0,1,2,A,-,10,21950,A,N,G,B,B,A,D,-,A,A,0,Y,,,,Y,,A,01,1,0,0,0,1,0,0,0,0,"- ","- ",36.757511138916016,-119.82079315185547,FRESNO,FRESNO,-119.82088470458984,36.757511138916016
84559669,2025,2025-02-03,1005,2025-01-06,1918,P1684,,1,5,7,1005,0,0,0,,0,00F,"BELMONT AVE","PALM AVE",0.00,,Y,B,-,N,,,,,,,,,,Y,1,2,1,2,A,-,01,23152,B,N,D,C,A,A,H,-,C,A,0,,,,,Y,Y,D,22,1,0,0,0,0,0,0,0,0,"- ","- ",36.750289916992188,-119.80828857421875,FRESNO,FRESNO,-119.80828857421875,36.750385284423828
84559702,2025,2025-02-03,1005,2025-01-12,"209 ",P1957,,7,5,7,1005,0,0,0,,0,00F,"SHAW AVE","CHESTNUT AVE",29.00,W,N,A,-,N,,,,,,,,,,Y,1,1,0,1,A,-,07,21658,A,N,E,I,A,A,H,-,C,A,0,,,,,Y,,D,22,0,0,0,0,0,0,0,0,0,"- ","- ",36.808559417724609,-119.73623657226562,FRESNO,FRESNO,-119.73638916015625,36.808479309082031
84559715,2025,2025-02-03,1005,2025-01-14,1516,P1264,,2,5,7,1005,0,0,0,,0,00E,"OLIVE AVE","FRUIT AVE",407.00,W,N,A,-,N,,,,,,,,,,Y,2,0,1,2,A,-,03,22350,,N,D,C,A,A,H,-,A,D,0,,,Y,,Y,,C,02,1,0,0,0,0,0,0,0,1,"- ","- ",36.757129669189453,-119.81861877441406,FRESNO,FRESNO,-119.81901550292969,36.757537841796875
84559720,2025,2025-02-03,1005,2025-01-15,"803 ",P1306,,3,5,7,1005,0,0,0,,0,,"PALM AVE","SHAW AVE",216.00,N,N,A,-,N,,,,,,,,,,N,2,0,2,3,A,-,21,22106,,N,G,B,E,A,H,-,A,A,0,Y,,,,Y,,A,01,1,1,0,0,2,0,0,0,0,"- ","- ",36.808280944824219,-119.80838775634766,FRESNO,FRESNO,-119.80854797363281,36.808914184570312
84559742,2025,2025-02-03,1005,2025-01-17,1427,P1890,,5,5,7,1005,0,0,0,,0,,"RECREATION AVE","HUNTINGTON AVE (E)",0.00,,Y,A,-,N,,,,,,,,,,N,2,0,1,2,A,-,10,21950,A,F,G,B,B,A,H,-,A,D,0,Y,,,,Y,,A,07,1,0,0,0,1,0,0,0,0,"- ","- ",36.739509582519531,-119.7386474609375,FRESNO,FRESNO,-119.73925018310547,36.739555358886719
84559748,2025,2025-02-03,1005,2025-01-18,1853,P2082,,6,5,7,1005,0,0,0,,0,2249,"MARKS AVE","CLINTON AVE",650.00,S,N,A,-,N,,,,,,,,,,N,2,0,1,2,A,-,05,21202,A,N,D,G,A,A,H,-,D,D,0,,Y,,,Y,,L,04,1,0,0,0,0,0,1,0,0,"- ","- ",36.771709442138672,-119.84517669677734,FRESNO,FRESNO,-119.84438323974609,36.770126342773438