CASE_ID,ACCIDENT_YEAR,PROC_DATE,JURIS,COLLISION_DATE,COLLISION_TIME,OFFICER_ID,REPORTING_DISTRICT,DAY_OF_WEEK,CHP_SHIFT,POPULATION,CNTY_CITY_LOC,SPECIAL_COND,BEAT_TYPE,CHP_BEAT_TYPE,CITY_DIVISION_LAPD,CHP_BEAT_CLASS,BEAT_NUMBER,PRIMARY_RD,SECONDARY_RD,DISTANCE,DIRECTION,INTERSECTION,WEATHER_1,WEATHER_2,STATE_HWY_IND,CALTRANS_COUNTY,CALTRANS_DISTRICT,STATE_ROUTE,ROUTE_SUFFIX,POSTMILE_PREFIX,POSTMILE,LOCATION_TYPE,RAMP_INTERSECTION,SIDE_OF_HWY,TOW_AWAY,COLLISION_SEVERITY,NUMBER_KILLED,NUMBER_INJURED,PARTY_COUNT,PRIMARY_COLL_FACTOR,PCF_CODE_OF_VIOL,PCF_VIOL_CATEGORY,PCF_VIOLATION,PCF_VIOL_SUBSECTION,HIT_AND_RUN,TYPE_OF_COLLISION,MVIW,PED_ACTION,ROAD_SURFACE,ROAD_COND_1,ROAD_COND_2,LIGHTING,CONTROL_DEVICE,CHP_ROAD_TYPE,PEDESTRIAN_ACCIDENT,BICYCLE_ACCIDENT,MOTORCYCLE_ACCIDENT,TRUCK_ACCIDENT,NOT_PRIVATE_PROPERTY,ALCOHOL_INVOLVED,STWD_VEHTYPE_AT_FAULT,CHP_VEHTYPE_AT_FAULT,COUNT_SEVERE_INJ,COUNT_VISIBLE_INJ,COUNT_COMPLAINT_PAIN,COUNT_PED_KILLED,COUNT_PED_INJURED,COUNT_BICYCLIST_KILLED,COUNT_BICYCLIST_INJURED,COUNT_MC_KILLED,COUNT_MC_INJURED,PRIMARY_RAMP,SECONDARY_RAMP,LATITUDE,LONGITUDE,COUNTY,CITY,POINT_X,POINT_Y
84559774,2025,2025-02-03,1005,2025-01-22,1750,P1684,,3,5,7,1005,0,0,0,,0,00F,"CHESTNUT AVE","HAMILTON AVE",19.00,S,N,A,-,N,,,,,,,,,,Y,1,1,1,3,A,-,01,23152,B,N,G,B,B,A,H,-,C,A,0,Y,,,,Y,Y,A,08,1,0,0,1,1,0,0,0,0,"- ","- ",36.725009918212891,-119.73648834228516,FRESNO,FRESNO,-119.73668670654297,36.725006103515625
84559781,2025,2025-02-03,1005,2025-01-25,1141,P2359,,6,5,7,1005,0,0,0,,0,00B,"BELMONT/ CALAVERAS","NORTH BLACKSTONE",167.00,W,N,B,-,N,,,,,,,,,,Y,2,0,1,2,A,-,17,21209,A,N,B,D,A,A,H,-,A,D,0,,,Y,,Y,Y,C,02,1,0,0,0,0,0,0,0,1,"- ","- ",,,FRESNO,FRESNO,-119.79303741455078,36.742477416992188
84629165,2025,2025-03-27,1005,2025-02-27,1930,P1957,,4,5,7,1005,0,0,0,,0,00A,"HUGHES AVE","MICHIGAN AVE",82.00,S,N,A,-,N,,,,,,,,,,N,1,1,0,2,A,-,11,21954,A,N,G,B,E,A,H,-,C,D,0,Y,,,,Y,,N,60,0,0,0,1,0,0,0,0,0,"- ","- ",36.776981353759766,-119.83541870117188,FRESNO,FRESNO,-119.83566284179688,36.776683807373047
8465294,2016,2018-09-24,1003,2016-01-08,1859,F034,,5,5,2,1003,0,0,0,,0,0FI,"N ST","SAIPAN AV",0.00,,Y,A,-,Y,FRE,6,33,-,-,69.780,H,-,S,N,1,1,0,2,A,-,11,21950,B,N,A,B,D,A,H,-,C,D,0,Y,,,,Y,Y,N,60,0,0,0,1,0,0,0,0,0,"- ","- ",,,FRESNO,FIREBAUGH,-120.45204622999999,36.85263321
8465295,2016,2017-10-12,1005,2016-02-24,2259,P731,2451,3,5,7,1005,0,0,0,,0,01A,"OLIVE AV","HUGHES AV",8.00,E,N,A,-,N,,,,,,,,,,Y,1,1,1,2,C,-,18,,,N,C,C,A,A,H,-,C,A,0,,,,,Y,,-,"- ",0,0,1,0,0,0,0,0,0,"- ","- ",,,FRESNO,FRESNO,-119.83553271,36.757450079999998
8465298,2016,2017-10-12,1005,2016-06-10,0417,P1298,NE,5,5,7,1005,0,0,0,,0,D1857,"GETTYSBURG AV","AUGUSTA ST",12.00,W,N,A,-,N,,,,,,,,,,Y,1,1,0,2,A,-,03,22350,,N,G,B,E,A,H,-,C,D,0,Y,,,,Y,,A,01,0,0,0,1,0,0,0,0,0,"- ","- ",36.801400000000001,-119.77915,FRESNO,FRESNO,-119.77914096000001,36.801310180000002
8465302,2016,2017-10-13,1005,2016-10-31,1135,P1117,SOUTH,1,5,7,1005,0,0,0,,0,00E,"CHURCH AV","9TH ST",115.00,E,N,A,-,N,,,,,,,,,,Y,2,0,1,2,A,-,08,22107,,N,H,G,A,A,H,-,A,D,0,,Y,,,Y,,L,04,1,0,0,0,0,0,1,0,0,"- ","- ",36.714170000000003,-119.75861999999999,FRESNO,FRESNO,-119.75814794,36.714163059999997
8465303,2016,2017-10-13,1005,2016-08-17,2054,P1070,2155,3,5,7,1005,0,0,0,,0,NWH,"BLACKSTONE AV","CLINTON AV",0.00,,Y,A,-,N,,,,,,,,,,N,1,1,0,2,A,-,10,21950,A,F,G,B,B,A,H,-,C,A,0,Y,,,,Y,Y,D,22,0,0,0,1,0,0,0,0,0,"- ","- ",36.772289999999998,-119.79058000000001,FRESNO,FRESNO,-119.79065996999999,36.772270040000002
8465304,2016,2017-10-13,1005,2016-08-29,1812,P731,2758,1,5,7,1005,0,0,0,,0,03F,"HAZELWOOD BL","1ST ST",0.00,,Y,A,-,N,,,,,,,,,,Y,1,1,3,2,A,-,01,23152,B,N,D,C,A,A,H,-,A,A,0,,,,,Y,Y,A,08,1,1,1,0,0,0,0,0,0,"- ","- ",36.733110000000003,-119.77249999999999,FRESNO,FRESNO,-119.77255986999999,36.733080090000001
8465305,2016,2018-09-24,1005,2016-09-05,2048,P731,1756,1,5,7,1005,0,0,0,,0,04D,"BLACKSTONE AV","RIALTO AV",115.00,N,N,A,-,N,,,,,,,,,,N,1,1,0,2,A,-,00,21954,,N,G,B,D,A,H,-,D,D,0,Y,,,,Y,,N,60,0,0,0,1,0,0,0,0,0,"- ","- ",36.803060000000002,-119.79040000000001,FRESNO,FRESNO,-119.79057175,36.803425660000002
8465307,2016,2017-10-19,1005,2016-09-23,2500,P731,2553,5,5,7,1005,0,0,0,,0,01A,"G ST","DIVISADERO ST",95.00,N,N,A,-,N,,,,,,,,,,Y,1,1,0,1,C,-,18,,,N,E,I,A,A,D,G,A,A,0,,,,,Y,,-,"- ",0,0,0,0,0,0,0,0,0,"- ","- ",,,FRESNO,FRESNO,-119.807163,36.743081220000001
8465308,2016,2017-10-13,1005,2016-10-17,1853,P1070,2060,1,5,7,1005,0,0,0,,0,NEG,"CEDAR AV","GARLAND AV",0.00,,Y,B,-,N,,,,,,,,,,Y,1,1,0,2,A,-,11,21950,B,N,G,B,B,A,H,-,C,D,0,Y,,,,Y,,N,60,0,0,0,1,0,0,0,0,0,"- ","- ",36.784959999999998,-119.75435,FRESNO,FRESNO,-119.75426987,36.785030089999999
8465309,2016,2017-10-13,1005,2016-10-17,2241,P731,2148,1,5,7,1005,0,0,0,,0,05F,"BRAWLEY AV","PRINCETON AV N",135.00,N,N,A,-,N,,,,,,,,,,N,1,1,0,2,A,-,08,22107,,F,G,B,E,A,H,-,D,D,0,Y,,,,Y,,D,22,0,0,0,1,0,0,0,0,0,"- ","- ",36.775460000000002,-119.86236,FRESNO,FRESNO,-119.86233584,36.77584057
8465312,2016,2017-10-16,1005,2016-10-28,2058,P1131,5,5,5,7,1005,0,0,0,,0,00B,"HERNDON AV","FRUIT AV",80.00,W,N,A,-,N,,,,,,,,,,Y,1,1,0,2,A,-,11,21954,A,N,G,B,D,A,H,-,C,A,0,Y,,,,Y,Y,N,60,0,0,0,1,0,0,0,0,0,"- ","- ",36.836979999999997,-119.8172,FRESNO,FRESNO,-119.8175557,36.838157209999999
8465313,2016,2017-10-13,1005,2016-11-10,0849,P731,2460,4,5,7,1005,0,0,0,,0,SEC,MAPLE,"OLIVE AV",0.00,,Y,E,-,N,,,,,,,,,,Y,1,1,3,3,A,-,01,23152,A,N,D,C,A,A,H,-,A,A,0,,,,,Y,Y,A,07,2,1,0,0,0,0,0,0,0,"- ","- ",,,FRESNO,FRESNO,-119.74542996,36.757710000000003
8465314,2016,2018-09-24,1005,2016-11-18,0100,P1298,SW,5,5,7,1005,0,0,0,,0,E2955,"ELM AV","CALIFORNIA AV",0.00,,Y,A,-,N,,,,,,,,,,Y,1,1,0,1,A,-,03,22350,,N,E,I,A,A,H,-,C,A,0,,,,,Y,,A,01,0,0,0,0,0,0,0,0,0,"- ","- ",36.720860000000002,-119.79169,FRESNO,FRESNO,-119.79156996,36.720820089999997
8465315,2016,2017-10-16,1005,2016-11-28,1907,P1131,,1,5,7,1005,0,0,0,,0,,"FOWLER AV","DAKOTA AV",655.00,S,N,B,-,N,,,,,,,,,,Y,1,1,1,2,C,-,18,,,N,E,I,A,A,H,-,C,A,0,,,,,Y,,-,"- ",0,1,0,0,0,0,0,0,0,"- ","- ",36.786619999999999,-119.68214999999999,FRESNO,FRESNO,-119.68234463,36.784879150000002
8465318,2016,2017-10-19,1005,2016-12-14,0958,P1070,1447,3,5,7,1005,0,0,0,,0,NWD,"FIGARDEN DR","BRUNSWICK AV",0.00,,Y,A,-,N,,,,,,,,,,Y,1,1,0,2,A,-,12,22450,A,N,D,C,A,A,H,-,A,A,0,,,Y,,Y,,A,01,0,0,0,0,0,0,0,1,0,"- ","- ",36.829450000000001,-119.86709,FRESNO,FRESNO,-119.86718986,36.829380049999997
8465372,2017,2019-04-09,1005,2017-06-21,0410,P1298,CE,3,5,7,1005,0,0,0,,0,B2056,"SHIELDS AV","FRESNO ST",0.00,,Y,A,-,N,,,,,,,,,,Y,1,1,0,2,A,-,12,21453,A,N,D,C,A,A,H,-,C,A,0,,,Y,,Y,,O,05,0,0,0,0,0,0,0,1,0,"- ","- ",36.779649999999997,-119.78148,FRESNO,FRESNO,-119.78153987,36.779760090000003
8465501,2017,2018-11-15,1001,2017-07-12,1304,5605,,3,5,5,1001,0,0,0,,0,002,"ASHLAN AV","RENN AV",0.00,,Y,A,-,N,,,,,,,,,,Y,2,0,1,1,C,-,18,,,N,E,I,A,A,H,-,A,D,0,,,,,Y,,-,"- ",1,0,0,0,0,0,0,0,0,"- ","- ",36.793689999999998,-119.68366,FRESNO,CLOVIS,-119.68363988999999,36.793900100000002
8465536,2018,2020-05-22,1005,2018-02-07,2022,P1872,SW255,3,5,7,1005,0,0,0,,0,00B,"EAST BELMONT AV","NORTH PALM AV",24.00,N,N,A,-,N,,,,,,,,,,N,1,1,0,2,A,-,10,21954,B,F,G,B,E,A,H,-,C,A,0,Y,,,,Y,,A,01,0,0,0,1,0,0,0,0,0,"- ","- ",,,FRESNO,FRESNO,-119.80828857421875,36.750381469726562
8465691,2018,2019-03-21,1005,2018-03-14,2329,P731,2360,3,5,7,1005,0,0,0,,0,03A,"MCKINLEY AV","RT 168",1005.00,E,N,A,-,Y,FRE,6,168,-,R,1.246,R,4,W,Y,1,1,1,1,A,-,01,23152,E,N,E,I,A,B,H,-,C,A,0,,,,,Y,Y,A,01,1,0,0,0,0,0,0,0,0,"- ",EF,36.765079498291016,-119.75108337402344,FRESNO,FRESNO,-119.74950408935547,36.768592834472656
8465714,2018,2019-04-02,1005,2018-08-15,0546,P731,2755,3,5,7,1005,0,0,0,,0,01E,"FRESNO ST","E ST",13.00,W,N,A,-,N,,,,,,,,,,N,1,1,0,2,A,-,10,21950,A,N,G,B,B,A,H,-,C,A,0,Y,,,,Y,Y,A,07,0,0,0,1,0,0,0,0,0,"- ","- ",36.7318115234375,-119.79820251464844,FRESNO,FRESNO,-119.79823303222656,36.731777191162109
8465834,2019,2021-05-25,1005,2019-02-21,1824,P731,0459,4,5,7,1005,0,0,0,,0,04A,"FRIANT RD","COPPER RIVER DR",18.00,N,N,A,-,N,,,,,,,,,,Y,1,1,0,2,A,-,01,23152,B,F,G,B,B,A,H,-,C,A,0,Y,,,,Y,Y,A,01,0,0,0,1,0,0,0,0,0,"- ","- ",36.902061462402344,-119.75930023193359,FRESNO,FRESNO,-119.75941467285156,36.902194976806641
8465839,2018,2019-06-06,1005,2018-05-17,0113,P731,1749,4,5,7,1005,0,0,0,,0,05G,"EMERSON AV","HAZEL AV",17.00,E,N,A,-,N,,,,,,,,,,Y,1,1,0,1,A,-,01,23152,B,N,E,I,A,A,H,-,C,A,0,,,,,Y,Y,A,07,0,0,0,0,0,0,0,0,0,"- ","- ",36.803619384765625,-119.84915924072266,FRESNO,FRESNO,-119.84896850585938,36.803874969482422
8465882,2019,2019-07-02,1005,2019-01-05,2204,P1131,"5 F",6,5,7,1005,0,0,0,,0,2250,"WEST MCKINLEY AV","NORTH MARKS AV",374.00,E,N,B,C,N,,,,,,,,,,N,1,1,0,2,A,-,11,21954,A,N,G,B,E,B,H,-,C,D,0,Y,,,,Y,,N,60,0,0,0,1,0,0,0,0,0,"- ","- ",36.764629364013672,-119.8443603515625,FRESNO,FRESNO,-119.84307098388672,36.764678955078125
8465887,2018,2019-07-02,1005,2018-10-17,0007,P1070,2352,3,5,7,1005,0,0,0,,0,"CE E","WEBER AV","BROOKS AV",61.00,N,N,A,-,N,,,,,,,,,,Y,1,1,0,1,A,-,01,23152,F,N,E,I,A,A,H,-,C,A,0,,,Y,,Y,,C,02,0,0,0,0,0,0,0,1,0,"- ","- ",36.76239013671875,-119.82637786865234,FRESNO,FRESNO,-119.82651519775391,36.762516021728516
8465893,2019,2019-07-02,1005,2019-04-23,2140,P744,"SW 33",2,5,7,1005,0,0,0,,0,00G,"SOUTH CEDAR AV","E MUSCAT AV",153.00,E,N,A,-,N,,,,,,,,,,N,1,1,0,2,A,-,03,22350,,N,-,G,A,A,H,-,D,D,0,,Y,,,Y,,A,01,0,0,0,0,0,1,0,0,0,"- ","- ",,,FRESNO,FRESNO,-119.75469970703125,36.685150146484375
8465896,2019,2021-05-25,1009,2019-04-29,2101,R054,ME,1,5,2,1009,0,0,0,,0,,"DERRICK AV","6TH ST",184.00,N,N,A,-,Y,FRE,6,33,-,-,61.680,H,-,S,N,1,1,0,2,A,-,10,21950,C,N,G,B,D,A,H,-,C,D,0,Y,,,,Y,,A,01,0,0,0,1,0,0,0,0,0,"- ","- ",,,FRESNO,MENDOTA,-120.38675689697266,36.752468109130859
84679120,2025,2025-05-07,1005,2025-03-07,"344 ",P1684,,5,5,7,1005,0,0,0,,0,A/1247,"HERNDON AVE","BRAWLEY AVE",1336.00,W,N,A,-,N,,,,,,,,,,N,1,1,0,3,A,-,11,21954,A,N,G,B,D,A,H,-,D,D,0,Y,,,,Y,Y,N,60,0,0,0,1,0,0,0,0,0,"- ","- ",36.837070465087891,-119.86248779296875,FRESNO,FRESNO,-119.86700439453125,36.837043762207031
84679133,2025,2025-05-07,1005,2025-03-13,"411 ",P2296,,4,5,7,1005,0,0,0,,0,02B,"ASHLAN AVE","AUGUSTA ST",130.00,W,N,C,-,N,,,,,,,,,,Y,1,1,0,2,A,-,11,21954,A,N,G,B,D,B,H,-,C,D,0,Y,,,,Y,Y,N,60,0,0,0,1,0,0,0,0,0,"- ","- ",36.794170379638672,-119.77924346923828,FRESNO,FRESNO,-119.77958679199219,36.794109344482422
84679171,2025,2025-05-07,1005,2025-03-24,2241,P2082,,1,5,7,1005,0,0,0,,0,,"FRESNO ST","ANDREWS AVE",183.00,N,N,A,-,N,,,,,,,,,,Y,2,0,1,2,A,-,11,21954,A,N,G,B,E,A,H,-,C,D,0,Y,,,,Y,,N,60,1,0,0,0,1,0,0,0,0,"- ","- ",36.780788421630859,-119.78148651123047,FRESNO,FRESNO,-119.78148651123047,36.781341552734375
84679180,2025,2025-05-07,1005,2025-03-25,2131,P2082,,2,5,7,1005,0,0,0,,0,,"CLINTON AVE","MAROA AVE",0.00,,Y,A,-,N,,,,,,,,,,N,2,0,1,2,A,-,12,21453,A,N,D,G,A,A,H,-,C,A,0,,Y,,,Y,,L,04,1,0,0,0,0,0,1,0,0,"- ","- ",36.772209167480469,-119.79949188232422,FRESNO,FRESNO,-119.79959106445312,36.772201538085938
84679194,2025,2025-05-07,1005,2025-03-28,"125 ",P1734,,5,5,7,1005,0,0,0,,0,,"FRESNO ST","UNIVERSITY AVE",35.00,S,N,A,-,N,,,,,,,,,,Y,2,0,1,1,A,-,08,22107,,N,E,I,A,A,H,-,C,A,0,,,,,Y,,A,01,1,0,0,0,0,0,0,0,0,"- ","- ",36.766788482666016,-119.78163146972656,FRESNO,FRESNO,-119.78153228759766,36.766735076904297
84679258,2025,2025-05-07,1005,2025-04-03,2359,P2250,,4,5,7,1005,0,0,0,,0,BAKER,"MARKS AVE","PALO ALTO AVE",160.00,N,N,A,-,Y,,,,,,,,,,Y,2,0,1,1,A,-,03,22350,,N,H,I,A,A,H,-,C,D,0,,,,,Y,Y,A,01,1,0,0,0,0,0,0,0,0,"- ","- ",,,FRESNO,FRESNO,-119.84463500976562,36.834068298339844
84679267,2025,2025-05-07,1005,2025-04-04,1818,P2076,,5,5,7,1005,0,0,0,,0,00B,"ARMSTRONG AVE","SHIELDS AVE",74.00,N,N,A,-,N,,,,,,,,,,Y,2,0,4,4,A,-,01,23152,A,N,C,D,A,A,H,-,A,A,0,,,,,Y,Y,A,01,1,3,0,0,0,0,0,0,0,"- ","- ",36.779449462890625,-119.67304992675781,FRESNO,FRESNO,-119.67316436767578,36.779541015625
84679272,2025,2025-05-07,1005,2025-04-05,1539,P2196,,6,5,7,1005,0,0,0,,0,00C,"GOLDEN STATE BLVD","RICHERT AVE",1400.00,S,N,A,-,N,,,,,,,,,,N,2,0,1,2,A,-,08,22107,,F,B,C,A,A,H,-,A,D,0,,,Y,,Y,,A,01,1,0,0,0,0,0,0,0,1,"- ","- ",36.797248840332031,-119.86557769775391,FRESNO,FRESNO,-119.86251068115234,36.794345855712891
84679273,2025,2025-05-07,1005,2025-04-05,1958,P2348,,6,5,7,1005,0,0,0,,0,00E,"BELMONT AVE","PALM AVE",126.00,E,N,A,-,N,,,,,,,,,,N,2,0,1,2,A,-,09,21801,A,N,B,G,A,A,H,-,A,A,0,,Y,,,Y,,A,01,1,0,0,0,0,0,1,0,0,"- ","- ",36.450000762939453,-119.48000335693359,FRESNO,FRESNO,-119.807861328125,36.750381469726562
84679327,2025,2025-05-07,1005,2025-04-12,2233,P1939,,6,5,7,1005,0,0,0,,0,,"SOMMERVILLE DR","PERRIN AVE",436.00,S,N,A,-,N,,,,,,,,,,Y,2,0,1,1,C,-,18,,,N,E,J,A,A,H,-,C,D,0,,,,,Y,,-,"- ",1,0,0,0,0,0,0,0,0,"- ","- ",36.873550415039062,-119.74005126953125,FRESNO,FRESNO,-119.73936462402344,36.872486114501953
84679403,2025,2025-05-07,1005,2025-04-26,2304,P731,,6,5,7,1005,0,0,0,,0,01G,"JENSEN AVE","LOTUS AVE",165.00,E,N,A,-,Y,,,,,,,,,,Y,1,1,0,2,A,-,05,21650,,F,A,J,A,A,H,-,C,D,0,,,,,Y,,M,91,0,0,0,0,0,0,0,0,0,"- ","- ",36.706890106201172,-119.78732299804688,FRESNO,FRESNO,-119.78681945800781,36.706920623779297
8473188,2017,2017-11-30,1001,2017-10-15,1833,5669,,7,5,5,1001,0,0,0,,0,004,"W WILLOW AV",BEVERLY,333.00,S,N,A,-,N,,,,,,,,,,Y,2,0,1,1,A,-,03,22350,,N,A,A,A,A,H,-,B,D,0,,,Y,,Y,,C,02,1,0,0,0,0,0,0,0,1,"- ","- ",36.808570000000003,-119.72726,FRESNO,CLOVIS,-119.72718033,36.811626349999997
8473224,2017,2017-11-21,1001,2017-03-30,1939,5699,,4,5,5,1001,0,0,0,,0,005,"MINNEWAWA AV","W 9TH ST",147.00,S,N,A,G,N,,,,,,,,,,Y,2,0,2,3,A,-,03,22350,,N,C,C,A,A,H,-,B,D,0,,,,,Y,,A,01,1,0,1,0,0,0,0,0,0,"- ","- ",36.817749999999997,-119.70865000000001,FRESNO,CLOVIS,-119.70897459,36.818276539999999
8560677,2018,2018-03-06,1001,2018-02-15,1806,5658,,4,5,5,1001,0,0,0,,0,002,"FOWLER AV","ASHLAN AV",326.00,S,N,A,-,N,,,,,,,,,,N,2,0,1,2,A,-,11,21954,A,N,G,B,D,A,H,-,C,D,0,Y,,,,Y,Y,N,60,1,0,0,0,1,0,0,0,0,"- ","- ",36.794059753417969,-119.68225860595703,FRESNO,CLOVIS,-119.68226623535156,36.793136596679688
8608105,2018,2018-04-27,1001,2018-04-13,2218,5734,,5,5,5,1001,0,0,0,,0,004,"WEST BULLARD AV","WILLOW AV",0.00,,Y,A,-,N,,,,,,,,,,Y,2,0,2,2,A,-,12,21453,A,N,A,C,A,A,H,-,-,A,0,,,,,Y,,A,01,1,1,0,0,0,0,0,0,0,"- ","- ",36.823020935058594,-119.72895812988281,FRESNO,CLOVIS,-119.72901153564453,36.823040008544922
8612702,2018,2018-05-22,1007,2018-04-17,0730,I062,KERMA,2,5,2,1007,0,0,0,,0,0KE,"1ST ST","C ST",3.00,E,N,A,-,N,,,,,,,,,,N,2,0,1,2,A,-,10,21950,A,N,G,B,B,A,H,-,A,D,0,Y,,,,Y,,-,,1,0,0,0,1,0,0,0,0,"- ","- ",,,FRESNO,KERMAN,-120.06529235839844,36.722690582275391
8648005,2018,2018-07-17,1005,2018-01-27,0011,P731,2364,6,5,7,1005,0,0,0,,0,03A,"CLOVIS AV","LAMONA AV",325.00,N,N,A,-,N,,,,,,,,,,Y,1,1,1,1,A,-,01,23152,B,N,E,I,A,A,H,-,C,D,0,,,,,Y,Y,A,01,0,1,0,0,0,0,0,0,0,"- ","- ",36.76068115234375,-119.70040893554688,FRESNO,FRESNO,-119.70054626464844,36.761592864990234
8648006,2018,2018-07-17,1005,2018-01-19,0604,P1070,2154,5,5,7,1005,0,0,0,,0,CEC,"SHIELDS AV","FRUIT AV",6.00,W,N,B,C,N,,,,,,,,,,N,1,1,0,2,A,-,10,21950,A,F,G,B,B,B,H,-,C,A,0,Y,,,,Y,,I,19,0,0,0,1,0,0,0,0,0,"- ","- ",36.779399871826172,-119.81761169433594,FRESNO,FRESNO,-119.81758880615234,36.779369354248047
8648233,2018,2020-05-26,1015,2018-09-17,1940,N106,SELMA,1,5,3,1015,0,0,0,,0,004,"HIGHLAND AV","NEBRASKA AV",0.00,,Y,A,-,N,,,,,,,,,,N,1,1,0,2,A,-,11,21453,D,N,G,B,B,A,H,-,C,A,0,Y,,,,Y,Y,N,60,0,0,0,1,0,0,0,0,0,"- ","- ",,,FRESNO,SELMA,-119.62882232666016,36.561660766601562
8648313,2018,2018-11-02,1001,2018-09-25,1557,5145,,2,5,5,1001,0,0,0,,0,004,"MINNEWAWA AV","4TH ST",190.00,N,N,A,-,N,,,,,,,,,,Y,1,1,1,2,A,-,09,21801,A,N,D,C,A,A,H,-,A,D,0,,,Y,,Y,,A,01,0,0,1,0,0,0,0,1,0,"- ","- ",,,FRESNO,CLOVIS,-119.70893096923828,36.825820922851562
8648569,2018,2019-01-30,1005,2018-03-03,2144,P1070,CEE,6,5,7,1005,0,0,0,,0,2353,"OLIVE AV","SAFFORD AV",0.00,,Y,B,C,N,,,,,,,,,,N,1,1,0,2,A,-,10,21950,A,F,G,B,B,B,H,-,C,D,0,Y,,,,Y,,D,22,0,0,0,1,0,0,0,0,0,"- ","- ",36.757678985595703,-119.80979156494141,FRESNO,FRESNO,-119.80970764160156,36.757621765136719
8662659,2018,2018-07-25,1001,2018-02-04,1816,5465,,7,5,5,1001,0,0,0,,0,001,"WILLOW AV","W GETTYSBURG AV",112.00,S,N,A,-,N,,,,,,,,,,Y,2,0,1,2,A,-,11,21954,A,N,G,B,D,A,H,-,C,A,0,Y,,,,Y,,-,"- ",1,0,0,0,1,0,0,0,0,"- ","- ",36.801261901855469,-119.72724151611328,FRESNO,CLOVIS,-119.727294921875,36.800952911376953
8696669,2018,2018-10-01,1001,2018-08-27,1627,5659,,1,5,5,1001,0,0,0,,0,007,"ALLUVIAL AV","SUNNYSIDE AV",0.00,,Y,A,-,N,,,,,,,,,,Y,2,0,2,2,A,-,12,21453,A,N,D,C,A,A,H,-,A,A,0,,,,,Y,,D,22,1,0,1,0,0,0,0,0,0,"- ","- ",36.844688415527344,-119.69291687011719,FRESNO,CLOVIS,-119.69291687011719,36.844688415527344
8696788,2018,2018-09-26,1001,2018-08-26,1320,5671,,7,5,5,1001,0,0,0,,0,007,"EAST HERNDON AV","S ASH AV",0.00,,Y,A,-,N,,,,,,,,,,Y,2,0,2,2,A,-,09,21801,A,N,D,C,A,A,H,-,A,D,0,,,Y,,Y,,-,"- ",1,1,0,0,0,0,0,0,1,"- ","- ",36.837558746337891,-119.67965698242188,FRESNO,CLOVIS,-119.67965698242188,36.837558746337891
8702666,2018,2018-11-05,1001,2018-08-28,1231,5669,,2,5,5,1001,0,0,0,,0,002,"FOWLER AV","SHAW AV",0.00,,Y,A,-,N,,,,,,,,,,Y,2,0,1,2,A,-,07,21658,A,N,F,C,A,A,H,-,A,D,0,,,Y,,Y,,A,01,1,0,0,0,0,0,0,0,1,"- ","- ",36.808521270751953,-119.68206024169922,FRESNO,CLOVIS,-119.68206024169922,36.808670043945312
8709196,2018,2018-10-11,1012,2018-09-12,1511,L055,REEDL,3,5,3,1012,0,0,0,,0,001,"W MANNING AV","I ST",177.00,E,N,A,-,N,,,,,,,,,,N,2,0,1,2,A,-,05,21650,1,N,C,G,A,A,H,-,A,A,0,,Y,,,Y,,L,04,1,0,0,0,0,0,1,0,0,"- ","- ",,,FRESNO,REEDLEY,-119.46083831787109,36.601890563964844
8713863,2018,2018-10-18,1015,2018-10-03,1325,N262,,3,5,3,1015,0,0,0,,0,004,"2ND ST","YOUNG ST",164.00,E,N,B,-,N,,,,,,,,,,N,2,0,1,2,A,-,09,21804,A,N,C,G,A,-,A,H,A,D,0,,Y,,,Y,,L,04,1,0,0,0,0,0,1,0,0,"- ","- ",,,FRESNO,SELMA,-119.61448669433594,36.564826965332031
8736286,2018,2018-11-28,1002,2018-07-16,1440,E1412,,1,5,3,1002,0,0,0,,0,,"E POLK ST","PINE ST",0.00,,Y,A,-,N,,,,,,,,,,Y,2,0,1,2,A,-,08,22107,,N,C,D,A,A,H,-,A,D,0,,,,,Y,,A,01,1,0,0,0,0,0,0,0,0,"- ","- ",36.136539459228516,-120.35275268554688,FRESNO,COALINGA,-120.35276,36.136569999999999
8751847,2018,2018-12-11,1013,2018-08-30,2302,M146,FRES,4,5,3,1013,0,0,0,,0,003,"P ST","14TH ST",333.00,N,N,A,-,N,,,,,,,,,,N,2,0,1,2,A,-,03,22350,,F,C,G,A,A,H,-,D,D,0,,Y,,,Y,,-,,1,0,0,0,0,0,1,0,0,"- ","- ",,,FRESNO,SANGER,-119.55863952636719,36.697883605957031
8752155,2018,2019-01-25,1015,2018-11-09,1438,N084,SELMA,5,5,3,1015,0,0,0,,0,002,"MCCALL AV","GOLDRIDGE ST",0.00,,Y,A,-,N,,,,,,,,,,N,2,0,1,2,A,-,05,21460,A,N,C,C,A,A,H,-,A,D,0,,,,,Y,,-,,1,0,0,0,0,0,0,0,0,"- ","- ",,,FRESNO,SELMA,-119.61067199707031,36.587509155273438
8789223,2018,2019-02-01,1011,2018-03-18,2212,K074,PARLI,7,5,3,1011,0,0,0,,0,0PA,"MANNING AV","ACADEMY AV",1000.00,E,N,A,-,N,,,,,,,,,,N,2,0,1,1,A,-,08,22107,,N,F,J,A,A,H,-,C,A,0,,,,,Y,,-,,1,0,0,0,0,0,0,0,0,"- ","- ",,,FRESNO,PARLIER,-119.55355834960938,36.60504150390625
8808013,2018,2019-03-22,1009,2018-11-28,1717,R078,,3,5,2,1009,0,0,0,,0,0ME,"OLLER ST","6TH ST",0.00,,Y,C,-,Y,FRE,6,180,-,-,23.830,I,5,W,N,1,1,0,2,A,-,10,21950,A,N,G,B,B,B,H,-,C,-,0,Y,,,,Y,,-,,0,0,0,1,0,0,0,0,0,"- ","- ",,,FRESNO,MENDOTA,-120.38236999511719,36.757102966308594