CASE_ID,ACCIDENT_YEAR,PROC_DATE,JURIS,COLLISION_DATE,COLLISION_TIME,OFFICER_ID,REPORTING_DISTRICT,DAY_OF_WEEK,CHP_SHIFT,POPULATION,CNTY_CITY_LOC,SPECIAL_COND,BEAT_TYPE,CHP_BEAT_TYPE,CITY_DIVISION_LAPD,CHP_BEAT_CLASS,BEAT_NUMBER,PRIMARY_RD,SECONDARY_RD,DISTANCE,DIRECTION,INTERSECTION,WEATHER_1,WEATHER_2,STATE_HWY_IND,CALTRANS_COUNTY,CALTRANS_DISTRICT,STATE_ROUTE,ROUTE_SUFFIX,POSTMILE_PREFIX,POSTMILE,LOCATION_TYPE,RAMP_INTERSECTION,SIDE_OF_HWY,TOW_AWAY,COLLISION_SEVERITY,NUMBER_KILLED,NUMBER_INJURED,PARTY_COUNT,PRIMARY_COLL_FACTOR,PCF_CODE_OF_VIOL,PCF_VIOL_CATEGORY,PCF_VIOLATION,PCF_VIOL_SUBSECTION,HIT_AND_RUN,TYPE_OF_COLLISION,MVIW,PED_ACTION,ROAD_SURFACE,ROAD_COND_1,ROAD_COND_2,LIGHTING,CONTROL_DEVICE,CHP_ROAD_TYPE,PEDESTRIAN_ACCIDENT,BICYCLE_ACCIDENT,MOTORCYCLE_ACCIDENT,TRUCK_ACCIDENT,NOT_PRIVATE_PROPERTY,ALCOHOL_INVOLVED,STWD_VEHTYPE_AT_FAULT,CHP_VEHTYPE_AT_FAULT,COUNT_SEVERE_INJ,COUNT_VISIBLE_INJ,COUNT_COMPLAINT_PAIN,COUNT_PED_KILLED,COUNT_PED_INJURED,COUNT_BICYCLIST_KILLED,COUNT_BICYCLIST_INJURED,COUNT_MC_KILLED,COUNT_MC_INJURED,PRIMARY_RAMP,SECONDARY_RAMP,LATITUDE,LONGITUDE,COUNTY,CITY,POINT_X,POINT_Y
8808210,2019,2019-06-06,1012,2019-02-24,1530,L016,,7,5,3,1012,0,0,0,,0,001,"I ST","15TH ST",79.00,N,N,A,-,N,,,,,,,,,,N,1,1,0,2,A,-,11,21954,A,N,G,B,D,A,H,-,A,D,0,Y,,,,Y,,N,60,0,0,0,1,0,0,0,0,0,"- ","- ",,,FRESNO,REEDLEY,-119.44901275634766,36.590934753417969
8822118,2019,2019-04-15,1001,2019-02-27,1536,5465,,3,5,5,1001,0,0,0,,0,004,"VILLA AV","SAN JOSE AV",450.00,S,N,B,-,N,,,,,,,,,,Y,2,0,2,2,A,-,09,21804,,N,D,C,A,A,H,-,A,A,0,,,Y,,Y,,D,22,1,0,1,0,0,0,0,0,1,"- ","- ",36.808399200439453,-119.71365356445312,FRESNO,CLOVIS,-119.713623046875,36.810905456542969
8825043,2018,2019-03-26,1009,2018-10-23,1754,R029,MENDO,2,5,2,1009,0,0,0,,0,0ME,"J ST","2ND ST",27.00,S,N,A,-,N,,,,,,,,,,N,2,0,2,2,A,-,09,21804,A,F,C,C,A,A,H,-,A,D,0,,,,,Y,Y,-,,1,0,1,0,0,0,0,0,0,"- ","- ",,,FRESNO,MENDOTA,-120.38226318359375,36.763526916503906
8826284,2018,2019-04-30,1009,2018-03-28,2251,R070,,3,5,2,1009,0,0,0,,0,0ME,"RT 33","MCCABE AV",0.00,,-,A,-,Y,FRE,6,33,-,R,62.290,H,-,N,N,2,0,1,2,A,-,11,21453,D,N,G,B,D,A,H,-,C,D,0,Y,,,,Y,,N,60,1,0,0,0,1,0,0,0,0,"- ","- ",,,FRESNO,MENDOTA,-120.38665008544922,36.761760711669922
8827505,2019,2019-04-25,1001,2019-02-11,1834,5707,,1,5,5,1001,0,0,0,,0,005,"SIERRA AV","CLOVIS AV",181.00,W,N,A,-,N,,,,,,,,,,Y,2,0,1,2,A,-,01,23152,F,N,D,C,A,A,H,-,C,D,0,,,,,Y,,A,01,1,0,0,0,0,0,0,0,0,"- ","- ",36.830329895019531,-119.70024108886719,FRESNO,CLOVIS,-119.70095825195312,36.830337524414062
8828080,2019,2019-04-12,1001,2019-02-17,2156,5761,,7,5,5,1001,0,0,0,,0,005,"N POLLASKY AV",SIERRA,212.00,N,N,A,-,N,,,,,,,,,,Y,2,0,2,3,A,-,03,22350,,N,E,E,A,A,H,-,D,D,0,,,,,Y,Y,D,22,2,0,0,0,0,0,0,0,0,"- ","- ",36.831279754638672,-119.70198059082031,FRESNO,CLOVIS,-119.70201873779297,36.830921173095703
8843623,2017,2019-05-24,1003,2017-11-21,1456,F056,,2,5,2,1003,0,0,0,,0,0FI,"9TH ST","N ST",0.00,,Y,A,-,Y,FRE,6,33,-,-,70.470,I,5,N,N,2,0,2,2,D,-,00,,,N,A,C,A,A,H,-,A,D,0,,,,,Y,,-,"- ",1,0,1,0,0,0,0,0,0,"- ","- ",,,FRESNO,FIREBAUGH,-120.45973386999999,36.860334709999997
8910961,2020,2022-06-11,1001,2020-02-07,2341,5700,,5,5,5,1001,0,0,0,,0,006,"ARMSTRONG AV","BULLARD AV",682.00,S,N,A,-,N,,,,,,,,,,Y,1,2,0,1,A,-,03,22350,,N,E,I,A,A,H,-,C,A,0,,,,,Y,Y,A,01,0,0,0,0,0,0,0,0,0,"- ","- ",36.822910308837891,-119.67294311523438,FRESNO,CLOVIS,-119.67294311523438,36.821189880371094
8911089,2019,2020-05-19,1005,2019-09-14,1241,P1941,SOUTH,6,5,7,1005,0,0,0,,0,00G,"CLOVIS AV","CHURCH AV",0.00,,Y,A,-,N,,,,,,,,,,Y,1,1,4,2,A,-,12,21453,A,N,D,C,A,A,H,-,A,A,0,,,,,Y,,A,01,1,1,2,0,0,0,0,0,0,"- ","- ",36.714958190917969,-119.69991302490234,FRESNO,FRESNO,-119.70005035400391,36.714870452880859
8911092,2019,2021-06-02,1005,2019-10-25,2354,P1131,1G,5,5,7,1005,0,0,0,,0,3057,"GOLDEN STATE BL","CHURCH AV",0.00,,Y,A,-,N,,,,,,,,,,Y,1,1,0,2,A,-,01,23152,A,F,D,C,A,A,H,-,C,A,0,,,Y,,Y,Y,A,01,0,0,0,0,0,0,0,1,0,"- ","- ",36.714210510253906,-119.77649688720703,FRESNO,FRESNO,-119.7763671875,36.714210510253906
8911093,2019,2020-05-19,1005,2019-10-26,1425,P731,0957,6,5,7,1005,0,0,0,,0,04B,"FRIANT RD","SHEPHERD AV",0.00,,Y,A,-,N,,,,,,,,,,Y,1,1,1,2,A,-,12,21453,A,N,D,C,A,A,H,-,A,A,0,,,Y,,Y,,C,02,0,1,0,0,0,0,0,1,0,"- ","- ",36.866218566894531,-119.77957153320312,FRESNO,FRESNO,-119.77964019775391,36.866291046142578
8911094,2019,2020-05-19,1005,2019-11-05,1808,P1070,2149,2,5,7,1005,0,0,0,,0,"NW F","VALENTINE AV","SHIELDS AV",557.00,S,N,A,-,N,,,,,,,,,,Y,1,1,2,3,A,-,01,23152,A,N,G,B,E,A,H,-,C,D,0,Y,,,,Y,Y,D,22,0,1,1,1,1,0,0,0,0,"- ","- ",36.779228210449219,-119.85341644287109,FRESNO,FRESNO,-119.85335540771484,36.777629852294922
8911095,2019,2020-05-19,1005,2019-11-05,2050,P731,2460,2,5,7,1005,0,0,0,,0,03C,"MAPLE AV","OLIVE AV",320.00,N,N,A,-,N,,,,,,,,,,N,1,1,0,2,A,-,11,21954,A,N,G,B,E,A,H,-,C,D,0,Y,,,,Y,,N,60,0,0,0,1,0,0,0,0,0,"- ","- ",36.757709503173828,-119.74533081054688,FRESNO,FRESNO,-119.74542999267578,36.758586883544922
8911099,2019,2020-05-19,1005,2019-11-22,2334,P1131,5A,5,5,7,1005,0,0,0,,0,1249,"HERNDON AV","MARKS AV",1100.00,E,N,A,-,N,,,,,,,,,,Y,1,1,0,1,A,-,08,22107,,N,E,I,A,A,G,-,D,D,0,,,,,Y,,A,01,0,0,0,0,0,0,0,0,0,"- ","- ",36.837181091308594,-119.84732818603516,FRESNO,FRESNO,-119.84375762939453,36.837284088134766
8911112,2019,2020-06-04,1005,2019-07-12,2251,P1796,NW174,5,5,7,1005,0,0,0,,0,00C,"N CORNELIA AV","N PARKWAY DR",0.00,,Y,A,-,N,,,,,,,,,,N,1,1,0,1,A,-,01,23152,B,N,A,I,A,-,H,-,C,D,0,,,,,Y,Y,-,,0,0,0,0,0,0,0,0,0,"- ","- ",,,FRESNO,FRESNO,-119.88056945800781,36.803428649902344
8911113,2019,2020-06-04,1005,2019-07-16,0206,P731,1062,2,5,7,1005,0,0,0,,0,04B,"WILLOW AV","TEAGUE AV",840.00,N,N,A,-,N,,,,,,,,,,Y,1,1,1,2,A,-,11,21954,A,N,G,B,D,A,H,-,C,D,0,Y,,,,Y,,N,60,0,1,0,1,0,0,0,0,0,"- ","- ",36.859588623046875,-119.72982788085938,FRESNO,FRESNO,-119.72991180419922,36.861766815185547
8911114,2019,2020-06-04,1005,2019-07-28,0100,P1070,2051,7,5,7,1005,0,0,0,,0,"CE A","WEST AV","SHIELDS AV",47.00,N,N,A,-,N,,,,,,,,,,Y,1,1,1,3,A,-,11,21954,A,N,G,B,D,A,H,-,C,A,0,Y,,,,Y,Y,N,60,1,0,0,1,1,0,0,0,0,"- ","- ",36.779289245605469,-119.82646942138672,FRESNO,FRESNO,-119.82666015625,36.779438018798828
8911115,2019,2020-06-04,1005,2019-08-03,1425,P1131,5D,6,5,7,1005,0,0,0,,0,1646,"SHAW AV","JENNIFER AV",0.00,,Y,A,-,N,,,,,,,,,,Y,1,2,0,5,A,-,03,22350,,N,D,C,A,A,H,-,A,D,0,,,Y,Y,Y,,C,02,0,0,0,0,0,0,0,2,0,"- ","- ",36.808208465576172,-119.87455749511719,FRESNO,FRESNO,-119.87458801269531,36.808319091796875
8911117,2019,2021-05-24,1005,2019-08-10,2359,P731,1859,6,5,7,1005,0,0,0,,0,04F,"CEDAR AV","ASHLAN AV",14.00,S,N,A,-,N,,,,,,,,,,Y,1,1,0,2,A,-,10,21950,A,N,G,B,B,A,H,-,C,A,0,Y,,,,Y,Y,A,01,0,0,0,1,0,0,0,0,0,"- ","- ",36.794059753417969,-119.75418853759766,FRESNO,FRESNO,-119.75436401367188,36.794052124023438
8911118,2019,2021-05-24,1005,2019-08-17,1110,P1070,"SE C",6,5,7,1005,0,0,0,,0,2560,"BELMONT AV","BARTON AV",332.00,W,N,A,-,N,,,,,,,,,,Y,1,1,2,3,A,-,01,23152,G,N,B,E,A,A,H,-,A,D,0,,,,,Y,Y,A,07,0,2,0,0,0,0,0,0,0,"- ","- ",36.75048828125,-119.74990844726562,FRESNO,FRESNO,-119.75107574462891,36.750545501708984
8911119,2019,2021-05-24,1005,2019-09-07,2025,P1818,SOUTH,6,5,7,1005,0,0,0,,0,00E,"VENTURA ST","F ST",0.00,,Y,A,-,N,,,,,,,,,,N,1,1,0,2,A,-,11,21954,A,N,G,B,D,A,H,-,C,A,0,Y,,,,Y,,N,60,0,0,0,1,0,0,0,0,0,"- ","- ",36.726551055908203,-119.79067230224609,FRESNO,FRESNO,-119.79061126708984,36.726520538330078
8911123,2019,2020-06-04,1005,2019-11-05,2128,P731,1855,2,5,7,1005,0,0,0,,0,05G,"BLACKSTONE AV","ASHLAN AV",130.00,N,N,A,-,N,,,,,,,,,,N,1,1,0,2,A,-,11,21954,A,N,G,B,E,A,H,-,C,A,0,Y,,,,Y,Y,N,60,0,0,0,1,0,0,0,0,0,"- ","- ",36.794029235839844,-119.79054260253906,FRESNO,FRESNO,-119.79062652587891,36.794456481933594
8911849,2020,2020-12-01,1001,2020-09-16,1602,5277,,3,5,5,1001,0,0,0,,0,002,"SHAW AV","SUNNYSIDE AV",399.00,W,N,A,-,N,,,,,,,,,,Y,1,1,0,2,A,-,00,23103,A,N,B,C,A,A,H,-,A,D,0,,,Y,,Y,,C,02,0,0,0,0,0,0,0,1,0,"- ","- ",,,FRESNO,CLOVIS,-119.69218444824219,36.80865478515625
8926225,2019,2019-08-23,1012,2019-07-30,1411,L193,REEDL,2,5,3,1012,0,0,0,,0,L04C,"14TH ST","J ST",0.00,,Y,A,-,N,,,,,,,,,,Y,2,0,2,2,A,-,09,21800,B,N,D,C,A,A,H,-,A,B,0,,,,,Y,Y,A,01,1,0,1,0,0,0,0,0,0,"- ","- ",,,FRESNO,REEDLEY,-119.450927734375,36.591178894042969
8933360,2019,2019-09-27,1001,2019-08-24,0722,5484,,6,5,5,1001,0,0,0,,0,004,"W SIERRA AV","N WILLOW AV",0.00,,Y,A,-,N,,,,,,,,,,Y,2,0,1,2,A,-,12,21453,A,N,H,G,A,A,H,-,A,A,0,,Y,,,Y,,L,04,1,0,0,0,0,0,1,0,0,"- ","- ",36.83026123046875,-119.72936248779297,FRESNO,CLOVIS,-119.72939300537109,36.83026123046875
8939077,2019,2019-10-17,1005,2019-01-07,0832,P1070,2954,1,5,7,1005,0,0,0,,0,"SW E","CALIFORNIA AV","MARTIN LUTHER KING JR BL",11.00,E,N,B,-,N,,,,,,,,,,N,1,1,0,2,A,-,10,21950,A,F,G,B,B,B,H,-,A,A,0,Y,,,,Y,,A,01,0,0,0,1,0,0,0,0,0,"- ","- ",36.721309661865234,-119.79984283447266,FRESNO,FRESNO,-119.79983520507812,36.721389770507812
8939078,2019,2019-10-17,1005,2019-06-20,1825,P1131,"4 B",4,5,7,1005,0,0,0,,0,1260,"HERNDON AV","MAPLE AV",1387.00,E,N,A,-,N,,,,,,,,,,Y,1,1,0,1,A,-,01,23152,A,N,E,I,A,A,H,-,A,D,0,,,,,Y,Y,A,01,0,0,0,0,0,0,0,0,0,"- ","- ",36.837520599365234,-119.74510192871094,FRESNO,FRESNO,-119.74044036865234,36.837699890136719
8939079,2019,2019-10-22,1005,2019-08-31,0036,P731,2655,6,5,7,1005,0,0,0,,0,01D,"FULTON ST","SACRAMENTO ST",73.00,N,N,A,-,N,,,,,,,,,,Y,1,1,1,6,A,-,01,23152,B,N,D,E,A,A,H,-,C,D,0,,,,,Y,Y,D,22,0,1,0,0,0,0,0,0,0,"- ","- ",36.742900848388672,-119.79985809326172,FRESNO,FRESNO,-119.80007934570312,36.742958068847656
8939080,2019,2021-05-28,1005,2019-07-20,2140,P731,2761,6,5,7,1005,0,0,0,,0,"SE F","KINGS CANYON RD","MAPLE RD",0.00,,Y,A,-,N,,,,,,,,,,Y,1,1,2,2,A,-,01,23152,B,N,D,C,A,A,H,-,C,A,0,,,,,Y,Y,A,01,1,1,0,0,0,0,0,0,0,"- ","- ",36.73583984375,-119.74537658691406,FRESNO,FRESNO,-119.7454833984375,36.735969543457031
8939090,2019,2021-05-28,1008,2019-08-21,1647,J264,,3,5,2,1008,0,0,0,,0,,"SIERRA AV","SIMPSON ST",0.00,,Y,A,-,Y,FRE,6,201,-,-,0.160,H,-,W,Y,1,1,0,2,A,-,12,22451,B,N,H,F,A,A,H,-,A,A,0,,,,,Y,Y,A,01,0,0,0,0,0,0,0,0,0,"- ","- ",,,FRESNO,KINGSBURG,-119.55823516845703,36.517917633056641
8939634,2019,2021-06-02,1003,2019-09-18,0140,F055,FIREB,3,5,2,1003,0,0,0,,0,,"13TH ST","RIVER DR",1584.00,W,N,A,-,N,,,,,,,,,,N,1,1,0,1,D,-,00,,,N,E,I,A,A,H,-,C,D,0,,,,,Y,Y,-,"- ",0,0,0,0,0,0,0,0,0,"- ","- ",36.858299255371094,-120.44764709472656,FRESNO,FIREBAUGH,-120.44791412353516,36.85833740234375
8939705,2023,2024-01-17,1001,2023-08-30,1201,5723,,3,5,5,1001,0,0,0,,0,007,"W NEES AV",SYLMAR,3.00,W,N,A,-,N,,,,,,,,,,Y,1,1,0,2,A,-,03,22350,,N,D,C,A,A,H,-,A,A,0,,,Y,,Y,,C,02,0,0,0,0,0,0,0,1,0,"- ","- ",36.582160949707031,-119.72975921630859,FRESNO,CLOVIS,-119.72316741943359,36.852180480957031
8939706,2023,2025-06-28,1001,2023-10-18,"33  ",5723,,3,5,5,1001,0,0,0,,0,004,"WEST SHAW AV","WILLOW AV",0.00,,Y,A,-,N,,,,,,,,,,Y,1,1,0,2,A,-,05,21651,B,N,G,C,A,A,H,-,A,A,0,,,,,Y,,M,94,0,0,0,0,0,0,0,0,0,"- ","- ",36.808498382568359,-119.72722625732422,FRESNO,CLOVIS,-119.72731781005859,36.808433532714844
8939707,2023,2024-01-17,1001,2023-01-06,"637 ",5886,,5,5,5,1001,0,0,0,,0,007,"N PEACH AV","W NEES AV W",0.00,,Y,B,-,N,,,,,,,,,,Y,1,1,0,2,A,-,10,21950,A,N,G,B,B,B,D,E,B,A,0,Y,,,,Y,,A,08,0,0,0,1,0,0,0,0,0,"- ","- ",36.852039337158203,-119.72015380859375,FRESNO,CLOVIS,-119.72015380859375,36.852046966552734
8958070,2019,2020-01-29,1004,2019-07-24,1804,G073,FOWLE,3,5,2,1004,0,0,0,,0,FO03,"GOLDEN STATE BL","ADAMS AV",0.00,,Y,A,-,N,,,,,,,,,,Y,2,0,1,2,A,-,09,21453,C,N,D,C,A,A,H,-,A,A,0,,,,,Y,,A,01,1,0,0,0,0,0,0,0,0,"- ","- ",33.663448333740234,-119.66420745849609,FRESNO,FOWLER,-119.68682098388672,36.634479522705078
8976173,2019,2019-11-19,1008,2019-10-12,0020,J159,KINGS,6,5,2,1008,0,0,0,,0,J020,"LUNA AV","STROUD AV",12.00,S,N,A,-,N,,,,,,,,,,Y,2,0,3,2,A,-,01,23152,A,N,C,C,A,A,H,-,C,A,0,,,,,Y,Y,A,01,2,0,1,0,0,0,0,0,0,"- ","- ",,,FRESNO,KINGSBURG,-119.55684661865234,36.525112152099609
90010589,2015,2015-10-19,9461,2015-08-16,0135,020543,,7,3,9,1000,0,2,4,,1,615,"NEES AVE E/B","DOUGLAS AVE",4965.00,E,N,A,-,N,,,,,,,,,,Y,2,0,6,2,A,-,05,21650,,N,B,C,A,A,H,-,D,D,0,,,,Y,Y,,A,08,1,1,4,0,0,0,0,0,0,"- ","- ",36.851089999999999,-120.47534,FRESNO,UNINCORPORATED,-120.47645529,36.85110401
90011352,2015,2015-10-19,9435,2015-08-16,2028,020060,,7,2,9,1000,0,3,5,,2,020,"ELKHORN AVE","HOWARD AVE",1056.00,W,N,A,-,N,,,,,,,,,,Y,2,0,1,1,A,-,03,22350,,N,F,A,A,A,H,-,D,D,0,,,,Y,Y,,G,25,1,0,0,0,0,0,0,0,0,"- ","- ",36.48742,-120.03543999999999,FRESNO,UNINCORPORATED,-120.03396038,36.48678443
90012171,2015,2015-10-19,9435,2015-08-14,0248,017165,,5,3,9,1000,0,3,5,,2,010,"BELMONT AVENUE","GOLDENROD AVENUE",528.00,W,N,A,-,N,,,,,,,,,,Y,2,0,1,1,A,-,01,23152,A,N,E,I,A,A,H,-,D,D,0,,,,,Y,Y,D,22,1,0,0,0,0,0,0,0,0,"- ","- ",36.749609999999997,-120.04329,FRESNO,UNINCORPORATED,-120.04424129,36.749546080000002
90012549,2015,2015-10-19,9435,2015-08-16,2223,019789,,7,3,9,1000,0,1,3,,1,147,"SR-145 (LASSEN AVE)","HARLAN AVE",50.00,N,N,A,-,Y,,,,,,,,,,Y,2,0,2,2,A,-,01,23152,A,N,A,C,A,A,H,-,D,D,0,,,,,Y,Y,A,01,2,0,0,0,0,0,0,0,0,"- ","- ",36.46734,-119.79515000000001,FRESNO,UNINCORPORATED,,
90013458,2015,2015-11-06,9435,2015-08-21,1616,017088,,5,2,9,1000,0,3,5,,2,060,"ALTA AVE","SUMNER AVE",0.00,,Y,A,-,N,,,,,,,,,,Y,1,1,3,2,A,-,09,21802,A,N,D,C,A,A,H,-,A,A,0,,,,,Y,Y,A,01,2,0,1,0,0,0,0,0,0,"- ","- ",36.625410000000002,-119.39478,FRESNO,UNINCORPORATED,-119.39480992999999,36.625670079999999
90014591,2015,2015-10-19,9435,2015-08-28,0751,014479,,5,1,9,1000,0,3,5,,2,030,"SHIELDS AVE","LEONARD AVE",0.00,,Y,A,-,N,,,,,,,,,,Y,2,0,3,2,A,-,12,22450,A,N,D,C,A,A,H,-,A,A,0,,,,,Y,,A,01,1,0,2,0,0,0,0,0,0,"- ","- ",36.779269999999997,-119.63714,FRESNO,UNINCORPORATED,-119.63695987,36.77928
90014958,2015,2015-10-19,9435,2015-08-28,1550,020064,,5,2,9,1000,0,3,5,,2,020,"CORNELIA AVENUE","NEBRASKA AVENUE",0.00,,Y,A,-,N,,,,,,,,,,Y,2,0,1,2,A,-,09,21802,A,N,D,C,A,A,H,-,A,A,0,,,,,Y,,A,01,1,0,0,0,0,0,0,0,0,"- ","- ",36.561480000000003,-119.88109,FRESNO,UNINCORPORATED,-119.88105994,36.561570109999998
90015031,2015,2015-10-19,9435,2015-08-26,1205,012846,,3,1,7,1005,0,1,3,,2,182,"SR-180 E/B TO CEDAR AVENUE","SR-180 E/B",100.00,S,N,A,-,Y,,,,,,,,,,Y,2,0,1,1,A,-,08,22107,,N,F,A,A,A,H,-,A,D,0,,,Y,,Y,,C,02,1,0,0,0,0,0,0,0,1,"- ","- ",,,FRESNO,FRESNO,,
90015489,2015,2015-10-19,9435,2015-08-27,1405,015602,,4,2,2,1004,0,1,3,,2,106,"SR-99 N/B","MERCED STREET",1934.00,S,N,A,-,Y,,,99,,,,,,N,Y,2,0,1,1,A,-,08,22107,,N,E,I,A,A,H,-,A,D,0,,,,,Y,,A,01,1,0,0,0,0,0,0,0,0,"- ","- ",36.620510000000003,-119.67744999999999,FRESNO,FOWLER,-119.67749225999999,36.620463559999997
90015490,2015,2015-10-19,9435,2015-08-31,1109,015751,,1,1,7,1005,0,1,3,,2,105,"SR-99 N/B","CLINTON AVE",1275.00,N,N,A,-,Y,,,99,,,,,,N,Y,2,0,2,1,A,-,07,21658,A,N,E,I,A,A,H,-,A,D,0,,,,,Y,,A,07,1,1,0,0,0,0,0,0,0,"- ","- ",36.775379999999998,-119.84124,FRESNO,FRESNO,-119.84128902,36.775324519999998
90017156,2015,2015-10-19,9435,2015-08-30,1438,018939,,7,2,9,1000,0,3,5,,2,010,"BELMONT AVE","DICKENSON AVE",0.00,,Y,A,-,N,,,,,,,,,,Y,2,0,4,2,A,-,12,22450,A,N,D,C,A,A,H,-,A,A,0,,,,,Y,,A,07,1,0,3,0,0,0,0,0,0,"- ","- ",36.749580000000002,-119.96972,FRESNO,UNINCORPORATED,-119.96989996000001,36.749610029999999
90017704,2015,2015-10-19,9495,2015-08-25,2230,019427,,2,3,9,1000,0,1,3,,1,014,"SR-269  (LASSEN AVENUE)","JEFFREY AVE",2112.00,N,N,A,-,Y,,,269,,,,,,,Y,2,0,1,2,A,-,01,23152,A,N,B,C,A,A,H,-,D,D,0,,,,Y,Y,Y,D,22,1,0,0,0,0,0,0,0,0,"- ","- ",36.376869999999997,-120.10326000000001,FRESNO,UNINCORPORATED,-120.10325229,36.376869980000002
90017862,2015,2015-10-19,9495,2015-08-31,0445,019424,,1,3,9,1000,0,3,5,,2,053,"LOST HILLS RD.","JACALITOS CREEK RD.",5280.00,E,N,A,-,N,,,,,,,,,,Y,2,0,1,1,A,-,08,22107,,N,F,A,A,A,H,-,E,D,0,,,,,Y,,D,22,1,0,0,0,0,0,0,0,0,"- ","- ",36.1006,-120.29191,FRESNO,UNINCORPORATED,-120.29358439000001,36.100587269999998
90019043,2015,2016-01-20,9435,2015-09-15,1205,016507,,2,1,9,1000,0,3,5,,2,060,"MANNING AVE","ZUMWALT AVE",1584.00,E,N,A,-,N,,,,,,,,,,Y,2,0,3,1,A,-,08,22107,,N,E,I,A,A,H,-,A,D,0,,,,,Y,,A,01,2,1,0,0,0,0,0,0,0,"- ","- ",36.604010000000002,-119.41762,FRESNO,UNINCORPORATED,-119.4165086,36.604049930000002
90019216,2015,2015-10-19,9435,2015-09-08,1025,16870,,2,1,9,1000,0,1,3,,1,183,SR-180,"BETHEL AVENUE",108.00,W,N,A,-,Y,,,180,,,,,,,Y,2,0,1,2,A,-,01,23152,A,N,F,A,A,A,H,-,A,A,0,,,Y,,Y,Y,C,02,1,0,0,0,0,0,0,0,1,"- ","- ",36.73583,-119.57468,FRESNO,UNINCORPORATED,-119.57468049000001,36.735900280000003
90022945,2015,2015-10-19,9435,2015-09-18,1958,019610,,5,2,9,1000,0,3,5,,2,010,"SHIELDS AVE","HAYES AVE",528.00,E,N,A,-,N,,,,,,,,,,N,2,0,1,2,D,-,00,,,N,H,G,A,A,H,-,D,D,0,,Y,,,Y,,-,"- ",1,0,0,0,0,0,1,0,0,"- ","- ",36.779000000000003,-119.8974,FRESNO,UNINCORPORATED,-119.89648819999999,36.778958469999999
90024366,2015,2015-12-22,9435,2015-08-10,0950,014650,,1,1,9,1000,0,1,3,,1,430,"SR-43 (HIGHLAND AVE.)","MOUNTAIN VIEW AVE",0.00,,Y,A,-,Y,,,43,,,,,,,Y,1,1,1,2,A,-,12,21453,A,N,D,C,A,A,H,-,A,A,0,,,,Y,Y,,G,27,0,0,1,0,0,0,0,0,0,"- ","- ",36.547870000000003,-119.629,FRESNO,UNINCORPORATED,-119.62873464,36.547870000000003
90028322,2015,2015-10-19,9435,2015-10-01,0600,014479,,4,1,9,1000,0,3,5,,2,030,"GRIFFITH WAY","HAMMEL WAY",125.00,W,N,A,-,N,,,,,,,,,,N,2,0,1,2,A,-,03,22350,,F,G,B,E,A,H,-,D,D,0,Y,,,,Y,,-,99,1,0,0,0,1,0,0,0,0,"- ","- ",36.791150000000002,-119.70213,FRESNO,UNINCORPORATED,-119.70221648,36.791112320000003
90029502,2015,2015-10-19,9495,2015-09-07,1450,017312,,1,2,9,1000,0,1,3,,1,009,"STATE ROUTE 198, (WARTHAN CANYON ROAD)","FIRESTONE AVENUE",33264.00,W,N,A,-,Y,,,198,,,,,,,Y,2,0,1,2,A,-,03,22350,,N,B,C,A,A,H,-,A,A,0,,,Y,Y,Y,,C,02,1,0,0,0,0,0,0,0,1,"- ","- ",36.096550000000001,-120.45514,FRESNO,UNINCORPORATED,-120.45515475000001,36.096470760000003
90032866,2015,2015-10-19,9435,2015-10-06,0645,015751,,2,1,9,1000,0,3,5,,2,010,"BRAWLEY AVE","NIELSEN AVE",0.00,,Y,A,-,N,,,,,,,,,,Y,2,0,1,2,A,-,05,21752,D,N,D,C,A,A,H,-,B,A,0,,,Y,,Y,,C,02,1,0,0,0,0,0,0,0,1,"- ","- ",36.742710000000002,-119.86219,FRESNO,UNINCORPORATED,-119.86226997999999,36.742660059999999
90036999,2015,2015-10-23,9435,2015-10-12,0515,020062,,1,3,9,1000,0,1,3,,2,105,"SR-99 S/B TO SR-180 E/B","SR-99 N/B",30.00,W,N,A,-,Y,,,,,,,,,,Y,2,0,4,1,C,-,18,,,N,E,I,A,D,H,-,D,D,0,,,,,Y,,-,"- ",2,0,2,0,0,0,0,0,0,"- ","- ",36.740299999999998,-119.81261000000001,FRESNO,UNINCORPORATED,,
90037506,2015,2015-10-26,9435,2015-10-08,1015,017310,,4,1,9,1000,0,3,5,,2,040,"KEARNEY BLVD","SHASTA AVE",1056.00,E,N,A,-,N,,,,,,,,,,N,2,0,1,1,A,-,08,22107,,N,F,A,A,A,H,-,A,D,0,,,Y,,Y,,C,02,1,0,0,0,0,0,0,0,1,"- ","- ",36.727449999999997,-120.10243,FRESNO,UNINCORPORATED,-120.10190835,36.727448170000002
90039659,2015,2015-10-29,9435,2015-10-12,0157,020078,,1,3,9,1000,0,1,3,,1,183,"SR-180 W/B","MC CALL AVE",25.00,E,N,A,-,N,,,,,,,,,,Y,2,0,1,1,A,-,01,23152,A,N,E,I,A,A,H,-,C,A,0,,,,,Y,Y,A,01,1,0,0,0,0,0,0,0,0,"- ","- ",36.455359999999999,-119.49760000000001,FRESNO,UNINCORPORATED,-119.60998475,36.735990350000002
90041844,2015,2015-10-30,9435,2015-10-17,2008,016730,,6,2,9,1000,0,1,3,,1,201,"TRIMMER SPRINGS RD","LOMBARDOS MARINA ROAD",1584.00,W,N,A,-,N,,,,,,,,,,Y,2,0,2,1,A,-,03,22350,,N,F,A,A,A,H,-,D,D,0,,,,,Y,,A,01,1,0,1,0,0,0,0,0,0,"- ","- ",36.867489999999997,-119.31317,FRESNO,UNINCORPORATED,-119.31313276,36.867627779999999
90044144,2015,2015-11-04,9435,2015-10-25,1414,018860,,7,2,9,1000,0,3,5,,2,040,"MANNING AVE","CLOVIS AVE",0.00,,Y,A,-,N,,,,,,,,,,Y,2,0,2,2,A,-,12,22450,A,N,D,C,A,A,H,-,A,A,0,,,,Y,Y,,D,22,1,0,1,0,0,0,0,0,0,"- ","- ",36.605420000000002,-119.70016,FRESNO,UNINCORPORATED,-119.70031987,36.605440029999997