CASE_ID,ACCIDENT_YEAR,PROC_DATE,JURIS,COLLISION_DATE,COLLISION_TIME,OFFICER_ID,REPORTING_DISTRICT,DAY_OF_WEEK,CHP_SHIFT,POPULATION,CNTY_CITY_LOC,SPECIAL_COND,BEAT_TYPE,CHP_BEAT_TYPE,CITY_DIVISION_LAPD,CHP_BEAT_CLASS,BEAT_NUMBER,PRIMARY_RD,SECONDARY_RD,DISTANCE,DIRECTION,INTERSECTION,WEATHER_1,WEATHER_2,STATE_HWY_IND,CALTRANS_COUNTY,CALTRANS_DISTRICT,STATE_ROUTE,ROUTE_SUFFIX,POSTMILE_PREFIX,POSTMILE,LOCATION_TYPE,RAMP_INTERSECTION,SIDE_OF_HWY,TOW_AWAY,COLLISION_SEVERITY,NUMBER_KILLED,NUMBER_INJURED,PARTY_COUNT,PRIMARY_COLL_FACTOR,PCF_CODE_OF_VIOL,PCF_VIOL_CATEGORY,PCF_VIOLATION,PCF_VIOL_SUBSECTION,HIT_AND_RUN,TYPE_OF_COLLISION,MVIW,PED_ACTION,ROAD_SURFACE,ROAD_COND_1,ROAD_COND_2,LIGHTING,CONTROL_DEVICE,CHP_ROAD_TYPE,PEDESTRIAN_ACCIDENT,BICYCLE_ACCIDENT,MOTORCYCLE_ACCIDENT,TRUCK_ACCIDENT,NOT_PRIVATE_PROPERTY,ALCOHOL_INVOLVED,STWD_VEHTYPE_AT_FAULT,CHP_VEHTYPE_AT_FAULT,COUNT_SEVERE_INJ,COUNT_VISIBLE_INJ,COUNT_COMPLAINT_PAIN,COUNT_PED_KILLED,COUNT_PED_INJURED,COUNT_BICYCLIST_KILLED,COUNT_BICYCLIST_INJURED,COUNT_MC_KILLED,COUNT_MC_INJURED,PRIMARY_RAMP,SECONDARY_RAMP,LATITUDE,LONGITUDE,COUNTY,CITY,POINT_X,POINT_Y
90045706,2015,2016-01-29,9435,2015-10-03,2000,019610,,6,2,9,1000,0,3,5,,2,015,"CHERRY AVE","DALEVILLE AVE",500.00,N,N,A,-,N,,,,,,,,,,N,1,1,0,2,A,-,05,21650,,N,H,G,A,A,H,-,D,A,0,,Y,,,Y,Y,L,04,0,0,0,0,0,1,0,0,0,"- ","- ",36.680230000000002,-119.78172000000001,FRESNO,UNINCORPORATED,-119.78175387,36.680442470000003
90047614,2015,2015-11-10,9435,2015-10-19,2242,015890,,1,3,9,1000,0,3,5,,2,025,"FRIANT RD S/B","BIRKHEAD AVE",485.00,N,N,A,-,N,,,,,,,,,,Y,2,0,1,1,C,-,18,,,N,H,J,A,A,H,-,D,D,0,,,Y,,Y,,-,"- ",1,0,0,0,0,0,0,0,1,"- ","- ",36.922359999999998,-119.77346,FRESNO,UNINCORPORATED,-119.73339215999999,36.92239567
90050288,2015,2016-01-29,9435,2015-08-28,0314,019932,,5,3,9,1000,0,3,5,,2,040,"CORNELIA AVE","SUMNER AVE",650.00,N,N,A,-,N,,,,,,,,,,Y,1,2,0,1,A,-,08,22107,,N,E,I,A,A,H,-,D,D,0,,,,,Y,,A,07,0,0,0,0,0,0,0,0,0,"- ","- ",36.627719999999997,-119.88072,FRESNO,UNINCORPORATED,-119.88068908,36.628398689999997
90053052,2015,2015-12-22,9435,2015-10-02,2500,017489,,5,4,9,1000,0,3,5,,2,010,"SHAW AVENUE","HOWARD AVENUE",298.00,W,N,A,-,N,,,,,,,,,,Y,1,1,0,1,A,-,08,22107,,N,E,I,A,A,H,-,D,D,0,,,,,Y,,A,01,0,0,0,0,0,0,0,0,0,"- ","- ",36.807659999999998,-120.02555,FRESNO,UNINCORPORATED,-120.0256574,36.807710030000003
90053566,2015,2015-11-18,9435,2015-11-09,1754,015026,,1,2,9,1000,0,3,5,,2,030,"CLINTON AVE","BOND AVE",528.00,E,N,B,C,N,,,,,,,,,,N,2,0,1,2,A,-,03,22350,,N,C,C,A,B,H,-,C,D,0,,,Y,,Y,,C,03,1,0,0,0,0,0,0,0,1,"- ","- ",,,FRESNO,UNINCORPORATED,-119.76608852,36.772299570000001
90057098,2015,2015-11-23,9435,2015-11-06,1510,019327,,5,2,9,1000,0,3,5,,2,040,"MENDOCINO AVE","HUNTSMAN AVE",0.00,,Y,A,-,N,,,,,,,,,,Y,2,0,3,2,A,-,12,22450,A,N,D,C,A,A,H,-,A,A,0,,,,,Y,,A,08,1,2,0,0,0,0,0,0,0,"- ","- ",36.583320000000001,-119.54816,FRESNO,UNINCORPORATED,-119.54807988,36.583230110000002
90059633,2015,2015-11-25,9495,2015-11-02,1220,019453,,1,1,9,1000,0,1,3,,2,005,"SR-33 (DERRICK AVE.)","HARLAN AVE.",125.00,S,N,B,C,Y,,,33,,,,,,,Y,2,0,1,2,A,-,03,22350,,N,A,E,A,B,H,-,A,D,0,,,,Y,Y,,A,01,1,0,0,0,0,0,0,0,0,"- ","- ",36.442740000000001,-120.39324999999999,FRESNO,UNINCORPORATED,-120.39328856,36.442744130000001
90061373,2015,2015-11-30,9461,2015-11-23,1125,019661,,1,1,9,1000,0,1,1,,2,305,"I-5 N/B","SHIELDS AVE",1056.00,S,N,A,-,Y,,,,,,,,,,Y,2,0,2,1,A,-,08,22107,,N,F,A,A,A,H,-,A,D,0,,,,,Y,,A,07,1,0,1,0,0,0,0,0,0,"- ","- ",37.77373,-120.72078,FRESNO,UNINCORPORATED,,
90064235,2015,2015-12-02,9435,2015-11-18,1630,015181,,3,2,9,1000,0,3,5,,2,015,"SPRINGFIELD AVENUE","FOWLER AVENUE",1056.00,E,N,A,-,N,,,,,,,,,,Y,2,0,1,1,C,-,18,,,N,H,H,A,A,H,-,A,D,0,,,Y,,Y,,-,"- ",1,0,0,0,0,0,0,0,1,"- ","- ",36.598179999999999,-119.67845,FRESNO,UNINCORPORATED,-119.67884533,36.598184269999997
90068350,2015,2015-12-09,9435,2015-11-10,1755,018914,,2,2,7,1005,0,1,3,,2,181,"SR-180 E/B","CEDAR AVENUE",3960.00,W,N,A,-,Y,,,,,,,,,,Y,2,0,7,4,A,-,01,23152,A,M,C,C,A,A,H,-,D,D,0,,,,,Y,Y,A,08,1,1,5,0,0,0,0,0,0,"- ","- ",,,FRESNO,FRESNO,-119.76811784,36.754860000000001
90076061,2015,2015-12-17,9435,2015-11-24,0955,017138,,2,1,9,1000,0,3,5,,2,015,"KEARNY BLVD. W/B","MADISON AVE.",1056.00,W,N,A,-,N,,,,,,,,,,Y,2,0,1,1,A,-,08,22107,,N,E,I,A,A,H,-,A,D,0,,,,,Y,,A,01,1,0,0,0,0,0,0,0,0,"- ","- ",36.726599999999998,-119.84648,FRESNO,UNINCORPORATED,-119.88497124,36.728154379999999
90081517,2015,2015-12-23,9435,2015-12-01,0749,017166,,2,1,7,1005,0,1,3,,2,410,"SR-41 S/B","SHAW AVE",200.00,S,N,A,-,Y,,,41,,,,,,S,Y,2,0,1,1,A,-,03,22350,,N,F,A,A,A,H,-,A,D,0,,,Y,,Y,,C,02,1,0,0,0,0,0,0,0,1,"- ","- ",36.808219999999999,-119.78558,FRESNO,FRESNO,-119.7854217,36.808219999999999
90086534,2015,2015-12-31,9435,2015-12-03,0845,017310,,4,1,9,1000,0,3,5,,2,034,"JENSEN AVE","TEMPERANCE AVE",0.00,,Y,A,-,N,,,,,,,,,,Y,2,0,1,2,A,-,09,21801,A,N,D,C,A,A,H,-,A,D,0,,,,,Y,,D,22,1,0,0,0,0,0,0,0,0,"- ","- ",36.707819999999998,-119.66406000000001,FRESNO,UNINCORPORATED,-119.66405995,36.707540010000002
90088986,2015,2016-01-06,9435,2015-12-11,1740,019926,,5,2,9,1000,0,1,3,,1,180,"SR-180 (WHITESBRIDGE AVE)","DICKENSON AVE",900.00,E,N,A,-,Y,,,180,,,,,,,N,2,0,1,3,A,-,03,22350,,M,C,C,A,A,H,-,D,D,0,,,Y,,Y,,C,02,1,0,0,0,0,0,0,0,1,"- ","- ",36.735039999999998,-119.96648999999999,FRESNO,UNINCORPORATED,-119.96648999,36.735038299999999
90089169,2015,2016-01-06,9435,2015-12-09,1225,016570,,3,1,9,1000,0,3,5,,2,020,"VALENTINE AVE","DOLAN AVE",131.00,S,N,B,-,N,,,,,,,,,,Y,2,0,1,1,A,-,08,22107,,N,E,I,A,A,H,-,A,D,0,,,,,Y,,A,01,1,0,0,0,0,0,0,0,0,"- ","- ",36.429250000000003,-119.86024,FRESNO,UNINCORPORATED,-119.86015,36.429290379999998
90094862,2015,2016-01-13,9435,2015-12-16,0755,019210,,3,1,9,1000,0,3,5,,2,015,"HENDERSON AVE","ROLINDA AVE",736.00,N,N,A,-,N,,,,,,,,,,Y,2,0,2,2,C,-,18,,,N,B,C,A,A,H,-,A,D,0,,,,Y,Y,,-,"- ",2,0,0,0,0,0,0,0,0,"- ","- ",36.652369999999998,-119.96272999999999,FRESNO,UNINCORPORATED,-119.96359348,36.653014689999999
90095288,2015,2016-01-14,9435,2015-12-17,1310,015602,,4,1,9,1000,0,3,5,,2,034,"CLOVIS AVENUE","NORTH AVENUE",0.00,,Y,B,-,N,,,,,,,,,,Y,2,0,1,2,A,-,12,21453,A,N,D,C,A,A,H,-,A,A,0,,,,,Y,,A,01,1,0,0,0,0,0,0,0,0,"- ","- ",36.692860000000003,-119.69996,FRESNO,UNINCORPORATED,-119.69995994,36.692839999999997
90096586,2015,2016-01-15,9435,2015-11-11,1903,019926,,3,2,7,1005,0,1,3,,2,410,"SR-41 S/B","BULLARD AVE",1284.00,S,N,A,-,Y,,,41,,,,,,S,Y,1,1,0,2,A,-,03,22350,,N,F,A,A,A,H,-,D,D,0,,,Y,,Y,Y,C,02,0,0,0,0,0,0,0,1,0,"- ","- ",36.819490000000002,-119.78561000000001,FRESNO,FRESNO,-119.78550301,36.819487639999998
90097395,2015,2016-01-19,9435,2015-12-12,0130,020064,,6,3,9,1000,0,3,5,,2,020,"HARLAN AVENUE","POLK AVENUE",290.00,E,N,B,-,N,,,,,,,,,,Y,2,0,1,1,A,-,01,23152,A,N,E,I,A,B,H,-,D,D,0,,,,,Y,Y,A,01,1,0,0,0,0,0,0,0,0,"- ","- ",36.445230000000002,-119.89444,FRESNO,UNINCORPORATED,-119.89518461999999,36.445240009999999
90101414,2015,2016-01-25,9461,2015-12-23,1939,017029,,3,2,9,1000,0,1,1,,2,305,"I-5 N/B","PANOCHE RD",10560.00,N,N,B,-,Y,,,5,,,,,,N,Y,1,1,0,1,A,-,08,22107,,N,E,I,A,A,D,H,D,A,0,,,,,Y,Y,D,22,0,0,0,0,0,0,0,0,0,"- ","- ",36.663159999999998,-120.64091000000001,FRESNO,UNINCORPORATED,-120.64081105,36.663236040000001
90102686,2016,2016-01-26,9495,2016-01-12,0545,019111,,2,3,9,1000,0,1,3,,1,014,"STATE ROUTE 269 (LASSEN AVENUE)","GALE AVENUE",485.00,N,N,E,-,Y,,,269,,,,,,,Y,2,0,7,2,A,-,08,22107,,N,D,C,A,B,H,-,C,D,0,,,,,Y,,A,07,1,1,5,0,0,0,0,0,0,"- ","- ",36.182699999999997,-120.10324,FRESNO,UNINCORPORATED,-120.10330636,36.182699769999999
90103624,2015,2016-01-27,9435,2015-12-25,1600,017088,,5,2,9,1000,0,3,5,,2,060,"DAFFODIL LN","MOUND LN",136.00,W,N,A,-,N,,,,,,,,,,Y,2,0,6,1,A,-,03,22350,,N,E,I,A,A,H,-,A,D,0,,,,,Y,,A,08,4,0,2,0,0,0,0,0,0,"- ","- ",36.687640000000002,-119.10885,FRESNO,UNINCORPORATED,-119.10887971,36.687356899999997
90104968,2015,2016-01-28,9435,2015-09-27,0305,020064,,7,3,9,1000,0,1,3,,1,183,"SR-180 W/B","TEMPERANCE AVENUE",2112.00,E,N,B,-,Y,,,180,,,,,,W,Y,1,1,2,1,A,-,08,22107,,N,F,A,A,A,H,-,C,D,0,,,,,Y,,D,22,0,2,0,0,0,0,0,0,0,"- ","- ",36.73704,-119.65308,FRESNO,UNINCORPORATED,-119.65307855,36.737194129999999
90107004,2016,2016-02-02,9435,2016-01-02,1615,020490,,6,2,9,1000,0,3,5,,2,034,"ORANGE AVE","CHURCH AVE",0.00,,Y,A,-,Y,,,,,,,,,,Y,2,0,3,2,A,-,01,23152,A,N,D,C,A,A,H,-,A,A,0,,,,,Y,Y,A,07,1,2,0,0,0,0,0,0,0,"- ","- ",36.714120000000001,-119.76366,FRESNO,UNINCORPORATED,-119.76369991,36.71415004
90122903,2016,2016-05-04,9435,2016-01-22,0038,018860,,5,3,7,1005,0,1,3,,2,410,"SR-41 S/B","SHIELDS AVE",990.00,S,N,A,-,Y,,,41,,,,,,S,Y,1,1,1,2,A,-,11,21956,,N,G,B,E,A,H,-,D,D,0,Y,,,,Y,,N,60,0,1,0,1,0,0,0,0,0,"- ","- ",36.776960000000003,-119.78507999999999,FRESNO,FRESNO,-119.78507082,36.776959499999997
90128335,2015,2016-03-03,9435,2015-12-25,0219,017165,,5,3,7,1005,0,1,3,,2,410,"SR-41 N/B","E EL PASO AVE U/C",146.00,N,N,A,-,Y,,,41,,,,,,N,Y,2,0,2,2,A,-,01,23152,A,N,B,C,A,A,H,-,D,D,0,,,,,Y,Y,A,07,1,1,0,0,0,0,0,0,0,"- ","- ",36.845269999999999,-119.78475,FRESNO,FRESNO,-119.78482016,36.845267069999998
90128487,2016,2016-03-03,9435,2016-01-24,0245,020019,,7,3,9,1000,0,3,5,,2,034,"SUNNYSIDE AVE","BUTLER AVE",90.00,N,N,A,-,N,,,,,,,,,,Y,2,0,1,1,A,-,01,23152,A,N,E,I,A,A,H,-,D,D,0,,,,,Y,Y,A,01,1,0,0,0,0,0,0,0,0,"- ","- ",36.729300000000002,-119.693,FRESNO,UNINCORPORATED,-119.69309106999999,36.729235930000002
90129576,2016,2016-03-04,9435,2016-02-12,1145,019523,,5,1,9,1000,0,3,5,,2,020,"MANNING AVE","YUBA AVE",4224.00,E,N,A,-,N,,,,,,,,,,Y,2,0,1,2,A,-,08,22107,,N,B,C,A,A,H,-,A,D,0,,,,,Y,,A,01,1,0,0,0,0,0,0,0,0,"- ","- ",36.603760000000001,-120.15302,FRESNO,UNINCORPORATED,-120.15485588,36.603718999999998
90129709,2016,2016-03-04,9435,2016-02-14,1025,017310,,7,1,9,1000,0,3,5,,2,025,"TRIMMER SPRINGS RD","PINE FLAT RD",5280.00,N,N,A,-,N,,,,,,,,,,N,2,0,1,1,A,-,08,22107,,N,F,A,A,A,H,-,A,D,0,,,Y,,Y,,C,02,1,0,0,0,0,0,0,0,1,"- ","- ",36.840789999999998,-119.37156,FRESNO,UNINCORPORATED,-119.36923955,36.836627010000001
90131305,2016,2016-03-08,9435,2016-02-19,2145,020064,,5,2,9,1000,0,3,5,,2,040,"ROSE AVENUE","BETHEL AVENUE",0.00,,Y,A,-,N,,,,,,,,,,Y,2,0,2,2,A,-,12,22450,A,N,D,C,A,A,H,-,D,A,0,,,,,Y,Y,A,01,1,1,0,0,0,0,0,0,0,"- ","- ",36.568730000000002,-119.57504,FRESNO,UNINCORPORATED,-119.57502997,36.568730049999999
90134312,2016,2016-03-11,9435,2016-02-06,2117,020078,,6,2,9,1000,0,3,5,,2,034,"CLOVIS AVE","NORTH AVE",450.00,S,N,A,-,N,,,,,,,,,,Y,2,0,8,3,A,-,01,23152,A,N,A,C,A,A,H,-,D,D,0,,,,,Y,Y,A,01,2,1,5,0,0,0,0,0,0,"- ","- ",36.688780000000001,-119.69987999999999,FRESNO,UNINCORPORATED,-119.69996,36.691604839999997
90134409,2016,2016-03-11,9435,2016-02-14,0445,019603,,7,3,7,1005,0,1,3,,1,168,"SR-168 E/B","SHIELDS AVENUE",775.00,E,N,A,-,Y,,,168,,,,,,E,Y,2,0,1,2,A,-,01,23152,A,N,C,C,A,A,H,-,C,D,0,,,,,Y,Y,A,07,1,0,0,0,0,0,0,0,0,"- ","- ",36.781559999999999,-119.74896,FRESNO,FRESNO,-119.74903118,36.781561310000001
90134430,2016,2016-03-11,9435,2016-02-26,1944,018912,,5,2,9,1000,0,1,3,,1,183,"STATE ROUTE 180","RIO VISTA AVENUE",1056.00,E,N,A,-,Y,,,180,,,,,,,Y,2,0,1,1,A,-,01,23152,A,N,E,I,A,A,H,-,D,D,0,,,,,Y,Y,A,01,1,0,0,0,0,0,0,0,0,"- ","- ",36.731789999999997,-119.47365000000001,FRESNO,UNINCORPORATED,-119.47366097,36.731737649999999
90134642,2016,2016-03-11,9435,2016-02-28,1220,017310,,7,1,9,1000,0,3,5,,2,040,"BETHEL AVE","ROSE AVE",0.00,,Y,A,-,N,,,,,,,,,,N,2,0,4,2,A,-,09,21802,A,M,D,C,A,A,H,-,A,A,0,,,,,Y,,D,22,4,0,0,0,0,0,0,0,0,"- ","- ",36.568739999999998,-119.57504,FRESNO,UNINCORPORATED,-119.57502997,36.568730049999999
90134757,2016,2016-03-11,9495,2016-02-25,0150,020418,,4,3,9,1000,0,1,3,,2,005,"SR-33 (DERRICK AVENUE)","LINCOLN AVE",1320.00,N,N,A,-,Y,,,33,,,,,,,Y,2,0,1,1,A,-,01,23152,A,N,F,A,A,A,H,-,D,D,0,,,,,Y,Y,A,08,1,0,0,0,0,0,0,0,0,"- ","- ",36.648139999999998,-120.38761,FRESNO,UNINCORPORATED,-120.38812494,36.648145479999997
90135716,2016,2016-03-14,9435,2016-03-05,1445,018934,,6,2,7,1005,0,1,3,,2,181,"SR-180 W/B","H ST",20.00,E,N,C,-,Y,,,180,,,,,,W,Y,2,0,2,3,A,-,03,22350,,N,C,C,A,B,H,-,A,D,0,,,,,Y,,A,08,1,0,1,0,0,0,0,0,0,"- ","- ",36.745460000000001,-119.80669,FRESNO,FRESNO,-119.80666539000001,36.745413499999998
90138552,2016,2016-03-17,9435,2016-03-09,0955,020082,,3,1,7,1005,0,1,3,,1,411,"SR-41 NORTHBOUND TO SR-99 NORTHBOUND","CHURCH AVE",1056.00,N,N,A,-,Y,,,,,,,,,,Y,2,0,5,1,A,-,08,22107,,N,E,I,A,A,H,-,C,D,0,,,,,Y,Y,A,07,1,2,2,0,0,0,0,0,0,"- ","- ",36.759099999999997,-119.82953999999999,FRESNO,FRESNO,-119.78452152,36.716996330000001
90138592,2016,2016-05-04,9435,2016-02-10,1637,015181,,3,2,9,1000,0,3,5,,2,015,"MANNING AVENUE","MCMULLIN GRADE",0.00,,Y,A,-,N,,,,,,,,,,Y,1,1,1,3,A,-,12,22450,A,N,D,C,A,A,H,-,A,A,0,,,,,Y,,A,01,0,1,0,0,0,0,0,0,0,"- ","- ",36.361400000000003,-120.02355,FRESNO,UNINCORPORATED,-120.04328995,36.603870110000003
90140932,2016,2016-03-22,9435,2016-02-27,1742,020122,,6,2,7,1005,0,1,3,,2,410,"SR-41 S/B","EL PASO AVE",0.00,,N,A,-,Y,,,,,,,,,,Y,2,0,2,1,A,-,08,22107,,N,F,A,A,A,H,-,D,D,0,,,,,Y,,A,07,1,1,0,0,0,0,0,0,0,"- ","- ",36.505719999999997,-119.47983000000001,FRESNO,FRESNO,-119.78551985999999,36.848280090000003
90141055,2016,2016-03-22,9435,2016-03-15,2215,020082,,2,3,9,1000,0,3,5,,2,034,"DEL REY AVE","AMERICAN AVE",0.00,,Y,A,-,N,,,,,,,,,,Y,2,0,3,2,A,-,01,23152,A,N,D,C,A,A,H,-,D,A,0,,,,,Y,Y,A,01,3,0,0,0,0,0,0,0,0,"- ","- ",36.663170000000001,-119.5925,FRESNO,UNINCORPORATED,-119.59248998,36.66320005
90145632,2016,2016-03-28,9435,2016-03-12,0255,020019,,6,3,9,1000,0,3,5,,2,034,"TEMPERANCE AVE","JENSEN AVE",0.00,,Y,B,C,N,,,,,,,,,,Y,2,0,4,2,A,-,12,22450,A,N,D,C,A,B,H,-,D,A,0,,,,,Y,,D,22,1,3,0,0,0,0,0,0,0,"- ","- ",36.707500000000003,-119.664,FRESNO,UNINCORPORATED,-119.66405995,36.707540010000002
90147170,2016,2016-05-04,9435,2016-03-08,1445,019926,,2,2,9,1000,1,3,5,,2,010,"HAYES AVE","MCKINLEY AVE",0.00,,Y,A,-,N,,,,,,,,,,Y,1,1,15,2,A,-,09,21802,A,N,D,C,A,A,H,-,A,A,0,,,,,Y,,A,07,0,0,15,0,0,0,0,0,0,"- ","- ",36.764429999999997,-119.89823,FRESNO,UNINCORPORATED,-119.89821988,36.764440069999999
90147386,2015,2016-06-08,9435,2015-12-17,1725,015602,,4,2,9,1000,0,3,5,,2,040,"CLARKSON AVENUE","BETHEL AVENUE",420.00,W,N,B,-,N,,,,,,,,,,Y,1,2,5,2,A,-,01,23152,E,N,A,C,A,A,H,-,D,D,0,,,,,Y,,D,22,2,2,1,0,0,0,0,0,0,"- ","- ",36.503480000000003,-119.5784,FRESNO,UNINCORPORATED,-119.57656784,36.503458010000003
90147590,2016,2016-03-30,9435,2016-03-23,1148,019039,,3,1,9,1000,0,1,3,,2,184,"STATE ROUTE 180","COVE AVENUE",5280.00,E,N,A,-,Y,,,180,,,,,,,Y,2,0,1,1,A,-,08,22107,,N,E,I,A,A,H,-,A,D,0,,,,,Y,,D,22,1,0,0,0,0,0,0,0,0,"- ","- ",36.71528,-119.34233999999999,FRESNO,UNINCORPORATED,-119.34234370999999,36.71515591
90150077,2016,2017-12-27,9435,2016-03-06,0229,020078,,7,3,9,1000,0,1,3,,2,106,"SR-99 N/B","MERCED ST.",1059.00,N,N,C,-,Y,,,99,,,,,,N,N,1,1,0,2,A,-,00,21461,,F,G,B,E,B,H,-,D,D,0,Y,,,,Y,,N,60,0,0,0,1,0,0,0,0,0,"- ","- ",36.629809999999999,-119.68779000000001,FRESNO,UNINCORPORATED,-119.68777872,36.629822339999997
90157591,2016,2016-06-08,9435,2016-03-04,2320,020064,,5,3,9,1000,0,1,3,,1,180,"STATE ROUTE 180 (WHITESBRIDGE AVENUE)","NAPA AVENUE",2640.00,W,N,B,-,Y,,,180,,,,,,,Y,1,1,0,2,A,-,11,21956,A,F,G,B,E,B,H,-,D,A,0,Y,,,,Y,,N,60,0,0,0,1,0,0,0,0,0,"- ","- ",36.734299999999998,-120.23269999999999,FRESNO,UNINCORPORATED,-120.23269993,36.734372860000001
90162003,2016,2016-04-20,9435,2016-04-11,0810,017591,,1,1,9,1000,0,3,5,,2,040,"NEBRASKA AVE","TEMPERANCE AVE",1215.00,W,N,B,-,N,,,,,,,,,,Y,2,0,3,2,A,-,06,21750,,N,D,C,A,A,H,-,A,D,0,,,,,Y,,A,07,1,1,1,0,0,0,0,0,0,"- ","- ",36.561520000000002,-119.66906,FRESNO,UNINCORPORATED,-119.66882391,36.561558890000001
90166033,2016,2016-04-26,9435,2016-04-01,0228,019648,,5,3,9,1000,0,3,5,,2,030,"FOWLER AVENUE","CLINTON AVENUE",318.00,S,N,A,-,N,,,,,,,,,,Y,2,0,1,1,A,-,01,23152,A,N,E,I,A,A,H,-,D,D,0,,,,,Y,Y,A,07,1,0,0,0,0,0,0,0,0,"- ","- ",36.771129999999999,-119.68214999999999,FRESNO,UNINCORPORATED,-119.68221990000001,36.771257769999998
90166182,2016,2016-05-23,9435,2016-03-31,1625,018934,,4,2,9,1000,0,3,5,,2,040,"MANNING AVE","CLOVIS AVE",0.00,,Y,A,-,N,,,,,,,,,,Y,1,1,0,2,A,-,09,21802,A,N,D,C,A,A,H,-,A,A,0,,,,Y,Y,,A,01,0,0,0,0,0,0,0,0,0,"- ","- ",36.605429999999998,-119.70032,FRESNO,UNINCORPORATED,-119.70031987,36.605440029999997
90167484,2016,2016-04-28,9435,2016-03-01,2002,020490,,2,2,9,1000,0,3,5,,2,010,"PALM AVE","SAGINAW WAY",82.00,S,N,A,-,N,,,,,,,,,,Y,1,1,0,3,A,-,11,21954,A,F,G,B,E,A,H,-,D,D,0,Y,,,,Y,,N,60,0,0,0,1,0,0,0,0,0,"- ","- ",36.788220000000003,-119.80857,FRESNO,UNINCORPORATED,-119.80864239,36.788274919999999
90171280,2016,2016-05-03,9435,2016-04-21,1804,019610,,4,2,9,1000,0,3,5,,2,030,"DE WOLF AVE","MCKINLEY AVE",0.00,,Y,A,-,N,,,,,,,,,,Y,2,0,7,2,A,-,12,22450,A,N,D,C,A,A,H,-,A,A,0,,,,,Y,,A,01,1,1,5,0,0,0,0,0,0,"- ","- ",36.764740000000003,-119.59178,FRESNO,UNINCORPORATED,-119.64598991,36.764760029999998
90175456,2016,2016-05-09,9435,2016-04-27,1402,018823,,3,2,9,1000,0,3,5,,2,010,"BELMONT AVE","BLYTHE AVE",1056.00,E,N,A,-,N,,,,,,,,,,Y,2,0,1,1,A,-,08,22107,,N,E,I,A,A,H,-,A,D,0,,,,,Y,,A,07,1,0,0,0,0,0,0,0,0,"- ","- ",36.749899999999997,-119.8682,FRESNO,UNINCORPORATED,-119.86755777,36.750005289999997
90176314,2016,2016-05-10,9461,2016-04-18,1212,017911,,1,1,9,1000,0,3,5,,2,060,"WASHOE AVE","BULLARD AVE",1320.00,N,N,A,-,N,,,,,,,,,,Y,1,1,0,1,A,-,08,22107,,N,E,I,A,A,H,-,A,D,0,,,,,Y,,A,01,0,0,0,0,0,0,0,0,0,"- ","- ",36.824950000000001,-120.45802999999999,FRESNO,UNINCORPORATED,-120.4578987,36.825093160000002
90177917,2016,2016-05-12,9435,2016-05-02,0745,017591,,1,1,9,1000,0,3,5,,2,015,"COLORADO ROAD","MORTON AVE",0.00,,Y,A,-,N,,,,,,,,,,Y,2,0,4,2,A,-,09,21801,,N,D,C,A,A,H,-,A,D,0,,,,,Y,,A,01,1,0,3,0,0,0,0,0,0,"- ","- ",36.687629999999999,-119.7683,FRESNO,UNINCORPORATED,-120.24019989,36.643420040000002
90180760,2016,2016-05-17,9461,2016-05-08,1538,019052,,7,2,9,1000,0,1,1,,2,305,"I-5 S/B","PANOCHE RD",4224.00,N,N,B,-,Y,,,5,,,,,,S,Y,2,0,7,1,A,-,08,22107,,N,F,A,A,A,H,-,A,D,0,,,,,Y,,A,07,1,3,3,0,0,0,0,0,0,"- ","- ",36.649979999999999,-120.63114,FRESNO,UNINCORPORATED,-120.63109032,36.650017210000001
90181351,2016,2016-05-17,9435,2016-05-09,0645,018226,,1,1,9,1000,0,3,5,,2,010,"CLINTON AVE","POLK AVE",0.00,,Y,A,-,N,,,,,,,,,,Y,2,0,2,2,A,-,12,22450,A,N,D,C,A,A,H,-,A,D,0,,,,,Y,,A,01,1,0,1,0,0,0,0,0,0,"- ","- ",36.771749999999997,-119.88934999999999,FRESNO,UNINCORPORATED,-119.88925994,36.771760010000001
90181553,2016,2016-05-17,9435,2016-05-04,0610,015602,,3,1,9,1000,0,3,5,,2,034,"NORTH AVENUE","NEWMARK AVENUE",0.00,,Y,A,-,N,,,,,,,,,,Y,2,0,2,2,A,-,12,22450,A,N,D,C,A,A,H,-,A,A,0,,,,,Y,,A,07,1,0,1,0,0,0,0,0,0,"- ","- ",36.692309999999999,-119.54273999999999,FRESNO,UNINCORPORATED,-119.54277989000001,36.692290110000002
90182438,2016,2016-05-18,9435,2016-05-13,1609,019610,,5,2,9,1000,0,1,3,,1,412,"SR-41 S/B","FLORAL AVE",1056.00,N,N,A,-,Y,,,41,,,,,,S,Y,2,0,1,1,A,-,08,22107,,N,F,A,A,A,H,-,A,A,0,,,Y,,Y,,C,02,1,0,0,0,0,0,0,0,1,"- ","- ",36.577660000000002,-119.78588000000001,FRESNO,UNINCORPORATED,-119.78604620999999,36.57766127
90184122,2016,2016-05-20,9435,2016-05-14,0645,013112,,6,1,9,1000,0,3,5,,2,020,"TAHOE STREET","MOUNTAIN VIEW AVE",791.00,S,N,A,-,N,,,,,,,,,,Y,2,0,1,1,A,-,08,22107,,N,F,A,A,A,H,-,A,D,0,,,Y,,Y,,C,02,1,0,0,0,0,0,0,0,1,"- ","- ",36.545360000000002,-119.82934,FRESNO,UNINCORPORATED,-119.82961082999999,36.545073860000002