CASE_ID,ACCIDENT_YEAR,PROC_DATE,JURIS,COLLISION_DATE,COLLISION_TIME,OFFICER_ID,REPORTING_DISTRICT,DAY_OF_WEEK,CHP_SHIFT,POPULATION,CNTY_CITY_LOC,SPECIAL_COND,BEAT_TYPE,CHP_BEAT_TYPE,CITY_DIVISION_LAPD,CHP_BEAT_CLASS,BEAT_NUMBER,PRIMARY_RD,SECONDARY_RD,DISTANCE,DIRECTION,INTERSECTION,WEATHER_1,WEATHER_2,STATE_HWY_IND,CALTRANS_COUNTY,CALTRANS_DISTRICT,STATE_ROUTE,ROUTE_SUFFIX,POSTMILE_PREFIX,POSTMILE,LOCATION_TYPE,RAMP_INTERSECTION,SIDE_OF_HWY,TOW_AWAY,COLLISION_SEVERITY,NUMBER_KILLED,NUMBER_INJURED,PARTY_COUNT,PRIMARY_COLL_FACTOR,PCF_CODE_OF_VIOL,PCF_VIOL_CATEGORY,PCF_VIOLATION,PCF_VIOL_SUBSECTION,HIT_AND_RUN,TYPE_OF_COLLISION,MVIW,PED_ACTION,ROAD_SURFACE,ROAD_COND_1,ROAD_COND_2,LIGHTING,CONTROL_DEVICE,CHP_ROAD_TYPE,PEDESTRIAN_ACCIDENT,BICYCLE_ACCIDENT,MOTORCYCLE_ACCIDENT,TRUCK_ACCIDENT,NOT_PRIVATE_PROPERTY,ALCOHOL_INVOLVED,STWD_VEHTYPE_AT_FAULT,CHP_VEHTYPE_AT_FAULT,COUNT_SEVERE_INJ,COUNT_VISIBLE_INJ,COUNT_COMPLAINT_PAIN,COUNT_PED_KILLED,COUNT_PED_INJURED,COUNT_BICYCLIST_KILLED,COUNT_BICYCLIST_INJURED,COUNT_MC_KILLED,COUNT_MC_INJURED,PRIMARY_RAMP,SECONDARY_RAMP,LATITUDE,LONGITUDE,COUNTY,CITY,POINT_X,POINT_Y
90191614,2016,2016-05-31,9495,2016-05-20,1140,019369,,5,1,9,1000,0,1,1,,2,001,"I-5 (GOLDEN STATE FREEWAY)","PANOCHE ROAD",478.00,S,N,A,-,Y,,,5,,,,,,,Y,2,0,1,1,C,-,18,,,N,E,I,A,A,H,-,A,D,0,,,,,Y,,-,"- ",1,0,0,0,0,0,0,0,0,"- ","- ",36.638060000000003,-120.62217,FRESNO,UNINCORPORATED,-120.62201641999999,36.638177910000003
90193106,2016,2016-06-02,9435,2016-05-24,2335,015751,,2,3,7,1005,0,1,3,,2,410,"SR-41 S/B FROM HERNDON AVE W/B","HERNDON AVE",152.00,N,N,A,-,Y,,,41,,,,R,,S,Y,2,0,2,2,A,-,08,22107,,N,D,C,A,A,H,-,D,D,0,,,,,Y,,A,01,1,0,1,0,0,0,0,0,0,"- ","- ",36.83802,-119.78528,FRESNO,FRESNO,-119.78528,36.83802
90193449,2016,2016-06-02,9435,2016-05-21,1813,020060,,6,2,9,1000,0,3,5,,2,010,"FRUIT AVE","SCOTT AVE",60.00,N,N,A,-,N,,,,,,,,,,Y,2,0,4,2,A,-,01,23152,A,N,A,C,A,A,H,-,A,D,0,,,,,Y,Y,A,01,2,2,0,0,0,0,0,0,0,"- ","- ",36.811050000000002,-119.81740000000001,FRESNO,UNINCORPORATED,-119.81738811,36.811234689999999
90193550,2016,2016-06-02,9435,2016-05-08,1220,013112,,7,1,9,1000,0,3,5,,2,040,"DEL REY AVE","CONEJO AVE",0.00,,Y,A,-,N,,,,,,,,,,Y,2,0,5,2,A,-,12,22450,A,F,D,C,A,A,H,-,A,A,0,,,,,Y,,A,01,3,1,1,0,0,0,0,0,0,"- ","- ",36.517949999999999,-119.59334,FRESNO,UNINCORPORATED,-119.59320991,36.518000020000002
90193905,2016,2016-06-03,9435,2016-05-20,1535,020064,,5,2,9,1000,0,3,5,,2,040,"FLORAL AVENUE","DE WOLF AVENUE",0.00,,Y,B,-,N,,,,,,,,,,Y,2,0,2,2,A,-,09,21802,A,N,D,C,A,A,H,-,A,A,0,,,,,Y,,D,22,1,0,1,0,0,0,0,0,0,"- ","- ",36.576309999999999,-119.64615999999999,FRESNO,UNINCORPORATED,-119.64658999,36.576350060000003
90196886,2016,2016-06-08,9435,2016-05-21,1635,020064,,6,2,9,1000,0,3,5,,2,015,"MAPLE AVENUE","AMERICAN AVENUE",0.00,,Y,B,-,N,,,,,,,,,,N,2,0,1,2,A,-,09,21801,A,N,D,C,A,A,H,-,A,A,0,,,Y,,Y,,A,08,1,0,0,0,0,0,0,0,1,"- ","- ",36.663449999999997,-119.74576999999999,FRESNO,UNINCORPORATED,-119.74571988,36.663460100000002
90197122,2016,2016-06-08,9435,2016-05-29,1325,016860,,7,1,9,1000,0,1,3,,1,169,SR-168,"OAK VIEW DR",1056.00,E,N,A,-,Y,,,168,,,,,,,Y,2,0,1,2,A,-,05,21460,A,N,A,C,A,A,H,-,A,D,0,,,Y,,Y,,C,02,1,0,0,0,0,0,0,0,1,"- ","- ",36.973869999999998,-119.52706999999999,FRESNO,UNINCORPORATED,-119.52711085999999,36.973911989999998
90197824,2016,2016-08-31,9435,2016-04-30,1750,020082,,6,2,9,1000,0,3,5,,2,015,"HENDERSON RD","LINCOLN AVE",0.00,,Y,A,-,N,,,,,,,,,,Y,1,2,5,2,A,-,12,22450,A,N,D,C,A,A,H,-,A,A,0,,,,,Y,,A,01,2,1,2,0,0,0,0,0,0,"- ","- ",36.647939999999998,-119.95702,FRESNO,UNINCORPORATED,-119.95701987,36.64790009
90200841,2016,2016-06-14,9435,2016-05-30,2335,019323,,1,3,9,1000,0,3,5,,2,040,"MANNING AVE.","DEL REY AVE",441.00,E,N,A,-,N,,,,,,,,,,Y,2,0,1,1,A,-,01,23152,A,N,F,A,A,A,H,-,D,D,0,,,,,Y,Y,A,01,1,0,0,0,0,0,0,0,0,"- ","- ",36.605110000000003,-119.59133,FRESNO,UNINCORPORATED,-119.59116874999999,36.605130019999997
90201028,2016,2016-06-14,9435,2016-05-31,2014,016270,,2,2,9,1000,0,3,5,,2,060,"PIEDRA RD","PRINCETON AVE",1575.00,N,N,A,-,N,,,,,,,,,,Y,2,0,1,1,A,-,01,23152,A,N,E,I,A,A,H,-,A,D,0,,,,,Y,Y,A,01,1,0,0,0,0,0,0,0,0,"- ","- ",36.778660000000002,-119.40943,FRESNO,UNINCORPORATED,-119.40944609,36.778581320000001
90201558,2016,2016-08-31,9435,2016-05-07,2330,020273,,6,3,9,1000,0,1,3,,1,180,"SR-180 (WHITESBRIDGE RD)","LAKE AVE",2574.00,W,N,A,-,Y,,,180,,,,,,,Y,1,1,2,2,A,-,09,21801,A,N,D,C,A,A,H,-,D,D,0,,,,,Y,,A,01,0,0,2,0,0,0,0,0,0,"- ","- ",36.734360000000002,-120.14131999999999,FRESNO,UNINCORPORATED,-120.14132127000001,36.734671409999997
90201623,2016,2016-06-14,9435,2016-06-01,1500,016833,,3,2,9,1000,0,3,5,,2,034,"SOUTH AVE","LEONARD AVE",1056.00,E,N,A,-,N,,,,,,,,,,Y,2,0,1,1,A,-,01,23152,A,N,E,I,A,A,H,-,A,D,0,,,,,Y,Y,A,08,1,0,0,0,0,0,0,0,0,"- ","- ",36.619419999999998,-119.6347,FRESNO,UNINCORPORATED,-119.63376445999999,36.619839120000002
90202566,2016,2016-06-15,9435,2016-06-02,1445,019263,,4,2,9,1000,0,1,3,,1,169,SR-168,"FLINTRIDGE AVE",1584.00,E,N,A,-,Y,,,168,,,,,,,Y,2,0,1,1,A,-,08,22107,,N,E,I,A,A,H,-,A,D,0,,,,,Y,,A,01,1,0,0,0,0,0,0,0,0,"- ","- ",37.199860000000001,-119.21127,FRESNO,UNINCORPORATED,-119.21122534,37.199908110000003
90203361,2016,2016-06-16,9435,2016-06-02,1528,019932,,4,2,9,1000,0,3,5,,2,034,"AMERICAN AVE","GOLDEN STATE BLVD",0.00,,Y,A,-,N,,,,,,,,,,Y,2,0,4,2,A,-,09,21802,A,N,D,C,A,A,H,-,A,A,0,,,,,Y,,A,01,1,3,0,0,0,0,0,0,0,"- ","- ",36.663550000000001,-119.71836,FRESNO,UNINCORPORATED,-119.71853993000001,36.66336003
90205516,2016,2016-06-20,9435,2016-05-24,1639,018609,,2,2,9,1000,0,3,5,,2,040,"DEWOLF AVE","GOLDEN STATE BLVD",250.00,S,N,A,-,N,,,,,,,,,,Y,2,0,1,1,A,-,03,22350,,N,E,I,A,A,H,-,A,D,0,,,Y,,Y,,C,02,1,0,0,0,0,0,0,0,1,"- ","- ",36.597279999999998,-119.64661,FRESNO,UNINCORPORATED,-119.64701748,36.5974857
90205928,2016,2016-06-21,9435,2016-06-12,0814,020064,,7,1,9,1000,0,1,3,,1,169,"SR-168 (MILLERTON ROAD)","DRY CREEK ROAD",1000.00,E,N,B,-,Y,,,168,,,,,,,Y,2,0,1,1,A,-,08,22107,,N,F,A,A,B,H,-,A,D,0,,,Y,,Y,,C,02,1,0,0,0,0,0,0,0,1,"- ","- ",36.965539999999997,-119.51931,FRESNO,UNINCORPORATED,-119.51931131000001,36.965537730000001
90206688,2016,2016-06-21,9495,2016-05-15,1845,017312,,7,2,9,1000,0,1,3,,1,008,"STATE ROUTE 198 (DORRIS AVENUE)","NORTHBOUND INTERSTATE 5",1502.00,E,N,A,-,Y,,,198,,,,,,,Y,1,1,8,2,A,-,08,22107,,N,D,C,A,A,H,-,A,D,0,,,,,Y,,A,01,3,3,2,0,0,0,0,0,0,"- ","- ",36.254379999999998,-120.23841,FRESNO,UNINCORPORATED,-120.23841216,36.254479449999998
90208793,2016,2016-06-24,9435,2016-06-14,2130,015890,,2,2,9,1000,0,3,5,,2,010,"ROLINDA AVE","SR-180 (WHITESBRIDGE RD)",2588.00,N,N,A,-,N,,,,,,,,,,Y,2,0,1,1,A,-,08,22107,,N,E,I,A,A,H,-,D,D,0,,,,,Y,,A,01,1,0,0,0,0,0,0,0,0,"- ","- ",36.741999999999997,-119.96092,FRESNO,UNINCORPORATED,-119.96084690000001,36.742138310000001
90209899,2016,2016-06-27,9435,2016-05-28,1555,019263,,6,2,9,1000,0,3,5,,2,050,"HUNTINGTON LAKE RD","CANYON ROAD",10.00,E,N,A,-,N,,,,,,,,,,Y,1,1,0,1,A,-,03,22350,,N,E,I,A,A,H,-,A,D,0,,,Y,,Y,,C,02,0,0,0,0,0,0,0,1,0,"- ","- ",37.19061,-119.27029,FRESNO,UNINCORPORATED,-119.27012611000001,37.19058424
90211652,2016,2016-08-31,9435,2016-05-16,1907,016833,,1,2,9,1000,0,3,5,,2,015,"NORTH AVE","VALENTINE AVE",0.00,,Y,A,-,N,,,,,,,,,,Y,1,1,1,2,A,-,12,22450,A,N,D,C,A,A,H,-,A,A,0,,,,,Y,,A,01,0,1,0,0,0,0,0,0,0,"- ","- ",36.692070000000001,-119.85344000000001,FRESNO,UNINCORPORATED,-119.85340988999999,36.692080019999999
90214726,2016,2016-07-01,9495,2016-06-27,0135,017312,,1,3,9,1000,0,1,1,,2,001,"INTERSTATE 5, SOUTHBOUND","KAMM AVENUE",20592.00,S,N,A,-,Y,,,5,,,,,,S,Y,2,0,2,1,A,-,08,22107,,N,E,I,A,A,H,-,D,D,0,,,,,Y,,A,01,1,1,0,0,0,0,0,0,0,"- ","- ",36.486109999999996,-120.44101000000001,FRESNO,UNINCORPORATED,-120.44109047000001,36.486040549999998
90222497,2016,2016-07-14,9435,2016-06-29,0010,018860,,3,3,7,1005,0,1,3,,2,182,"SR-180 W/B FROM CLOVIS AVE. S/B","CLOVIS AVE.",56.00,W,N,A,-,Y,,,180,,,,R,,W,Y,2,0,1,1,A,-,03,22350,,N,E,I,A,A,H,-,C,A,0,,,,,Y,,A,01,1,0,0,0,0,0,0,0,0,"- ","- ",36.753349999999998,-119.70125,FRESNO,FRESNO,-119.70125,36.753349999999998
90223458,2016,2016-07-15,9435,2016-06-30,1741,018609,,4,2,7,1005,0,1,3,,2,410,"SR-41 N/B FROM DIVISADERO ST.","DIVISADERO ST",15.00,N,N,A,-,Y,,,41,,,,R,,N,Y,2,0,1,2,A,-,05,21650,,N,H,G,A,A,H,-,A,A,0,,Y,,,Y,,L,04,1,0,0,0,0,0,1,0,0,"- ","- ",36.743450000000003,-119.77636,FRESNO,FRESNO,-119.77636,36.743450000000003
90223467,2016,2016-07-15,9435,2016-06-18,2309,020019,,6,3,9,1000,0,3,5,,2,040,"MOUNTAIN VIEW AVE","ACADEMY AVE",1584.00,E,N,A,-,N,,,,,,,,,,Y,1,1,0,1,A,-,08,22107,,N,F,A,A,A,H,-,D,D,0,,,,,Y,,D,22,0,0,0,0,0,0,0,0,0,"- ","- ",36.546900000000001,-119.5517,FRESNO,UNINCORPORATED,-119.55122204,36.546847100000001
90224923,2016,2016-08-31,9435,2016-05-16,1654,018609,,1,2,9,1000,0,1,3,,2,106,"SR-99 S/B","CLOVIS AVE",528.00,N,N,A,-,Y,,,99,,,,,,S,Y,1,1,2,3,A,-,03,22350,,N,C,C,A,A,H,-,A,D,0,,,,Y,Y,,G,27,1,1,0,0,0,0,0,0,0,"- ","- ",36.642490000000002,-119.70218,FRESNO,UNINCORPORATED,-119.70209264,36.642588619999998
90224951,2016,2016-09-07,9435,2016-04-29,0540,013112,,5,3,9,1000,0,3,5,,2,020,"SAN MATEO AVE","NEBRASKA AVE",22.00,S,N,A,-,N,,,,,,,,,,Y,1,2,1,2,A,-,01,23152,F,F,A,C,A,A,H,-,D,D,0,,,,,Y,Y,A,01,0,1,0,0,0,0,0,0,0,"- ","- ",36.559469999999997,-120.31614999999999,FRESNO,UNINCORPORATED,-120.31608012,36.559199589999999
90225081,2016,2016-07-18,9435,2016-02-02,0812,017088,,2,1,9,1000,0,3,5,,2,060,"SOUTH AVE","BUTTONWILLOW AVE",0.00,,Y,A,-,N,,,,,,,,,,Y,1,3,4,2,A,-,09,21802,A,N,D,C,A,A,H,-,A,A,0,,,,Y,Y,,I,12,1,1,2,0,0,0,0,0,0,"- ","- ",36.370690000000003,-119.2551,FRESNO,UNINCORPORATED,-119.4308399,36.618620010000001
90228647,2016,2016-07-22,9435,2016-06-27,2310,020193,,1,3,9,1000,0,3,5,,2,040,"GOLDEN STATE BLVD","DEWOLF AVE",1034.00,S,N,A,-,N,,,,,,,,,,N,2,0,1,2,A,-,08,22107,,M,G,B,E,A,H,-,D,D,0,Y,,,,Y,,A,01,1,0,0,0,1,0,0,0,0,"- ","- ",36.595889999999997,-119.64458999999999,FRESNO,UNINCORPORATED,-119.64449476,36.595836730000002
90229111,2016,2016-07-25,9435,2016-07-05,0300,016570,,2,3,9,1000,0,3,5,,2,030,"TRIMMER SPRINGS RD","SUNNYSLOPE RD",1056.00,W,N,A,-,N,,,,,,,,,,Y,2,0,2,1,A,-,08,22107,,N,E,I,A,A,H,-,D,D,0,,,,,Y,,A,01,2,0,0,0,0,0,0,0,0,"- ","- ",36.861919999999998,-119.35074,FRESNO,UNINCORPORATED,-119.35156062,36.861373499999999
90229408,2016,2016-07-25,9435,2016-07-03,1925,020419,,7,2,9,1000,0,3,5,,2,030,"MADISON AVE","ADLER AVE",0.00,,Y,A,-,N,,,,,,,,,,N,2,0,1,2,A,-,09,21800,A,F,D,C,A,A,H,-,A,D,0,,,Y,,Y,,A,01,1,0,0,0,0,0,0,0,1,"- ","- ",36.749519999999997,-119.72506,FRESNO,UNINCORPORATED,-119.72506996,36.74952004
90234433,2016,2016-08-01,9435,2016-07-03,1725,020064,,7,2,9,1000,0,3,5,,2,050,"SAMPLE ROAD","GRANITE HILLS ROAD",500.00,W,N,A,-,N,,,,,,,,,,Y,2,0,1,2,A,-,05,21460,A,N,A,C,A,A,H,-,A,D,0,,,Y,,Y,,C,02,1,0,0,0,0,0,0,0,1,"- ","- ",36.90766,-119.4765,FRESNO,UNINCORPORATED,-119.47661265000001,36.90770303
90234489,2016,2017-03-23,9435,2016-06-28,1610,019926,,2,2,9,1000,0,3,5,,2,010,"ROLINDA AVE","MCKINLEY AVE",0.00,,Y,A,-,N,,,,,,,,,,Y,1,1,1,2,A,-,12,22450,A,N,D,C,A,A,H,-,A,A,0,,,,,Y,,A,01,0,1,0,0,0,0,0,0,0,"- ","- ",36.764150000000001,-119.96086,FRESNO,UNINCORPORATED,-119.96085997,36.764119999999998
90236275,2016,2016-08-03,9435,2016-07-13,0400,017591,,3,3,9,1000,0,3,5,,2,040,"NEBRASKA AVENUE","CLOVIS AVENUE",980.00,W,N,A,-,N,,,,,,,,,,Y,2,0,1,1,A,-,01,23152,A,N,F,A,A,A,H,-,D,D,0,,,,,Y,Y,A,07,1,0,0,0,0,0,0,0,0,"- ","- ",36.56176,-119.70504,FRESNO,UNINCORPORATED,-119.70386436,36.561682900000001
90236417,2016,2016-08-03,9435,2016-06-23,1854,019610,,4,2,7,1005,0,1,3,,1,168,"SR-168 W/B TO SR-180 W/B","CEDAR AVE",2112.00,E,N,A,-,Y,,,168,,,,R,,W,Y,1,1,1,2,A,-,07,21658,A,F,E,I,A,A,H,-,A,A,0,,,,,Y,,-,99,0,1,0,0,0,0,0,0,0,"- ","- ",36.756239999999998,-119.7508,FRESNO,FRESNO,-119.7508,36.756239999999998
90237835,2016,2016-08-04,9435,2016-07-09,1749,019932,,6,2,9,1000,0,3,5,,2,034,"TEMPERANCE AVE","CENTRAL AVE",0.00,,Y,A,-,N,,,,,,,,,,Y,1,1,2,3,A,-,09,21802,A,N,D,C,A,A,H,-,A,A,0,,,,,Y,,A,01,0,0,2,0,0,0,0,0,0,"- ","- ",36.678080000000001,-119.66382,FRESNO,UNINCORPORATED,-119.66386992,36.678080020000003
90243588,2016,2016-08-12,9435,2016-07-30,1115,013112,,6,1,9,1000,0,3,5,,2,020,"MANNING AVE","MCMULLIN GRADE",0.00,,Y,A,-,N,,,,,,,,,,Y,2,0,6,2,A,-,09,21802,A,N,D,C,A,A,H,-,A,A,0,,,,,Y,,A,07,1,3,2,0,0,0,0,0,0,"- ","- ",36.603839999999998,-120.04353,FRESNO,UNINCORPORATED,-120.04328995,36.603870110000003
90245011,2016,2016-08-15,9435,2016-07-21,2043,020064,,4,2,9,1000,0,3,5,,2,050,"SJ&E ROAD","BULLPINE ROAD",81.00,S,N,A,-,N,,,,,,,,,,Y,2,0,1,1,A,-,01,23152,A,M,F,A,A,A,H,-,D,D,0,,,,,Y,Y,D,22,1,0,0,0,0,0,0,0,0,"- ","- ",37.065800000000003,-119.48029,FRESNO,UNINCORPORATED,-119.48041677000001,37.065890529999997
90249306,2016,2017-06-01,9435,2016-07-24,0726,016270,`,7,1,9,1000,0,3,5,,2,060,"ENNIS ROAD","GEORGE SMITH ROAD",60.00,S,N,A,-,N,,,,,,,,,,Y,1,1,0,1,A,-,03,22350,,N,F,A,A,A,H,-,A,D,0,,,,,Y,,D,22,0,0,0,0,0,0,0,0,0,"- ","- ",36.689250000000001,-119.21552,FRESNO,UNINCORPORATED,-119.2157,36.68918
90249919,2016,2016-08-22,9435,2016-08-15,0536,020680,,1,3,9,1000,0,3,5,,2,034,"ADAMS AVE.","SMITH AVE",640.00,W,N,A,-,N,,,,,,,,,,Y,2,0,5,4,A,-,16,24615,,N,A,C,A,A,H,-,D,D,0,,,,,Y,,M,46,3,0,2,0,0,0,0,0,0,"- ","- ",36.633499999999998,-119.5064,FRESNO,UNINCORPORATED,-119.50443909000001,36.633497460000001
90252539,2016,2016-08-25,9435,2016-08-21,2220,019263,,7,3,9,1000,0,1,3,,1,168,SR-168,"CRESSMAN RD",4224.00,E,N,A,-,Y,,,168,,,,,,,Y,2,0,1,1,A,-,08,22107,,N,E,I,A,A,H,-,D,D,0,,,,,Y,,A,01,1,0,0,0,0,0,0,0,0,"- ","- ",37.06962,-119.35460999999999,FRESNO,UNINCORPORATED,-119.35458694,37.069647279999998
90252771,2016,2016-08-25,9435,2016-07-27,0450,015890,,3,3,9,1000,0,3,5,,2,010,"SHAW AVE","MAROA AVE",48.00,W,N,A,-,N,,,,,,,,,,Y,1,1,0,2,A,-,11,21954,A,N,G,B,E,A,H,-,C,D,0,Y,,,,Y,,N,60,0,0,0,1,0,0,0,0,0,"- ","- ",36.808570000000003,-119.79973,FRESNO,UNINCORPORATED,-119.79961385,36.808558920000003
90252863,2016,2016-08-25,9435,2016-08-19,1730,020082,,5,2,7,1005,0,1,3,,2,181,"SR-180 W/B","G ST.",182.00,E,N,A,-,Y,,,180,,,,,,W,Y,2,0,6,3,A,-,03,22350,,N,C,C,A,A,H,-,A,D,0,,,,Y,Y,,G,27,1,1,4,0,0,0,0,0,0,"- ","- ",36.744259999999997,-119.80871,FRESNO,FRESNO,-119.80873672,36.744309729999998
90254249,2016,2016-08-26,9435,2016-08-21,0115,019263,,7,3,9,1000,0,1,3,,1,169,SR-168,"TOLLHOUSE RD",2112.00,W,N,A,-,Y,,,168,,,,,,,Y,2,0,1,1,A,-,01,23152,A,N,E,I,A,A,H,-,D,D,0,,,,,Y,Y,D,22,1,0,0,0,0,0,0,0,0,"- ","- ",36.949399999999997,-119.5064,FRESNO,UNINCORPORATED,-119.50647718,36.949404819999998
90254457,2016,2016-08-26,9435,2016-08-14,2110,017088,,7,2,9,1000,0,3,5,,2,060,"CLOVER LN.","SQUAW VALLEY RD",136.00,W,N,A,-,N,,,,,,,,,,Y,2,0,1,1,A,-,08,22107,,N,E,I,A,A,H,-,D,D,0,,,,,Y,,A,01,1,0,0,0,0,0,0,0,0,"- ","- ",36.667580000000001,-119.15546000000001,FRESNO,UNINCORPORATED,-119.15521,36.667850000000001
90254918,2016,2016-08-26,9435,2016-08-06,1834,016270,,6,2,9,1000,0,1,3,,2,184,"STATE ROUTE 180","STATE ROUTE 63",6336.00,W,N,A,-,Y,,,180,,,,,,,Y,1,2,0,1,A,-,03,22350,,N,F,A,A,A,H,-,A,D,0,,,,,Y,,D,22,0,0,0,0,0,0,0,0,0,"- ","- ",36.723689999999998,-119.30319,FRESNO,UNINCORPORATED,-119.30320229,36.72376671
90257595,2016,2016-08-31,9435,2016-08-28,1338,019980,,7,1,9,1000,0,3,5,,2,025,"WATTS VALLEY RD","PITTMAN HILL RD",10560.00,S,N,A,-,N,,,,,,,,,,Y,2,0,2,1,A,-,03,22350,,N,E,J,A,A,H,-,A,D,0,,,,,Y,,A,01,1,1,0,0,0,0,0,0,0,"- ","- ",36.866419999999998,-119.46539,FRESNO,UNINCORPORATED,-119.46506835,36.866395359999999
90259096,2016,2016-09-01,9461,2016-08-23,1434,017029,,2,2,9,1000,0,3,5,,2,060,"BASS AVE","2ND ST",5280.00,N,N,A,-,N,,,,,,,,,,Y,2,0,2,1,A,-,08,22107,,N,F,A,A,A,H,-,A,D,0,,,,,Y,,A,01,1,0,1,0,0,0,0,0,0,"- ","- ",36.778289999999998,-120.37213,FRESNO,UNINCORPORATED,-120.37230803,36.778006390000002
90261381,2016,2016-09-06,9461,2016-08-22,2346,019637,,1,3,9,1000,0,1,3,,1,604,SR-33,"BASS AVE",3841.00,N,N,A,-,Y,,,33,,,,,,,Y,1,1,1,2,A,-,05,21650,,N,A,C,A,A,H,-,D,D,0,,,,Y,Y,,D,22,0,0,1,0,0,0,0,0,0,"- ","- ",36.773229999999998,-120.39506,FRESNO,UNINCORPORATED,-120.3950822,36.773211250000003
90264836,2016,2016-09-09,9435,2016-08-22,0150,018809,,1,3,9,1000,0,1,3,,2,106,"STATE ROUTE-99 S/B","ADAMS AVE",150.00,N,N,A,-,Y,,,99,,,,,,S,Y,2,0,1,1,A,-,01,23152,A,M,E,I,A,A,H,-,D,D,0,,,,,Y,Y,A,01,1,0,0,0,0,0,0,0,0,"- ","- ",36.634970000000003,-119.69368,FRESNO,UNINCORPORATED,-119.69372126,36.634927400000002
90265539,2016,2017-03-23,9435,2016-07-11,1337,019523,,1,1,9,1000,0,3,5,,2,015,"JEFFERSON AVE","SANTA FE COUNTY ROAD",1584.00,E,N,A,-,N,,,,,,,,,,Y,1,1,1,2,A,-,08,22107,,N,D,C,A,A,H,-,A,D,0,,,,Y,Y,,D,22,1,0,0,0,0,0,0,0,0,"- ","- ",36.654110000000003,-120.32736,FRESNO,UNINCORPORATED,-120.32492019,36.654066690000001
90269003,2016,2016-09-16,9435,2016-09-07,0550,016570,,3,3,9,1000,0,3,5,,2,040,"MANNING AVE","DE WOLF AVE",0.00,,Y,A,-,N,,,,,,,,,,Y,2,0,4,2,A,-,09,21802,A,N,D,C,A,A,H,-,D,A,0,,,,,Y,,D,22,1,0,3,0,0,0,0,0,0,"- ","- ",36.605510000000002,-119.64661,FRESNO,UNINCORPORATED,-119.64652996,36.605500040000003
90269013,2016,2016-09-16,9461,2016-09-04,1620,020008,,7,2,9,1000,0,1,3,,1,603,SR-33,"DOUGLAS AVE",0.00,,Y,A,-,Y,,,33,,,,,,,Y,2,0,3,3,A,-,08,22107,,N,E,I,A,A,H,-,A,D,0,,,,Y,Y,,D,22,1,2,0,0,0,0,0,0,0,"- ","- ",36.883000000000003,-120.49142000000001,FRESNO,UNINCORPORATED,-120.49141763999999,36.883003479999999
90270340,2016,2016-09-19,9435,2016-09-09,1349,020122,,5,1,9,1000,0,3,5,,2,015,"BRAWLEY AVE","JENSEN AVE",0.00,,Y,A,-,N,,,,,,,,,,Y,2,0,6,2,A,-,09,21802,A,N,D,C,A,A,H,-,A,D,0,,,,,Y,,A,01,3,2,1,0,0,0,0,0,0,"- ","- ",36.70655,-119.86242,FRESNO,UNINCORPORATED,-119.8623699,36.70652011
90270929,2016,2016-09-19,9495,2016-09-06,0518,019111,,2,3,9,1000,0,1,1,,2,002,"INTERSTATE 5 (N/B)","SR-33 (DERRICK AVENUE)",18480.00,N,N,A,-,Y,,,5,,,,,,,Y,2,0,4,2,A,-,08,22107,,N,B,C,A,A,H,-,D,D,0,,,,Y,Y,,D,22,1,1,2,0,0,0,0,0,0,"- ","- ",36.476030000000002,-120.43116000000001,FRESNO,UNINCORPORATED,-120.43122518,36.475974020000002
90271425,2016,2017-03-23,9435,2016-08-28,2355,018944,,7,3,7,1005,0,3,5,,2,015,"SAN BENITO AVE","PANOCHE RD",8976.00,S,N,A,-,N,,,,,,,,,,Y,1,1,0,1,A,-,08,22107,,N,F,A,A,A,H,-,D,D,0,,,,,Y,,A,08,0,0,0,0,0,0,0,0,0,"- ","- ",36.706209999999999,-120.36054,FRESNO,FRESNO,-120.36002999999999,36.728430000000003
90271617,2016,2016-09-20,9435,2016-09-12,0500,018912,,1,3,9,1000,0,3,5,,2,025,"BULLARD AVENUE","HIGHLAND AVENUE",1373.00,E,N,A,-,N,,,,,,,,,,Y,2,0,1,1,A,-,08,22107,,F,E,I,A,A,H,-,D,D,0,,,,,Y,,A,01,1,0,0,0,0,0,0,0,0,"- ","- ",36.822839999999999,-119.62306,FRESNO,UNINCORPORATED,-119.62324295000001,36.822868020000001
90274677,2016,2016-09-23,9435,2016-07-16,1105,017310,,6,1,9,1000,0,1,3,,1,183,"SR-180 (KINGS CANYON RD.)","RIO VISTA AVE",213.00,E,N,A,-,Y,,,180,,,,,,,Y,1,1,1,3,A,-,05,21460,A,N,B,C,A,A,H,-,A,D,0,,,,,Y,,E,22,1,0,0,0,0,0,0,0,0,"- ","- ",36.731969999999997,-119.47628,FRESNO,UNINCORPORATED,-119.47628045,36.73194711
90274716,2016,2016-09-23,9435,2016-09-17,0939,015095,,6,1,9,1000,0,3,5,,2,034,"JENSEN AVENUE","TEMPERANCE AVENUE",0.00,,Y,A,-,N,,,,,,,,,,Y,2,0,5,2,A,-,09,21801,A,N,D,C,A,A,H,-,A,D,0,,,,,Y,,A,01,1,4,0,0,0,0,0,0,0,"- ","- ",36.707659999999997,-119.66446999999999,FRESNO,UNINCORPORATED,-119.66405995,36.707540010000002