CASE_ID,ACCIDENT_YEAR,PROC_DATE,JURIS,COLLISION_DATE,COLLISION_TIME,OFFICER_ID,REPORTING_DISTRICT,DAY_OF_WEEK,CHP_SHIFT,POPULATION,CNTY_CITY_LOC,SPECIAL_COND,BEAT_TYPE,CHP_BEAT_TYPE,CITY_DIVISION_LAPD,CHP_BEAT_CLASS,BEAT_NUMBER,PRIMARY_RD,SECONDARY_RD,DISTANCE,DIRECTION,INTERSECTION,WEATHER_1,WEATHER_2,STATE_HWY_IND,CALTRANS_COUNTY,CALTRANS_DISTRICT,STATE_ROUTE,ROUTE_SUFFIX,POSTMILE_PREFIX,POSTMILE,LOCATION_TYPE,RAMP_INTERSECTION,SIDE_OF_HWY,TOW_AWAY,COLLISION_SEVERITY,NUMBER_KILLED,NUMBER_INJURED,PARTY_COUNT,PRIMARY_COLL_FACTOR,PCF_CODE_OF_VIOL,PCF_VIOL_CATEGORY,PCF_VIOLATION,PCF_VIOL_SUBSECTION,HIT_AND_RUN,TYPE_OF_COLLISION,MVIW,PED_ACTION,ROAD_SURFACE,ROAD_COND_1,ROAD_COND_2,LIGHTING,CONTROL_DEVICE,CHP_ROAD_TYPE,PEDESTRIAN_ACCIDENT,BICYCLE_ACCIDENT,MOTORCYCLE_ACCIDENT,TRUCK_ACCIDENT,NOT_PRIVATE_PROPERTY,ALCOHOL_INVOLVED,STWD_VEHTYPE_AT_FAULT,CHP_VEHTYPE_AT_FAULT,COUNT_SEVERE_INJ,COUNT_VISIBLE_INJ,COUNT_COMPLAINT_PAIN,COUNT_PED_KILLED,COUNT_PED_INJURED,COUNT_BICYCLIST_KILLED,COUNT_BICYCLIST_INJURED,COUNT_MC_KILLED,COUNT_MC_INJURED,PRIMARY_RAMP,SECONDARY_RAMP,LATITUDE,LONGITUDE,COUNTY,CITY,POINT_X,POINT_Y
90275362,2016,2016-09-26,9435,2016-09-25,0000,019603,,7,3,9,1000,0,3,5,,2,010,"SHIELDS AVE","DICKENSON AVE",16.00,E,N,A,-,N,,,,,,,,,,Y,2,0,3,2,A,-,01,23152,A,N,C,C,A,A,H,-,D,A,0,,,Y,,Y,Y,A,01,1,1,1,0,0,0,0,0,2,"- ","- ",36.778700000000001,-119.96998000000001,FRESNO,UNINCORPORATED,-119.9700254,36.778709999999997
90283380,2016,2016-10-04,9435,2016-09-23,1505,016860,,5,2,9,1000,0,1,3,,1,169,SR-168,"USFS ROUTE 8S300",273.00,E,N,A,-,Y,,,168,,,,,,,N,2,0,1,2,A,-,03,22350,,N,F,A,A,A,H,-,A,D,0,,,Y,,Y,,C,02,1,0,0,0,0,0,0,0,1,"- ","- ",37.243749999999999,-119.16355,FRESNO,UNINCORPORATED,-119.16351066,37.243691599999998
90284174,2016,2016-10-05,9435,2016-09-26,0750,016570,,1,1,9,1000,0,1,3,,1,183,"SR-180 W/B","CLOVIS AVE",1223.00,E,N,A,-,Y,,,180,,,,,,W,Y,2,0,4,4,A,-,03,22350,,N,C,C,A,A,H,-,A,D,0,,,,,Y,,A,01,1,0,3,0,0,0,0,0,0,"- ","- ",36.753059999999998,-119.69580999999999,FRESNO,UNINCORPORATED,-119.69581244,36.753092420000002
90285032,2016,2016-10-06,9435,2016-09-23,1600,020064,,5,2,9,1000,0,3,5,,2,030,"MCKINLEY AVENUE","DE WOLF AVENUE",0.00,,Y,A,-,N,,,,,,,,,,Y,2,0,3,2,A,-,09,21802,A,N,D,C,A,A,H,-,A,A,0,,,,,Y,,A,01,2,0,1,0,0,0,0,0,0,"- ","- ",36.764749999999999,-119.64601,FRESNO,UNINCORPORATED,-119.64598991,36.764760029999998
90286383,2016,2016-10-07,9435,2016-09-30,1947,020419,,5,2,9,1000,0,3,5,,2,050,"FRAZIER RD","SPREADING OAK LN",300.00,E,N,A,-,N,,,,,,,,,,Y,2,0,3,1,A,-,03,22350,,N,E,I,A,A,H,-,D,D,0,,,,,Y,,A,01,1,1,1,0,0,0,0,0,0,"- ","- ",37.067779999999999,-119.50279999999999,FRESNO,UNINCORPORATED,-119.50283211999999,37.067719160000003
90289002,2016,2016-10-11,9435,2016-10-03,1525,016507,,1,2,9,1000,0,3,5,,2,060,"ANNADALE AVE","MACDONOUGH AVE",1056.00,W,N,A,-,N,,,,,,,,,,Y,2,0,1,1,A,-,08,22107,,N,F,A,A,A,H,-,A,D,0,,,,,Y,,A,08,1,0,0,0,0,0,0,0,0,"- ","- ",36.7059,-119.48605000000001,FRESNO,UNINCORPORATED,-119.48646001,36.705847499999997
90293214,2016,2016-10-17,9435,2016-10-02,1150,013112,,7,1,9,1000,0,1,3,,1,411,"SR-41 S/B","MANNING AVE",0.00,,Y,A,-,Y,,,41,,,,,,S,Y,2,0,1,2,A,-,08,22101,D,N,D,C,A,A,H,-,A,A,0,,,,,Y,,A,07,1,0,0,0,0,0,0,0,0,"- ","- ",36.60519,-119.78664000000001,FRESNO,UNINCORPORATED,-119.78598949000001,36.6051918
90293586,2016,2016-10-17,9435,2016-10-08,0304,020419,,6,3,7,1005,0,1,3,,2,106,"STATE ROUTE-99 N/B","CLOVIS AVE UNDERCROSSING",1400.00,N,N,A,-,Y,,,,,,,,,,Y,2,0,2,2,A,-,01,23152,A,N,B,C,A,A,H,-,D,D,0,,,,Y,Y,Y,A,01,1,1,0,0,0,0,0,0,0,"- ","- ",36.646920000000001,-119.70649,FRESNO,FRESNO,,
90295304,2016,2016-10-19,9435,2016-09-07,0809,018920,,3,1,7,1005,0,1,3,,2,410,"SR-41 N/B","SHAW AVE",20.00,N,N,A,-,Y,,,,,,,,,,Y,1,1,0,2,A,-,11,21950,B,N,G,B,D,A,H,-,A,D,0,Y,,,,Y,,N,60,0,0,0,1,0,0,0,0,0,"- ","- ",36.808480000000003,-119.28512000000001,FRESNO,FRESNO,-119.78375,36.808771
90295356,2016,2017-06-01,9435,2016-08-30,2355,015181,,2,3,9,1000,0,3,5,,2,015,"KEARNEY BLVD","CORNELIA AVENUE",1056.00,E,N,A,-,N,,,,,,,,,,Y,1,1,0,1,A,-,01,23152,A,N,E,J,A,A,H,-,D,D,0,,,,,Y,Y,D,22,0,0,0,0,0,0,0,0,0,"- ","- ",36.724870000000003,-119.8766,FRESNO,UNINCORPORATED,-119.87802172000001,36.726111770000003
90298976,2016,2016-10-24,9435,2016-10-10,0313,020078,,1,3,9,1000,0,3,5,,2,025,"FRIANT RD","BLUFF VIEW AVE",2766.00,S,N,A,-,N,,,,,,,,,,Y,2,0,4,2,A,-,01,23152,A,N,A,C,A,A,H,-,D,D,0,,,,,Y,Y,A,01,4,0,0,0,0,0,0,0,0,"- ","- ",36.94558,-119.73029,FRESNO,UNINCORPORATED,-119.72592,36.95241
90299953,2016,2016-10-25,9435,2016-10-20,0001,019385,,4,3,7,1005,0,1,3,,2,106,"STATE ROUTE 99 N/B","JENSEN AVENUE",528.00,S,N,A,-,Y,,,99,,,,,,N,Y,2,0,2,1,A,-,08,22107,,N,E,J,A,A,H,-,C,D,0,,,,,Y,,A,01,1,1,0,0,0,0,0,0,0,"- ","- ",36.705640000000002,-119.77251,FRESNO,FRESNO,-119.77259603,36.705557779999999
90302681,2016,2016-10-27,9435,2016-10-07,0627,019369,,5,1,9,1000,0,1,3,,1,168,"SR-168 (TOLLHOUSE RD)","ACADEMY AVENUE",0.00,,Y,A,-,Y,,,168,,,,,,,Y,2,0,1,2,A,-,09,21801,A,N,A,C,A,A,H,-,D,A,0,,,,,Y,,D,22,1,0,0,0,0,0,0,0,0,"- ","- ",36.873660000000001,-119.55745,FRESNO,UNINCORPORATED,-119.55749233,36.873712330000004
90302688,2016,2016-11-01,9435,2016-10-21,1736,020297,,5,2,7,1005,0,1,3,,2,181,"SR-180 E/B","SR-41 N/B",240.00,E,N,A,-,Y,,,180,,,,,,E,Y,2,0,1,4,A,-,03,22350,,N,C,C,A,A,H,-,A,D,0,,,,,Y,,A,01,1,0,0,0,0,0,0,0,0,"- ","- ",36.754300000000001,-119.77469000000001,FRESNO,FRESNO,-119.7746971,36.754356790000003
90305615,2016,2016-10-28,9435,2016-10-08,0330,013112,,6,3,9,1000,0,3,5,,2,020,"JAMESON AVE","DINUBA AVE",1570.00,S,N,A,-,N,,,,,,,,,,Y,2,0,1,1,A,-,08,22107,,N,E,J,A,A,H,-,C,D,0,,,,,Y,Y,A,01,1,0,0,0,0,0,0,0,0,"- ","- ",36.587539999999997,-119.98965,FRESNO,UNINCORPORATED,,
90314581,2016,2017-02-28,9435,2016-10-04,0957,016833,,2,1,9,1000,0,1,3,,1,180,SR-180,"SHASTA AVE",0.00,,Y,A,-,Y,,,180,,,,,,,Y,1,1,0,2,A,-,09,21802,A,N,D,C,A,A,H,-,A,A,0,,,Y,,Y,,D,22,0,0,0,0,0,0,0,1,0,"- ","- ",36.734729999999999,-120.10538,FRESNO,UNINCORPORATED,-120.10537998,36.734712870000003
90315981,2016,2016-11-10,9435,2016-11-02,0556,015890,,3,3,7,1005,0,1,3,,2,105,"SR-99 S/B","OLIVE AVE",105.00,S,N,A,-,Y,,,99,,,,,,S,Y,2,0,1,1,A,-,08,22107,,N,F,A,A,A,H,-,D,D,0,,,,,Y,,A,01,1,0,0,0,0,0,0,0,0,"- ","- ",36.757240000000003,-119.82982,FRESNO,FRESNO,-119.82973579,36.757288430000003
90316346,2016,2016-11-10,9435,2016-11-02,0829,018574,,3,1,9,1000,0,3,5,,2,040,"MOUNTAIN VIEW AVE","CLOVIS AVE",0.00,,Y,A,-,N,,,,,,,,,,Y,2,0,3,2,A,-,09,21802,A,N,D,C,A,A,H,-,A,A,0,,,,,Y,,A,01,1,0,2,0,0,0,0,0,0,"- ","- ",36.546970000000002,-119.7007,FRESNO,UNINCORPORATED,-119.70068000000001,36.547200050000001
90316569,2016,2016-11-10,9461,2016-10-16,1115,019724,,7,1,9,1000,0,1,3,,1,680,"SR-180 W/B","BELMONT AVE",1056.00,E,N,A,-,Y,,,180,,,,,,W,Y,1,1,0,1,A,-,08,22107,,N,E,I,A,A,H,-,A,D,0,,,,,Y,,A,01,0,0,0,0,0,0,0,0,0,"- ","- ",36.747599999999998,-120.37124,FRESNO,UNINCORPORATED,-120.37126752,36.747567830000001
90316713,2016,2017-09-25,9495,2016-11-02,1333,019424,,3,1,9,1000,0,1,1,,2,002,"INTERSTATE 5 (SOUTHBOUND)","JEFFREY AVENUE",8448.00,S,N,A,-,Y,,,5,,,,,,,Y,1,1,0,1,A,-,08,22107,,N,F,I,A,A,H,-,A,D,0,,,,,Y,,M,47,0,0,0,0,0,0,0,0,0,"- ","- ",36.34995,-120.31774,FRESNO,UNINCORPORATED,-120.31770194000001,36.34998427
90319517,2016,2016-11-15,9435,2016-11-07,0805,016507,,1,1,9,1000,0,1,3,,2,184,"STATE ROUTE 180","COVE AVE",0.00,,Y,A,-,Y,,,180,,,,,,,Y,2,0,2,2,A,-,09,21802,A,N,D,C,A,A,H,-,A,A,0,,,,,Y,,A,01,1,0,1,0,0,0,0,0,0,"- ","- ",36.715350000000001,-119.34901000000001,FRESNO,UNINCORPORATED,-119.34901022,36.715329529999998
90319610,2016,2016-11-15,9435,2016-08-24,1730,018823,,3,2,9,1000,0,1,3,,1,180,"SR-180 (WHITESBRIDGE AVENUE)","HOWARD AVE",1100.00,W,N,A,-,Y,,,180,,,,,,,Y,1,1,4,4,A,-,03,22350,,N,C,C,A,A,H,-,A,D,0,,,,,Y,,A,01,1,1,2,0,0,0,0,0,0,"- ","- ",36.734999999999999,-120.0286,FRESNO,UNINCORPORATED,-120.02859988,36.73494839
90319617,2016,2016-11-15,9435,2016-09-30,1830,020064,,5,2,9,1000,0,3,5,,2,034,"CENTRAL AVENUE","SUNNYSIDE AVENUE",355.00,W,N,A,-,N,,,,,,,,,,Y,1,1,0,2,A,-,11,21954,A,N,G,B,E,A,H,-,A,D,0,Y,,,,Y,,N,60,0,0,0,1,0,0,0,0,0,"- ","- ",36.678220000000003,-119.69175,FRESNO,UNINCORPORATED,-119.69209970999999,36.678190030000003
90320027,2016,2016-11-15,9435,2016-11-07,2105,018914,,1,2,9,1000,0,3,5,,2,030,"CLINTON AVE","MILLBROOK AVENUE",250.00,E,N,A,-,N,,,,,,,,,,N,2,0,1,2,A,-,11,21954,A,F,G,B,D,A,H,-,C,D,0,Y,,,,Y,,N,60,1,0,0,0,1,0,0,0,0,"- ","- ",36.772300000000001,-119.7621,FRESNO,UNINCORPORATED,-119.76211702000001,36.772302969999998
90324467,2016,2016-11-18,9435,2016-11-10,0710,019210,,4,1,9,1000,0,1,3,,1,180,"SR-180 (WHITESBRIDGE AVE)","SONOMA AVE",2059.00,W,N,E,-,Y,,,180,,,,,,,Y,2,0,1,2,A,-,03,22350,,N,D,C,A,A,H,-,A,D,0,,,,Y,Y,,A,07,1,0,0,0,0,0,0,0,0,"- ","- ",36.73442,-120.24159,FRESNO,UNINCORPORATED,-120.24159009,36.734389819999997
90327916,2016,2016-11-22,9435,2016-11-15,0649,014363,,2,1,9,1000,0,3,5,,2,030,"ACADEMY AVENUE","ROSE AVENUE",0.00,,Y,A,-,N,,,,,,,,,,Y,2,0,2,2,A,-,09,21802,A,N,D,D,A,A,H,-,A,A,0,,,,,Y,,A,07,2,0,0,0,0,0,0,0,0,"- ","- ",36.568710000000003,-119.55871,FRESNO,UNINCORPORATED,-119.55679993,36.568700010000001
90331431,2016,2016-11-29,9435,2016-11-04,0805,013112,,5,1,9,1000,0,1,3,,1,411,"SR-41 N/B","CENTRAL AVE",1056.00,N,N,A,-,Y,,,41,,,,,,N,Y,1,1,0,1,A,-,08,22107,,N,E,I,A,A,H,-,A,D,0,,,,,Y,,D,22,0,0,0,0,0,0,0,0,0,"- ","- ",36.683509999999998,-119.78569,FRESNO,UNINCORPORATED,-119.78573876,36.68351002
90331574,2016,2016-11-29,9435,2016-11-14,0045,018809,,1,3,9,1000,0,1,3,,2,107,"STATE ROUTE-99 S/B","BETHEL AVE",292.00,N,N,A,-,Y,,,,,,,,,,Y,2,0,1,2,A,-,01,23152,A,N,C,C,A,A,H,-,D,D,0,,,,,Y,Y,A,01,1,0,0,0,0,0,0,0,0,"- ","- ",36.535220000000002,-119.57835,FRESNO,UNINCORPORATED,-119.57600444000001,36.529790650000002
90335003,2016,2017-01-26,9435,2016-11-20,1635,020082,,7,2,7,1005,0,1,3,,2,410,"SR-41 NORTHBOUND TO SR-168 EASTBOUND","CEDAR AVE.",3242.00,W,N,B,C,Y,,,,,,,,,,Y,2,0,1,1,A,-,03,22350,,N,E,I,A,B,H,-,D,D,0,,,,,Y,,D,22,1,0,0,0,0,0,0,0,0,"- ","- ",36.754640000000002,-119.76634,FRESNO,FRESNO,,
90337463,2016,2016-12-06,9435,2016-11-26,2355,016270,,6,3,9,1000,0,3,5,,2,060,"ADAMS AVE","NAVELENCIA AVE",1478.00,E,N,B,-,N,,,,,,,,,,Y,2,0,3,1,A,-,01,23152,A,F,F,A,A,B,H,-,D,D,0,,,,,Y,Y,A,07,3,0,0,0,0,0,0,0,0,"- ","- ",36.632809999999999,-119.3805,FRESNO,UNINCORPORATED,-119.38054817,36.632744670000001
90341288,2016,2016-12-29,9435,2016-09-20,0621,018920,,2,1,3,1015,0,1,3,,2,107,"SR-99 N/B","SR-43 (HIGHLAND AVE)",250.00,S,N,A,-,Y,,,99,,,,,,N,Y,1,1,0,1,A,-,01,23152,E,N,E,I,A,A,H,-,B,D,0,,,,Y,Y,,G,25,0,0,0,0,0,0,0,0,0,"- ","- ",36.575899999999997,-119.62871,FRESNO,SELMA,-119.62872218,36.575886230000002
9034395,2019,2020-07-01,1002,2019-11-19,1616,E0879,,2,5,3,1002,0,0,0,,0,,"EL RANCHO","ELM AV",0.00,,Y,A,-,Y,FRE,6,33,-,-,16.960,H,-,N,Y,2,0,2,2,A,-,09,21802,A,N,D,C,A,A,H,-,A,A,0,,,,,Y,,A,01,1,1,0,0,0,0,0,0,0,"- ","- ",36.154220581054688,-120.35436248779297,FRESNO,COALINGA,-120.35449981689453,36.156803131103516
90345602,2016,2017-03-23,9435,2016-11-20,1800,016730,,7,2,9,1000,0,3,5,,2,010,"HOWARD AVE","ASHLAN AVE.",373.00,N,N,B,C,N,,,,,,,,,,N,1,1,0,2,A,-,03,22350,,F,C,G,A,B,H,-,C,D,0,,Y,,,Y,,D,22,0,0,0,0,0,1,0,0,0,"- ","- ",36.7943,-120.02455999999999,FRESNO,UNINCORPORATED,-120.02453124,36.794263960000002
90345615,2016,2017-03-23,9435,2016-11-20,1840,020082,,7,2,7,1005,0,1,3,,2,105,"SR-99 NORTHBOUND",SR-41,554.00,N,N,B,C,Y,,,99,,,,,,N,Y,1,1,2,2,A,-,08,22107,,N,E,I,A,B,H,-,D,D,0,,,,,Y,,A,01,0,0,2,0,0,0,0,0,0,"- ","- ",36.719650000000001,-119.78657,FRESNO,FRESNO,-119.78660369000001,36.719613799999998
90354902,2016,2016-12-27,9435,2016-12-17,1535,019895,,6,2,9,1000,0,3,5,,2,034,"ACADEMY AVE","SOUTH AVE",0.00,,Y,A,-,N,,,,,,,,,,Y,2,0,2,2,A,-,09,21802,B,N,D,C,A,A,H,-,A,A,0,,,Y,,Y,,A,01,2,0,0,0,0,0,0,0,2,"- ","- ",36.619599999999998,-119.55687,FRESNO,UNINCORPORATED,-119.55686998,36.619590029999998
90354970,2016,2016-12-27,9435,2016-12-17,0540,020078,,6,3,7,1005,0,1,3,,1,168,"SR-168 E/B","SHAW AVE",1450.00,W,N,A,-,Y,,,168,,,,,,E,Y,2,0,1,2,A,-,08,22107,,N,B,C,A,B,H,-,D,D,0,,,,,Y,,A,01,1,0,0,0,0,0,0,0,0,"- ","- ",36.805039999999998,-119.73648,FRESNO,FRESNO,-119.73649331999999,36.80505179
90362369,2016,2017-01-31,9435,2016-11-27,1800,018926,,7,2,7,1005,0,1,3,,2,181,"SR-180 W/B TO SR-41 N/B","FIRST AVE.",200.00,W,N,B,-,Y,,,180,,,,R,,W,Y,1,1,0,1,A,-,03,22350,,N,E,I,A,A,H,-,D,D,0,,,Y,,Y,,C,02,0,0,0,0,0,0,0,1,0,"- ","- ",36.755589999999998,-119.77337,FRESNO,FRESNO,-119.77337,36.755589999999998
90362917,2016,2017-02-27,9435,2016-12-23,1920,020082,,5,2,7,1005,0,1,3,,1,168,"SR-168 WB TO SR-180 WB","1ST ST",2793.00,E,N,B,C,Y,,,,,,,,,,Y,2,0,1,2,A,-,07,21658,A,N,E,I,A,B,H,-,D,D,0,,,Y,,Y,,A,07,1,0,0,0,0,0,0,0,1,"- ","- ",36.755310000000001,-119.76345999999999,FRESNO,FRESNO,,
90363160,2016,2017-01-06,9435,2016-12-28,1650,019369,,3,2,9,1000,0,3,5,,2,010,"ASHLAN AVE","TRINITY AVENUE",0.00,,Y,A,-,N,,,,,,,,,,Y,2,0,5,2,A,-,12,22450,A,N,D,C,A,A,H,-,A,A,0,,,,,Y,Y,A,07,1,2,2,0,0,0,0,0,0,"- ","- ",36.793059999999997,-120.11463999999999,FRESNO,UNINCORPORATED,-120.11459988,36.793070020000002
90365895,2016,2017-03-23,9435,2016-10-08,1758,020064,,6,2,9,1000,0,3,5,,2,050,"AUBERRY ROAD","FRAZIER ROAD",100.00,S,N,A,-,N,,,,,,,,,,Y,1,2,0,1,A,-,03,22350,,N,E,I,A,A,H,-,A,D,0,,,Y,,Y,,C,02,0,0,0,0,0,0,0,2,0,"- ","- ",37.067149999999998,-119.49413,FRESNO,UNINCORPORATED,-119.49421,37.066075570000002
90365901,2016,2017-01-10,9435,2016-11-09,1547,017591,,3,2,9,1000,0,3,5,,2,034,"DEL REY AVE","CENTRAL AVE",0.00,,Y,A,-,N,,,,,,,,,,Y,1,2,1,2,A,-,12,22450,A,N,D,C,A,A,H,-,A,A,0,,,,,Y,,A,01,1,0,0,0,0,0,0,0,0,"- ","- ",36.677520000000001,-119.5924,FRESNO,UNINCORPORATED,-119.5923899,36.677670079999999
90365949,2016,2017-03-22,9495,2016-12-27,1045,020021,,2,1,9,1000,0,1,1,,2,001,"INTERSTATE 5 NORTHBOUND","HUDSON AVENUE",1056.00,S,N,A,-,Y,,,5,,,,,,N,Y,2,0,4,2,A,-,03,22350,,N,C,C,A,A,H,-,A,D,0,,,,,Y,,A,01,1,0,3,0,0,0,0,0,0,"- ","- ",36.576189999999997,-120.54795,FRESNO,UNINCORPORATED,-120.54787597000001,36.576287499999999
90369014,2016,2017-01-27,9495,2016-09-07,0733,019205,,3,1,9,1000,0,1,1,,2,001,"INTERSTATE 5 FREEWAY (SOUTHBOUND)","PANOCHE JUNCTION OVER CROSS",2112.00,N,N,A,-,Y,,,5,,,,,,,Y,1,1,1,1,A,-,08,22107,,N,E,J,A,A,D,-,A,D,0,,,,,Y,Y,D,22,0,0,1,0,0,0,0,0,0,"- ","- ",36.556280000000001,-120.52244,FRESNO,UNINCORPORATED,-120.52227357,36.556498840000003
90376965,2017,2017-03-08,9435,2017-01-08,1827,019895,,7,2,9,1000,0,3,5,,2,034,"MCCALL AVE","BUTLER AVE",15.00,N,N,C,-,N,,,,,,,,,,Y,2,0,3,3,A,-,03,22350,,N,C,C,A,B,H,-,D,D,0,,,,,Y,,A,01,1,1,1,0,0,0,0,0,0,"- ","- ",36.728319999999997,-119.61008,FRESNO,UNINCORPORATED,-119.61006978,36.728361169999999
90380018,2017,2017-02-27,9435,2017-01-18,1720,015181,,3,2,9,1000,0,3,5,,2,020,"KAMM AVENUE","WEST AVENUE",0.00,,Y,C,-,N,,,,,,,,,,Y,2,0,1,2,A,-,12,22450,A,N,D,C,A,B,H,-,D,A,0,,,,,Y,,A,07,1,0,0,0,0,0,0,0,0,"- ","- ",36.532699999999998,-119.82678,FRESNO,UNINCORPORATED,-119.82685986,36.532700030000001
90380056,2017,2017-01-27,9435,2017-01-19,2223,018860,,4,3,9,1000,0,3,5,,2,025,"MILLERTON RD","NORTH FORK RD",1450.00,N,N,B,-,N,,,,,,,,,,Y,2,0,1,1,A,-,08,22107,,N,F,A,A,B,H,-,D,D,0,,,,,Y,,A,07,1,0,0,0,0,0,0,0,0,"- ","- ",36.993360000000003,-119.70793,FRESNO,UNINCORPORATED,-119.70846176000001,36.993252810000001
90386228,2017,2017-02-06,9435,2017-01-28,0010,018912,,6,3,9,1000,0,3,5,,2,010,"WISHON AVE","ASHLAN AVE",0.00,,Y,A,-,N,,,,,,,,,,Y,2,0,1,3,A,-,12,22450,A,F,D,C,A,A,H,-,C,A,0,,,,,Y,Y,A,07,1,0,0,0,0,0,0,0,0,"- ","- ",36.793990000000001,-119.80242,FRESNO,UNINCORPORATED,-119.80235992999999,36.793990039999997
90386600,2017,2017-02-06,9435,2017-01-26,1547,019980,,4,2,9,1000,0,3,5,,2,034,"AMERICAN AVENUE","GOLDEN STATE BLVD N/B",0.00,,Y,A,-,N,,,,,,,,,,Y,1,1,1,2,A,-,09,21802,A,N,D,C,A,A,H,-,A,A,0,,,,,Y,,A,01,0,1,0,0,0,0,0,0,0,"- ","- ",36.663510000000002,-119.71838,FRESNO,UNINCORPORATED,-119.71835910999999,36.663469079999999
90386607,2017,2017-02-06,9435,2017-01-13,2500,016730,,5,4,9,1000,0,3,5,,2,034,"NEWMARK AVENUE","CENTRAL AVENUE",2890.00,S,N,B,-,N,,,,,,,,,,Y,1,1,0,1,A,-,08,22107,,N,E,I,A,A,H,-,D,D,0,,,,,Y,,A,01,0,0,0,0,0,0,0,0,0,"- ","- ",36.669400000000003,-119.54801,FRESNO,UNINCORPORATED,-119.54680999999999,36.677729999999997
90390431,2017,2017-02-10,9435,2017-02-03,0429,020078,,5,3,7,1005,0,1,3,,2,105,"SR-99 S/B","OLIVE AVE",45.00,N,N,A,-,Y,,,99,,,,,,S,Y,2,0,2,2,A,-,07,21658,A,N,B,C,A,A,H,-,C,D,0,,,,,Y,Y,A,01,1,1,0,0,0,0,0,0,0,"- ","- ",36.75788,-119.8302,FRESNO,FRESNO,-119.83014199,36.757918310000001
90390535,2017,2017-02-10,9456,2017-02-02,1730,021555,,4,2,9,1000,0,2,S,,2,904,"JENSEN AVENUE E/B","MCCALL AVENUE",0.00,,Y,B,-,N,,,,,,,,,,Y,2,0,2,2,A,-,12,21453,A,N,D,C,A,A,H,-,C,A,0,,,,Y,Y,,A,07,1,1,0,0,0,0,0,0,0,"- ","- ",36.706479999999999,-119.61024,FRESNO,UNINCORPORATED,-119.61022993,36.706610009999999
90391772,2017,2018-01-11,9435,2017-01-20,1918,020308,,5,2,9,1000,0,3,5,,2,025,"NEES AVENUE","ARMSTRONG AVENUE",0.00,,Y,B,C,N,,,,,,,,,,Y,1,1,0,1,A,-,01,23152,A,N,E,I,A,B,H,-,C,A,0,,,,,Y,Y,A,01,0,0,0,0,0,0,0,0,0,"- ","- ",36.85192,-119.67572,FRESNO,UNINCORPORATED,-119.67506992,36.851940079999999
90394506,2017,2017-02-16,9435,2017-02-07,1800,018609,,2,2,9,1000,0,3,5,,2,030,"CHESTNUT AVE. S/B","PRINCETON AVE.",25.00,S,N,B,C,N,,,,,,,,,,N,2,0,1,2,A,-,11,21954,A,N,G,B,D,B,H,-,D,D,0,Y,,,,Y,,N,60,1,0,0,0,1,0,0,0,0,"- ","- ",36.775739999999999,-119.73636999999999,FRESNO,UNINCORPORATED,-119.73640150999999,36.775801389999998
90394565,2017,2017-02-16,9435,2017-02-11,0126,019648,,6,3,7,1005,0,1,3,,2,181,"SR-180 W/B FROM FULTON STREET","FULTON STREET",500.00,W,N,A,-,Y,,,180,,,,R,,W,Y,2,0,2,1,A,-,01,23152,A,N,F,I,A,A,H,-,D,D,0,,,,,Y,Y,A,01,1,0,1,0,0,0,0,0,0,"- ","- ",36.748759999999997,-119.80139,FRESNO,FRESNO,-119.80139,36.748759999999997
90398355,2017,2017-02-22,9435,2017-02-13,0950,015468,,1,1,9,1000,0,1,3,,1,145,"SR-145 (MADERA AVE)","ASHLAN AVE",0.00,,Y,A,-,Y,,,145,,,,,,,Y,2,0,2,2,A,-,01,23152,F,N,D,C,A,A,H,-,A,A,0,,,,,Y,,A,08,1,0,1,0,0,0,0,0,0,"- ","- ",36.793170000000003,-120.0604,FRESNO,UNINCORPORATED,-120.06040183,36.793169980000002
90401275,2017,2017-02-28,9435,2017-01-19,2249,019603,,4,3,9,1000,0,1,3,,2,107,"SR-99 N/B","MANNING AVENUE",4066.00,S,N,B,-,Y,,,99,,,,,,N,Y,1,1,0,2,A,-,11,21956,,N,G,B,E,B,H,-,D,D,0,Y,,,Y,Y,,N,60,0,0,0,1,0,0,0,0,0,"- ","- ",36.595860000000002,-119.65055,FRESNO,UNINCORPORATED,-119.65059273999999,36.595813210000003
90405996,2017,2017-03-06,9435,2017-02-24,2320,020078,,5,3,7,1005,0,1,3,,2,181,"SR-180 W/B TO SR-41 N/B","OLIVE AVE",485.00,S,N,A,-,Y,,,180,,,,R,,W,Y,2,0,2,1,A,-,01,23152,A,N,E,I,A,A,H,-,D,D,0,,,,,Y,Y,A,01,1,1,0,0,0,0,0,0,0,"- ","- ",36.756360000000001,-119.77479,FRESNO,FRESNO,-119.77479,36.756360000000001
90406545,2016,2017-03-06,9495,2016-12-26,1052,020021,,1,1,9,1000,0,1,1,,2,002,"INTERSTATE 5","SR-33 (DERRICK AVENUE)",10560.00,S,N,A,-,Y,,,5,,,,,,,Y,1,1,4,2,A,-,08,22107,,N,D,D,A,A,H,-,A,D,0,,,,,Y,,A,01,1,2,1,0,0,0,0,0,0,"- ","- ",36.399639999999998,-120.36153,FRESNO,UNINCORPORATED,-120.36159178,36.399585569999999
90407434,2016,2017-03-07,9435,2016-07-10,1959,020490,,7,2,9,1000,0,3,5,,2,040,"NEBRASKA AVENUE","MENDOCINO AVENUE",0.00,,Y,A,-,N,,,,,,,,,,Y,1,1,2,2,A,-,01,23152,F,N,D,C,A,A,H,-,B,A,0,,,,,Y,,A,07,2,0,0,0,0,0,0,0,0,"- ","- ",36.561340000000001,-119.54801,FRESNO,UNINCORPORATED,-119.54800992,36.56135003
90408925,2017,2017-03-09,9435,2017-03-04,1817,016860,,6,2,9,1000,0,1,3,,1,169,SR-168,"OAK CREEK RD",1056.00,W,N,A,-,Y,,,168,,,,,,,Y,2,0,1,1,A,-,08,22107,,N,E,I,A,A,H,-,A,D,0,,,Y,,Y,,C,02,1,0,0,0,0,0,0,0,1,"- ","- ",36.97587,-119.52816,FRESNO,UNINCORPORATED,-119.52814512,36.975880920000002