CASE_ID,ACCIDENT_YEAR,PROC_DATE,JURIS,COLLISION_DATE,COLLISION_TIME,OFFICER_ID,REPORTING_DISTRICT,DAY_OF_WEEK,CHP_SHIFT,POPULATION,CNTY_CITY_LOC,SPECIAL_COND,BEAT_TYPE,CHP_BEAT_TYPE,CITY_DIVISION_LAPD,CHP_BEAT_CLASS,BEAT_NUMBER,PRIMARY_RD,SECONDARY_RD,DISTANCE,DIRECTION,INTERSECTION,WEATHER_1,WEATHER_2,STATE_HWY_IND,CALTRANS_COUNTY,CALTRANS_DISTRICT,STATE_ROUTE,ROUTE_SUFFIX,POSTMILE_PREFIX,POSTMILE,LOCATION_TYPE,RAMP_INTERSECTION,SIDE_OF_HWY,TOW_AWAY,COLLISION_SEVERITY,NUMBER_KILLED,NUMBER_INJURED,PARTY_COUNT,PRIMARY_COLL_FACTOR,PCF_CODE_OF_VIOL,PCF_VIOL_CATEGORY,PCF_VIOLATION,PCF_VIOL_SUBSECTION,HIT_AND_RUN,TYPE_OF_COLLISION,MVIW,PED_ACTION,ROAD_SURFACE,ROAD_COND_1,ROAD_COND_2,LIGHTING,CONTROL_DEVICE,CHP_ROAD_TYPE,PEDESTRIAN_ACCIDENT,BICYCLE_ACCIDENT,MOTORCYCLE_ACCIDENT,TRUCK_ACCIDENT,NOT_PRIVATE_PROPERTY,ALCOHOL_INVOLVED,STWD_VEHTYPE_AT_FAULT,CHP_VEHTYPE_AT_FAULT,COUNT_SEVERE_INJ,COUNT_VISIBLE_INJ,COUNT_COMPLAINT_PAIN,COUNT_PED_KILLED,COUNT_PED_INJURED,COUNT_BICYCLIST_KILLED,COUNT_BICYCLIST_INJURED,COUNT_MC_KILLED,COUNT_MC_INJURED,PRIMARY_RAMP,SECONDARY_RAMP,LATITUDE,LONGITUDE,COUNTY,CITY,POINT_X,POINT_Y
90411596,2017,2017-03-14,9435,2017-02-18,0940,013112,,6,1,9,1000,0,3,5,,2,015,"KEARNEY BOULEVARD","CHATEAU FRESNO AVENUE",0.00,,Y,A,-,N,,,,,,,,,,Y,1,1,1,2,A,-,09,21802,A,N,D,C,A,A,H,-,A,A,0,,,,,Y,,A,01,0,1,0,0,0,0,0,0,0,"- ","- ",36.727930000000001,-119.93427,FRESNO,UNINCORPORATED,-119.93433985,36.727920089999998
90413482,2017,2017-03-16,9435,2017-03-04,2250,017088,,6,3,9,1000,0,3,5,,2,060,"COVE AVE.","CENTRAL AVE",5808.00,N,N,A,-,N,,,,,,,,,,Y,2,0,2,1,A,-,01,23152,A,N,E,I,A,A,H,-,D,D,0,,,,,Y,Y,A,01,1,0,1,0,0,0,0,0,0,"- ","- ",36.690770000000001,-119.34932999999999,FRESNO,UNINCORPORATED,-119.34925363000001,36.691606139999998
90413636,2017,2017-11-03,9435,2017-03-13,0618,016833,,1,1,9,1000,0,3,5,,2,040,"MENDOCINO AVE","HUNTSMAN AVE",528.00,N,N,E,-,N,,,,,,,,,,Y,1,1,1,2,A,-,03,22350,,N,C,C,A,A,H,-,A,D,0,,,,,Y,,D,22,0,1,0,0,0,0,0,0,0,"- ","- ",36.584800000000001,-119.548,FRESNO,UNINCORPORATED,-119.54806229,36.584679059999999
90414596,2017,2017-03-17,9435,2017-03-12,2135,019962,,7,2,9,1000,0,1,3,,1,411,"STATE ROUTE 41 S/B","SOUTH AVENUE",0.00,,Y,A,-,Y,,,41,,,,,,S,Y,2,0,5,2,A,-,09,21802,A,N,D,C,A,A,H,-,C,A,0,,,,,Y,,A,01,1,1,3,0,0,0,0,0,0,"- ","- ",36.619790000000002,-119.78617,FRESNO,UNINCORPORATED,-119.7859686,36.619789580000003
90415119,2017,2017-03-20,9435,2017-03-11,1755,020060,,6,2,9,1000,0,3,5,,2,015,"WALNUT AVE","AMERICAN AVE",0.00,,Y,A,-,N,,,,,,,,,,Y,2,0,4,2,A,-,01,23152,A,N,D,C,A,A,H,-,D,A,0,,,,,Y,Y,D,22,4,0,0,0,0,0,0,0,0,"- ","- ",36.663229999999999,-119.80880000000001,FRESNO,UNINCORPORATED,-119.80877995,36.663270009999998
90415123,2017,2017-03-20,9435,2017-03-12,0044,019962,,7,3,9,1000,0,1,3,,1,180,"STATE ROUTE 180 (WHITESBRIDGE AVENUE)","SAN MATEO AVENUE",3696.00,W,N,A,-,Y,,,,,,,,,,Y,2,0,1,1,A,-,08,22107,,N,F,A,A,A,H,-,D,D,0,,,,,Y,,D,22,1,0,0,0,0,0,0,0,0,"- ","- ",36.736109999999996,-120.33534,FRESNO,UNINCORPORATED,,
90415287,2017,2017-03-20,9435,2017-03-12,0140,020062,,7,3,9,1000,0,3,5,,2,010,"SHIELDS AVE","GOLDENROD AVE",336.00,E,N,A,-,N,,,,,,,,,,Y,2,0,2,1,A,-,01,23152,A,N,E,I,A,A,H,-,D,D,0,,,,,Y,Y,A,01,1,1,0,0,0,0,0,0,0,"- ","- ",36.448639999999997,-120.04141,FRESNO,UNINCORPORATED,-120.04143334,36.778658829999998
90421091,2017,2017-03-27,9480,2017-03-18,0120,018809,,6,3,9,1000,0,1,3,,1,034,"JENSEN AVENUE E/B","MAPLE AVENUE",550.00,W,N,A,-,N,,,,,,,,,,Y,2,0,1,1,A,-,01,23152,A,N,E,I,A,A,H,-,C,D,0,,,,,Y,Y,A,01,1,0,0,0,0,0,0,0,0,"- ","- ",36.306780000000003,-119.74759,FRESNO,UNINCORPORATED,-119.74749497000001,36.706900019999999
90421540,2017,2017-03-27,9435,2017-03-18,2000,020419,,6,2,9,1000,0,3,5,,2,040,"SR-43 (HIGHLAND AVE)","KAMM AVE",0.00,,Y,A,-,Y,,,43,,,,,,,Y,2,0,5,2,A,-,03,22350,,N,D,C,A,A,H,-,D,A,0,,,,,Y,,A,01,1,3,1,0,0,0,0,0,0,"- ","- ",36.532649999999997,-119.62889,FRESNO,UNINCORPORATED,-119.62888735999999,36.532649919999997
90423099,2017,2017-05-10,9435,2017-03-19,0900,020064,,7,1,9,1000,0,3,5,,2,050,"AUBERRY ROAD","FRONTIER ROAD",3168.00,S,N,B,-,N,,,,,,,,,,N,2,0,2,3,A,-,08,22107,,F,F,A,A,A,G,-,A,D,0,,Y,,,Y,,L,04,2,0,0,0,0,0,2,0,0,"- ","- ",36.977339999999998,-119.6088,FRESNO,UNINCORPORATED,-119.60881197,36.97715737
90424034,2017,2017-03-30,9435,2017-03-27,2042,018609,,1,2,9,1000,0,3,5,,2,034,"NORTH AVE.","MINNEWAWA AVE",1200.00,W,N,A,-,N,,,,,,,,,,Y,2,0,1,2,A,-,03,22350,,N,B,C,A,A,H,-,D,D,0,,,Y,,Y,,C,02,1,0,0,0,0,0,0,0,1,"- ","- ",36.693069999999999,-119.7132,FRESNO,UNINCORPORATED,-119.71301964,36.692994149999997
90429343,2016,2017-04-06,9435,2016-12-21,2100,015181,,3,2,9,1000,0,3,5,,2,015,"JENSEN AVENUE","CHATEAU FRESNO AVENUE",1056.00,W,N,A,-,N,,,,,,,,,,Y,1,1,1,2,A,-,03,22350,,N,D,C,A,A,H,-,D,D,0,,,Y,,Y,,C,02,0,0,1,0,0,0,0,1,0,"- ","- ",36.706139999999998,-119.93858,FRESNO,UNINCORPORATED,-119.93796001,36.706201159999999
90430623,2017,2017-04-10,9435,2017-04-01,0445,020078,,6,3,9,1000,0,3,5,,2,015,"CHESTNUT AVE","CLAYTON AVE",0.00,,Y,A,-,N,,,,,,,,,,Y,2,0,3,2,A,-,12,22450,A,N,D,C,A,A,H,-,C,A,0,,,,,Y,,A,07,1,1,1,0,0,0,0,0,0,"- ","- ",36.6417,-119.7368,FRESNO,UNINCORPORATED,-119.73677997,36.641670089999998
90434318,2017,2017-04-14,9435,2017-04-04,1645,018914,,2,2,9,1000,0,3,5,,2,025,"MILERTON ROAD","AUBERRY ROAD",0.00,,Y,A,-,N,,,,,,,,,,Y,2,0,3,2,A,-,09,21802,A,N,D,C,A,A,H,-,A,A,0,,,,,Y,,A,01,1,0,2,0,0,0,0,0,0,"- ","- ",36.969880000000003,-119.62434,FRESNO,UNINCORPORATED,-119.62438991,36.969830000000002
90436328,2017,2017-04-18,9435,2017-04-07,0007,015890,,5,3,7,1005,0,1,3,,2,410,"SR-41 S/B","BARSTOW AVE",535.00,N,N,C,-,Y,,,41,,,,,,S,Y,2,0,1,1,A,-,03,22350,,N,F,A,A,B,H,-,D,D,0,,,,,Y,,A,01,1,0,0,0,0,0,0,0,0,"- ","- ",36.817059999999998,-119.78556,FRESNO,FRESNO,-119.78551254,36.817060499999997
90440254,2017,2017-04-24,9435,2017-03-20,0635,016833,,1,1,9,1000,0,3,5,,2,034,"ARMSTRONG AVENUE","BUTLER AVENUE",15.00,S,N,B,-,N,,,,,,,,,,Y,1,1,0,2,A,-,11,21954,A,N,G,B,D,A,H,-,D,D,0,Y,,,,Y,,N,60,0,0,0,1,0,0,0,0,0,"- ","- ",36.729529999999997,-119.673,FRESNO,UNINCORPORATED,-119.67296,36.729498829999997
90440465,2017,2017-04-24,9435,2017-04-15,1035,019263,,6,1,9,1000,0,3,5,,2,050,"MILLERTON RD",SR-168,12672.00,W,N,A,-,N,,,,,,,,,,N,2,0,1,2,A,-,08,22107,,N,H,G,A,A,H,-,A,D,0,,Y,,,Y,,D,22,1,0,0,0,0,0,1,0,0,"- ","- ",36.972589999999997,-119.566,FRESNO,UNINCORPORATED,-119.56546433,36.973019579999999
90441038,2016,2017-08-17,9495,2016-05-06,1057,020250,,5,1,9,1000,0,1,1,,2,002,"INTERSTATE 5 NORTHBOUND","STATE ROUTE 145",9504.00,S,N,B,-,Y,,,5,,,,,,N,Y,1,1,4,5,A,-,03,22350,,N,C,C,A,A,H,-,A,A,0,,,,Y,Y,,G,25,1,1,2,0,0,0,0,0,0,"- ","- ",36.271630000000002,-120.25467999999999,FRESNO,UNINCORPORATED,-120.25466645,36.271638459999998
90441168,2017,2017-04-25,9435,2017-04-15,2335,016507,,6,3,9,1000,0,3,5,,2,060,"SQUAW VALLEY RD","ROUNDTREE LN",500.00,E,N,A,-,N,,,,,,,,,,N,2,0,1,2,A,-,11,21956,,F,G,B,E,A,H,-,D,D,0,Y,,,,Y,Y,N,60,1,0,0,0,1,0,0,0,0,"- ","- ",36.676389999999998,-119.16527000000001,FRESNO,UNINCORPORATED,-119.165144,36.676281330000002
90442606,2017,2017-04-26,9435,2017-04-22,1205,019263,,6,1,9,1000,0,1,3,,1,169,SR-168,"WOODLAND RD",2640.00,W,N,A,-,Y,,,168,,,,,,,N,2,0,1,1,A,-,08,22107,,N,F,A,A,A,H,-,A,D,0,,,Y,,Y,,C,02,1,0,0,0,0,0,0,0,1,"- ","- ",37.069899999999997,-119.34511999999999,FRESNO,UNINCORPORATED,-119.34511921000001,37.069925329999997
90445370,2017,2017-04-28,9435,2017-04-21,1655,020490,,5,2,7,1005,0,1,3,,1,168,"SR-168 E/B TO ASHLAN AVE","ASHLAN AVE",200.00,S,N,A,-,Y,,,168,,,,R,,E,Y,2,0,1,1,A,-,01,23152,A,N,E,I,A,A,H,-,A,D,0,,,,,Y,Y,A,01,1,0,0,0,0,0,0,0,0,"- ","- ",36.79363,-119.74558999999999,FRESNO,FRESNO,-119.74558999999999,36.79363
90446567,2017,2018-03-01,9435,2017-04-26,1500,019895,,3,2,9,1000,0,1,3,,1,183,SR-180,"RIO VISTA AVE",1964.00,W,N,A,-,Y,,,180,,,,,,,N,1,1,0,2,A,-,08,22107,,N,B,C,A,A,H,-,A,D,0,,,Y,Y,Y,,O,05,0,0,0,0,0,0,0,1,0,"- ","- ",36.732259999999997,-119.48385999999999,FRESNO,UNINCORPORATED,-119.48385435,36.732321880000001
90449835,2017,2017-05-05,9435,2017-04-23,1625,020308,,7,2,9,1000,0,3,5,,2,040,"GOLDEN STATE BLVD. S/B","MOUNTAIN VIEW AVENUE W/B",10.00,N,N,A,-,N,,,,,,,,,,Y,2,0,3,2,A,-,01,23152,A,N,C,C,A,A,H,-,A,A,0,,,,,Y,Y,A,01,1,2,0,0,0,0,0,0,0,"- ","- ",36.45722,-119.5912,FRESNO,UNINCORPORATED,-119.59102392,36.547053990000002
90450611,2017,2017-05-08,9435,2017-04-30,1410,020490,,7,2,9,1000,0,3,5,,2,025,"AUBERRY RD","BIGLIONE DR",7920.00,N,N,A,-,N,,,,,,,,,,Y,2,0,1,1,A,-,05,21460,A,N,E,I,A,A,H,-,A,D,0,,,,,Y,,A,01,1,0,0,0,0,0,0,0,0,"- ","- ",36.940669999999997,-119.68077,FRESNO,UNINCORPORATED,-119.69465733,36.937910010000003
90452651,2017,2017-05-10,9435,2017-03-29,0750,017327,,3,1,9,1000,0,3,5,,2,040,"MANNING AVENUE","WEST AVENUE",0.00,,Y,A,-,N,,,,,,,,,,Y,1,1,0,2,A,-,09,21802,A,N,D,C,A,A,H,-,A,A,0,,,,Y,Y,,A,01,0,0,0,0,0,0,0,0,0,"- ","- ",36.605269999999997,-119.82680999999999,FRESNO,UNINCORPORATED,-119.82685994000001,36.605170029999996
90455228,2017,2018-10-05,9435,2017-05-06,1430,020314,,6,2,9,1000,0,1,3,,1,180,"SR-180 EASTBOUND","YUBA AVE",280.00,W,N,A,-,Y,,,180,,,,,,E,Y,1,1,0,1,A,-,08,22107,,N,E,I,A,A,H,-,A,D,0,,,,,Y,,A,01,0,0,0,0,0,0,0,0,0,"- ","- ",36.734679999999997,-120.17256999999999,FRESNO,UNINCORPORATED,-120.17256994,36.734649810000001
90455237,2017,2017-05-15,9435,2017-05-05,1625,020193,,5,2,9,1000,0,1,3,,1,430,SR-43,"ELKHORN AVE",550.00,N,N,A,-,N,,,,,,,,,,Y,2,0,1,1,A,-,08,22107,,N,F,A,A,A,H,-,A,D,0,,,,,Y,,D,22,1,0,0,0,0,0,0,0,0,"- ","- ",34.492620000000002,-119.6292,FRESNO,UNINCORPORATED,-119.62913275,36.490682530000001
90456664,2017,2017-05-16,9435,2017-04-30,0827,014479,,7,1,7,1005,0,1,3,,2,410,"SR-41 S/B","CLINTON AVE",70.00,N,N,A,-,Y,,,41,,,,,,S,Y,2,0,1,1,A,-,08,22107,,N,E,I,A,A,H,-,A,D,0,,,,,Y,,A,01,1,0,0,0,0,0,0,0,0,"- ","- ",36.772530000000003,-119.78494999999999,FRESNO,FRESNO,-119.78499515999999,36.772521380000001
90457537,2017,2017-05-17,9495,2017-05-05,2053,020332,,5,2,9,1000,0,1,3,,2,005,"SR-33 (DERRICK AVE)","CLARKSON AVE",0.00,,Y,A,-,Y,,,33,,,,,,,Y,2,0,2,2,A,-,01,23152,A,N,D,C,A,A,H,-,D,A,0,,,,Y,Y,Y,D,22,1,0,1,0,0,0,0,0,0,"- ","- ",36.501519999999999,-120.38899000000001,FRESNO,UNINCORPORATED,-120.38907928,36.50151666
90461711,2017,2017-05-23,9435,2017-05-17,1146,016507,,3,1,9,1000,0,3,5,,2,060,"FRANKWOOD AVE","SOUTH AVE",0.00,,Y,A,-,N,,,,,,,,,,Y,2,0,2,2,A,-,12,22450,A,N,D,C,A,A,H,-,A,A,0,,,,,Y,,A,01,1,0,1,0,0,0,0,0,0,"- ","- ",36.618729999999999,-119.44875999999999,FRESNO,UNINCORPORATED,-119.44869994,36.61872005
90465458,2017,2017-05-26,9435,2017-05-19,2130,017088,,5,2,9,1000,0,3,5,,2,060,"ALTA AVE.","DINUBA AVE",2112.00,S,N,A,-,N,,,,,,,,,,Y,2,0,1,2,A,-,11,21956,A,N,G,B,E,A,H,-,D,D,0,Y,,,,Y,,N,60,1,0,0,0,1,0,0,0,0,"- ","- ",36.584139999999998,-119.39494000000001,FRESNO,UNINCORPORATED,-119.39505392,36.583624129999997
90467351,2017,2017-05-30,9495,2017-05-19,0515,020837,,5,3,9,1000,0,3,5,,2,052,"STATE ROUTE 33 (S. DERRICK AVE)","DAVIS AVE",655.00,N,N,A,-,N,,,33,,,,,,,Y,2,0,2,2,A,-,06,21751,,N,A,C,A,A,H,-,B,D,0,,,,,Y,,A,01,1,0,1,0,0,0,0,0,0,"- ","- ",36.474260000000001,-120.39313,FRESNO,UNINCORPORATED,-120.39307079,36.474257280000003
90470575,2017,2017-06-05,9435,2017-05-29,0010,021563,,1,3,7,1005,0,1,S,,2,904,"SR-41 N/B","JENSEN AVE.",1530.00,N,N,A,-,Y,,,41,,,,,,N,Y,2,0,1,1,A,-,01,23152,A,N,E,I,A,A,H,-,C,D,0,,,,,Y,Y,D,22,1,0,0,0,0,0,0,0,0,"- ","- ",36.711170000000003,-119.78425,FRESNO,FRESNO,-119.78431032,36.711171139999998
90476508,2017,2017-06-13,9435,2017-06-05,0540,019603,,1,3,9,1000,0,3,5,,2,034,"GOLDEN STATE BOULEVARD","ADAMS AVENUE",1888.00,N,N,A,-,Y,,,,,,,,,,Y,2,0,1,1,A,-,08,22107,,N,E,I,A,A,H,-,B,A,0,,,,,Y,,A,08,1,0,0,0,0,0,0,0,0,"- ","- ",36.637500000000003,-119.69020999999999,FRESNO,UNINCORPORATED,-119.69108536,36.63835486
90477079,2017,2017-06-13,9435,2017-04-23,0450,020064,,7,3,9,1000,0,3,5,,2,040,"DITCH AVENUE","DEL REY AVENUE",45.00,W,N,B,-,N,,,,,,,,,,Y,1,3,1,1,A,-,01,23152,G,N,F,A,A,A,H,-,D,D,0,,,,,Y,Y,A,01,0,1,0,0,0,0,0,0,0,"- ","- ",36.59328,-119.59339,FRESNO,UNINCORPORATED,-119.59296310000001,36.593591480000001
90477660,2017,2017-06-14,9435,2017-06-02,1653,020122,,5,2,9,1000,0,3,5,,2,060,"ELWOOD RD","BOREN LN",2000.00,N,N,A,-,N,,,,,,,,,,Y,2,0,1,1,A,-,08,22107,,N,F,A,A,A,H,-,A,D,0,,,Y,,Y,,C,02,1,0,0,0,0,0,0,0,1,"- ","- ",36.76276,-119.25054,FRESNO,UNINCORPORATED,-119.24103776,36.76074526
90478670,2017,2017-06-15,9435,2017-06-07,2020,019113,,3,2,9,1000,0,3,5,,2,040,"MANNING AVENUE","BETHEL AVENUE",0.00,,Y,A,-,N,,,,,,,,,,Y,2,0,2,2,A,-,09,21801,A,N,D,C,A,A,H,-,D,D,0,,,,,Y,,A,01,1,0,1,0,0,0,0,0,0,"- ","- ",36.604779999999998,-119.57511,FRESNO,UNINCORPORATED,-119.57483996000001,36.605190010000001
90479444,2017,2017-06-16,9435,2017-06-14,2301,019473,,3,3,7,1005,0,1,3,,2,105,"SR-99 S/B","DAKOTA AVE",370.00,N,N,A,-,Y,,,99,,,,,,S,Y,2,0,2,2,A,-,08,22107,,N,C,C,A,A,H,-,C,D,0,,,,,Y,,A,07,1,0,1,0,0,0,0,0,0,"- ","- ",36.787289999999999,-119.85482,FRESNO,FRESNO,-119.85479065,36.78732248
90479786,2017,2018-02-26,9435,2017-04-14,0209,018609,,5,3,7,1005,0,1,3,,2,105,"SR-99 S/B TO SR-180 W/B","SR-99 S/B",280.00,W,N,A,-,Y,,,99,,,,R,,S,Y,1,1,0,1,A,-,08,22107,,N,E,I,A,A,H,-,D,D,0,,,Y,,Y,,C,02,0,0,0,0,0,0,0,1,0,"- ","- ",36.741370000000003,-119.81827,FRESNO,FRESNO,-119.81827,36.741370000000003
90480322,2017,2018-01-11,9435,2017-05-20,1825,020082,,6,2,9,1000,0,1,3,,1,180,"SR-180 (WHITESBRIDGE AVENUE)","YUBA AVE",2722.00,W,N,A,-,Y,,,180,,,,,,,Y,1,1,2,2,A,-,01,23152,A,N,A,C,A,A,H,-,A,D,0,,,,,Y,Y,A,01,0,1,1,0,0,0,0,0,0,"- ","- ",36.734699999999997,-120.17758000000001,FRESNO,UNINCORPORATED,-120.17757983,36.734638369999999
90480324,2017,2017-06-19,9435,2017-05-28,1200,016507,,7,1,9,1000,0,1,3,,2,184,"STATE ROUTE 180","INDIAN GUIDE ROAD",4224.00,W,N,A,-,Y,,,180,,,,,,,Y,1,1,1,2,A,-,09,21804,A,N,D,C,A,A,H,-,A,D,0,,,Y,,Y,,A,07,0,0,1,0,0,0,0,1,0,"- ","- ",36.740389999999998,-119.24724000000001,FRESNO,UNINCORPORATED,-119.24723428999999,36.740369059999999
90481512,2017,2017-06-20,9435,2017-06-09,0750,015095,,5,1,9,1000,0,3,5,,2,034,"CLOVIS AVENUE","GOLDEN STATE FRONTAGE RD",0.00,,Y,A,-,Y,,,,,,,,,,Y,2,0,3,2,A,-,12,21453,A,N,D,C,A,A,H,-,A,A,0,,,,,Y,,A,07,2,1,0,0,0,0,0,0,0,"- ","- ",36.638170000000002,-119.68537999999999,FRESNO,UNINCORPORATED,-119.70007990000001,36.646500019999998
90481542,2017,2017-06-20,9435,2017-06-12,2317,018860,,1,3,9,1000,0,3,5,,2,025,"RIO VISTA AVE",SR-180,2108.00,N,N,A,-,N,,,,,,,,,,Y,2,0,1,1,A,-,01,23152,A,N,E,I,A,A,H,-,D,D,0,,,,,Y,Y,A,01,1,0,0,0,0,0,0,0,0,"- ","- ",36.737580000000001,-119.47497,FRESNO,UNINCORPORATED,-119.4749699,36.737131239999997
90482400,2017,2017-06-21,9435,2017-06-11,0025,019327,,7,3,9,1000,0,1,3,,2,105,"SR-99 S/B","DAKOTA AVE",500.00,S,N,B,-,Y,,,,,,,,,,Y,2,0,2,2,A,-,03,22350,,N,C,C,A,A,D,E,D,A,0,,,,,Y,,A,01,1,0,1,0,0,0,0,0,0,"- ","- ",36.786239999999999,-119.85354,FRESNO,UNINCORPORATED,,
90488879,2017,2017-06-27,9435,2017-06-21,1707,017088,,3,2,9,1000,0,3,5,,2,060,"CRAWFORD AVE","MANNING AVE",0.00,,Y,A,-,N,,,,,,,,,,Y,2,0,5,2,A,-,09,21802,A,N,D,C,A,A,H,-,A,A,0,,,,,Y,,A,07,1,2,2,0,0,0,0,0,0,"- ","- ",36.603400000000001,-119.37662,FRESNO,UNINCORPORATED,-119.37669988,36.60369
90492420,2017,2017-07-03,9435,2017-06-23,0845,017489,,5,1,9,1000,0,3,5,,2,010,"BRAWLEY AVENUE","DUDLEY AVENUE",528.00,S,N,A,-,N,,,,,,,,,,Y,2,0,4,2,A,-,01,23152,G,F,C,C,A,A,H,-,A,D,0,,,,,Y,,A,07,1,2,1,0,0,0,0,0,0,"- ","- ",36.752800000000001,-119.8622,FRESNO,UNINCORPORATED,-119.86206598,36.752170739999997
90494977,2017,2017-07-06,9435,2017-07-03,1809,019895,,1,2,9,1000,0,1,3,,2,182,SR-180,"FOWLER AVE",1240.00,E,N,A,-,Y,,,180,,,,,,,Y,2,0,2,3,A,-,01,23152,A,N,E,I,A,A,H,-,A,D,0,,,,,Y,Y,D,22,1,1,0,0,0,0,0,0,0,"- ","- ",36.751519999999999,-119.67778,FRESNO,UNINCORPORATED,-119.6777658,36.7515517
90495734,2017,2017-07-07,9435,2017-06-30,1730,019263,,5,2,9,1000,0,1,3,,1,169,SR-168,"BUCKEYE RD",10.00,W,N,A,-,Y,,,168,,,,,,,Y,2,0,1,2,A,-,09,21801,A,N,A,C,A,A,H,-,A,D,0,,,Y,,Y,,A,01,1,0,0,0,0,0,0,0,1,"- ","- ",37.109299999999998,-119.31935,FRESNO,UNINCORPORATED,-119.31931878,37.10931386
90496044,2017,2017-07-07,9435,2017-06-10,0455,020733,,6,3,9,1000,0,3,5,,2,040,"JAMES ROAD","COLUSA STREET",0.00,,Y,A,-,N,,,,,,,,,,Y,1,1,2,1,A,-,08,22107,,N,E,I,A,A,H,-,D,D,0,,,,,Y,Y,A,01,2,0,0,0,0,0,0,0,0,"- ","- ",36.719859999999997,-120.20629,FRESNO,UNINCORPORATED,-120.20655334,36.719627010000004
90496273,2017,2017-07-07,9495,2017-07-03,2329,20716,,1,3,9,1000,0,1,1,,2,001,"INTERSTATE 5 SOUTHBOUND (WEST SIDE FWY)","HUDSON AVENUE",6389.00,S,N,A,-,Y,,,,,,,,,,Y,2,0,1,2,A,-,03,22350,,N,C,C,A,A,H,-,D,D,0,,,,Y,Y,,G,25,1,0,0,0,0,0,0,0,0,"- ","- ",36.335880000000003,-120.32073,FRESNO,UNINCORPORATED,-120.53534919000001,36.56641166
90496534,2017,2017-07-10,9495,2017-06-28,1322,019834,,3,1,9,1000,0,3,5,,2,052,"OAKLAND AVENUE","TRINITY AVENUE",528.00,E,N,A,-,N,,,,,,,,,,Y,2,0,1,1,A,-,08,22107,,N,F,A,A,A,H,-,A,D,0,,,,Y,Y,,G,25,1,0,0,0,0,0,0,0,0,"- ","- ",36.342509999999997,-120.11879,FRESNO,UNINCORPORATED,-120.1197181,36.342499959999998
90496884,2017,2017-07-10,9495,2017-07-03,0840,019829,,1,1,9,1000,0,1,1,,2,003,"INTERSTATE 5 NORTHBOUND","JAYNE AVENUE",5280.00,N,N,A,-,Y,,,5,,,,,,N,Y,2,0,4,4,A,-,03,22350,,N,C,C,A,A,H,-,A,D,0,,,,,Y,,A,01,1,1,2,0,0,0,0,0,0,"- ","- ",36.151820000000001,-120.17187,FRESNO,UNINCORPORATED,-120.17167671999999,36.151996850000003
90499544,2017,2017-07-13,9435,2017-07-04,1845,015181,,2,2,9,1000,0,3,5,,2,015,"DICKENSON AVENUE","CALIFORNIA AVENUE",0.00,,Y,A,-,N,,,,,,,,,,Y,2,0,3,3,A,-,12,22450,A,N,D,C,A,A,H,-,A,A,0,,,,,Y,,A,07,1,1,1,0,0,0,0,0,0,"- ","- ",36.720500000000001,-119.97002000000001,FRESNO,UNINCORPORATED,-119.97001999,36.720500090000002
90499854,2017,2017-07-13,9495,2017-07-06,0505,020434,,4,3,9,1000,0,1,3,,1,008,"STATE ROUTE 198","STATE ROUTE 269",2112.00,E,N,A,-,Y,,,198,,,,,,,Y,2,0,1,1,A,-,08,22107,,N,F,I,A,A,H,-,B,D,0,,,,,Y,,A,01,1,0,0,0,0,0,0,0,0,"- ","- ",36.255450000000003,-120.09529000000001,FRESNO,UNINCORPORATED,-120.09529009000001,36.255373140000003
90502004,2017,2017-07-17,9435,2017-06-06,2230,017518,,2,3,9,1000,0,1,3,,1,430,"SR-43 (HIGHLAND AVENUE)","CONEJO AVENUE",500.00,N,N,A,-,Y,,,43,,,,,,,Y,1,1,1,2,A,-,01,23152,A,N,D,C,A,A,H,-,D,D,0,,,,,Y,Y,D,22,1,0,0,0,0,0,0,0,0,"- ","- ",36.519620000000003,-119.62895,FRESNO,UNINCORPORATED,-119.6289395,36.51961996
90508435,2017,2017-07-26,9435,2017-07-05,1749,019926,,3,2,9,1000,0,1,3,,1,180,"SR-180 (WHITESBRIDGE AVENUE)","YUBA AVENUE",1504.00,W,N,A,-,Y,,,180,,,,,,,Y,1,1,1,2,A,-,08,22107,,N,A,C,A,A,H,-,A,D,0,,,,,Y,,A,01,1,0,0,0,0,0,0,0,0,"- ","- ",36.734639999999999,-120.17376,FRESNO,UNINCORPORATED,-120.17376001,36.734647369999998
90512631,2017,2018-03-01,9435,2017-07-16,2050,020273,,7,2,9,1000,0,3,5,,2,015,"LASSEN AVE","CALIFORNIA AVE",20.00,S,N,A,-,N,,,,,,,,,,N,1,1,0,2,A,-,09,21801,A,N,D,G,A,A,H,-,D,D,0,,Y,,,Y,,L,04,0,0,0,0,0,1,0,0,0,"- ","- ",36.719670000000001,-119.09657,FRESNO,UNINCORPORATED,,
90514549,2017,2017-08-02,9435,2017-07-24,0945,015026,,1,1,9,1000,0,3,5,,2,030,"ASHLAN AVE","THOMPSON AVE",1493.00,E,N,A,-,N,,,,,,,,,,Y,2,0,3,2,A,-,09,21801,A,N,D,C,A,A,H,-,A,D,0,,,,,Y,,A,01,2,0,1,0,0,0,0,0,0,"- ","- ",36.793869999999998,-119.61421,FRESNO,UNINCORPORATED,-119.61422503,36.793847290000002