CASE_ID,ACCIDENT_YEAR,PROC_DATE,JURIS,COLLISION_DATE,COLLISION_TIME,OFFICER_ID,REPORTING_DISTRICT,DAY_OF_WEEK,CHP_SHIFT,POPULATION,CNTY_CITY_LOC,SPECIAL_COND,BEAT_TYPE,CHP_BEAT_TYPE,CITY_DIVISION_LAPD,CHP_BEAT_CLASS,BEAT_NUMBER,PRIMARY_RD,SECONDARY_RD,DISTANCE,DIRECTION,INTERSECTION,WEATHER_1,WEATHER_2,STATE_HWY_IND,CALTRANS_COUNTY,CALTRANS_DISTRICT,STATE_ROUTE,ROUTE_SUFFIX,POSTMILE_PREFIX,POSTMILE,LOCATION_TYPE,RAMP_INTERSECTION,SIDE_OF_HWY,TOW_AWAY,COLLISION_SEVERITY,NUMBER_KILLED,NUMBER_INJURED,PARTY_COUNT,PRIMARY_COLL_FACTOR,PCF_CODE_OF_VIOL,PCF_VIOL_CATEGORY,PCF_VIOLATION,PCF_VIOL_SUBSECTION,HIT_AND_RUN,TYPE_OF_COLLISION,MVIW,PED_ACTION,ROAD_SURFACE,ROAD_COND_1,ROAD_COND_2,LIGHTING,CONTROL_DEVICE,CHP_ROAD_TYPE,PEDESTRIAN_ACCIDENT,BICYCLE_ACCIDENT,MOTORCYCLE_ACCIDENT,TRUCK_ACCIDENT,NOT_PRIVATE_PROPERTY,ALCOHOL_INVOLVED,STWD_VEHTYPE_AT_FAULT,CHP_VEHTYPE_AT_FAULT,COUNT_SEVERE_INJ,COUNT_VISIBLE_INJ,COUNT_COMPLAINT_PAIN,COUNT_PED_KILLED,COUNT_PED_INJURED,COUNT_BICYCLIST_KILLED,COUNT_BICYCLIST_INJURED,COUNT_MC_KILLED,COUNT_MC_INJURED,PRIMARY_RAMP,SECONDARY_RAMP,LATITUDE,LONGITUDE,COUNTY,CITY,POINT_X,POINT_Y
90514563,2017,2017-08-02,9435,2017-07-26,2030,019895,,3,2,9,1000,0,3,5,,2,040,"LOCAN AVE","MOUNTAIN VIEW AVE",3168.00,S,N,A,-,N,,,,,,,,,,N,2,0,2,1,A,-,08,22107,,N,F,A,A,A,H,-,B,D,0,,,Y,,Y,,C,06,1,1,0,0,0,0,0,0,2,"- ","- ",36.538429999999998,-119.65581,FRESNO,UNINCORPORATED,-119.65579801,36.53849477
90514609,2017,2017-08-02,9435,2017-03-31,0025,019523,,5,3,9,1000,0,3,5,,2,040,"FLORAL AVENUE","DE WOLF AVENUE",1660.00,E,N,A,-,N,,,,,,,,,,Y,1,1,0,2,A,-,11,21954,A,N,G,B,D,A,H,-,D,D,0,Y,,,,Y,,N,60,0,0,0,1,0,0,0,0,0,"- ","- ",36.576320000000003,-119.64095,FRESNO,UNINCORPORATED,-119.64094095999999,36.576337410000001
90515521,2017,2017-08-03,9435,2017-07-26,0330,019473,,3,3,9,1000,0,3,5,,2,030,"ACADEMY AVE S/B","MCKINLEY AVE",1503.00,N,N,A,-,N,,,,,,,,,,Y,2,0,1,1,A,-,01,23152,A,N,E,I,A,A,H,-,D,D,0,,,,,Y,Y,A,01,1,0,0,0,0,0,0,0,0,"- ","- ",36.769399999999997,-119.55613,FRESNO,UNINCORPORATED,-119.55607028999999,36.768734049999999
90517763,2017,2017-08-07,9435,2017-07-31,1406,018920,,1,2,9,1000,0,3,5,,2,025,"FRIANT RD. W/B","BIRKHEAD AVE.",0.00,,Y,A,-,N,,,,,,,,,,Y,2,0,3,2,A,-,09,21801,A,N,D,C,A,A,H,-,A,A,0,,,,,Y,,A,07,2,0,1,0,0,0,0,0,0,"- ","- ",36.921149999999997,-119.73379,FRESNO,UNINCORPORATED,-119.73367997,36.921100109999998
90517772,2017,2017-08-07,9495,2017-07-29,0646,019205,,6,1,9,1000,0,3,5,,2,052,"OAKLAND AVENUE","TRINITY AVENUE",61.50,E,N,A,-,N,,,,,,,,,,Y,2,0,2,2,A,-,05,21752,D,N,C,C,A,A,H,-,A,D,0,,,,Y,Y,,A,01,1,1,0,0,0,0,0,0,0,"- ","- ",36.342559999999999,-120.1212,FRESNO,UNINCORPORATED,-120.12130128,36.342490859999998
90520310,2017,2017-08-10,9435,2017-08-07,1345,018926,,1,1,9,1000,0,3,5,,2,034,"GOLDEN STATE BLVD","GOLDEN STATE FRONTAGE RD",0.00,,Y,A,-,N,,,,,,,,,,Y,2,0,1,2,A,-,03,22350,,F,C,C,A,A,H,-,A,A,0,,,Y,,Y,,A,07,1,0,0,0,0,0,0,0,1,"- ","- ",36.647530000000003,-119.70112,FRESNO,UNINCORPORATED,-119.75615996000001,36.697250060000002
90521510,2017,2017-08-14,9435,2017-08-05,1805,019210,,6,2,9,1000,0,3,5,,2,025,"SHEPHERD AVE","PUNJAB AVE",410.00,W,N,A,-,N,,,,,,,,,,Y,2,0,3,1,A,-,01,23152,A,N,E,I,A,A,H,-,A,D,0,,,,,Y,Y,A,07,1,2,0,0,0,0,0,0,0,"- ","- ",36.866869999999999,-119.56108999999999,FRESNO,UNINCORPORATED,-119.56038992000001,36.86683
90523673,2017,2017-08-15,9435,2017-06-23,1355,019369,,5,1,9,1000,0,3,5,,2,010,"SHAW AVENUE","DOWER AVENUE",1056.00,W,N,A,-,N,,,,,,,,,,Y,1,1,1,2,A,-,03,22350,,N,A,C,A,A,H,-,A,D,0,,,,,Y,,A,07,0,1,0,0,0,0,0,0,0,"- ","- ",36.807899999999997,-119.9834,FRESNO,UNINCORPORATED,-119.98294519,36.807740080000002
90524608,2017,2017-08-16,9435,2017-06-30,0452,020680,,5,3,9,1000,0,3,5,,2,020,"ELKHORN AVENUE","DEWOLF AVENUE",2365.00,W,N,A,-,N,,,,,,,,,,Y,1,2,1,2,A,-,03,22350,,N,C,C,A,A,H,-,D,D,0,,,,,Y,,A,01,0,0,1,0,0,0,0,0,0,"- ","- ",36.489159999999998,-119.63903999999999,FRESNO,UNINCORPORATED,-119.66194922,36.48922323
90528361,2017,2017-08-22,9435,2017-08-08,1610,016270,,2,2,9,1000,0,3,5,,2,060,"STATE ROUTE 180","MILLWOOD RD",4.00,E,N,A,-,Y,,,180,,,,,,,Y,2,0,1,1,A,-,03,22350,,N,E,I,A,A,H,-,A,D,0,,,Y,,Y,,C,02,1,0,0,0,0,0,0,0,1,"- ","- ",36.747680000000003,-119.05173000000001,FRESNO,UNINCORPORATED,-119.05171435,36.747629920000001
90529575,2017,2017-08-23,9435,2017-08-15,0750,015556,,2,1,9,1000,0,3,5,,2,034,"SOUTH AVE","BETHEL AVE",0.00,,Y,A,-,N,,,,,,,,,,Y,2,0,2,2,A,-,09,21802,A,N,D,C,A,A,H,-,A,A,0,,,,,Y,,A,01,1,0,1,0,0,0,0,0,0,"- ","- ",36.619619999999998,-119.57483999999999,FRESNO,UNINCORPORATED,-119.57480993,36.619650010000001
90536253,2017,2017-08-29,9461,2017-08-27,1725,019052,,7,2,9,1000,0,2,4,,1,615,"NEES AVE","FAIRFAX AVE",3168.00,E,N,A,-,N,,,,,,,,,,Y,2,0,2,2,A,-,05,21650,,N,A,C,A,A,H,-,A,D,0,,,,,Y,,A,01,1,0,1,0,0,0,0,0,0,"- ","- ",36.850909999999999,-120.55163,FRESNO,UNINCORPORATED,-120.55246502,36.8509247
90536685,2017,2017-08-30,9435,2017-04-24,0515,019648,,1,3,9,1000,0,3,5,,2,040,"MT WHITNEY AVENUE",SR-41,10.00,W,N,A,-,Y,,,,,,,,,,Y,1,1,0,2,A,-,01,23152,F,F,C,C,A,A,H,-,C,A,0,,,Y,Y,Y,,F,27,0,0,0,0,0,0,0,1,0,"- ","- ",36.431040000000003,-119.80135,FRESNO,UNINCORPORATED,-119.80122397,36.431060000000002
90537081,2017,2017-08-30,9435,2017-07-23,1815,020273,,7,2,9,1000,0,3,5,,2,040,"FLORAL AVENUE","CHESTNUT AVENUE",0.00,,Y,A,-,N,,,,,,,,,,Y,1,2,5,2,A,-,12,22450,A,N,D,C,A,A,H,-,A,A,0,,,,,Y,,A,01,0,1,4,0,0,0,0,0,0,"- ","- ",36.576410000000003,-119.73696,FRESNO,UNINCORPORATED,-119.73693992,36.57638008
90537658,2017,2017-08-31,9435,2017-08-22,2114,015890,,2,2,9,1000,0,1,3,,1,180,"SR-180 (WHITESBRIDGE AVENUE)","SONOMA AVE",9240.00,W,N,A,-,Y,,,180,,,,,,,Y,2,0,1,1,A,-,01,23152,F,N,F,A,A,A,H,-,D,D,0,,,,,Y,,A,01,1,0,0,0,0,0,0,0,0,"- ","- ",36.734430000000003,-120.27329,FRESNO,UNINCORPORATED,-120.27329008,36.73439844
90537943,2017,2017-08-31,9435,2017-08-19,0335,020062,,6,3,9,1000,0,3,5,,2,034,"ANNADALE AVE","DEL REY AVE",528.00,W,N,A,-,N,,,,,,,,,,Y,2,0,1,1,A,-,01,23152,A,M,E,I,A,A,H,-,D,D,0,,,,,Y,Y,A,01,1,0,0,0,0,0,0,0,0,"- ","- ",36.699399999999997,-119.59441,FRESNO,UNINCORPORATED,-119.59391955,36.699391290000001
90542030,2017,2017-09-06,9435,2017-08-27,1225,020481,,7,1,9,1000,0,3,5,,2,015,"PEAR STREET","SUPERIOR AVENUE",0.00,,Y,A,-,N,,,,,,,,,,Y,2,0,1,2,A,-,09,21800,A,N,D,C,A,A,H,-,A,D,0,,,Y,,Y,,O,05,1,0,0,0,0,0,0,0,1,"- ","- ",36.540120000000002,-119.83349,FRESNO,UNINCORPORATED,-119.83353997,36.54011002
90543536,2017,2017-09-08,9435,2017-08-29,1500,019523,,2,2,9,1000,0,3,5,,2,040,"LAC JAC AVE","HUNTSMAN AVE",616.00,S,N,A,-,N,,,,,,,,,,Y,2,0,1,1,A,-,08,22107,,N,E,I,A,A,H,-,A,D,0,,,,,Y,,D,22,1,0,0,0,0,0,0,0,0,"- ","- ",36.581009999999999,-119.48471000000001,FRESNO,UNINCORPORATED,-119.48467176,36.580959450000002
90544507,2017,2017-09-11,9435,2017-09-03,1850,020082,,7,2,9,1000,0,3,5,,2,040,"MANNING AVE.","NEWMARK AVE",0.00,,Y,B,-,N,,,,,,,,,,Y,2,0,2,2,A,-,12,21453,A,N,D,C,A,A,H,-,A,D,0,,,,,Y,,A,01,1,0,1,0,0,0,0,0,0,"- ","- ",36.604680000000002,-119.52997000000001,FRESNO,UNINCORPORATED,-119.52992986,36.60480003
90549053,2017,2017-09-15,9435,2017-08-20,1550,020854,,7,2,7,1005,0,1,3,,2,105,"SR-99 S/B TO SR-180","NIELSEN AVENUE",100.00,N,N,A,-,Y,,,99,,,,R,,S,Y,2,0,2,3,A,-,05,21651,A,F,B,C,A,A,H,-,A,D,0,,,,,Y,,D,22,1,1,0,0,0,0,0,0,0,"- ","- ",36.743569999999998,-119.81975,FRESNO,FRESNO,-119.81975,36.743569999999998
90552252,2017,2017-09-20,9435,2017-09-08,1228,015095,,5,1,9,1000,0,1,3,,2,107,"SR-99 NORTHBOUND","FLORAL AVENUE",4752.00,N,N,A,-,Y,,,99,,,,,,N,Y,2,0,1,1,A,-,08,22107,,N,E,I,A,A,H,-,A,D,0,,,,,Y,,A,01,1,0,0,0,0,0,0,0,0,"- ","- ",36.585070000000002,-119.6392,FRESNO,UNINCORPORATED,-119.63901873,36.585267090000002
90553699,2017,2017-09-22,9435,2017-09-12,1628,015181,,2,2,9,1000,0,1,3,,1,412,"HARLAN AVENUE",SR-41,0.00,,Y,A,-,Y,,,,,,,,,,Y,2,0,2,2,A,-,09,21802,A,N,D,C,A,A,H,-,A,A,0,,,,,Y,,D,22,2,0,0,0,0,0,0,0,0,"- ","- ",36.445590000000003,-119.79819999999999,FRESNO,UNINCORPORATED,-119.79821998,36.445570099999998
90553975,2017,2017-09-22,9435,2017-09-01,0736,014479,,5,1,9,1000,0,3,5,,2,025,"HERNDON AVE","LOCAN AVE",0.00,,Y,A,-,N,,,,,,,,,,Y,2,0,3,3,A,-,09,21802,A,N,D,C,A,A,H,-,A,A,0,,,,,Y,,A,01,1,1,1,0,0,0,0,0,0,"- ","- ",36.83737,-119.65504,FRESNO,UNINCORPORATED,-119.65495998,36.837409999999998
90554743,2017,2017-09-25,9435,2017-08-13,0130,019548,,7,3,9,1000,0,3,5,,2,050,"AUBERRY ROAD","FRAZIER ROAD",30.00,S,N,A,-,N,,,,,,,,,,Y,1,1,1,1,A,-,01,23152,A,N,E,I,A,A,H,-,D,D,0,,,,,Y,Y,A,01,1,0,0,0,0,0,0,0,0,"- ","- ",37.067340000000002,-119.49397999999999,FRESNO,UNINCORPORATED,-119.49421,37.066267670000002
90554770,2017,2017-09-25,9435,2017-09-15,1828,020680,,5,2,9,1000,0,3,5,,2,060,"BUTTONWILLOW AVE","SOUTH AVE",0.00,,Y,A,-,N,,,,,,,,,,Y,2,0,2,2,A,-,12,22450,A,N,D,C,A,A,H,-,A,A,0,,,,,Y,,A,01,1,0,1,0,0,0,0,0,0,"- ","- ",36.618810000000003,-119.43087,FRESNO,UNINCORPORATED,-119.4308399,36.618620010000001
90556771,2017,2018-01-10,9461,2017-09-23,0635,019637,,6,1,9,1000,0,1,3,,1,604,SR-33,"SHAW AVE",5808.00,S,N,A,-,Y,,,33,,,,,,,Y,2,0,1,2,A,-,03,22350,,N,C,C,A,A,H,-,A,D,0,,,,,Y,,A,01,1,0,0,0,0,0,0,0,0,"- ","- ",36.793280000000003,-120.4122,FRESNO,UNINCORPORATED,-120.41226023,36.793227880000003
90560094,2017,2017-09-29,9435,2017-09-23,1305,013112,,6,1,9,1000,0,3,5,,2,020,"MANNING AVENUE","BRYAN AVENUE",0.00,,Y,A,-,N,,,,,,,,,,Y,2,0,3,2,A,-,12,22450,A,N,D,C,A,A,H,-,A,A,0,,,,Y,Y,,D,22,2,0,1,0,0,0,0,0,0,"- ","- ",36.604610000000001,-119.90785,FRESNO,UNINCORPORATED,-119.90793994000001,36.604680020000004
90560175,2017,2017-10-02,9435,2017-09-09,2251,018912,,6,3,9,1000,0,1,3,,1,183,"STATE ROUTE 180 (WESTBOUND)","TEMPERANCE AVENUE",3696.00,W,N,A,-,Y,,,180,,,,,,,Y,2,0,2,2,A,-,07,21658,A,F,C,C,A,A,H,-,C,D,0,,,Y,,Y,,A,01,1,1,0,0,0,0,0,0,2,"- ","- ",36.748930000000001,-119.67299,FRESNO,UNINCORPORATED,-119.67300612,36.748911730000003
90571115,2017,2017-10-16,9435,2017-08-18,1130,019548,,5,1,9,1000,0,3,5,,2,050,"FLINTRIDGE AVENUE","CORDWOOD AVENUE",528.00,N,N,B,-,N,,,,,,,,,,Y,1,1,0,1,C,-,18,,,N,E,I,A,A,H,-,A,D,0,,,,,Y,,-,"- ",0,0,0,0,0,0,0,0,0,"- ","- ",37.198560000000001,-119.20072,FRESNO,UNINCORPORATED,-119.20075,37.199159999999999
90571533,2017,2017-10-16,9435,2017-08-12,1330,016270,,6,1,9,1000,0,3,5,,2,060,"STATE ROUTE 180 (KINGS CANYON ROAD)","ALTA AVENUE",1085.00,W,N,A,-,Y,,,180,,,,,,,Y,1,1,1,1,A,-,08,22107,,N,F,A,A,A,H,-,A,D,0,,,,,Y,,D,22,0,0,1,0,0,0,0,0,0,"- ","- ",36.719920000000002,-119.3978,FRESNO,UNINCORPORATED,-119.39777779000001,36.719859970000002
90571535,2017,2017-10-16,9435,2017-08-06,2500,019962,,7,4,9,1000,0,3,5,,2,040,"CHATEAU FRESNO AVENUE","DAVIS AVENUE",376.00,N,N,A,-,N,,,,,,,,,,Y,1,1,0,1,A,-,01,23152,A,N,F,I,A,A,H,-,D,D,0,,,,,Y,Y,D,22,0,0,0,0,0,0,0,0,0,"- ","- ",36.475259999999999,-119.94226999999999,FRESNO,UNINCORPORATED,-119.94122369999999,36.475182230000001
90573414,2017,2017-10-18,9435,2017-10-11,1810,019791,,3,2,9,1000,0,3,5,,2,040,"ZEDIKER AVE","DINUBA AVE",0.00,,Y,A,-,N,,,,,,,,,,Y,2,0,4,4,A,-,09,21801,A,N,D,C,A,A,H,-,B,A,0,,,,,Y,,A,01,1,3,0,0,0,0,0,0,0,"- ","- ",36.590209999999999,-119.52115000000001,FRESNO,UNINCORPORATED,-119.52112990000001,36.590170000000001
90574901,2017,2017-10-20,9435,2017-10-06,1740,020273,,5,2,9,1000,0,3,5,,2,034,"JENSEN AVE E/B","ARMSTRONG AVE",31.00,E,N,A,-,N,,,,,,,,,,Y,2,0,2,2,A,-,09,21801,A,N,D,C,A,A,H,-,A,D,0,,,,,Y,,A,08,1,1,0,0,0,0,0,0,0,"- ","- ",36.707439999999998,-119.67294,FRESNO,UNINCORPORATED,-119.67292433,36.707510360000001
90577505,2017,2017-10-24,9435,2017-09-11,2030,019895,,1,2,9,1000,0,3,5,,2,040,"MOUNTAIN VIEW AVENUE","VAN HORN AVENUE",455.00,W,N,B,-,N,,,,,,,,,,N,1,1,0,2,A,-,11,21956,,F,G,B,E,B,H,-,D,D,0,Y,,,Y,Y,,N,60,0,0,0,1,0,0,0,0,0,"- ","- ",36.547020000000003,-119.59963999999999,FRESNO,UNINCORPORATED,-119.59967775,36.547010010000001
90577767,2017,2017-10-25,9435,2017-10-17,1408,018926,,2,2,9,1000,0,3,5,,2,025,"CLOVIS AVE","SAGINAW AVE",0.00,,Y,A,-,N,,,,,,,,,,Y,2,0,3,2,A,-,09,21802,A,N,D,C,A,A,H,-,A,A,0,,,,,Y,,D,22,1,2,0,0,0,0,0,0,0,"- ","- ",36.789439999999999,-119.70038,FRESNO,UNINCORPORATED,-119.70054987,36.789510020000002
90583551,2017,2017-10-31,9435,2017-10-26,0255,020060,,4,3,9,1000,0,1,3,,1,411,"SR-41 N/B","CENTRAL AVE",305.00,N,N,B,-,Y,,,41,,,,,,N,Y,2,0,1,2,A,-,03,22350,,N,C,C,A,A,H,-,C,D,0,,,,Y,Y,,A,01,1,0,0,0,0,0,0,0,0,"- ","- ",36.678879999999999,-119.78570000000001,FRESNO,UNINCORPORATED,-119.78574033,36.67888001
90585523,2017,2017-11-02,9435,2017-10-23,0728,015986,,1,1,9,1000,0,3,5,,2,020,"HERNDON AVENUE","HIGHLAND AVE",50.00,E,N,A,-,N,,,,,,,,,,Y,2,0,4,2,D,-,00,,,N,D,C,A,A,H,-,A,D,0,,,,,Y,,-,"- ",2,0,2,0,0,0,0,0,0,"- ","- ",36.837420000000002,-119.62958,FRESNO,UNINCORPORATED,-119.62977927,36.83738915
90586649,2017,2017-11-03,9435,2017-07-26,1820,017088,,3,2,9,1000,0,1,3,,2,184,"SR-180 (KINGS CANYON ROAD)","HUME ROAD",66000.00,E,N,A,-,Y,,,180,,,,,,,Y,1,2,0,1,A,-,08,22107,,N,E,I,A,A,H,-,A,D,0,,,,,Y,,A,01,0,0,0,0,0,0,0,0,0,"- ","- ",36.824440000000003,-118.82992,FRESNO,UNINCORPORATED,-118.82994112,36.824346949999999
90597705,2017,2017-11-20,9435,2017-08-12,2030,019791,,6,2,9,1000,0,3,5,,2,025,"MILLERTON ROAD","MARINA DRIVE",116.00,W,N,A,-,N,,,,,,,,,,N,1,1,0,2,A,-,11,21956,A,F,G,B,E,A,H,-,D,D,0,Y,,,,Y,Y,N,60,0,0,0,1,0,0,0,0,0,"- ","- ",36.984169999999999,-119.65984,FRESNO,UNINCORPORATED,-119.6600157,36.98411608
90597711,2017,2017-11-20,9435,2017-08-26,0050,018944,,6,3,7,1005,0,1,3,,2,181,"SR-180 W/B TO SR-99 N/B","SR-99 N/B TO SR-180 W/B",400.00,W,N,A,-,Y,,,180,,,,R,,W,Y,1,1,0,4,A,-,11,21956,A,M,E,B,E,A,H,-,D,D,0,Y,,,,Y,Y,N,60,0,0,0,1,0,0,0,0,0,"- ","- ",36.741759999999999,-119.81632,FRESNO,FRESNO,-119.81632,36.741759999999999
90598771,2017,2017-11-20,9495,2017-09-04,1645,020837,,1,2,9,1000,0,1,1,,2,002,"INTERSTATE 5 NORTHBOUND","STATE ROUTE 145",5280.00,N,N,A,-,Y,,,5,,,,,,N,Y,1,1,2,1,A,-,08,22107,,N,E,I,A,A,H,-,A,D,0,,,,,Y,,A,01,0,2,0,0,0,0,0,0,0,"- ","- ",36.308250000000001,-120.27970000000001,FRESNO,UNINCORPORATED,-120.27965048,36.308292780000002
90600535,2017,2017-11-27,9435,2017-11-20,0900,017489,,1,1,9,1000,0,3,5,,2,040,"STROUD AVENUE","BETHEL AVENUE",0.00,,Y,A,-,N,,,,,,,,,,Y,1,1,1,2,A,-,12,22450,A,N,D,C,A,A,H,-,A,A,0,,,,,Y,,D,22,0,1,0,0,0,0,0,0,0,"- ","- ",36.525210000000001,-119.57532,FRESNO,UNINCORPORATED,-119.57532987,36.525220109999999
90602551,2017,2017-11-27,9435,2017-11-05,1740,020273,,7,2,9,1000,0,3,5,,2,020,"MOUNTAIN VIEW AVE","WALNUT AVE",986.00,E,N,A,-,N,,,,,,,,,,Y,2,0,1,2,A,-,01,23152,A,N,C,C,A,A,H,-,D,D,0,,,,,Y,Y,A,01,1,0,0,0,0,0,0,0,0,"- ","- ",36.547139999999999,-119.80500000000001,FRESNO,UNINCORPORATED,-119.80546559,36.547279330000002
90602591,2017,2017-11-27,9435,2017-10-01,0425,019962,,7,3,7,1005,0,1,3,,2,105,"STATE ROUTE 99 SOUTHBOUND","STATE ROUTE 180 W/B O/C",60.00,N,N,A,-,Y,,,99,,,,,,S,N,1,1,0,2,A,-,11,21956,A,F,G,B,E,A,H,-,D,D,0,Y,,,,Y,,N,60,0,0,0,1,0,0,0,0,0,"- ","- ",36.740929999999999,-119.81525999999999,FRESNO,FRESNO,-119.8152494,36.74096222
90603024,2017,2017-11-27,9461,2017-11-19,1725,021832,,7,2,9,1000,0,3,5,,2,060,"RUSSEL AVENUE","NEES AVE",2112.00,S,N,A,-,N,,,,,,,,,,Y,2,0,1,2,A,-,08,22107,,N,A,C,A,A,H,-,D,D,0,,,,,Y,,A,01,1,0,0,0,0,0,0,0,0,"- ","- ",36.83766,-120.65389,FRESNO,UNINCORPORATED,-120.65397158,36.844880099999997
90603855,2017,2017-11-28,9435,2017-11-14,1749,016270,,2,2,9,1000,0,3,5,,2,060,"ADAMS AVENUE","HILL AVENUE",0.00,,Y,A,-,N,,,,,,,,,,Y,2,0,2,3,A,-,03,22350,,N,D,C,A,A,H,-,D,A,0,,,,Y,Y,,G,25,1,0,1,0,0,0,0,0,0,"- ","- ",36.63214,-119.34021,FRESNO,UNINCORPORATED,-119.34023996000001,36.632150029999998
90604764,2017,2017-11-29,9435,2017-11-16,0617,014363,,4,1,9,1000,0,3,5,,2,034,"GOLDEN STATE BLVD. (NORTHBOUND)","DE WOLF AVENUE",0.00,,Y,B,-,N,,,,,,,,,,Y,2,0,2,2,A,-,09,21802,A,N,D,C,A,A,H,-,B,A,0,,,,,Y,,D,22,1,1,0,0,0,0,0,0,0,"- ","- ",36.598120000000002,-119.64668,FRESNO,UNINCORPORATED,-119.64682998000001,36.597960039999997
90605650,2017,2017-11-30,9435,2017-11-21,1557,020122,,2,2,7,1005,0,1,3,,1,411,"SR-41 S/B","BULLARD AVE",300.00,S,N,A,-,Y,,,41,,,,,,S,Y,2,0,6,3,A,-,03,22350,,N,C,C,A,A,H,-,A,D,0,,,,,Y,,A,07,1,0,5,0,0,0,0,0,0,"- ","- ",36.81859,-119.78565999999999,FRESNO,FRESNO,-119.78552286,36.818586979999999
90605883,2017,2017-11-30,9435,2017-10-17,1435,018914,,2,2,7,1005,0,1,3,,2,410,"STATE ROUTE 41 NORTHBOUND","EL PASO AVENUE",331.00,S,N,A,-,Y,,,41,,,,,,N,Y,2,0,4,2,A,-,03,22350,,N,C,C,A,A,G,-,A,D,0,,,,Y,Y,,F,26,3,1,0,0,0,0,0,0,0,"- ","- ",36.847290000000001,-119.78497,FRESNO,FRESNO,-119.78499904,36.847283789999999
90605899,2017,2017-11-30,9435,2017-11-19,0859,018912,,7,1,9,1000,0,1,3,,1,411,"STATE ROUTE 41 SOUTHBOUND","ADAMS AVENUE",0.00,,Y,E,-,Y,,,41,,,,,,S,Y,2,0,1,2,A,-,03,22350,,N,D,C,A,A,H,-,A,D,0,,,,,Y,,A,01,1,0,0,0,0,0,0,0,0,"- ","- ",36.634259999999998,-119.78615000000001,FRESNO,UNINCORPORATED,-119.78608878,36.634353179999998
90609000,2017,2017-12-04,9435,2017-11-24,1530,019210,,5,2,9,1000,0,3,5,,2,010,"GARFIELD AVE","SHAW AVE",0.00,,Y,A,-,N,,,,,,,,,,Y,2,0,5,2,A,-,12,22450,A,N,D,C,A,A,H,-,A,A,0,,,,,Y,,A,08,4,1,0,0,0,0,0,0,0,"- ","- ",36.807839999999999,-119.92551,FRESNO,UNINCORPORATED,-119.92549996,36.807840040000002
90609960,2017,2017-12-05,9435,2017-11-25,0035,015890,,6,3,9,1000,0,3,5,,2,025,"WILLOW AVE","COPPER AVE",0.00,,Y,A,-,N,,,,,,,,,,Y,2,0,2,2,A,-,01,23152,A,N,D,C,A,A,H,-,D,A,0,,,,,Y,Y,A,07,2,0,0,0,0,0,0,0,0,"- ","- ",36.895989999999998,-119.7299,FRESNO,UNINCORPORATED,-119.72994998,36.896050029999998
90610143,2017,2017-12-05,9435,2017-11-24,0935,017310,,5,1,9,1000,0,1,3,,2,410,"SR-41 S/B","ADAMS AVENUE",0.00,,Y,A,-,Y,,,41,,,,,,S,Y,2,0,1,2,A,-,00,21453,,N,D,C,A,A,H,-,A,A,0,,,,Y,Y,,D,22,1,0,0,0,0,0,0,0,0,"- ","- ",36.634239999999998,-119.78614,FRESNO,UNINCORPORATED,-119.78607262,36.634342570000001
90610162,2017,2017-12-05,9480,2017-11-04,0440,020871,,6,3,7,1005,0,1,S,,2,105,"SR-99 N/B","ASHLAN AVENUE",1584.00,S,N,B,C,Y,,,99,,,,,,N,Y,2,0,2,1,A,-,08,22107,,F,E,I,A,B,H,-,D,D,0,,,,,Y,,D,22,2,0,0,0,0,0,0,0,0,"- ","- ",36.790869999999998,-119.85868000000001,FRESNO,FRESNO,-119.85884633000001,36.790420650000002
90611606,2017,2017-12-06,9435,2017-11-27,0001,015468,,1,3,9,1000,0,3,5,,2,010,"MCKINLEY AVE","CHATEAU FRESNO AVE",1000.00,W,N,C,-,N,,,,,,,,,,Y,2,0,1,1,A,-,08,22107,,N,E,I,A,B,H,-,D,D,0,,,,,Y,,A,07,1,0,0,0,0,0,0,0,0,"- ","- ",36.76417,-119.9376,FRESNO,UNINCORPORATED,-119.93752123,36.764216230000002
90611784,2017,2017-12-06,9435,2017-11-25,2120,019263,,6,2,9,1000,0,3,5,,2,050,"SJ AND E RD","BULLPINE RD",28.00,S,N,A,-,N,,,,,,,,,,Y,2,0,2,1,A,-,01,23152,A,N,E,I,A,A,H,-,D,D,0,,,,,Y,Y,A,01,2,0,0,0,0,0,0,0,0,"- ","- ",37.06597,-119.48057,FRESNO,UNINCORPORATED,-119.48056928,37.066014789999997
90614080,2017,2017-12-11,9435,2017-12-01,0700,018912,,5,1,9,1000,0,3,5,,2,034,"CLOVIS AVENUE NORTHBOUND","AMERICAN AVENUE",20.00,S,N,E,-,N,,,,,,,,,,Y,2,0,1,2,A,-,03,22350,,N,C,C,A,A,H,-,A,D,0,,,,Y,Y,,D,22,1,0,0,0,0,0,0,0,0,"- ","- ",36.66366,-119.69962,FRESNO,UNINCORPORATED,-119.69986086999999,36.663505110000003
90614137,2017,2017-12-11,9495,2017-09-05,0900,020250,,2,1,9,1000,0,1,3,,2,005,"STATE ROUTE 33 (DERRICK AVENUE)","MANNING AVENUE",0.00,,Y,A,-,Y,,,33,,,,,,,Y,1,6,0,2,A,-,12,22450,A,N,D,C,A,A,H,-,A,A,0,,,,Y,Y,,A,07,0,0,0,0,0,0,0,0,0,"- ","- ",36.603790000000004,-120.38866,FRESNO,UNINCORPORATED,-120.38855596000001,36.603791039999997
90615600,2016,2017-12-12,9435,2016-11-23,1933,017518,,3,2,9,1000,0,3,5,,2,010,"SHAW AVENUE","7TH AVENUE",1056.00,E,N,A,-,N,,,,,,,,,,Y,1,1,6,3,A,-,01,23152,A,F,A,C,A,A,H,-,D,D,0,,,,,Y,Y,A,01,2,2,2,0,0,0,0,0,0,"- ","- ",36.807720000000003,-120.0115,FRESNO,UNINCORPORATED,-120.01094474999999,36.8077246