CASE_ID,ACCIDENT_YEAR,PROC_DATE,JURIS,COLLISION_DATE,COLLISION_TIME,OFFICER_ID,REPORTING_DISTRICT,DAY_OF_WEEK,CHP_SHIFT,POPULATION,CNTY_CITY_LOC,SPECIAL_COND,BEAT_TYPE,CHP_BEAT_TYPE,CITY_DIVISION_LAPD,CHP_BEAT_CLASS,BEAT_NUMBER,PRIMARY_RD,SECONDARY_RD,DISTANCE,DIRECTION,INTERSECTION,WEATHER_1,WEATHER_2,STATE_HWY_IND,CALTRANS_COUNTY,CALTRANS_DISTRICT,STATE_ROUTE,ROUTE_SUFFIX,POSTMILE_PREFIX,POSTMILE,LOCATION_TYPE,RAMP_INTERSECTION,SIDE_OF_HWY,TOW_AWAY,COLLISION_SEVERITY,NUMBER_KILLED,NUMBER_INJURED,PARTY_COUNT,PRIMARY_COLL_FACTOR,PCF_CODE_OF_VIOL,PCF_VIOL_CATEGORY,PCF_VIOLATION,PCF_VIOL_SUBSECTION,HIT_AND_RUN,TYPE_OF_COLLISION,MVIW,PED_ACTION,ROAD_SURFACE,ROAD_COND_1,ROAD_COND_2,LIGHTING,CONTROL_DEVICE,CHP_ROAD_TYPE,PEDESTRIAN_ACCIDENT,BICYCLE_ACCIDENT,MOTORCYCLE_ACCIDENT,TRUCK_ACCIDENT,NOT_PRIVATE_PROPERTY,ALCOHOL_INVOLVED,STWD_VEHTYPE_AT_FAULT,CHP_VEHTYPE_AT_FAULT,COUNT_SEVERE_INJ,COUNT_VISIBLE_INJ,COUNT_COMPLAINT_PAIN,COUNT_PED_KILLED,COUNT_PED_INJURED,COUNT_BICYCLIST_KILLED,COUNT_BICYCLIST_INJURED,COUNT_MC_KILLED,COUNT_MC_INJURED,PRIMARY_RAMP,SECONDARY_RAMP,LATITUDE,LONGITUDE,COUNTY,CITY,POINT_X,POINT_Y
90618431,2017,2017-12-15,9435,2017-10-02,1241,014363,,1,1,9,1000,0,1,3,,2,107,"STATE ROUTE 99 NORTHBOUND","MOUNTAIN VIEW AVENUE",2300.00,S,N,A,-,Y,,,99,,,,,,N,Y,1,1,0,3,A,-,03,22350,,N,C,C,A,A,H,-,A,D,0,,,,Y,Y,,G,25,0,0,0,0,0,0,0,0,0,"- ","- ",36.542439999999999,-119.59061,FRESNO,UNINCORPORATED,-119.59062578,36.54242094
90618511,2017,2018-01-23,9435,2017-09-29,2030,017088,,5,2,9,1000,0,3,5,,2,060,"COVE AVENUE","CENTRAL AVENUE",687.00,S,N,A,-,N,,,,,,,,,,Y,1,1,0,1,A,-,01,23152,A,N,E,I,A,A,H,-,D,D,0,,,,,Y,Y,D,22,0,0,0,0,0,0,0,0,0,"- ","- ",36.673560000000002,-119.34959000000001,FRESNO,UNINCORPORATED,-119.34955961999999,36.673784789999999
90620096,2017,2018-11-08,9435,2017-11-03,2103,019980,,5,2,9,1000,0,3,5,,2,034,"PEACH AVENUE","CENTRAL AVENUE",225.00,N,N,A,-,N,,,,,,,,,,Y,1,1,0,1,A,-,03,22350,,N,F,A,A,A,H,-,D,A,0,,,Y,,Y,,C,02,0,0,0,0,0,0,0,1,0,"- ","- ",36.678829999999998,-119.71782,FRESNO,UNINCORPORATED,-119.71778740000001,36.678722980000003
90625981,2017,2017-12-26,9435,2017-10-23,0114,020680,,1,3,7,1005,0,1,3,,2,182,"STATE ROUTE 180 WESTBOUND","WILLOW AVENUE",2.00,W,N,A,-,Y,,,180,,,,,,W,N,1,1,0,3,A,-,11,21956,A,F,G,B,E,A,H,-,C,D,0,Y,,,,Y,,N,60,0,0,0,1,0,0,0,0,0,"- ","- ",36.753779999999999,-119.72745999999999,FRESNO,FRESNO,-119.72746137999999,36.753734229999999
90627186,2017,2017-12-27,9435,2017-12-17,0126,020586,,7,3,9,1000,0,3,5,,2,025,"WILLOW AVE","INTERNATIONAL AVE",1056.00,N,N,A,-,N,,,,,,,,,,Y,2,0,1,1,A,-,01,23152,A,N,E,I,A,A,H,-,C,D,0,,,,,Y,Y,A,01,1,0,0,0,0,0,0,0,0,"- ","- ",36.892150000000001,-119.72996999999999,FRESNO,UNINCORPORATED,-119.73003,36.891738410000002
90629684,2017,2017-12-29,9435,2017-12-22,1718,018926,,5,2,9,1000,0,1,3,,1,183,"SR-180 W/B","BETHEL AVE",32.00,E,N,B,-,Y,,,180,,,,,,W,Y,2,0,3,3,A,-,03,22350,,N,C,C,A,A,H,-,C,A,0,,,,,Y,,A,01,1,0,2,0,0,0,0,0,0,"- ","- ",36.736280000000001,-119.57375,FRESNO,UNINCORPORATED,-119.57375005999999,36.736169189999998
90637391,2018,2018-01-10,9461,2018-01-01,0730,021126,,1,1,9,1000,0,1,1,,2,305,"INTERSTATE 5 N/B","CALIFORNIA AVENUE",725.00,N,N,A,-,Y,,,5,,,,,,N,Y,2,0,3,1,A,-,08,22107,,N,F,A,A,A,H,-,A,D,0,,,,,Y,,A,01,3,0,0,0,0,0,0,0,0,"- ","- ",36.721969604492188,-120.68556976318359,FRESNO,UNINCORPORATED,-120.68555450439453,36.721977233886719
90637446,2018,2018-01-10,9435,2018-01-05,1042,020419,,5,1,7,1005,0,1,3,,2,410,"SR-41 S/B TO SR-99 S/B","SR-41 N/B TO SR-99 N/B",100.00,N,N,A,-,Y,,,41,,,,R,,S,Y,2,0,2,1,A,-,08,22107,,N,E,I,A,A,H,-,A,D,0,,,,,Y,,A,07,1,1,0,0,0,0,0,0,0,"- ","- ",36.716270446777344,-119.78383636474609,FRESNO,FRESNO,-119.78383636474609,36.716270446777344
90638061,2018,2018-01-11,9435,2018-01-03,0800,015026,,3,1,7,1005,0,1,3,,2,410,"SR-41 N/B","CLINTON AVE",640.00,S,N,A,-,Y,,,41,,,,,,N,Y,2,0,1,1,A,-,03,22350,,N,F,A,A,A,H,-,A,D,0,,,Y,,Y,,C,02,1,0,0,0,0,0,0,0,1,"- ","- ",36.770591735839844,-119.78391265869141,FRESNO,FRESNO,-119.78385925292969,36.770626068115234
90640356,2018,2018-01-16,9435,2018-01-05,1615,020871,,5,2,7,1005,0,1,3,,2,410,"SR-41 S/B","HERNDON AVE",1584.00,S,N,A,-,Y,,,41,,,,,,S,Y,2,0,2,2,A,-,07,21658,A,F,F,A,A,A,H,-,B,D,0,,,,,Y,,D,22,1,1,0,0,0,0,0,0,0,"- ","- ",36.833000183105469,-119.78511810302734,FRESNO,FRESNO,-119.78518676757812,36.833000183105469
90643639,2017,2018-08-02,9435,2017-11-30,1710,020273,,4,2,9,1000,0,3,5,,2,034,"CENTRAL AVENUE","TEMPERANCE AVENUE",1056.00,E,N,A,-,N,,,,,,,,,,Y,1,1,2,3,A,-,08,22107,,N,B,C,A,A,H,-,D,D,0,,,,,Y,,D,22,2,0,0,0,0,0,0,0,0,"- ","- ",36.678080000000001,-119.66149,FRESNO,UNINCORPORATED,-119.66027182000001,36.678048130000001
90643647,2017,2018-01-19,9435,2017-11-17,2100,019210,,5,2,7,1005,0,1,3,,2,105,"SR-99 N/B TO SR-180","EL DORADO STREET",260.00,N,N,A,-,Y,,,99,,,,R,,N,Y,1,1,0,2,A,-,11,21954,A,N,G,B,D,A,H,-,C,D,0,Y,,,,Y,,N,60,0,0,0,1,0,0,0,0,0,"- ","- ",36.73883,-119.80844999999999,FRESNO,FRESNO,-119.80844999999999,36.73883
90643652,2017,2018-01-19,9435,2017-12-15,1550,017088,,5,2,9,1000,0,3,5,,2,060,"CRANE LANE","ACKERS LANE",402.00,N,N,A,-,N,,,,,,,,,,N,1,1,0,1,A,-,08,22107,,N,E,I,A,A,H,-,A,D,0,,,Y,,Y,,C,02,0,0,0,0,0,0,0,1,0,"- ","- ",36.76164,-119.23305999999999,FRESNO,UNINCORPORATED,-119.23307008,36.761741569999998
90644112,2017,2018-01-22,9435,2017-09-20,1355,020273,,3,1,9,1000,0,3,5,,2,010,"SHIELDS AVENUE","BIOLA AVENUE",0.00,,Y,A,-,N,,,,,,,,,,Y,1,1,1,2,A,-,05,21752,D,N,D,A,A,A,H,-,A,A,0,,,Y,,Y,,C,02,1,0,0,0,0,0,0,1,1,"- ","- ",36.778619999999997,-120.01542000000001,FRESNO,UNINCORPORATED,-120.01537994,36.778650030000001
90644784,2018,2018-01-22,9435,2018-01-13,1410,019548,,6,2,9,1000,0,3,5,,2,050,"SAMPLE RD.","FRONTIER TRAIL LN",0.00,,Y,B,-,N,,,,,,,,,,Y,2,0,2,1,A,-,08,22107,,N,F,A,A,A,H,-,A,D,0,,,Y,,Y,,C,02,1,1,0,0,0,0,0,0,2,"- ","- ",36.903278350830078,-119.50453186035156,FRESNO,UNINCORPORATED,-119.504485,36.903266000000002
90645246,2018,2018-01-23,9435,2018-01-14,1355,020854,,7,1,9,1000,0,3,5,,2,030,"MAYFAIR DRIVE","6TH STREET",200.00,W,N,A,-,N,,,,,,,,,,N,2,0,1,2,A,-,09,21804,A,N,D,C,A,A,H,-,A,D,0,,,,,Y,,M,96,1,0,0,0,0,0,0,0,0,"- ","- ",36.771041870117188,-119.76502227783203,FRESNO,UNINCORPORATED,-119.76546478271484,36.771266937255859
90645573,2018,2018-01-23,9435,2018-01-16,0715,016270,,2,1,9,1000,0,1,3,,2,184,"STATE ROUTE 180 (KINGS CANYON ROAD)","REED AVENUE",310.00,E,N,B,-,Y,,,180,,,,,,,Y,2,0,2,3,A,-,03,22350,,N,C,C,A,A,H,-,A,D,0,,,,,Y,,A,07,1,1,0,0,0,0,0,0,0,"- ","- ",36.720149993896484,-119.45594024658203,FRESNO,UNINCORPORATED,-119.45594024658203,36.720138549804688
90655260,2018,2018-02-05,9495,2018-01-16,1002,020021,,2,1,9,1000,0,1,3,,1,008,"STATE ROUTE 198 (DORRIS AVENUE)","INTERSTATE 5",1584.00,W,N,B,-,Y,,,198,,,,,,,Y,1,2,0,2,A,-,09,21802,A,N,D,C,A,A,H,-,A,A,0,,,,Y,Y,,A,07,0,0,0,0,0,0,0,0,0,"- ","- ",36.254169464111328,-120.25041198730469,FRESNO,UNINCORPORATED,-120.25041198730469,36.254257202148438
90655688,2018,2018-08-02,9435,2018-01-04,1555,015890,,4,2,9,1000,0,3,5,,2,015,"MARKS AVENUE","JENSEN AVENUE",0.00,,Y,A,-,N,,,,,,,,,,Y,1,1,1,2,A,-,09,21802,A,N,D,C,A,A,H,-,A,A,0,,,Y,,Y,,A,01,0,1,0,0,0,0,0,1,0,"- ","- ",36.706649780273438,-119.84454345703125,FRESNO,UNINCORPORATED,-119.84449768066406,36.706630706787109
90656687,2018,2018-02-07,9435,2018-01-31,0737,013703,,3,1,9,1000,0,3,5,,2,034,"BETHEL AVENUE","SR-180 (KINGS CANYON ROAD) E/B",1025.00,S,N,A,-,N,,,,,,,,,,Y,2,0,2,1,A,-,08,22107,,N,E,I,A,A,H,-,A,D,0,,,,,Y,,A,08,2,0,0,0,0,0,0,0,0,"- ","- ",36.733100891113281,-119.57399749755859,FRESNO,UNINCORPORATED,-119.57412719726562,36.733100891113281
90658000,2018,2018-02-08,9495,2018-01-29,1230,020332,,1,1,9,1000,0,1,3,,1,009,"STATE ROUTE 198 (WARTHAN CANYON)","ALCALDE RD.",13728.00,W,N,B,-,Y,,,198,,,,,,,Y,2,0,1,2,A,-,03,22350,,N,B,C,A,A,H,-,A,D,0,,,Y,Y,Y,Y,C,02,1,0,0,0,0,0,0,0,1,"- ","- ",36.095600128173828,-120.42356872558594,FRESNO,UNINCORPORATED,-120.42356109619141,36.095596313476562
90663215,2018,2018-08-02,9435,2018-01-07,2240,016270,,7,3,9,1000,0,3,5,,2,060,"GOODFELLOW AVENUE","RIO VISTA AVENUE",220.00,W,N,A,-,N,,,,,,,,,,Y,1,1,0,1,A,-,01,23152,A,N,F,I,A,A,H,-,D,D,0,,,,,Y,Y,A,07,0,0,0,0,0,0,0,0,0,"- ","- ",36.669719696044922,-119.47599029541016,FRESNO,UNINCORPORATED,-119.47547912597656,36.669750213623047
90664817,2018,2018-02-20,9495,2018-02-09,0855,019834,,5,1,9,1000,0,3,5,,2,051,"MANNING AVENUE","SAN DIEGO AVENUE",528.00,W,N,A,-,N,,,,,,,,,,Y,2,0,2,2,A,-,01,23152,A,N,B,C,A,A,H,-,A,D,0,,,,Y,Y,Y,A,01,1,0,1,0,0,0,0,0,0,"- ","- ",36.603660583496094,-120.44647216796875,FRESNO,UNINCORPORATED,-120.44445037841797,36.603607177734375
90666406,2018,2018-02-22,9435,2018-02-12,1240,018912,,1,1,9,1000,0,3,5,,2,040,"ADAMS AVENUE","CHERRY AVENUE",0.00,,Y,A,-,N,,,,,,,,,,Y,2,0,2,2,A,-,12,22450,A,N,D,C,A,A,H,-,A,A,0,,,,,Y,,A,01,1,0,1,0,0,0,0,0,0,"- ","- ",36.634269714355469,-119.7818603515625,FRESNO,UNINCORPORATED,-119.78180694580078,36.634288787841797
90670663,2018,2018-02-27,9435,2018-02-14,1907,015181,,3,2,9,1000,0,3,5,,2,015,"CHESTNUT AVENUE","JEFFERSON AVENUE",500.00,S,N,A,-,N,,,,,,,,,,N,2,0,1,2,A,-,08,22107,,N,C,G,A,A,H,-,D,D,0,,Y,,,Y,,L,04,1,0,0,0,0,0,1,0,0,"- ","- ",36.654769897460938,-119.73684692382812,FRESNO,UNINCORPORATED,-119.73676300048828,36.654788970947266
90673709,2018,2018-03-02,9435,2018-02-22,1740,020078,,4,2,9,1000,0,3,5,,2,034,"DEL REY AVE","NORTH AVE",0.00,,Y,A,-,N,,,,,,,,,,Y,2,0,1,2,A,-,01,23152,A,F,D,C,A,A,H,-,A,A,0,,,,,Y,Y,A,07,1,0,0,0,0,0,0,0,0,"- ","- ",36.692150115966797,-119.59227752685547,FRESNO,UNINCORPORATED,-119.59220123291016,36.692150115966797
90675104,2018,2018-03-05,9435,2018-02-21,0750,014547,,3,1,9,1000,0,3,5,,2,030,"HELM AVENUE","BELMONT AVENUE",5.00,N,N,A,-,N,,,,,,,,,,N,2,0,1,2,A,-,09,21453,B,N,G,B,B,A,H,-,A,A,0,Y,,,,Y,,A,08,1,0,0,0,1,0,0,0,0,"- ","- ",36.750568389892578,-119.72284698486328,FRESNO,UNINCORPORATED,-119.72277069091797,36.750503540039062
90677920,2018,2018-03-08,9435,2018-03-03,1458,017088,,6,2,9,1000,0,3,5,,2,060,"ALTA AVE.","SOUTH AVE",1056.00,N,N,B,-,N,,,,,,,,,,Y,2,0,2,1,A,-,01,23152,A,N,E,I,A,B,H,-,A,D,0,,,,,Y,Y,A,01,1,0,1,0,0,0,0,0,0,"- ","- ",36.371631622314453,-119.23419952392578,FRESNO,UNINCORPORATED,-119.39481353759766,36.621326446533203
90677978,2018,2018-03-20,9435,2018-03-03,1138,019980,,6,1,9,1000,0,3,5,,2,040,"BETHEL AVE","NEBRASKA AVE",0.00,,Y,A,-,N,,,,,,,,,,Y,1,1,1,2,A,-,01,23152,F,F,D,C,A,A,H,-,A,A,0,,,,,Y,,A,01,0,1,0,0,0,0,0,0,0,"- ","- ",36.561450958251953,-119.57508087158203,FRESNO,UNINCORPORATED,-119.57508087158203,36.561439514160156
90678722,2018,2018-10-30,9435,2018-01-02,2006,020450,,2,2,9,1000,0,3,5,,2,020,"MADSEN AVENUE","HERNDON AVENUE",1901.00,N,N,A,-,N,,,,,,,,,,Y,1,1,0,1,A,-,01,23152,A,N,E,I,A,A,H,-,D,D,0,,,,,Y,Y,D,22,0,0,0,0,0,0,0,0,0,"- ","- ",36.846981048583984,-119.53926086425781,FRESNO,UNINCORPORATED,-119.53923797607422,36.842494964599609
90682852,2018,2018-03-15,9435,2018-01-04,2157,020062,,4,2,9,1000,0,3,5,,2,015,"CORNELIA AVENUE","ANDREWS AVENUE",215.00,N,N,A,-,N,,,,,,,,,,N,1,1,0,2,A,-,11,21956,A,F,G,B,E,A,H,-,D,D,0,Y,,,,Y,Y,N,60,0,0,0,1,0,0,0,0,0,"- ","- ",36.780570983886719,-119.88037109375,FRESNO,UNINCORPORATED,-119.88031005859375,36.780521392822266
90683462,2018,2018-03-16,9435,2018-03-10,0830,018824,,6,1,9,1000,0,3,5,,2,034,"MOUNTAIN VIEW AVENUE","MCCALL AVE",1372.00,W,N,A,-,N,,,,,,,,,,Y,2,0,1,1,A,-,08,22107,,N,E,I,A,A,H,-,A,D,0,,,,,Y,,A,01,1,0,0,0,0,0,0,0,0,"- ","- ",36.054698944091797,-119.06162261962891,FRESNO,UNINCORPORATED,-119.61555480957031,36.547046661376953
90685235,2018,2018-03-20,9435,2018-03-13,0800,014479,,2,1,9,1000,0,3,5,,2,010,"ASHLAN AVE","THORNE AVE",0.00,,Y,B,-,N,,,,,,,,,,N,2,0,1,2,A,-,11,21950,B,N,G,B,B,B,D,E,A,A,0,Y,,,,Y,,N,60,1,0,0,0,1,0,0,0,0,"- ","- ",36.793838500976562,-119.81305694580078,FRESNO,UNINCORPORATED,-119.81301116943359,36.793891906738281
90686311,2018,2018-03-21,9435,2018-02-04,0130,016270,,7,3,9,1000,0,3,5,,2,060,"ADAMS AVENUE","WAKEFIELD AVENUE",2320.00,W,N,A,-,N,,,,,,,,,,Y,1,1,2,1,A,-,08,22107,,N,E,I,A,A,H,-,D,D,0,,,,,Y,,A,07,1,1,0,0,0,0,0,0,0,"- ","- ",36.632568359375,-119.36679840087891,FRESNO,UNINCORPORATED,-119.35874938964844,36.632518768310547
90688645,2018,2018-03-23,9435,2018-03-19,0620,018049,,1,1,9,1000,0,3,5,,2,015,"LINCOLN AVE","MARKS AVE",0.00,,Y,A,-,N,,,,,,,,,,Y,2,0,1,2,A,-,09,21801,A,N,A,C,A,A,H,-,D,A,0,,,,,Y,,A,08,1,0,0,0,0,0,0,0,0,"- ","- ",36.648578643798828,-119.84442138671875,FRESNO,UNINCORPORATED,-119.844482421875,36.648601531982422
90690669,2018,2018-03-27,9435,2018-03-20,0235,019548,,2,3,9,1000,0,1,3,,1,169,"STATE ROUTE 168","SAMPLE RD",8448.00,E,N,B,-,Y,,,168,,,,,,,Y,2,0,1,1,A,-,01,23152,F,N,F,A,A,A,H,-,D,D,0,,,,,Y,,D,22,1,0,0,0,0,0,0,0,0,"- ","- ",36.925609588623047,-119.51434326171875,FRESNO,UNINCORPORATED,-119.51435089111328,36.925621032714844
90691727,2018,2018-03-28,9435,2018-03-16,1440,020078,,5,2,9,1000,0,3,5,,2,040,"NEBRASKA AVE","WILLOW AVE",800.00,E,N,C,-,N,,,,,,,,,,Y,2,0,1,2,A,-,03,22350,,F,C,C,A,B,H,-,A,D,0,,,,,Y,,-,99,1,0,0,0,0,0,0,0,0,"- ","- ",36.561851501464844,-119.72495269775391,FRESNO,UNINCORPORATED,-119.72612762451172,36.561794281005859
90692675,2018,2018-03-29,9435,2018-03-16,1445,016860,,5,2,9,1000,0,1,3,,1,169,SR-168,"HUNTINGTON LAKE RD",8448.00,E,N,D,-,Y,,,168,,,,,,,Y,2,0,1,2,A,-,03,22350,,N,F,C,A,C,H,-,A,D,0,,,,,Y,,A,07,1,0,0,0,0,0,0,0,0,"- ","- ",37.151191711425781,-119.27632141113281,FRESNO,UNINCORPORATED,-119.27632141113281,37.151172637939453
90692996,2018,2018-03-29,9435,2018-03-23,1450,018609,,5,2,9,1000,0,3,5,,2,025,"BEHYMER AVE","FOWLER AVE",0.00,,Y,A,-,N,,,,,,,,,,Y,2,0,2,2,A,-,12,22450,A,N,D,C,A,A,H,-,A,A,0,,,,,Y,,D,22,1,1,0,0,0,0,0,0,0,"- ","- ",36.881069183349609,-119.68392944335938,FRESNO,UNINCORPORATED,-119.6839599609375,36.881038665771484
90697022,2018,2018-04-02,9435,2018-03-29,1207,015095,,4,1,9,1000,0,3,5,,2,010,"MENLO AVENUE","ANNAPOLIS AVENUE",115.00,W,N,A,-,N,,,,,,,,,,Y,2,0,2,2,A,-,03,22350,,N,A,C,A,A,H,-,A,D,0,,,Y,,Y,,C,02,1,1,0,0,0,0,0,0,1,"- ","- ",36.831150054931641,-119.92057037353516,FRESNO,UNINCORPORATED,-119.92059326171875,36.831157684326172
90697635,2018,2018-04-03,9435,2018-03-23,1140,017310,,5,1,9,1000,0,1,3,,2,106,"SR-99 S/B","CENTRAL AVE",2640.00,N,N,A,-,Y,,,99,,,,,,S,Y,2,0,2,6,A,-,03,22350,,N,C,C,A,A,H,-,A,D,0,,,,,Y,,M,59,1,1,0,0,0,0,0,0,0,"- ","- ",36.68280029296875,-119.74752807617188,FRESNO,UNINCORPORATED,-119.74749755859375,36.682838439941406
90700990,2018,2018-04-09,9435,2018-03-26,0855,013793,,1,1,9,1000,0,3,5,,2,025,"FRIANT ROAD","MERRILL AVENUE",2640.00,S,N,A,-,N,,,,,,,,,,Y,2,0,3,2,A,-,08,22107,,N,A,C,A,A,H,-,A,D,0,,,,,Y,,A,01,1,0,2,0,0,0,0,0,0,"- ","- ",36.9451904296875,-119.73024749755859,FRESNO,UNINCORPORATED,-119.73030853271484,36.946090698242188
90702561,2018,2018-04-10,9495,2018-03-31,2250,20716,,6,3,9,1000,0,1,1,,2,003,"INTERSTATE 5 SOUTHBOUND (WEST SIDE FWY)","STATE ROUTE 269 (LASSEN AVENUE)",3168.00,N,N,A,-,Y,,,,,,,,,,Y,2,0,2,2,A,-,03,22350,,N,C,C,A,A,H,-,D,D,0,,,,,Y,,A,01,1,0,1,0,0,0,0,0,0,"- ","- ",36.045928955078125,-120.06330871582031,FRESNO,UNINCORPORATED,-120.10914611816406,36.083076477050781
90703165,2018,2018-04-11,9435,2018-03-31,1415,018892,,6,2,9,1000,0,3,5,,2,025,"COPPER AVE","ARMSTRONG AVE",44.00,E,N,A,-,N,,,,,,,,,,Y,2,0,2,2,A,-,03,22350,,N,C,C,A,A,H,-,A,D,0,,,Y,,Y,Y,C,02,1,0,1,0,0,0,0,0,2,"- ","- ",36.895439147949219,-119.67263793945312,FRESNO,UNINCORPORATED,-119.67466735839844,36.895488739013672
90703870,2018,2018-04-12,9435,2018-04-04,0945,014363,,3,1,9,1000,0,3,5,,2,034,"HIGHLAND AVENUE","JENSEN AVENUE",0.00,,Y,A,-,N,,,,,,,,,,Y,2,0,1,2,A,-,09,21802,A,N,D,C,A,A,H,-,A,A,0,,,,,Y,,A,01,1,0,0,0,0,0,0,0,0,"- ","- ",36.706771850585938,-119.62795257568359,FRESNO,UNINCORPORATED,-119.62792205810547,36.706718444824219
90704379,2018,2018-04-12,9435,2018-03-30,2250,017518,,5,3,9,1000,0,3,5,,2,010,"BELMONT AVE","BISHOP AVE",1800.00,W,N,A,-,N,,,,,,,,,,Y,2,0,1,2,A,-,01,23152,A,N,A,C,A,A,H,-,D,D,0,,,,,Y,Y,D,22,1,0,0,0,0,0,0,0,0,"- ","- ",36.749580383300781,-120.01232147216797,FRESNO,UNINCORPORATED,-120.01228332519531,36.749565124511719
90705296,2018,2018-04-13,9435,2018-04-02,0830,013793,,1,1,9,1000,0,3,5,,2,025,"BARTON AVENUE","PRINCETON AVE",8.00,S,N,A,-,N,,,,,,,,,,N,2,0,1,2,A,-,09,21804,A,F,D,G,A,A,H,-,A,D,0,,Y,,,Y,,L,04,1,0,0,0,0,0,1,0,0,"- ","- ",36.775890350341797,-119.74987030029297,FRESNO,UNINCORPORATED,-119.7498779296875,36.775917053222656
90707043,2018,2018-04-17,9435,2018-04-06,1145,014363,,5,1,9,1000,0,3,5,,2,030,"TEMPERANCE AVENUE","CENTRAL AVENUE",0.00,,Y,B,-,N,,,,,,,,,,Y,2,0,1,2,A,-,09,21802,A,N,D,C,A,A,H,-,A,A,0,,,,Y,Y,,A,01,1,0,0,0,0,0,0,0,0,"- ","- ",36.678058624267578,-119.66387939453125,FRESNO,UNINCORPORATED,-119.66387176513672,36.678081512451172
90707653,2018,2018-04-18,9435,2018-04-08,1903,019523,,7,2,9,1000,0,3,5,,2,040,"MARKS AVE","KAMM AVE",0.00,,Y,A,-,N,,,,,,,,,,Y,2,0,5,2,A,-,12,22450,A,N,D,C,A,A,H,-,A,A,0,,,,,Y,,A,08,2,2,1,0,0,0,0,0,0,"- ","- ",36.532680511474609,-119.84517669677734,FRESNO,UNINCORPORATED,-119.84526824951172,36.532649993896484
90707984,2018,2019-06-06,9435,2018-04-05,1655,018824,,4,2,9,1000,0,3,5,,2,015,"CLOVIS AVENUE","CLAYTON AVENUE",0.00,,Y,B,-,N,,,,,,,,,,Y,2,0,1,2,A,-,09,21802,A,N,D,C,A,A,H,-,A,A,0,,,,,Y,,J,48,1,0,0,0,0,0,0,0,0,"- ","- ",36.640048980712891,-119.70012664794922,FRESNO,UNINCORPORATED,,
90709468,2018,2018-04-19,9435,2018-04-12,2112,019523,,4,2,9,1000,0,3,5,,2,040,"HENDERSON AVE","MOUNTAIN VIEW AVE",200.00,S,N,A,-,N,,,,,,,,,,Y,2,0,1,1,A,-,01,23152,A,N,E,I,A,A,H,-,D,D,0,,,,,Y,Y,D,22,1,0,0,0,0,0,0,0,0,"- ","- ",36.54718017578125,-119.83776092529297,FRESNO,UNINCORPORATED,-119.83737945556641,36.546688079833984
90713515,2018,2018-04-26,9461,2018-04-23,1750,019052,,1,2,9,1000,0,1,3,,1,604,SR-33,"SHAW AVE",8448.00,S,N,A,-,Y,,,33,,,,,,,Y,2,0,1,1,A,-,01,23152,A,N,E,I,A,A,H,-,A,D,0,,,,,Y,Y,A,01,1,0,0,0,0,0,0,0,0,"- ","- ",36.787960052490234,-120.40769195556641,FRESNO,UNINCORPORATED,-120.40772247314453,36.787933349609375
9071458,2019,2020-08-19,1004,2019-12-21,1729,G073,FOWLE,6,5,2,1004,0,0,0,,0,0FO,"MANNING AV","RT 99",0.00,,Y,A,-,Y,FRE,6,99,-,-,9.348,R,4,N,Y,2,0,2,2,A,-,09,21801,A,N,A,C,A,B,H,-,D,D,0,,,Y,,Y,,A,01,1,0,1,0,0,0,0,0,2,"- ",NO,36.598228454589844,-119.66397094726562,FRESNO,FOWLER,-119.66314697265625,36.607410430908203
90716035,2018,2018-04-30,9435,2018-04-20,2040,019895,,5,2,9,1000,0,3,5,,2,034,"MANNING AVE","ACADEMY AVE",1365.00,W,N,A,-,N,,,,,,,,,,Y,2,0,1,1,A,-,03,22350,,N,H,H,A,A,H,-,D,D,0,,,,,Y,,A,01,1,0,0,0,0,0,0,0,0,"- ","- ",36.605079650878906,-119.56168365478516,FRESNO,UNINCORPORATED,-119.56160736083984,36.605091094970703
90716042,2018,2018-04-30,9435,2018-04-17,1800,020095,,2,2,9,1000,0,3,5,,2,025,"ASHLAN AVE","GRIFFITH WAY",0.00,,Y,A,-,N,,,,,,,,,,Y,2,0,1,2,A,-,03,22350,,N,D,C,A,A,H,-,A,D,0,,,Y,,Y,,C,02,1,0,0,0,0,0,0,0,1,"- ","- ",36.791130065917969,-119.700439453125,FRESNO,UNINCORPORATED,,
90717700,2018,2018-05-01,9435,2018-04-19,1810,015890,,4,2,9,1000,0,1,3,,1,183,"SR-180 E/B","DEWOLF AVE",0.00,,Y,A,-,Y,,,180,,,,,,E,Y,2,0,3,2,A,-,12,21453,A,N,D,C,A,A,H,-,A,A,0,,,,,Y,,A,01,1,2,0,0,0,0,0,0,0,"- ","- ",36.736961364746094,-119.64592742919922,FRESNO,UNINCORPORATED,-119.64592742919922,36.736927032470703