CASE_ID,ACCIDENT_YEAR,PROC_DATE,JURIS,COLLISION_DATE,COLLISION_TIME,OFFICER_ID,REPORTING_DISTRICT,DAY_OF_WEEK,CHP_SHIFT,POPULATION,CNTY_CITY_LOC,SPECIAL_COND,BEAT_TYPE,CHP_BEAT_TYPE,CITY_DIVISION_LAPD,CHP_BEAT_CLASS,BEAT_NUMBER,PRIMARY_RD,SECONDARY_RD,DISTANCE,DIRECTION,INTERSECTION,WEATHER_1,WEATHER_2,STATE_HWY_IND,CALTRANS_COUNTY,CALTRANS_DISTRICT,STATE_ROUTE,ROUTE_SUFFIX,POSTMILE_PREFIX,POSTMILE,LOCATION_TYPE,RAMP_INTERSECTION,SIDE_OF_HWY,TOW_AWAY,COLLISION_SEVERITY,NUMBER_KILLED,NUMBER_INJURED,PARTY_COUNT,PRIMARY_COLL_FACTOR,PCF_CODE_OF_VIOL,PCF_VIOL_CATEGORY,PCF_VIOLATION,PCF_VIOL_SUBSECTION,HIT_AND_RUN,TYPE_OF_COLLISION,MVIW,PED_ACTION,ROAD_SURFACE,ROAD_COND_1,ROAD_COND_2,LIGHTING,CONTROL_DEVICE,CHP_ROAD_TYPE,PEDESTRIAN_ACCIDENT,BICYCLE_ACCIDENT,MOTORCYCLE_ACCIDENT,TRUCK_ACCIDENT,NOT_PRIVATE_PROPERTY,ALCOHOL_INVOLVED,STWD_VEHTYPE_AT_FAULT,CHP_VEHTYPE_AT_FAULT,COUNT_SEVERE_INJ,COUNT_VISIBLE_INJ,COUNT_COMPLAINT_PAIN,COUNT_PED_KILLED,COUNT_PED_INJURED,COUNT_BICYCLIST_KILLED,COUNT_BICYCLIST_INJURED,COUNT_MC_KILLED,COUNT_MC_INJURED,PRIMARY_RAMP,SECONDARY_RAMP,LATITUDE,LONGITUDE,COUNTY,CITY,POINT_X,POINT_Y
90719299,2018,2018-05-29,9495,2018-05-01,0520,018253,,2,3,9,1000,0,3,5,,2,053,"JAYNE AVENUE","STATE ROUTE 269 (LASSEN AVENUE)",0.00,,Y,A,-,Y,,,,,,,,,,Y,1,1,3,2,A,-,12,22450,A,F,D,C,A,A,H,-,C,A,0,,,,,Y,,A,07,0,2,1,0,0,0,0,0,0,"- ","- ",36.137958526611328,-120.10279083251953,FRESNO,UNINCORPORATED,-120.102783203125,36.137958526611328
90719698,2018,2018-05-04,9435,2018-04-21,2250,017518,,6,3,9,1000,0,3,5,,2,025,"MILLERTON ROAD","MONO STREET",150.00,N,N,A,-,N,,,,,,,,,,Y,2,0,3,2,A,-,09,21801,A,F,D,C,A,A,H,-,C,D,0,,,,,Y,,-,98,1,2,0,0,0,0,0,0,0,"- ","- ",36.990699768066406,-119.71116638183594,FRESNO,UNINCORPORATED,-119.71125793457031,36.990676879882812
90720709,2018,2018-05-07,9435,2018-04-15,2218,015556,,7,3,9,1000,0,3,5,,2,030,"WILLOW AVENUE","GRANT AVENUE",226.00,S,N,A,-,N,,,,,,,,,,N,2,0,1,2,A,-,11,21954,A,F,G,B,E,A,H,-,D,D,0,Y,,,,Y,,N,60,1,0,0,0,1,0,0,0,0,"- ","- ",36.747970581054688,-119.72733306884766,FRESNO,UNINCORPORATED,-119.72734069824219,36.747989654541016
90720986,2018,2018-05-07,9435,2018-04-04,1255,015179,,3,1,9,1000,0,3,5,,2,025,"CLINTON AVENUE","MAPLE AVENUE",0.00,,Y,A,-,N,,,,,,,,,,Y,1,1,1,2,A,-,12,21453,A,N,D,C,A,A,H,-,A,A,0,,,,,Y,,A,01,0,1,0,0,0,0,0,0,0,"- ","- ",36.772270202636719,-119.745361328125,FRESNO,UNINCORPORATED,-119.74537658691406,36.772289276123047
90721719,2018,2018-05-08,9435,2018-04-30,1510,020871,,1,2,9,1000,0,3,5,,2,020,"CORNELIA AVENUE","CONEJO AVENUE",0.00,,Y,A,-,N,,,,,,,,,,Y,2,0,2,2,A,-,09,21804,A,N,D,C,A,A,H,-,A,D,0,,,,,Y,,A,01,1,1,0,0,0,0,0,0,0,"- ","- ",36.518241882324219,-119.88140106201172,FRESNO,UNINCORPORATED,-119.88128662109375,36.517990112304688
90724609,2018,2018-05-11,9435,2018-05-06,1705,019548,,7,2,9,1000,0,1,3,,1,169,"STATE ROUTE 168","WOODLAND RD.",1056.00,E,N,A,-,Y,,,168,,,,,,,Y,2,0,1,1,A,-,03,22350,,N,E,I,A,A,H,-,A,D,0,,,Y,,Y,,C,02,1,0,0,0,0,0,0,0,1,"- ","- ",37.087718963623047,-119.32112884521484,FRESNO,UNINCORPORATED,-119.32107543945312,37.087696075439453
90724627,2018,2019-05-03,9435,2018-04-14,2220,020586,,6,3,9,1000,0,3,5,,2,015,"WALNUT AVENUE","ANNADALE AVENUE",166.00,S,N,A,-,N,,,,,,,,,,Y,1,1,0,1,A,-,01,23152,A,N,E,I,A,A,H,-,D,D,0,,,,,Y,Y,D,22,0,0,0,0,0,0,0,0,0,"- ","- ",36.699348449707031,-119.80895233154297,FRESNO,UNINCORPORATED,-119.808837890625,36.699066162109375
90724920,2018,2018-05-11,9435,2018-05-07,0524,020592,,1,3,9,1000,0,3,5,,2,040,"CLARKSON AVE","MCCALL AVE",0.00,,Y,A,-,N,,,,,,,,,,Y,2,0,2,2,A,-,01,23152,A,N,D,C,A,A,H,-,B,A,0,,,,,Y,Y,A,08,1,1,0,0,0,0,0,0,0,"- ","- ",36.503570556640625,-119.61106109619141,FRESNO,UNINCORPORATED,-119.61103820800781,36.503589630126953
90725513,2018,2018-05-14,9435,2018-05-07,0600,017310,,1,1,9,1000,0,1,3,,1,168,"SR-168 E/B","WELDON AVE",340.00,E,N,A,-,Y,,,168,,,,,,E,Y,2,0,2,1,A,-,03,22350,,N,E,I,A,A,H,-,A,D,0,,,,,Y,,D,22,1,1,0,0,0,0,0,0,0,"- ","- ",36.769760131835938,-119.74929046630859,FRESNO,UNINCORPORATED,-119.74922180175781,36.769760131835938
90725699,2018,2018-05-14,9435,2018-05-01,1720,016270,,2,2,9,1000,0,3,5,,2,060,"CHUCKWAGON RD","BUTTERNUT LN",855.00,W,N,A,-,N,,,,,,,,,,N,2,0,1,1,A,-,03,22350,,N,F,A,A,A,H,-,A,D,0,,,Y,,Y,,C,02,1,0,0,0,0,0,0,0,1,"- ","- ",36.689449310302734,-119.11682891845703,FRESNO,UNINCORPORATED,-119.13358306884766,36.700141906738281
90727006,2018,2018-06-15,9435,2018-03-19,2342,016911,,1,3,7,1005,0,1,3,,1,168,"SR-168 E/B","SHIELDS AVENUE",500.00,E,N,A,-,Y,,,168,,,,,,E,Y,1,1,1,4,A,-,03,22350,,N,C,C,A,A,H,-,D,D,0,,,,,Y,,A,01,0,0,1,0,0,0,0,0,0,"- ","- ",36.782260894775391,-119.74893188476562,FRESNO,FRESNO,-119.74901580810547,36.782260894775391
90729245,2018,2018-05-18,9435,2018-05-10,1809,020078,,4,2,7,1005,0,1,3,,2,410,"SR-41 N/B TO MCKINLEY AVE","MCKINLEY AVE",85.00,N,N,A,-,Y,,,41,,,,R,,N,Y,2,0,1,1,A,-,01,23152,A,N,E,I,A,A,H,-,A,D,0,,,,,Y,Y,D,22,1,0,0,0,0,0,0,0,0,"- ","- ",36.765628814697266,-119.77635955810547,FRESNO,FRESNO,-119.77635955810547,36.765628814697266
90730777,2018,2018-05-21,9435,2018-04-14,1955,019895,,6,2,9,1000,0,3,5,,2,040,"HENDERSON AVENUE","MARKS AVENUE",0.00,,Y,A,-,N,,,,,,,,,,Y,1,1,0,2,A,-,09,21801,A,N,D,C,A,A,H,-,B,D,0,,,Y,,Y,,A,01,0,0,0,0,0,0,0,1,0,"- ","- ",36.553558349609375,-119.84512329101562,FRESNO,UNINCORPORATED,-119.84510803222656,36.553539276123047
90732014,2018,2018-05-23,9435,2018-05-16,0950,013703,,3,1,9,1000,0,3,5,,2,034,"HUNTSMAN AVENUE","MENDOCINO AVENUE",0.00,,Y,A,-,N,,,,,,,,,,Y,2,0,2,2,A,-,09,21802,A,N,D,C,A,A,H,-,A,A,0,,,,,Y,,D,22,2,0,0,0,0,0,0,0,0,"- ","- ",36.583198547363281,-119.54808044433594,FRESNO,UNINCORPORATED,-119.54808044433594,36.583229064941406
90732369,2018,2018-05-23,9435,2018-05-13,1845,020078,,7,2,9,1000,0,1,3,,2,184,SR-180,"RAINBOW ROUTE",43.00,W,N,A,-,Y,,,180,,,,,,,Y,2,0,1,2,A,-,09,21801,A,N,D,C,A,A,H,-,A,D,0,,,Y,,Y,Y,A,01,1,0,0,0,0,0,0,0,1,"- ","- ",36.733551025390625,-119.49800872802734,FRESNO,UNINCORPORATED,-119.49800872802734,36.733558654785156
90741531,2018,2018-06-05,9435,2018-05-27,2007,020078,,7,2,9,1000,0,3,5,,2,015,"MARKS AVE","MUSCAT AVE",1000.00,S,N,A,-,N,,,,,,,,,,N,2,0,1,1,A,-,08,22107,,N,F,A,A,A,H,-,A,D,0,,,Y,,Y,,C,03,1,0,0,0,0,0,0,0,1,"- ","- ",36.679771423339844,-119.84454345703125,FRESNO,UNINCORPORATED,-119.84449005126953,36.682113647460938
90748578,2018,2018-06-14,9435,2018-06-04,1255,014363,,1,1,9,1000,0,1,3,,1,183,"STATE ROUTE 180 (WESTBOUND)","BETHEL AVENUE",250.00,E,N,A,-,Y,,,180,,,,,,,Y,2,0,1,3,A,-,01,23152,A,N,C,C,A,A,H,-,A,D,0,,,,Y,Y,Y,A,07,1,0,0,0,0,0,0,0,0,"- ","- ",36.736171722412109,-119.57318115234375,FRESNO,UNINCORPORATED,-119.57318115234375,36.736167907714844
90749142,2018,2018-06-15,9495,2018-04-05,2040,019205,,4,2,9,1000,0,1,1,,2,001,"INTERSTATE 5 FREEWAY (NORTHBOUND)","PANOCHE ROAD",124.00,S,N,B,-,Y,,,5,,,,,,,N,1,1,0,2,A,-,11,21954,A,F,G,B,D,A,H,-,D,D,0,Y,,,,Y,Y,N,60,0,0,0,1,0,0,0,0,0,"- ","- ",36.639190673828125,-120.62225341796875,FRESNO,UNINCORPORATED,-120.622314453125,36.639141082763672
90751594,2018,2018-06-20,9435,2018-06-14,1530,019895,,4,2,9,1000,0,3,5,,2,034,"LEONARD AVE","MANNING AVE",0.00,,Y,A,-,N,,,,,,,,,,Y,2,0,4,2,A,-,09,21802,A,N,D,C,A,A,H,-,A,A,0,,,,,Y,,A,01,2,1,1,0,0,0,0,0,0,"- ","- ",36.605339050292969,-119.63746643066406,FRESNO,UNINCORPORATED,-119.63748931884766,36.605350494384766
90751844,2018,2018-06-20,9435,2018-05-31,2049,017088,,4,2,9,1000,0,3,5,,2,060,"PIEDRA RD","FRANKWOOD AVE",226.00,S,N,A,-,N,,,,,,,,,,Y,2,0,2,2,A,-,08,22107,,F,D,C,A,A,H,-,D,D,0,,,Y,,Y,,A,01,2,0,0,0,0,0,0,0,2,"- ","- ",36.752449035644531,-119.44075775146484,FRESNO,UNINCORPORATED,-119.44027709960938,36.752548217773438
90753110,2018,2018-06-21,9435,2018-06-17,1625,019263,,7,2,9,1000,0,3,5,,2,050,"TOLLHOUSE RD","OLD TOLLHOUSE ROAD",2112.00,E,N,A,-,N,,,,,,,,,,Y,2,0,1,1,A,-,08,22107,,N,F,A,A,A,H,-,A,D,0,,,Y,,Y,,C,02,1,0,0,0,0,0,0,0,1,"- ","- ",37.016471862792969,-119.39356994628906,FRESNO,UNINCORPORATED,-119.39437103271484,37.016368865966797
90753144,2018,2018-11-27,9435,2018-05-30,0245,017088,,3,3,9,1000,0,3,5,,2,060,"EDGAR AVENUE","MOUNT CAMPBELL AVENUE",792.00,W,N,A,-,N,,,,,,,,,,Y,1,1,1,1,A,-,03,22350,,N,E,I,A,A,H,-,D,D,0,,,,,Y,,D,22,1,0,0,0,0,0,0,0,0,"- ","- ",36.694389343261719,-119.39298248291016,FRESNO,UNINCORPORATED,-119.39287567138672,36.694400787353516
90755500,2018,2018-06-26,9435,2018-06-18,2200,018944,,1,3,9,1000,0,3,5,,2,010,"SHAW AVE.","PALM AVE.",0.00,,Y,A,-,N,,,,,,,,,,Y,2,0,3,3,A,-,01,23152,A,N,D,C,A,A,H,-,C,A,0,,,,,Y,Y,A,01,2,1,0,0,0,0,0,0,0,"- ","- ",36.808361053466797,-119.80834197998047,FRESNO,UNINCORPORATED,-119.80854034423828,36.808498382568359
90755898,2018,2018-06-26,9495,2018-05-06,2030,020246,,7,2,9,1000,0,3,5,,2,052,"KINGS AVENUE","GALE AVENUE",2429.00,S,N,A,-,N,,,,,,,,,,Y,1,1,0,1,A,-,01,23152,A,N,E,I,A,A,H,-,D,D,0,,,,,Y,Y,A,07,0,0,0,0,0,0,0,0,0,"- ","- ",36.173110961914062,-120.38139343261719,FRESNO,UNINCORPORATED,-120.38162231445312,36.17364501953125
90757577,2018,2018-07-06,9435,2018-06-18,1145,019451,,1,1,7,1005,0,1,3,,2,410,"SR-41 S/B TO SR-180 W/B","OLIVE AVENUE",850.00,S,N,A,-,Y,,,41,,,,R,,S,Y,2,0,1,3,A,-,03,22350,,F,G,B,E,A,H,-,A,D,0,Y,,,,Y,,-,99,1,0,0,0,1,0,0,0,0,"- ","- ",36.75469970703125,-119.77749633789062,FRESNO,FRESNO,-119.77749633789062,36.75469970703125
90757584,2018,2018-08-20,9435,2018-06-22,2355,020680,,5,3,9,1000,0,3,5,,2,015,"JENSEN AVE","SR-145 (MADERA AVE.)",0.00,,Y,A,-,Y,,,,,,,,,,Y,2,0,2,1,A,-,01,23152,A,N,E,I,A,A,H,-,C,D,0,,,,,Y,Y,A,01,2,0,0,0,0,0,0,0,0,"- ","- ",36.705841064453125,-120.06076812744141,FRESNO,UNINCORPORATED,-120.060799,36.705733000000002
90758372,2018,2018-11-27,9435,2018-06-20,0610,017489,,3,1,9,1000,0,1,3,,1,147,"STATE ROUTE 145","CLARKSON AVENUE",2112.00,N,N,A,-,Y,,,145,,,,,,,Y,1,1,0,1,A,-,01,23152,A,N,E,I,A,A,H,-,B,D,0,,,,,Y,Y,A,01,0,0,0,0,0,0,0,0,0,"- ","- ",36.510219573974609,-120.09805297851562,FRESNO,UNINCORPORATED,-120.09812927246094,36.510219573974609
90759732,2018,2018-06-29,9435,2018-06-01,1852,021230,,5,2,9,1000,0,3,5,,2,040,"JENSEN AVENUE","TRINITY AVENUE",1056.00,W,N,A,-,N,,,,,,,,,,Y,1,1,0,2,A,-,03,22350,,N,C,C,A,A,H,-,A,D,0,,,,,Y,,A,01,0,0,0,0,0,0,0,0,0,"- ","- ",36.705471038818359,-120.12010955810547,FRESNO,UNINCORPORATED,-120.11859893798828,36.705532073974609
90759851,2018,2018-06-29,9435,2018-06-28,0745,013660,,4,1,2,1004,0,1,3,,2,106,"SR99 NORTHBOUND","MERCED STREET",1450.00,S,N,A,-,Y,,,,,,,,,,Y,2,0,2,4,A,-,03,22350,,N,C,C,A,A,H,-,A,D,0,,,,,Y,,D,22,1,1,0,0,0,0,0,0,0,"- ","- ",36.370059967041016,-119.40254211425781,FRESNO,FOWLER,-119.6810302734375,36.623680114746094
90761239,2018,2018-07-02,9495,2018-06-24,1950,020250,,7,2,9,1000,0,3,5,,2,051,"MANNING AVENUE","INTERSTATE 5",10560.00,E,N,A,-,N,,,,,,,,,,Y,2,0,2,1,A,-,08,22107,,N,F,A,A,A,H,-,B,D,0,,,,,Y,,A,01,1,1,0,0,0,0,0,0,0,"- ","- ",36.604141235351562,-120.54781341552734,FRESNO,UNINCORPORATED,-120.58538818359375,36.604568481445312
90761616,2018,2018-09-12,9461,2018-06-07,0220,020385,,4,3,9,1000,0,2,4,,1,615,"NEES AVENUE",I-5,11088.00,E,N,A,-,N,,,,,,,,,,Y,1,1,0,1,A,-,08,22107,,N,F,A,A,A,H,-,D,D,0,,,,,Y,,A,07,0,0,0,0,0,0,0,0,0,"- ","- ",36.850498199462891,-120.73217010498047,FRESNO,UNINCORPORATED,-120.77375030517578,36.850311279296875
90764291,2018,2018-07-06,9435,2018-06-05,0940,019451,,2,1,9,1000,0,3,5,,2,025,"ACADEMY AVENUE","SHAW AVENUE",0.00,,Y,A,-,N,,,,,,,,,,Y,1,1,0,3,A,-,12,22450,A,N,D,C,A,A,H,-,A,A,0,,,,,Y,,A,01,0,0,0,0,0,0,0,0,0,"- ","- ",36.808200836181641,-119.55580139160156,FRESNO,UNINCORPORATED,-119.55600738525391,36.808109283447266
90766327,2018,2018-07-10,9435,2018-06-27,1650,019523,,3,2,7,1005,0,3,5,,2,015,"KEARNEY BLVD","POLK AVE",140.00,W,N,A,-,N,,,,,,,,,,Y,2,0,1,1,A,-,08,22107,,N,F,I,A,A,H,-,A,A,0,,,,,Y,,A,01,1,0,0,0,0,0,0,0,0,"- ","- ",36.728248596191406,-119.89054870605469,FRESNO,FRESNO,-119.89020538330078,36.728157043457031
90768819,2018,2019-06-12,9435,2018-06-08,1530,021165,,5,2,9,1000,0,3,5,,2,010,"NIELSEN AVENUE","LASSEN AVENUE",0.00,,Y,A,-,N,,,,,,,,,,Y,1,2,1,2,A,-,12,22450,A,N,D,C,A,A,H,-,A,C,0,,,,,Y,,A,01,1,0,0,0,0,0,0,0,0,"- ","- ",36.742019653320312,-120.09622955322266,FRESNO,UNINCORPORATED,-120.09619140625,36.742019653320312
90772281,2018,2018-07-19,9435,2018-07-17,1657,016860,,2,2,9,1000,0,1,3,,1,169,SR-168,"OAK VIEW DR",1056.00,E,N,A,-,Y,,,168,,,,,,,Y,2,0,1,1,A,-,03,22350,,N,E,I,A,A,H,-,A,D,0,,,Y,,Y,,C,02,1,0,0,0,0,0,0,0,1,"- ","- ",36.974201202392578,-119.52686309814453,FRESNO,UNINCORPORATED,-119.52694702148438,36.974224090576172
90773133,2018,2018-07-20,9495,2018-07-09,1615,020250,,1,2,9,1000,0,1,3,,1,008,"STATE ROUTE 198 (DORRIS AVENUE)","EL DORADO AVENUE",2112.00,E,N,A,-,Y,,,198,,,,,,,Y,2,0,1,2,A,-,06,21751,,F,E,I,A,A,H,-,A,D,0,,,,,Y,,A,07,1,0,0,0,0,0,0,0,0,"- ","- ",36.255050659179688,-120.20320892333984,FRESNO,UNINCORPORATED,-120.20320892333984,36.254966735839844
90775075,2018,2018-07-24,9435,2018-07-11,0629,015755,,3,1,9,1000,0,3,5,,2,040,"MAPLE AVE","MALAGA AVE",1045.00,S,N,A,-,N,,,,,,,,,,Y,2,0,1,1,A,-,08,22107,,N,F,I,A,A,H,-,A,D,0,,,,,Y,,A,01,1,0,0,0,0,0,0,0,0,"- ","- ",36.667411804199219,-119.74552917480469,FRESNO,UNINCORPORATED,-119.74571990966797,36.667812347412109
90776502,2018,2018-07-25,9435,2018-07-15,0010,021247,,7,3,7,1005,0,1,3,,1,411,"SR-41 N/B","CENTRAL AVE",1780.00,S,N,A,-,Y,,,,,,,,,,Y,2,0,1,1,A,-,01,23152,A,N,F,I,A,A,H,-,D,D,0,,,,,Y,Y,A,01,1,0,0,0,0,0,0,0,0,"- ","- ",36.672969818115234,-119.78562927246094,FRESNO,FRESNO,-119.78573608398438,36.673053741455078
90779783,2018,2018-07-30,9435,2018-07-21,1738,016860,,6,2,9,1000,0,3,5,,2,050,"AUBERRY RD","ACORN RD",282.00,E,N,A,-,N,,,,,,,,,,Y,2,0,1,1,A,-,08,22107,,N,F,A,A,A,H,-,A,D,0,,,Y,,Y,,C,02,1,0,0,0,0,0,0,0,1,"- ","- ",37.087150573730469,-119.43689727783203,FRESNO,UNINCORPORATED,-119.43708801269531,37.086971282958984
90780177,2018,2018-09-13,9435,2018-07-21,0615,014363,,6,1,9,1000,0,3,5,,2,034,"ACADEMY AVENUE","BUTLER AVENUE",750.00,S,N,A,-,N,,,,,,,,,,N,2,0,1,1,D,-,00,,,N,H,A,A,A,H,-,B,D,0,,,Y,,Y,Y,-,"- ",1,0,0,0,0,0,0,0,1,"- ","- ",36.726520538330078,-119.5565185546875,FRESNO,UNINCORPORATED,-119.55634307861328,36.7264404296875
90780225,2018,2019-05-08,9435,2018-06-22,2325,019962,,5,3,9,1000,0,3,5,,2,040,"ELKHORN AVENUE","DE WOLF AVENUE",1267.00,E,N,A,-,N,,,,,,,,,,N,1,1,0,2,A,-,11,21956,A,N,G,B,E,A,H,-,D,D,0,Y,,,Y,Y,Y,N,60,0,0,0,1,0,0,0,0,0,"- ","- ",36.489170074462891,-119.64272308349609,FRESNO,UNINCORPORATED,-119.64960479736328,36.489204406738281
90781283,2018,2018-08-07,9435,2018-07-29,0132,020064,,7,3,9,1000,0,3,5,,2,015,"LINCOLN AVENUE","CHESTNUT AVENUE",500.00,E,N,A,-,N,,,,,,,,,,Y,2,0,1,1,A,-,01,23152,A,N,E,I,A,A,H,-,D,D,0,,,,,Y,Y,D,22,1,0,0,0,0,0,0,0,0,"- ","- ",36.648998260498047,-119.7354736328125,FRESNO,UNINCORPORATED,-119.73507690429688,36.648941040039062
90782119,2018,2018-08-01,9495,2018-07-22,1935,021270,,7,2,9,1000,0,1,1,,2,003,"INTERSTATE 5 (SOUTHBOUND)","STATE ROUTE 198",5914.00,S,N,A,-,Y,,,5,,,,,,,Y,2,0,3,3,A,-,03,22350,,N,C,C,A,A,H,-,A,D,0,,,,,Y,Y,A,07,1,1,1,0,0,0,0,0,0,"- ","- ",36.243900299072266,-120.23739624023438,FRESNO,UNINCORPORATED,-120.23726654052734,36.243984222412109
90782248,2018,2018-08-01,9495,2018-05-13,0707,019205,,7,1,9,1000,0,1,1,,2,001,"INTERSTATE 5 FREEWAY (NORTHBOUND)","STATE ROUTE 33 (DERRICK AVENUE)",12144.00,N,N,A,-,Y,,,,,,,,,,Y,1,1,2,1,A,-,08,22107,,N,F,A,A,A,H,-,A,D,0,,,,,Y,,D,22,2,0,0,0,0,0,0,0,0,"- ","- ",36.466228485107422,-120.41664123535156,FRESNO,UNINCORPORATED,-120.4188232421875,36.462272644042969
90784588,2018,2018-08-06,9435,2018-07-27,1151,014672,,5,1,9,1000,0,1,3,,1,180,SR-180,"BLYTHE AVE",0.00,,Y,A,-,Y,,,180,,,,,,,Y,2,0,2,3,A,-,03,22350,,N,C,C,A,A,H,-,A,A,0,,,,Y,Y,,A,01,1,0,1,0,0,0,0,0,0,"- ","- ",36.735481262207031,-119.87155914306641,FRESNO,UNINCORPORATED,-119.87155914306641,36.735488891601562
90785331,2018,2018-08-07,9435,2018-07-01,1339,020078,,7,1,9,1000,0,3,5,,2,034,"BETHEL AVENUE","ROSE AVENUE",0.00,,Y,A,-,N,,,,,,,,,,Y,1,2,4,2,A,-,12,22450,A,N,D,C,A,A,H,-,A,A,0,,,,,Y,,A,01,1,3,0,0,0,0,0,0,0,"- ","- ",36.568721771240234,-119.57022094726562,FRESNO,UNINCORPORATED,-119.57502746582031,36.568729400634766
90786094,2018,2018-08-07,9435,2018-07-29,1415,016860,,7,2,9,1000,0,1,3,,1,169,SR-168,"OLD RANCH PARK LN",540.00,W,N,A,-,Y,,,168,,,,,,,Y,2,0,1,1,A,-,08,22107,,N,E,I,A,A,H,-,A,D,0,,,Y,,Y,,C,02,1,0,0,0,0,0,0,0,1,"- ","- ",37.045341491699219,-119.48612213134766,FRESNO,UNINCORPORATED,-119.48607635498047,37.045276641845703
90786537,2018,2018-08-08,9435,2018-07-29,0200,021247,,7,3,9,1000,0,3,5,,2,025,"SKY HARBOUR ROAD","MILLERTON RD",9500.00,N,N,A,-,N,,,,,,,,,,Y,2,0,2,1,A,-,08,22107,,N,E,I,A,A,H,-,D,D,0,,,,,Y,,A,01,1,1,0,0,0,0,0,0,0,"- ","- ",37.002708435058594,-119.63465881347656,FRESNO,UNINCORPORATED,-119.63407135009766,37.002021789550781
90787018,2018,2018-08-08,9435,2018-07-27,1250,017166,,5,1,9,1000,0,3,5,,2,025,"MILLERTON ROAD","AUBERRY ROAD",9.00,W,N,A,-,N,,,,,,,,,,N,2,0,1,1,A,-,01,23152,A,N,E,I,A,A,H,-,A,A,0,,,,,Y,Y,A,07,1,0,0,0,0,0,0,0,0,"- ","- ",36.969741821289062,-119.62458038330078,FRESNO,UNINCORPORATED,-119.62440490722656,36.969852447509766
90787834,2018,2018-08-09,9435,2018-07-18,1543,020871,,3,2,9,1000,0,1,3,,1,430,"STATE ROUTE 43","DAVIS AVENUE",3696.00,S,N,A,-,Y,,,43,,,,,,,Y,1,1,3,2,A,-,08,22107,,N,A,C,A,A,H,-,A,D,0,,,,Y,Y,,G,25,1,2,0,0,0,0,0,0,0,"- ","- ",36.468528747558594,-119.63603973388672,FRESNO,UNINCORPORATED,-119.63615417480469,36.468528747558594
90790076,2018,2018-08-14,9435,2018-08-07,2139,020450,,2,2,9,1000,0,3,5,,2,034,"JENSEN AVE","CLOVIS AVE",817.00,W,N,A,-,N,,,,,,,,,,N,2,0,1,2,A,-,11,21956,A,N,G,B,E,A,H,-,D,D,0,Y,,,,Y,,N,60,1,0,0,0,1,0,0,0,0,"- ","- ",36.707611083984375,-119.70298004150391,FRESNO,UNINCORPORATED,-119.70290374755859,36.707427978515625
90790330,2018,2018-08-14,9435,2018-08-07,0545,014363,,2,3,9,1000,0,3,5,,2,040,"CEDAR AVENUE","MOUNTAIN VIEW AVENUE",0.00,,Y,A,-,N,,,,,,,,,,Y,2,0,2,2,A,-,09,21802,A,N,D,C,A,A,H,-,B,A,0,,,,,Y,,D,22,1,1,0,0,0,0,0,0,0,"- ","- ",36.547378540039062,-119.75507354736328,FRESNO,UNINCORPORATED,-119.75499725341797,36.547370910644531
90791900,2018,2018-08-16,9435,2018-08-08,2125,021247,,3,2,7,1005,0,3,5,,2,034,"JENSEN AVENUE E/B","SOUTH HELM AVENUE",164.00,W,N,A,-,N,,,,,,,,,,Y,2,0,1,2,A,-,11,21956,A,N,G,B,E,A,H,-,D,D,0,Y,,,,Y,Y,N,60,1,0,0,0,1,0,0,0,0,"- ","- ",36.70745849609375,-119.72348785400391,FRESNO,FRESNO,-119.72348022460938,36.707584381103516
90792678,2018,2018-08-17,9435,2018-08-07,1620,015890,,2,2,7,1005,0,1,3,,1,168,"SR-168 WB TO SR-180 WB","CEDAR AVE",1206.00,E,N,A,-,Y,,,168,,,,R,,W,Y,2,0,1,1,A,-,08,22107,,N,E,I,A,A,H,-,A,D,0,,,,,Y,,A,01,1,0,0,0,0,0,0,0,0,"- ","- ",36.756778717041016,-119.75016784667969,FRESNO,FRESNO,-119.75016784667969,36.756778717041016
90794528,2018,2018-08-21,9435,2018-08-10,1041,017166,,5,1,9,1000,0,3,5,,2,015,"KAMM AVE","JAMESON AVE",0.00,,Y,A,-,N,,,,,,,,,,Y,2,0,2,2,A,-,12,22450,A,N,D,C,A,A,H,-,A,A,0,,,,,Y,,A,01,2,0,0,0,0,0,0,0,0,"- ","- ",36.532108306884766,-119.98957824707031,FRESNO,UNINCORPORATED,-119.98960876464844,36.532051086425781
90795387,2018,2018-09-18,9435,2018-08-14,0558,015755,,2,3,9,1000,0,3,5,,2,040,"AMERICAN AVE","SISKIYOU AVE",0.00,,Y,A,-,N,,,,,,,,,,Y,2,0,6,2,A,-,09,21801,A,N,D,C,A,A,H,-,B,D,0,,,,,Y,,A,01,1,2,3,0,0,0,0,0,0,"- ","- ",36.661651611328125,-120.07839965820312,FRESNO,UNINCORPORATED,-120.07904815673828,36.661968231201172