CASE_ID,ACCIDENT_YEAR,PROC_DATE,JURIS,COLLISION_DATE,COLLISION_TIME,OFFICER_ID,REPORTING_DISTRICT,DAY_OF_WEEK,CHP_SHIFT,POPULATION,CNTY_CITY_LOC,SPECIAL_COND,BEAT_TYPE,CHP_BEAT_TYPE,CITY_DIVISION_LAPD,CHP_BEAT_CLASS,BEAT_NUMBER,PRIMARY_RD,SECONDARY_RD,DISTANCE,DIRECTION,INTERSECTION,WEATHER_1,WEATHER_2,STATE_HWY_IND,CALTRANS_COUNTY,CALTRANS_DISTRICT,STATE_ROUTE,ROUTE_SUFFIX,POSTMILE_PREFIX,POSTMILE,LOCATION_TYPE,RAMP_INTERSECTION,SIDE_OF_HWY,TOW_AWAY,COLLISION_SEVERITY,NUMBER_KILLED,NUMBER_INJURED,PARTY_COUNT,PRIMARY_COLL_FACTOR,PCF_CODE_OF_VIOL,PCF_VIOL_CATEGORY,PCF_VIOLATION,PCF_VIOL_SUBSECTION,HIT_AND_RUN,TYPE_OF_COLLISION,MVIW,PED_ACTION,ROAD_SURFACE,ROAD_COND_1,ROAD_COND_2,LIGHTING,CONTROL_DEVICE,CHP_ROAD_TYPE,PEDESTRIAN_ACCIDENT,BICYCLE_ACCIDENT,MOTORCYCLE_ACCIDENT,TRUCK_ACCIDENT,NOT_PRIVATE_PROPERTY,ALCOHOL_INVOLVED,STWD_VEHTYPE_AT_FAULT,CHP_VEHTYPE_AT_FAULT,COUNT_SEVERE_INJ,COUNT_VISIBLE_INJ,COUNT_COMPLAINT_PAIN,COUNT_PED_KILLED,COUNT_PED_INJURED,COUNT_BICYCLIST_KILLED,COUNT_BICYCLIST_INJURED,COUNT_MC_KILLED,COUNT_MC_INJURED,PRIMARY_RAMP,SECONDARY_RAMP,LATITUDE,LONGITUDE,COUNTY,CITY,POINT_X,POINT_Y
90795575,2018,2018-10-05,9435,2018-07-15,2210,019523,,7,3,9,1000,0,1,3,,1,412,"SR-41 NORTHBOUND","FLORAL AVENUE",4752.00,N,N,A,-,Y,,,41,,,,,,N,Y,1,1,0,2,A,-,11,21956,A,N,G,B,E,A,H,-,D,D,0,Y,,,,Y,,N,60,0,0,0,1,0,0,0,0,0,"- ","- ",36.589900970458984,-119.78581237792969,FRESNO,UNINCORPORATED,-119.78596496582031,36.589900970458984
90796889,2018,2018-08-23,9435,2018-08-21,1500,020078,,2,2,9,1000,0,3,5,,2,015,"LINCOLN AVE","FRUIT AVE",0.00,,Y,A,-,N,,,,,,,,,,Y,2,0,1,2,A,-,03,22350,,N,D,C,A,A,H,-,A,D,0,,,Y,,Y,,C,02,1,0,0,0,0,0,0,0,1,"- ","- ",36.648689270019531,-119.81784820556641,FRESNO,UNINCORPORATED,-119.81777954101562,36.648700714111328
90797818,2018,2018-08-27,9461,2018-08-22,2133,019052,,3,2,9,1000,0,3,5,,2,060,"BASS AVE","HELM CANAL RD",5.00,S,N,A,-,N,,,,,,,,,,Y,2,0,3,1,A,-,01,23152,A,N,E,I,A,A,H,-,D,D,0,,,,,Y,Y,A,01,1,0,2,0,0,0,0,0,0,"- ","- ",36.785869598388672,-120.37377166748047,FRESNO,UNINCORPORATED,-120.37370300292969,36.789417266845703
90797932,2018,2018-08-27,9435,2018-08-17,0812,016507,,5,1,9,1000,0,1,3,,2,184,"STATE ROUTE 180","DUNLAP RD",19008.00,E,N,A,-,Y,,,180,,,,,,,N,2,0,1,2,A,-,08,22107,,N,G,B,E,A,H,-,A,D,0,Y,,,,Y,,A,01,1,0,0,0,1,0,0,0,0,"- ","- ",36.760719299316406,-119.11295318603516,FRESNO,UNINCORPORATED,-119.11297607421875,36.760799407958984
90798006,2018,2018-08-27,9435,2018-08-05,1303,016507,,7,1,9,1000,0,1,3,,2,184,"STATE ROUTE 180","FRANKWOOD AVENUE",0.00,,Y,A,-,Y,,,180,,,,,,,Y,1,1,2,2,A,-,09,21802,A,N,D,C,A,A,H,-,A,A,0,,,,,Y,,A,01,0,2,0,0,0,0,0,0,0,"- ","- ",36.720001220703125,-119.44846343994141,FRESNO,UNINCORPORATED,-119.44845581054688,36.720039367675781
90801518,2018,2018-08-30,9435,2018-08-21,1727,019451,,2,2,9,1000,0,3,5,,2,010,"ASHLAN AVENUE","VAN NESS BOULEVARD",0.00,,Y,A,-,N,,,,,,,,,,Y,2,0,1,2,A,-,09,21802,A,N,D,C,A,A,H,-,A,A,0,,,Y,,Y,,C,02,1,0,0,0,0,0,0,0,1,"- ","- ",36.793998718261719,-119.80400085449219,FRESNO,UNINCORPORATED,-119.80406188964844,36.793949127197266
90802150,2018,2018-08-30,9435,2018-08-24,1727,021148,,5,2,2,1008,0,1,3,,2,107,"STATE ROUTE 99 SOUTHBOUND","KAMM AVENUE",1420.00,N,N,A,-,Y,,,99,,,,,,S,Y,2,0,6,5,A,-,01,23152,A,N,C,C,A,A,H,-,A,D,0,,,,,Y,Y,D,22,2,2,2,0,0,0,0,0,0,"- ","- ",36.535331726074219,-119.58252716064453,FRESNO,KINGSBURG,-119.58252716064453,36.535331726074219
90803805,2018,2018-09-21,9435,2018-08-26,2120,019548,,7,2,9,1000,0,3,5,,2,050,"AUBERRY RD.","QUAIL HOLLOW LN",2640.00,S,N,A,-,N,,,,,,,,,,Y,1,1,0,1,A,-,08,22107,,N,F,A,A,A,H,-,A,D,0,,,Y,,Y,,C,02,0,0,0,0,0,0,0,1,0,"- ","- ",37.029621124267578,-119.53304290771484,FRESNO,UNINCORPORATED,-119.53271484375,37.029762268066406
90807787,2018,2018-09-07,9435,2018-08-30,0710,015179,,4,1,7,1005,0,3,5,,2,025,"MILLERTON RD","VIA MIRA BELLA",1096.00,N,N,A,-,N,,,,,,,,,,Y,2,0,3,2,A,-,01,23152,A,N,A,C,A,A,H,-,A,D,0,,,,,Y,Y,A,07,2,0,1,0,0,0,0,0,0,"- ","- ",36.989921569824219,-119.69370269775391,FRESNO,FRESNO,-119.69362640380859,36.989860534667969
90808202,2018,2018-09-07,9435,2018-08-30,1943,018892,,4,2,9,1000,0,3,5,,2,025,"FRIANT RD","BELCHER AVE.",15.00,S,N,A,-,N,,,,,,,,,,Y,2,0,2,1,A,-,08,22107,,N,F,A,A,A,H,-,D,D,0,,,,,Y,,A,01,2,0,0,0,0,0,0,0,0,"- ","- ",36.978939056396484,-119.71946716308594,FRESNO,UNINCORPORATED,-119.71945953369141,36.979080200195312
90808748,2018,2018-09-10,9435,2018-08-31,2207,020586,,5,3,9,1000,0,3,5,,2,034,"MANNING AVE","LEONARD AVE",1584.00,E,N,A,-,N,,,,,,,,,,Y,2,0,2,2,A,-,08,22107,,F,E,I,A,A,H,-,D,D,0,,,,,Y,,A,01,1,0,1,0,0,0,0,0,0,"- ","- ",36.605400085449219,-119.63191223144531,FRESNO,UNINCORPORATED,-119.63209533691406,36.605426788330078
90811249,2018,2018-09-12,9435,2018-09-05,0541,014672,,3,3,9,1000,0,1,3,,1,180,"SR-180 (WHITESBRIDGE AVE)","MODOC AVE",1056.00,W,N,A,-,Y,,,180,,,,,,,N,2,0,1,2,A,-,03,22350,,F,C,C,A,A,H,-,D,D,0,,,Y,,Y,,-,99,1,0,0,0,0,0,0,0,1,"- ","- ",36.734710693359375,-120.09088134765625,FRESNO,UNINCORPORATED,-120.09088134765625,36.734733581542969
90812933,2018,2018-09-14,9435,2018-09-02,2100,021247,,7,2,9,1000,0,3,5,,2,025,"SIERRA AVE","BETHEL AVE",278.00,W,N,A,-,N,,,,,,,,,,Y,2,0,2,2,A,-,01,23152,G,N,E,I,A,A,H,-,D,D,0,,,,,Y,Y,A,07,1,1,0,0,0,0,0,0,0,"- ","- ",36.829910278320312,-119.57547760009766,FRESNO,UNINCORPORATED,-119.57511138916016,36.829700469970703
90817402,2018,2018-09-20,9435,2018-09-13,0915,013703,,4,1,9,1000,0,1,3,,2,106,"SR-99 S/B","MERCED STREET",575.00,S,N,A,-,Y,,,,,,,,,,Y,2,0,1,3,A,-,08,22107,,N,F,A,A,A,H,-,A,D,0,,,Y,Y,Y,,C,02,1,0,0,0,0,0,0,0,1,"- ","- ",36.627738952636719,-119.68588256835938,FRESNO,UNINCORPORATED,-119.68319702148438,36.625335693359375
90818929,2018,2018-10-04,9435,2018-09-15,1610,019263,,6,2,9,1000,0,3,5,,2,050,"AUBERRY RD","UPPITY-UPPITY RD",1056.00,W,N,A,-,N,,,,,,,,,,Y,1,1,0,1,A,-,08,22107,,N,E,I,A,A,H,-,A,D,0,,,Y,,Y,,C,02,0,0,0,0,0,0,0,1,0,"- ","- ",37.082820892333984,-119.47952270507812,FRESNO,UNINCORPORATED,-119.48000335693359,37.082473754882812
90819544,2018,2018-09-24,9435,2018-09-12,1620,016507,,3,2,9,1000,0,1,3,,2,184,"STATE ROUTE 180 (KINGS CANYON ROAD)","RUTH HILL RD",1056.00,W,N,A,-,Y,,,,,,,,,,Y,2,0,2,2,A,-,08,22107,,N,A,C,A,A,H,-,A,D,0,,,,,Y,,A,01,1,1,0,0,0,0,0,0,0,"- ","- ",36.678329467773438,-119.40473937988281,FRESNO,UNINCORPORATED,-119.27713775634766,36.732212066650391
90819778,2018,2018-09-24,9495,2018-09-11,1142,020250,,2,1,9,1000,0,1,1,,2,002,"INTERSTATE 5 (SOUTHBOUND)","STATE ROUTE 198",5280.00,N,N,A,-,Y,,,5,,,,,,,Y,2,0,2,1,A,-,08,22107,,N,F,A,A,A,H,-,A,D,0,,,,,Y,,E,22,1,1,0,0,0,0,0,0,0,"- ","- ",36.27117919921875,-120.2548828125,FRESNO,UNINCORPORATED,-120.25482940673828,36.271213531494141
90820578,2018,2020-03-19,9435,2018-09-06,2216,020586,,4,3,9,1000,0,1,3,,2,106,"SR-99 S/B","CLOVIS AVE",1605.00,N,N,A,-,Y,,,99,,,,,,S,Y,2,0,8,4,A,-,03,22350,,N,C,C,A,A,H,-,D,D,0,,,,Y,Y,,G,25,1,0,7,0,0,0,0,0,0,"- ","- ",36.645328521728516,-119.705078125,FRESNO,UNINCORPORATED,-119.705078125,36.645336151123047
90825800,2018,2018-10-01,9435,2018-09-20,0702,017166,,4,1,9,1000,0,3,5,,2,020,"ROSE AVE","TEMPERANCE AVE",3060.00,E,N,A,-,N,,,,,,,,,,Y,2,0,1,2,A,-,03,22350,,N,C,C,A,A,H,-,A,D,0,,,,,Y,,D,22,1,0,0,0,0,0,0,0,0,"- ","- ",36.56903076171875,-119.71443939208984,FRESNO,UNINCORPORATED,-119.65419769287109,36.568737030029297
90828101,2018,2018-10-03,9435,2018-09-24,0002,016860,,1,3,9,1000,0,3,5,,2,050,"AUBERRY RD","QUAIL HOLLOW LN",3.00,N,N,A,-,N,,,,,,,,,,Y,2,0,2,1,A,-,01,23152,A,N,E,I,A,A,H,-,D,D,0,,,,,Y,Y,A,07,1,1,0,0,0,0,0,0,0,"- ","- ",37.033641815185547,-119.52510833740234,FRESNO,UNINCORPORATED,-119.525146484375,37.033626556396484
90828254,2018,2018-10-04,9435,2018-09-27,1620,020871,,4,2,7,1005,0,1,3,,2,181,"SR-180 W/B","FULTON ST",100.00,W,N,A,-,Y,,,180,,,,,,W,Y,2,0,2,3,A,-,03,22350,,F,C,C,A,A,H,-,A,D,0,,,,,Y,,A,01,1,0,1,0,0,0,0,0,0,"- ","- ",36.748809814453125,-119.80039978027344,FRESNO,FRESNO,-119.80036926269531,36.748748779296875
90830678,2018,2018-10-08,9435,2018-09-29,1540,021165,,6,2,9,1000,0,3,5,,2,025,"FRIANT RD","LOST LAKE",4700.00,S,N,A,-,N,,,,,,,,,,Y,2,0,2,3,A,-,03,22350,,N,C,C,A,A,H,-,A,D,0,,,Y,,Y,,C,02,2,0,0,0,0,0,0,0,2,"- ","- ",36.962718963623047,-119.72831726074219,FRESNO,UNINCORPORATED,-119.72850036621094,36.963130950927734
90830780,2018,2018-10-08,9435,2018-09-26,2129,019980,,3,2,7,1005,0,1,3,,2,105,"STATE ROUTE 99 (SOUTHBOUND)","SHAW AVENUE",2112.00,N,N,A,-,Y,,,99,,,,,,,Y,2,0,4,2,A,-,03,22350,,N,C,C,A,A,H,-,D,D,0,,,,,Y,,A,01,1,1,2,0,0,0,0,0,0,"- ","- ",36.812721252441406,-119.89299774169922,FRESNO,FRESNO,-119.89306640625,36.812641143798828
90831313,2018,2018-10-08,9495,2018-09-27,1440,020942,,4,2,9,1000,0,1,3,,2,005,"STATE ROUTE 33","PALMER AVENUE",3432.00,N,N,A,-,Y,,,33,,,,,,,Y,2,0,1,1,A,-,01,23152,A,N,E,I,A,A,H,-,A,D,0,,,,,Y,Y,A,01,1,0,0,0,0,0,0,0,0,"- ","- ",36.221248626708984,-120.31211090087891,FRESNO,UNINCORPORATED,-120.31211090087891,36.221248626708984
90831520,2018,2018-10-09,9461,2018-07-17,0503,020351,,2,3,9,1000,0,1,1,,2,305,"I-5 N/B","SHIELDS AVENUE",1733.00,S,N,A,-,Y,,,5,,,,,,N,Y,1,2,0,3,A,-,03,22350,,N,C,C,A,A,H,-,D,D,0,,,,Y,Y,,G,25,0,0,0,0,0,0,0,0,0,"- ","- ",36.773288726806641,-120.72074890136719,FRESNO,UNINCORPORATED,-120.72077178955078,36.773273468017578
90831646,2018,2018-10-09,9435,2018-09-18,1445,018860,,2,2,9,1000,0,3,5,,2,015,"CHESTNUT AVENUE","LINCOLN AVENUE",0.00,,Y,A,-,N,,,,,,,,,,Y,1,1,0,2,A,-,12,22450,A,N,D,G,A,A,H,-,A,A,0,,Y,,,Y,,L,04,0,0,0,0,0,1,0,0,0,"- ","- ",36.648948669433594,-119.73681640625,FRESNO,UNINCORPORATED,-119.73677825927734,36.648921966552734
90833351,2018,2018-10-10,9495,2018-04-21,1538,021153,,6,2,9,1000,0,1,1,,2,003,"I-5 NORTHBOUND TO SR-198 EASTBOUND","STATE ROUTE 198 (DORRIS AVENUE)",0.00,,Y,A,-,Y,,,5,,,,R,,N,Y,1,1,1,1,A,-,03,22350,,N,E,I,A,A,H,-,A,A,0,,,,,Y,,M,59,1,0,0,0,0,0,0,0,0,"- ","- ",36.254470825195312,-120.24086761474609,FRESNO,UNINCORPORATED,-120.24086761474609,36.254470825195312
90835823,2018,2018-10-15,9435,2018-10-07,1205,017310,,7,1,9,1000,0,3,5,,2,034,"ACADEMY AVE","LINCOLN AVE",2640.00,S,N,A,-,N,,,,,,,,,,Y,2,0,2,1,A,-,08,22107,,N,E,J,A,A,H,-,A,D,0,,,,,Y,,A,01,2,0,0,0,0,0,0,0,0,"- ","- ",36.639640808105469,-119.55670928955078,FRESNO,UNINCORPORATED,-119.55654907226562,36.641426086425781
90838805,2018,2018-10-18,9435,2018-10-11,2158,020680,,4,2,9,1000,0,3,5,,2,010,"ASHLAN AVE","HOWARD AVE",0.00,,Y,A,-,N,,,,,,,,,,Y,2,0,2,2,A,-,12,22450,A,N,D,C,A,A,H,-,D,A,0,,,,,Y,,D,22,1,0,1,0,0,0,0,0,0,"- ","- ",36.793228149414062,-120.024658203125,FRESNO,UNINCORPORATED,-120.02452087402344,36.793239593505859
90839263,2018,2018-10-18,9461,2018-05-28,1542,021387,,1,2,9,1000,0,1,1,,2,305,"I-5 SOUTHBOUND","SHIELDS AVENUE",7920.00,N,N,A,-,Y,,,5,,,,,,S,Y,1,2,2,2,A,-,03,22350,,N,C,C,A,A,H,-,A,D,0,,,,,Y,,I,10,1,1,0,0,0,0,0,0,0,"- ","- ",36.797309875488281,-120.73761749267578,FRESNO,UNINCORPORATED,-120.7376708984375,36.797275543212891
90839851,2018,2018-10-19,9435,2018-09-05,0607,014672,,3,1,9,1000,0,3,5,,2,010,"SHAW AVENUE","GARFIELD AVENUE",0.00,,Y,A,-,N,,,,,,,,,,Y,1,1,1,3,A,-,11,21954,A,N,G,B,D,A,H,-,B,D,0,Y,,,Y,Y,,N,60,1,0,0,1,1,0,0,0,0,"- ","- ",36.807861328125,-119.92539978027344,FRESNO,UNINCORPORATED,-119.92549896240234,36.807838439941406
90847294,2018,2018-10-29,9435,2018-10-21,2115,020854,,7,2,9,1000,0,1,3,,1,183,"SR-180 W/B","DE WOLF AVENUE",1320.00,W,N,A,-,Y,,,180,,,,,,W,Y,2,0,1,2,A,-,01,23152,A,N,B,C,A,A,H,-,D,D,0,,,,,Y,Y,A,07,1,0,0,0,0,0,0,0,0,"- ","- ",36.737228393554688,-119.65222930908203,FRESNO,UNINCORPORATED,-119.65222930908203,36.737190246582031
90847457,2018,2018-11-05,9495,2018-09-22,0026,020332,,6,3,9,1000,0,1,1,,2,002,"INTERSTATE 5 SOUTHBOUND","JEFFREY AVE",14784.00,N,N,A,-,Y,,,,,,,,,,Y,1,2,3,3,A,-,01,23152,A,N,A,D,A,A,H,-,D,D,0,,,,,Y,Y,A,01,1,0,2,0,0,0,0,0,0,"- ","- ",36.410301208496094,-120.37760162353516,FRESNO,UNINCORPORATED,,
90848437,2018,2018-10-30,9435,2018-10-27,0857,015095,,6,1,9,1000,0,3,5,,2,030,"MCKINLEY AVENUE","MACDONOUGH AVENUE",2112.00,W,N,A,-,N,,,,,,,,,,N,2,0,1,1,C,-,18,,,N,H,H,A,A,H,-,A,D,0,,Y,,,Y,,-,"- ",1,0,0,0,0,0,1,0,0,"- ","- ",36.764331817626953,-119.49989318847656,FRESNO,UNINCORPORATED,-119.50005340576172,36.764328002929688
90849036,2018,2019-09-20,9435,2018-09-30,1940,021247,,7,2,9,1000,0,3,5,,2,034,"ACADEMY AVENUE",SR-180,587.00,S,N,A,-,N,,,,,,,,,,Y,1,1,0,2,A,-,11,21954,A,N,G,B,D,A,H,-,D,D,0,Y,,,,Y,,N,60,0,0,0,1,0,0,0,0,0,"- ","- ",36.734218597412109,-119.55644226074219,FRESNO,UNINCORPORATED,-119.55631256103516,36.73590087890625
90850206,2018,2018-10-31,9461,2018-10-20,2039,021280,,6,2,9,1000,0,3,5,,2,030,"POLE LINE RD","NEES AVE",2112.00,N,N,A,-,N,,,,,,,,,,Y,2,0,4,1,A,-,08,22107,,N,E,I,A,A,H,-,D,D,0,,,,,Y,,A,07,1,3,0,0,0,0,0,0,0,"- ","- ",36.853729248046875,-120.76017761230469,FRESNO,UNINCORPORATED,-120.76088714599609,36.853729248046875
90850417,2018,2018-11-01,9435,2018-10-24,1415,020854,,3,2,9,1000,0,3,5,,2,034,"BETHEL AVENUE","NEBRASKA AVENUE",0.00,,Y,A,-,N,,,,,,,,,,Y,2,0,4,2,A,-,09,21802,A,N,D,C,A,A,H,-,A,A,0,,,,,Y,,D,22,2,2,0,0,0,0,0,0,0,"- ","- ",36.561489105224609,-119.57505798339844,FRESNO,UNINCORPORATED,-119.57508087158203,36.561439514160156
90852741,2018,2018-11-05,9435,2018-10-27,1915,021165,,6,2,9,1000,0,3,5,,2,020,"ELKHORN AVE","DOWER AVE",0.00,,Y,A,-,N,,,,,,,,,,Y,2,0,5,1,A,-,01,23152,A,N,E,I,A,A,H,-,D,A,0,,,,,Y,Y,A,07,1,4,0,0,0,0,0,0,0,"- ","- ",36.488750457763672,-119.98621368408203,FRESNO,UNINCORPORATED,-119.98631286621094,36.488430023193359
90853088,2018,2018-11-05,9461,2018-09-03,2000,021832,,1,2,9,1000,0,2,4,,1,310,"RUSSELL AVENUE","MAIN STREET",5808.00,N,N,A,-,N,,,,,,,,,,Y,1,1,0,1,A,-,08,22107,,N,E,I,A,A,H,-,D,D,0,,,,,Y,Y,A,07,0,0,0,0,0,0,0,0,0,"- ","- ",36.925201416015625,-120.65419769287109,FRESNO,UNINCORPORATED,-120.65451812744141,36.923912048339844
90859073,2018,2018-11-13,9435,2018-11-03,0224,021230,,6,3,9,1000,0,3,5,,2,034,"MCCALL AVENUE","JENSEN AVENUE",0.00,,Y,A,-,N,,,,,,,,,,Y,2,0,2,2,A,-,01,23152,A,N,D,C,A,A,H,-,C,A,0,,,,Y,Y,Y,A,01,1,0,1,0,0,0,0,0,0,"- ","- ",36.706630706787109,-119.61026000976562,FRESNO,UNINCORPORATED,-119.6102294921875,36.706611633300781
90859687,2018,2019-06-28,9435,2018-09-18,2150,020680,,2,2,9,1000,0,1,3,,1,180,"STATE ROUTE 180 (WHITESBRIDGE AVENUE)","NAPA AVENUE",4224.00,W,N,A,-,Y,,,180,,,,,,,Y,1,1,2,3,A,-,01,23152,A,N,D,C,A,A,H,-,D,D,0,,,,,Y,Y,A,01,1,0,1,0,0,0,0,0,0,"- ","- ",36.734409332275391,-120.23811340332031,FRESNO,UNINCORPORATED,-120.23811340332031,36.734371185302734
90860242,2018,2019-05-03,9435,2018-10-04,1920,018892,,4,2,7,1005,0,1,3,,1,168,"SR-168 W/B TO SR-180 W/B","FIRST STREET",3068.00,E,N,A,-,Y,,,,,,,,,,Y,1,1,0,1,A,-,03,22350,,N,E,J,A,A,C,-,D,D,0,,,Y,,Y,,C,02,0,0,0,0,0,0,0,1,0,"- ","- ",36.755378723144531,-119.76187133789062,FRESNO,FRESNO,-119.74909210205078,36.763908386230469
90862180,2018,2018-11-19,9495,2018-11-11,0825,019015,,7,1,9,1000,0,1,1,,2,002,"INTERSTATE 5 NORTHBOUND","SR-33 (DERRICK AVENUE)",17952.00,S,N,A,-,Y,,,5,,,,,,N,Y,2,0,8,2,A,-,03,22350,,N,D,C,A,A,H,-,A,D,0,,,,,Y,,A,07,4,2,2,0,0,0,0,0,0,"- ","- ",36.396411895751953,-120.35865020751953,FRESNO,UNINCORPORATED,-120.35869598388672,36.396369934082031
90868606,2018,2018-11-27,9435,2018-11-14,1950,020450,,3,2,9,1000,0,3,5,,2,034,"ORANGE AVE","GARRETT AVE",9.00,S,N,A,-,N,,,,,,,,,,Y,2,0,3,2,A,-,03,22350,,F,A,C,A,A,H,-,C,D,0,,,,,Y,,A,01,1,2,0,0,0,0,0,0,0,"- ","- ",36.707679748535156,-119.76376342773438,FRESNO,UNINCORPORATED,-119.76370239257812,36.707736968994141
90869034,2018,2018-11-28,9495,2018-11-18,0540,021029,,7,3,9,1000,0,1,3,,2,005,"STATE ROUTE 33 (DERRICK AVENUE)","NORTH AVE",275.00,S,N,A,-,Y,,,33,,,,,,,Y,2,0,1,2,A,-,01,23152,A,N,A,C,A,A,H,-,D,D,0,,,,,Y,Y,A,07,1,0,0,0,0,0,0,0,0,"- ","- ",36.688449859619141,-120.38755798339844,FRESNO,UNINCORPORATED,-120.38763427734375,36.688449859619141
90869054,2018,2018-11-28,9495,2018-11-20,0510,20716,,2,3,9,1000,0,1,1,,2,003,"INTERSTATE 5 NORTHBOUND (WEST SIDE FWY)","STATE ROUTE 269",7392.00,N,N,A,-,Y,,,,,,,,,,Y,2,0,2,2,A,-,08,22107,,N,B,C,A,A,H,-,C,D,0,,,,Y,Y,,A,01,1,0,1,0,0,0,0,0,0,"- ","- ",36.053428649902344,-120.07035827636719,FRESNO,UNINCORPORATED,-120.11760711669922,36.092838287353516
90870380,2018,2018-11-29,9435,2018-11-15,0530,018914,,4,3,9,1000,0,3,5,,2,030,"CHESTNUT AVENUE","SHIELDS AVENUE",0.00,,Y,A,-,N,,,,,,,,,,Y,2,0,1,2,A,-,09,21801,A,N,A,C,A,A,H,-,A,A,0,,,,,Y,,D,22,1,0,0,0,0,0,0,0,0,"- ","- ",36.779499053955078,-119.73639678955078,FRESNO,UNINCORPORATED,-119.73638916015625,36.779560089111328
90872219,2018,2018-11-30,9435,2018-11-24,1042,015986,,6,1,7,1005,0,1,3,,1,180,"SR-180 E/B TO SR-99","SR-99 S/B",700.00,W,N,A,-,Y,,,180,,,,R,,E,Y,2,0,1,2,A,-,08,22107,,N,B,C,A,A,H,-,A,D,0,,,Y,,Y,,C,02,1,0,0,0,0,0,0,0,1,"- ","- ",36.739360809326172,-119.81710815429688,FRESNO,FRESNO,-119.81710815429688,36.739360809326172
90873398,2018,2018-12-03,9435,2018-09-22,0500,014672,,6,3,9,1000,0,3,5,,2,010,"OLIVE AVENUE","POLK AVENUE",350.00,W,N,A,-,N,,,,,,,,,,N,1,1,0,2,C,-,18,,,F,G,B,E,A,H,-,D,D,0,Y,,,,Y,,-,"- ",0,0,0,1,0,0,0,0,0,"- ","- ",36.757251739501953,-119.89051055908203,FRESNO,UNINCORPORATED,-119.89041137695312,36.757274627685547
90874686,2018,2019-05-03,9435,2018-10-21,0125,019523,,7,3,9,1000,0,3,5,,2,015,"JENSEN AVENUE","LASSEN AVENUE",1080.00,E,N,A,-,N,,,,,,,,,,Y,1,1,0,1,A,-,01,23152,A,N,E,I,A,A,H,-,D,D,0,,,,,Y,Y,A,01,0,0,0,0,0,0,0,0,0,"- ","- ",36.705551147460938,-120.09306335449219,FRESNO,UNINCORPORATED,-120.09309387207031,36.705585479736328
90877509,2018,2018-12-06,9435,2018-12-01,0605,017310,,6,1,9,1000,0,3,5,,2,034,"MANNING AVE","LAC JAC AVE",2640.00,W,N,E,-,N,,,,,,,,,,Y,2,0,1,2,A,-,09,21804,A,N,D,C,A,A,H,-,D,D,0,,,,,Y,,A,01,1,0,0,0,0,0,0,0,0,"- ","- ",36.604549407958984,-119.49346160888672,FRESNO,UNINCORPORATED,-119.49347686767578,36.604446411132812
90884138,2018,2018-12-21,9435,2018-12-02,0250,021165,,7,3,9,1000,0,3,5,,2,034,"CHESTNUT AVENUE","NORTH AVENUE",0.00,,Y,A,-,N,,,,,,,,,,Y,2,0,2,2,A,-,01,23152,A,N,D,I,A,A,H,-,D,A,0,,,,Y,Y,Y,D,22,1,1,0,0,0,0,0,0,0,"- ","- ",36.692638397216797,-119.73667144775391,FRESNO,UNINCORPORATED,-119.73660278320312,36.692459106445312
90884524,2018,2018-12-17,9435,2018-10-27,0001,021031,,6,3,7,1005,0,1,3,,2,410,"STATE ROUTE 41 SOUTHBOUND","ASHLAN AVENUE",1113.00,S,N,A,-,Y,,,41,,,,,,S,Y,1,1,0,2,A,-,11,21954,A,N,G,B,E,A,H,-,C,D,0,Y,,,,Y,Y,N,60,0,0,0,1,0,0,0,0,0,"- ","- ",36.790920257568359,-119.78456115722656,FRESNO,FRESNO,-119.78457641601562,36.790916442871094
90887007,2018,2018-12-20,9435,2018-11-27,1905,020540,,2,2,9,1000,0,3,5,,2,025,"FRIANT ROAD N/B","ROOT STREET",46.00,N,N,A,-,N,,,,,,,,,,Y,1,1,0,2,A,-,11,21954,A,N,G,B,D,A,H,-,D,D,0,Y,,,,Y,,N,60,0,0,0,1,0,0,0,0,0,"- ","- ",36.983268737792969,-119.71563720703125,FRESNO,UNINCORPORATED,-119.71604156494141,36.983219146728516
90889744,2018,2018-12-26,9435,2018-12-17,1100,014363,,1,1,9,1000,0,3,5,,2,040,"MOUNTAIN VIEW AVENUE","CEDAR AVENUE",1117.00,E,N,B,-,N,,,,,,,,,,Y,2,0,1,1,A,-,01,23152,A,N,F,I,A,A,H,-,A,D,0,,,,,Y,Y,A,01,1,0,0,0,0,0,0,0,0,"- ","- ",36.547298431396484,-119.75124359130859,FRESNO,UNINCORPORATED,-119.75119781494141,36.547370910644531
90889909,2018,2018-12-26,9435,2018-12-21,2325,020064,,5,3,7,1005,0,1,3,,2,410,"SR-41 N/B FROM SHAW AVENUE","SHAW AVENUE",300.00,N,N,C,-,Y,,,41,,,,R,,N,Y,2,0,1,1,A,-,03,22350,,N,E,I,A,B,H,-,D,D,0,,,,,Y,,A,08,1,0,0,0,0,0,0,0,0,"- ","- ",36.809528350830078,-119.78486633300781,FRESNO,FRESNO,-119.78486633300781,36.809528350830078