CASE_ID,ACCIDENT_YEAR,PROC_DATE,JURIS,COLLISION_DATE,COLLISION_TIME,OFFICER_ID,REPORTING_DISTRICT,DAY_OF_WEEK,CHP_SHIFT,POPULATION,CNTY_CITY_LOC,SPECIAL_COND,BEAT_TYPE,CHP_BEAT_TYPE,CITY_DIVISION_LAPD,CHP_BEAT_CLASS,BEAT_NUMBER,PRIMARY_RD,SECONDARY_RD,DISTANCE,DIRECTION,INTERSECTION,WEATHER_1,WEATHER_2,STATE_HWY_IND,CALTRANS_COUNTY,CALTRANS_DISTRICT,STATE_ROUTE,ROUTE_SUFFIX,POSTMILE_PREFIX,POSTMILE,LOCATION_TYPE,RAMP_INTERSECTION,SIDE_OF_HWY,TOW_AWAY,COLLISION_SEVERITY,NUMBER_KILLED,NUMBER_INJURED,PARTY_COUNT,PRIMARY_COLL_FACTOR,PCF_CODE_OF_VIOL,PCF_VIOL_CATEGORY,PCF_VIOLATION,PCF_VIOL_SUBSECTION,HIT_AND_RUN,TYPE_OF_COLLISION,MVIW,PED_ACTION,ROAD_SURFACE,ROAD_COND_1,ROAD_COND_2,LIGHTING,CONTROL_DEVICE,CHP_ROAD_TYPE,PEDESTRIAN_ACCIDENT,BICYCLE_ACCIDENT,MOTORCYCLE_ACCIDENT,TRUCK_ACCIDENT,NOT_PRIVATE_PROPERTY,ALCOHOL_INVOLVED,STWD_VEHTYPE_AT_FAULT,CHP_VEHTYPE_AT_FAULT,COUNT_SEVERE_INJ,COUNT_VISIBLE_INJ,COUNT_COMPLAINT_PAIN,COUNT_PED_KILLED,COUNT_PED_INJURED,COUNT_BICYCLIST_KILLED,COUNT_BICYCLIST_INJURED,COUNT_MC_KILLED,COUNT_MC_INJURED,PRIMARY_RAMP,SECONDARY_RAMP,LATITUDE,LONGITUDE,COUNTY,CITY,POINT_X,POINT_Y
90896130,2018,2019-01-02,9435,2018-12-22,0600,017310,,6,1,9,1000,0,3,5,,2,040,"ELKHORN AVE","WALNUT AVE",1584.00,W,N,F,-,N,,,,,,,,,,Y,2,0,2,1,A,-,08,22107,,F,E,I,A,B,H,-,D,D,0,,,,,Y,,A,01,1,1,0,0,0,0,0,0,0,"- ","- ",36.489421844482422,-119.81443786621094,FRESNO,UNINCORPORATED,-119.81451416015625,36.489269256591797
90896212,2018,2019-01-02,9435,2018-12-29,2010,019210,,6,2,9,1000,0,3,5,,2,010,"BLYTHE AVE",OLIVE,70.00,N,N,A,-,N,,,,,,,,,,Y,2,0,1,1,A,-,08,22107,,N,E,I,A,A,H,-,A,D,0,,,,,Y,,A,07,1,0,0,0,0,0,0,0,0,"- ","- ",36.757511138916016,-119.87123107910156,FRESNO,UNINCORPORATED,-119.87120056152344,36.757492065429688
90896892,2018,2019-01-03,9495,2018-12-22,1745,019834,,6,2,9,1000,0,1,3,,1,013,"STATE ROUTE 145 (FRESNO-COALINGA ROAD)","LAGUNA AVENUE",3168.00,N,N,A,-,Y,,,145,,,,,,,Y,2,0,3,2,A,-,08,22107,,N,D,C,A,A,H,-,D,D,0,,,,,Y,,A,01,1,0,2,0,0,0,0,0,0,"- ","- ",36.422000885009766,-120.11254119873047,FRESNO,UNINCORPORATED,-120.11254119873047,36.422004699707031
90908487,2019,2019-01-22,9435,2019-01-13,1215,019263,,7,1,9,1000,0,3,5,,2,050,"PITTMAN HILL RD","SALES CREEK RD",528.00,N,N,A,-,N,,,,,,,,,,Y,2,0,1,1,A,-,03,22350,,N,F,A,A,A,H,-,A,D,0,,,Y,,Y,,C,02,1,0,0,0,0,0,0,0,1,"- ","- ",36.931129455566406,-119.45742797851562,FRESNO,UNINCORPORATED,-119.45747375488281,36.930953979492188
90908981,2018,2019-05-03,9435,2018-12-30,0340,021247,,7,3,9,1000,0,3,5,,2,034,"MANNING AVENUE","DE WOLF AVENUE",1250.00,E,N,A,-,N,,,,,,,,,,Y,1,1,0,2,A,-,11,21954,A,N,G,B,D,A,H,-,D,D,0,Y,,,,Y,Y,N,60,0,0,0,1,0,0,0,0,0,"- ","- ",36.605251312255859,-119.64222717285156,FRESNO,UNINCORPORATED,-119.64228057861328,36.605377197265625
90914106,2018,2019-05-03,9435,2018-12-31,0200,020592,,1,3,9,1000,0,3,5,,2,034,"AMERICAN AVENUE","GOLDEN STATE BLVD",0.00,,Y,A,-,N,,,,,,,,,,Y,1,1,1,1,A,-,01,23152,A,N,E,I,A,A,H,-,D,A,0,,,,,Y,Y,A,01,1,0,0,0,0,0,0,0,0,"- ","- ",36.663581848144531,-119.71926879882812,FRESNO,UNINCORPORATED,-119.71853637695312,36.663360595703125
90914138,2019,2019-01-28,9435,2019-01-14,1952,015890,,1,2,7,1005,0,1,3,,1,168,"SR-168 WB TO SR-41 S/B","FIRST ST",1630.00,E,N,A,-,Y,,,,,,,,,,Y,2,0,2,2,A,-,08,22107,,N,C,E,A,A,H,-,C,D,0,,,,,Y,,A,01,1,1,0,0,0,0,0,0,0,"- ","- ",36.755260467529297,-119.76683044433594,FRESNO,FRESNO,-119.74909210205078,36.763908386230469
90914581,2019,2019-01-29,9435,2019-01-21,2149,020586,,1,2,7,1005,0,1,3,,2,410,"SR-41 N/B","SR-180 E/B",58.00,S,N,A,-,Y,,,41,,,,,,N,Y,2,0,1,1,A,-,01,23152,F,N,E,I,A,A,H,-,D,D,0,,,,,Y,,A,01,1,0,0,0,0,0,0,0,0,"- ","- ",36.754001617431641,-119.77564239501953,FRESNO,FRESNO,-119.77580261230469,36.754005432128906
90915419,2019,2019-01-30,9435,2019-01-07,1701,020019,,1,2,9,1000,0,1,3,,1,183,"SR-180 WESTBOUND","DEL REY AVENUE",0.00,,Y,A,-,Y,,,180,,,,,,W,Y,1,1,5,2,A,-,09,21801,A,N,D,C,A,A,H,-,A,D,0,,,,,Y,,A,01,0,3,2,0,0,0,0,0,0,"- ","- ",36.736038208007812,-119.59197998046875,FRESNO,UNINCORPORATED,-119.59197998046875,36.736083984375
90915532,2019,2019-01-30,9435,2019-01-26,1419,016270,,6,2,9,1000,0,3,5,,2,060,"COVE ROAD","CENTRAL AVE",3538.00,S,N,A,-,N,,,,,,,,,,Y,2,0,1,1,A,-,01,23152,A,N,E,I,A,A,H,-,A,D,0,,,,,Y,Y,A,01,1,0,0,0,0,0,0,0,0,"- ","- ",36.665870666503906,-119.3497314453125,FRESNO,UNINCORPORATED,-119.34958648681641,36.665962219238281
90917448,2019,2019-02-01,9435,2019-01-07,1700,020481,,1,2,9,1000,0,3,5,,2,040,"CLAYTON AVENUE","CHESTNUT AVENUE",0.00,,Y,A,-,N,,,,,,,,,,Y,1,1,1,3,A,-,12,22450,A,N,D,C,A,A,H,-,B,A,0,,,,,Y,,A,07,1,0,0,0,0,0,0,0,0,"- ","- ",36.641689300537109,-119.73679351806641,FRESNO,UNINCORPORATED,-119.73677825927734,36.641670227050781
90917505,2018,2019-02-01,9435,2018-11-07,2150,018944,,3,2,9,1000,0,3,5,,2,010,"VALENTINE AVENUE","NORMAL AVENUE",26.00,S,N,A,-,N,,,,,,,,,,N,1,1,0,2,D,-,00,,,F,G,B,E,A,H,-,D,D,0,Y,,,,Y,,-,"- ",0,0,0,1,0,0,0,0,0,"- ","- ",36.767299652099609,-119.85330200195312,FRESNO,UNINCORPORATED,-119.85330200195312,36.767288208007812
90919315,2018,2019-03-18,9495,2018-12-28,2500,019733,,5,4,9,1000,0,3,5,,2,052,"COALINGA MENDOTA ROAD","JEFFERY AVENUE OVERCROSSING",8976.00,N,N,A,-,N,,,,,,,,,,Y,1,1,0,1,A,-,01,23152,A,N,E,I,A,A,H,-,D,D,0,,,,,Y,Y,A,01,0,0,0,0,0,0,0,0,0,"- ","- ",36.387630462646484,-120.35923004150391,FRESNO,UNINCORPORATED,-120.33544158935547,36.370368957519531
90925558,2019,2019-02-13,9435,2019-02-04,2225,020586,,1,3,7,1005,0,1,3,,2,105,"SR-99 S/B","EL DORADO ST.",45.00,N,N,B,C,Y,,,99,,,,,,S,Y,2,0,1,1,A,-,03,22350,,N,E,I,A,B,H,-,D,D,0,,,,,Y,,A,07,1,0,0,0,0,0,0,0,0,"- ","- ",36.738609313964844,-119.80850982666016,FRESNO,FRESNO,-119.80850219726562,36.738636016845703
90933448,2019,2019-02-25,9435,2019-02-16,0340,020592,,6,3,7,1005,0,1,3,,1,183,"SR-180 E/B","CLOVIS AVE",390.00,E,N,B,-,Y,,,180,,,,,,E,Y,2,0,1,1,A,-,01,23152,A,N,F,A,A,A,H,-,D,D,0,,,,,Y,Y,D,22,1,0,0,0,0,0,0,0,0,"- ","- ",36.752521514892578,-119.69876098632812,FRESNO,FRESNO,-119.69876098632812,36.752632141113281
90935850,2019,2019-02-28,9435,2019-02-23,1004,016911,,6,1,9,1000,0,3,5,,2,025,"SKY HARBOUR RD","EL LADO RD",3960.00,S,N,A,-,N,,,,,,,,,,Y,2,0,1,1,A,-,08,22107,,N,E,I,A,A,H,-,A,D,0,,,,,Y,,A,07,1,0,0,0,0,0,0,0,0,"- ","- ",37.016269683837891,-119.64349365234375,FRESNO,UNINCORPORATED,-119.64337921142578,37.015529632568359
90937829,2019,2019-03-01,9435,2019-02-22,0929,013660,,5,1,9,1000,0,1,3,,2,107,"SR99 NORTHBOUND","MOUNTAIN VIEW AVENUE",2753.00,S,N,A,-,Y,,,99,,,,,,N,N,2,0,1,3,A,-,03,22350,,N,G,B,E,A,D,-,A,D,0,Y,,,Y,Y,,F,26,1,0,0,0,1,0,0,0,0,"- ","- ",36.541500091552734,-119.58946228027344,FRESNO,UNINCORPORATED,-119.58948516845703,36.541473388671875
90943356,2019,2019-03-11,9435,2019-02-25,1454,020122,,1,2,9,1000,0,1,3,,1,147,"SR-145 N/B","DAVIS AVE",573.00,N,N,A,-,N,,,145,,,,,,N,Y,2,0,3,3,A,-,08,22107,,N,A,C,A,A,H,-,A,D,0,,,,,Y,,A,07,1,0,2,0,0,0,0,0,0,"- ","- ",36.474800109863281,-120.10302734375,FRESNO,UNINCORPORATED,-120.10307312011719,36.474807739257812
90943892,2019,2019-03-26,9435,2019-02-27,1545,015890,,3,2,7,1005,0,1,3,,1,168,"SR-168 EB FROM SHAW AVE WB","SHAW AVE",971.00,N,N,A,-,Y,,,168,,,,R,,E,Y,2,0,2,2,A,-,01,23152,A,N,C,C,A,A,H,-,A,A,0,,,,,Y,Y,A,01,2,0,0,0,0,0,0,0,0,"- ","- ",36.810878753662109,-119.73075103759766,FRESNO,FRESNO,-119.73075103759766,36.810878753662109
90946748,2019,2019-03-15,9435,2019-03-03,1841,020122,,7,2,9,1000,0,3,5,,2,010,"VALENTINE AVE","OLIVE AVE",200.00,N,N,B,-,N,,,,,,,,,,Y,2,0,1,1,A,-,01,23152,A,N,E,I,A,A,H,-,D,D,0,,,,,Y,Y,A,01,1,0,0,0,0,0,0,0,0,"- ","- ",36.757968902587891,-119.85318756103516,FRESNO,UNINCORPORATED,-119.85323333740234,36.757907867431641
90947246,2019,2019-03-15,9435,2019-03-13,1425,020871,,3,2,9,1000,0,3,5,,2,040,"FLORAL AVENUE","TEMPERANCE AVENUE",1056.00,W,N,A,-,N,,,,,,,,,,Y,2,0,1,2,A,-,09,21804,A,N,D,C,A,A,H,-,A,D,0,,,,,Y,,A,01,1,0,0,0,0,0,0,0,0,"- ","- ",36.576358795166016,-119.66848754882812,FRESNO,UNINCORPORATED,-119.66814422607422,36.576358795166016
90947724,2019,2019-03-18,9435,2019-03-03,1950,020824,,7,2,7,1005,0,1,3,,1,183,"STATE ROUTE 180","DE WOLF AVENUE",2112.00,W,N,B,-,Y,,,,,,,,,,Y,2,0,10,7,A,-,01,23152,F,N,C,C,A,A,H,-,D,D,0,,,,,Y,,A,07,3,6,1,0,0,0,0,0,0,"- ","- ",36.737030029296875,-119.65084838867188,FRESNO,FRESNO,-119.65321350097656,36.736946105957031
90948284,2019,2019-03-18,9435,2019-03-08,2245,016507,,5,3,9,1000,0,3,5,,2,060,"FRANKWOOD AVE","CENTRAL AVE",0.00,,Y,A,-,N,,,,,,,,,,Y,2,0,2,2,A,-,09,21802,A,N,D,C,A,A,H,-,D,A,0,,,,,Y,,A,01,1,0,1,0,0,0,0,0,0,"- ","- ",36.676719665527344,-119.44863128662109,FRESNO,UNINCORPORATED,-119.448486328125,36.676719665527344
90948970,2019,2019-03-19,9435,2019-03-07,1455,020481,,4,2,9,1000,0,1,3,,1,180,"SR180 WESTBOUND TO MARKS AVENUE","MARKS AVENUE",325.00,E,N,B,C,Y,,,180,,,,R,,W,Y,2,0,1,1,A,-,03,22350,,N,E,I,A,B,H,-,A,D,0,,,,,Y,,A,01,1,0,0,0,0,0,0,0,0,"- ","- ",36.739608764648438,-119.84314727783203,FRESNO,UNINCORPORATED,-119.84314727783203,36.739608764648438
90953338,2019,2019-03-26,9435,2019-03-11,2330,020064,,1,3,9,1000,0,1,3,,2,107,"SR-99 N/B","FLORAL AVENUE",5280.00,N,N,B,-,Y,,,99,,,,,,N,Y,2,0,1,1,A,-,01,23152,A,N,E,I,A,A,H,-,D,D,0,,,,,Y,Y,D,22,1,0,0,0,0,0,0,0,0,"- ","- ",36.587959289550781,-119.64183044433594,FRESNO,UNINCORPORATED,-119.64189147949219,36.587886810302734
90958677,2019,2019-04-02,9495,2019-03-20,1508,019834,,3,2,9,1000,0,3,5,,2,052,"MOUNT WHITNEY AVENUE","BISHOP AVENUE",4752.00,E,N,B,C,N,,,,,,,,,,Y,2,0,1,1,A,-,03,22350,,N,E,I,A,B,F,-,A,D,0,,,,,Y,,A,01,1,0,0,0,0,0,0,0,0,"- ","- ",36.430099487304688,-119.99685668945312,FRESNO,UNINCORPORATED,-119.99713897705078,36.429985046386719
90960524,2019,2019-04-03,9435,2019-03-23,2225,013793,,6,3,3,1015,0,1,3,,2,107,"SR-99 S/B","MC CALL AVENUE",1056.00,S,N,A,-,Y,,,99,,,,,,S,Y,2,0,7,4,A,-,03,22350,,N,C,C,A,A,D,-,C,D,0,,,,,Y,,A,01,1,0,6,0,0,0,0,0,0,"- ","- ",36.557231903076172,-119.60845184326172,FRESNO,SELMA,-119.60842132568359,36.557262420654297
90961096,2018,2019-10-01,9435,2018-11-28,1010,018746,,3,1,9,1000,0,3,5,,2,015,"ADAMS AVENUE","WALNUT AVENUE",0.00,,Y,B,C,N,,,,,,,,,,Y,1,1,1,2,A,-,12,22450,A,N,D,C,A,B,H,-,A,A,0,,,,,Y,,A,01,0,0,1,0,0,0,0,0,0,"- ","- ",36.634178161621094,-119.80886840820312,FRESNO,UNINCORPORATED,-119.80880737304688,36.634170532226562
90963963,2019,2019-04-09,9435,2019-03-30,0750,018746,,6,1,9,1000,0,3,5,,2,040,"FOWLER AVENUE","MOUNTAIN VIEW AVE",0.00,,Y,A,-,N,,,,,,,,,,Y,2,0,2,2,A,-,12,22450,A,N,D,C,A,A,H,-,A,A,0,,,,,Y,,E,22,1,0,1,0,0,0,0,0,0,"- ","- ",36.547039031982422,-119.68279266357422,FRESNO,UNINCORPORATED,-119.68274688720703,36.547138214111328
90965112,2019,2019-04-12,9435,2019-03-24,0611,014363,,7,1,7,1005,0,1,3,,2,106,"STATE ROUTE 99 (NORTHBOUND)","CEDAR AVENUE",200.00,S,N,A,-,Y,,,99,,,,,,,Y,2,0,6,3,C,-,18,,,N,A,C,E,A,H,-,B,D,0,Y,,,,Y,,-,"- ",2,1,3,0,1,0,0,0,0,"- ","- ",36.687740325927734,-119.75308227539062,FRESNO,FRESNO,-119.75307464599609,36.687744140625
90968315,2019,2019-11-01,9435,2019-03-30,0310,019523,,6,3,9,1000,0,1,3,,1,411,"SR-41 S/B","AMERICAN AVE",2165.00,S,N,A,-,Y,,,41,,,,,,S,Y,2,0,3,2,A,-,01,23152,A,N,C,C,A,A,H,-,D,D,0,,,,,Y,Y,A,01,1,2,0,0,0,0,0,0,0,"- ","- ",36.657230377197266,-119.78623199462891,FRESNO,UNINCORPORATED,-119.7860107421875,36.657245635986328
90972028,2019,2019-04-22,9435,2019-04-05,0750,017310,,5,1,9,1000,0,3,5,,2,034,"DEWOLF AVENUE","JENSEN AVE",0.00,,Y,A,-,N,,,,,,,,,,Y,2,0,1,2,A,-,09,21802,A,N,D,C,A,A,H,-,A,A,0,,,,,Y,,A,01,1,0,0,0,0,0,0,0,0,"- ","- ",36.707439422607422,-119.64602661132812,FRESNO,UNINCORPORATED,-119.64599609375,36.707469940185547
90972089,2019,2019-04-22,9435,2019-04-14,0135,019263,,7,3,9,1000,0,3,5,,2,050,"SAMPLE ROAD","PITTMAN HILL RD",1056.00,W,N,A,-,N,,,,,,,,,,Y,2,0,1,1,A,-,01,23152,A,N,F,A,A,A,H,-,D,D,0,,,,,Y,Y,A,01,1,0,0,0,0,0,0,0,0,"- ","- ",36.908599853515625,-119.47071838378906,FRESNO,UNINCORPORATED,-119.47115325927734,36.908351898193359
90972216,2019,2019-04-24,9495,2019-04-15,0055,021351,,1,3,9,1000,0,1,1,,2,002,"INTERSTATE 5 (SOUTHBOUND)","STATE ROUTE 145 (FRESNO COALINGA ROAD)",528.00,N,N,A,-,Y,,,5,,,,,,,Y,2,0,2,1,A,-,08,22107,,N,E,I,A,A,H,-,D,D,0,,,,,Y,,A,01,1,1,0,0,0,0,0,0,0,"- ","- ",36.297271728515625,-120.27150726318359,FRESNO,UNINCORPORATED,-120.27146911621094,36.29730224609375
90973543,2019,2019-04-23,9495,2019-04-17,0850,019733,,3,1,9,1000,0,3,5,,2,051,"MANNING AVENUE","DOUGLAS STREET",267.00,E,N,A,-,N,,,,,,,,,,Y,2,0,1,1,A,-,08,22107,,N,E,I,A,A,H,-,A,D,0,,,,Y,Y,,F,26,1,0,0,0,0,0,0,0,0,"- ","- ",36.603809356689453,-120.469482421875,FRESNO,UNINCORPORATED,-120.49574279785156,36.603767395019531
90973614,2019,2019-04-23,9435,2019-04-12,1715,018892,,5,2,7,1005,0,1,3,,2,106,"SR-99 S/B","JENSEN AVE",1655.00,N,N,A,-,Y,,,99,,,,,,S,Y,2,0,2,4,A,-,01,23152,A,N,C,C,A,A,H,-,A,D,0,,,,,Y,Y,D,22,1,0,1,0,0,0,0,0,0,"- ","- ",36.710750579833984,-119.77796173095703,FRESNO,FRESNO,-119.77796936035156,36.710739135742188
90974168,2019,2019-09-17,9435,2019-04-14,0505,019523,,7,3,9,1000,0,3,5,,2,025,"MILLERTON ROAD","BRIGHTON CREST DRIVE",1053.00,W,N,A,-,N,,,,,,,,,,Y,1,1,0,1,A,-,08,22107,,N,E,I,A,A,H,-,D,D,0,,,,,Y,,A,01,0,0,0,0,0,0,0,0,0,"- ","- ",36.983699798583984,-119.65084838867188,FRESNO,UNINCORPORATED,-119.65058898925781,36.983661651611328
90974373,2019,2019-04-24,9435,2019-04-17,1150,017166,,3,1,7,1005,0,1,3,,2,105,"SR-99 N/B","MCKINLEY AVE",1580.00,S,N,A,-,Y,,,99,,,,,,N,Y,2,0,2,3,A,-,03,22350,,N,C,C,A,A,H,-,A,D,0,,,Y,,Y,,C,02,1,0,1,0,0,0,0,0,2,"- ","- ",36.75933837890625,-119.83078002929688,FRESNO,FRESNO,-119.83082580566406,36.759315490722656
90974828,2019,2019-04-25,9435,2019-04-06,2220,020450,,6,3,9,1000,0,3,5,,2,030,"OLIVE AVE","FANCHER AVENUE",8.00,E,N,A,-,N,,,,,,,,,,Y,2,0,3,1,A,-,01,23152,A,N,E,I,A,A,H,-,D,A,0,,,,,Y,Y,A,01,2,1,0,0,0,0,0,0,0,"- ","- ",36.757450103759766,-119.63237762451172,FRESNO,UNINCORPORATED,-119.63246154785156,36.757461547851562
90978644,2019,2019-04-30,9435,2019-04-22,2210,020064,,1,3,7,1005,0,1,3,,2,105,"SR-99 N/B","BELMONT AVENUE",1584.00,N,N,B,-,Y,,,99,,,,,,N,Y,2,0,3,1,A,-,01,23152,A,N,E,I,A,A,H,-,D,D,0,,,,,Y,Y,A,07,3,0,0,0,0,0,0,0,0,"- ","- ",36.753608703613281,-119.82746887207031,FRESNO,FRESNO,-119.82736968994141,36.753673553466797
90979664,2019,2019-05-01,9435,2019-04-22,1720,015890,,1,2,9,1000,0,3,5,,2,025,"AUBERRY RD","COPPER AVE",6336.00,N,N,A,-,N,,,,,,,,,,Y,2,0,2,2,A,-,08,22107,,N,B,C,A,A,H,-,A,D,0,,,Y,,Y,,C,02,2,0,0,0,0,0,0,0,2,"- ","- ",36.913249969482422,-119.71578979492188,FRESNO,UNINCORPORATED,-119.71578979492188,36.913169860839844
90981373,2019,2019-05-03,9435,2019-04-30,1608,019962,,2,2,9,1000,0,3,5,,2,015,"KEARNEY BLVD","BISHOP AVENUE",650.00,E,N,A,-,N,,,,,,,,,,Y,2,0,1,1,A,-,08,22107,,N,E,C,A,A,H,-,A,D,0,,,,,Y,,D,22,1,0,0,0,0,0,0,0,0,"- ","- ",36.727619171142578,-120.00511169433594,FRESNO,UNINCORPORATED,-120.00391387939453,36.727699279785156
90982334,2019,2019-05-06,9435,2019-04-26,0150,020586,,5,3,9,1000,0,3,5,,2,010,"CLINTON AVE","CORNELIA AVE",1056.00,W,N,A,-,N,,,,,,,,,,Y,2,0,1,1,A,-,01,23152,A,N,E,I,A,A,H,-,D,D,0,,,,,Y,Y,A,01,1,0,0,0,0,0,0,0,0,"- ","- ",36.77178955078125,-119.88269805908203,FRESNO,UNINCORPORATED,-119.8839111328125,36.771770477294922
90984313,2019,2019-05-08,9435,2019-03-22,1613,020122,,5,2,9,1000,0,3,5,,2,040,"FOWLER AVENUE","CONEJO AVENUE",300.00,S,N,A,-,N,,,,,,,,,,Y,1,1,2,3,A,-,08,22107,,N,A,C,A,A,H,-,A,D,0,,,,,Y,,A,01,1,1,0,0,0,0,0,0,0,"- ","- ",36.517311096191406,-119.68293762207031,FRESNO,UNINCORPORATED,-119.68296051025391,36.517345428466797
90984325,2019,2019-05-08,9435,2019-04-06,1435,020481,,6,2,9,1000,0,3,5,,2,040,"JENSEN AVENUE","MARKS AVENUE",792.00,E,N,A,-,N,,,,,,,,,,Y,1,1,0,1,A,-,08,22107,,N,E,I,A,A,H,-,A,D,0,,,,,Y,,A,01,0,0,0,0,0,0,0,0,0,"- ","- ",36.706569671630859,-119.84081268310547,FRESNO,UNINCORPORATED,-119.841796875,36.706638336181641
90984840,2019,2019-05-08,9435,2019-01-28,0743,018746,,1,1,9,1000,0,3,5,,2,025,"CLOVIS AVENUE","DONNER AVENUE",0.00,,Y,A,-,N,,,,,,,,,,Y,1,1,0,2,A,-,09,21802,A,N,D,C,A,A,H,-,A,A,0,,,,,Y,,A,01,0,0,0,0,0,0,0,0,0,"- ","- ",36.799701690673828,-119.70037841796875,FRESNO,UNINCORPORATED,-119.70069885253906,36.799690246582031
90988541,2019,2019-05-14,9435,2019-05-05,0549,018865,,7,3,9,1000,0,3,5,,2,010,"GRANTLAND AVENUE","ASHLAN AVENUE",1118.00,S,N,A,-,N,,,,,,,,,,Y,2,0,1,1,A,-,08,22107,,N,F,I,A,A,H,-,B,D,0,,,,,Y,,A,01,1,0,0,0,0,0,0,0,0,"- ","- ",36.79010009765625,-119.91634368896484,FRESNO,UNINCORPORATED,-119.91638946533203,36.790443420410156
90995680,2019,2019-05-24,9435,2019-05-20,0856,013703,,1,1,9,1000,0,3,5,,2,034,"TEMPERANCE AVENUE","AMERICAN AVENUE",0.00,,Y,A,-,N,,,,,,,,,,Y,2,0,3,2,A,-,12,22450,A,N,D,C,A,A,H,-,A,A,0,,,,,Y,,D,22,3,0,0,0,0,0,0,0,0,"- ","- ",36.663509368896484,-119.66390991210938,FRESNO,UNINCORPORATED,-119.66390228271484,36.663478851318359
90998093,2019,2019-05-29,9495,2019-05-19,1420,021300,,7,2,9,1000,0,1,1,,2,001,"INTERSTATE 5, SOUTHBOUND","KAMM AVE",22176.00,S,N,B,C,Y,,,5,,,,,,S,Y,2,0,6,4,A,-,03,22350,,N,F,C,A,B,H,-,A,D,0,,,,Y,Y,,G,25,1,2,3,0,0,0,0,0,0,"- ","- ",36.4835205078125,-120.4388427734375,FRESNO,UNINCORPORATED,-120.43888092041016,36.483486175537109
91004032,2019,2019-06-05,9435,2019-05-30,0730,018746,,4,1,9,1000,0,3,5,,2,050,"AUBERRY RD","WELLBARN RD",107.00,W,N,A,-,N,,,,,,,,,,N,2,0,1,2,A,-,11,21954,A,N,G,B,D,A,H,-,A,D,0,Y,,,,Y,,N,60,1,0,0,0,1,0,0,0,0,"- ","- ",37.013950347900391,-119.56952667236328,FRESNO,UNINCORPORATED,-119.56940460205078,37.013931274414062
91004842,2019,2019-12-16,9435,2019-05-31,1613,020836,,5,2,7,1005,0,1,3,,2,181,"SR-180 E/B",SR-41,1220.00,W,N,A,-,Y,,,180,,,,,,E,Y,2,0,1,1,A,-,08,22107,,N,E,I,A,A,H,-,A,D,0,,,Y,,Y,,C,02,1,0,0,0,0,0,0,0,1,"- ","- ",36.75360107421875,-119.78019714355469,FRESNO,FRESNO,-119.78021240234375,36.753677368164062
91005049,2019,2019-06-06,9435,2019-06-02,1055,016507,,7,1,9,1000,0,3,5,,2,060,"CRAWFORD AVE","MANNING AVE",0.00,,Y,A,-,N,,,,,,,,,,Y,2,0,3,2,A,-,09,21802,A,N,D,C,A,A,H,-,A,A,0,,,,,Y,,D,22,1,0,2,0,0,0,0,0,0,"- ","- ",36.603801727294922,-119.37676239013672,FRESNO,UNINCORPORATED,-119.37670135498047,36.603691101074219
91006204,2019,2019-06-10,9435,2019-05-18,1425,021119,,6,2,9,1000,0,3,5,,2,034,"LAC JAC AVENUE","DINUBA AVENUE",0.00,,Y,B,-,N,,,,,,,,,,Y,2,0,3,2,A,-,01,23152,A,N,D,C,A,A,H,-,A,A,0,,,,,Y,Y,A,01,1,0,2,0,0,0,0,0,0,"- ","- ",36.589900970458984,-119.48461151123047,FRESNO,UNINCORPORATED,-119.484619140625,36.589900970458984
91007364,2019,2019-06-11,9435,2019-06-03,0330,021165,,1,3,9,1000,0,3,5,,2,040,"FOWLER AVE","FLORAL AVE",427.00,N,N,A,-,N,,,,,,,,,,Y,2,0,1,1,A,-,01,23152,A,N,F,I,A,A,H,-,D,D,0,,,,,Y,Y,A,07,1,0,0,0,0,0,0,0,0,"- ","- ",36.577869415283203,-119.68253326416016,FRESNO,UNINCORPORATED,-119.68255615234375,36.577552795410156
91008377,2019,2019-06-12,9435,2019-06-03,1730,020481,,1,2,9,1000,0,3,5,,2,015,"DICKENSON AVENUE","KEARNEY BLVD",0.00,,Y,A,-,N,,,,,,,,,,Y,2,0,1,2,A,-,08,22107,,N,D,C,A,A,H,-,A,D,0,,,,,Y,,D,22,1,0,0,0,0,0,0,0,0,"- ","- ",36.727710723876953,-119.96997833251953,FRESNO,UNINCORPORATED,-119.96996307373047,36.727699279785156
91010540,2019,2019-06-14,9435,2019-06-08,1300,018746,,6,1,9,1000,0,3,5,,2,010,"SHAW AVENUE","GRANTLAND AVENUE",0.00,,Y,A,-,N,,,,,,,,,,Y,2,0,2,2,A,-,12,21453,A,N,D,C,A,A,H,-,A,A,0,,,,,Y,,A,07,2,0,0,0,0,0,0,0,0,"- ","- ",36.807960510253906,-119.91647338867188,FRESNO,UNINCORPORATED,-119.91648101806641,36.807941436767578
91011995,2019,2019-06-18,9435,2019-06-08,1955,020481,,6,2,9,1000,0,1,3,,1,180,"STATE ROUTE 180","JAMES ROAD",2006.00,W,N,A,-,Y,,,180,,,,,,,N,2,0,1,1,C,-,18,,,N,F,A,A,A,H,-,B,D,0,,,Y,,Y,,-,"- ",1,0,0,0,0,0,0,0,1,"- ","- ",36.734409332275391,-120.2158203125,FRESNO,UNINCORPORATED,-120.2158203125,36.734470367431641