CASE_ID,ACCIDENT_YEAR,PROC_DATE,JURIS,COLLISION_DATE,COLLISION_TIME,OFFICER_ID,REPORTING_DISTRICT,DAY_OF_WEEK,CHP_SHIFT,POPULATION,CNTY_CITY_LOC,SPECIAL_COND,BEAT_TYPE,CHP_BEAT_TYPE,CITY_DIVISION_LAPD,CHP_BEAT_CLASS,BEAT_NUMBER,PRIMARY_RD,SECONDARY_RD,DISTANCE,DIRECTION,INTERSECTION,WEATHER_1,WEATHER_2,STATE_HWY_IND,CALTRANS_COUNTY,CALTRANS_DISTRICT,STATE_ROUTE,ROUTE_SUFFIX,POSTMILE_PREFIX,POSTMILE,LOCATION_TYPE,RAMP_INTERSECTION,SIDE_OF_HWY,TOW_AWAY,COLLISION_SEVERITY,NUMBER_KILLED,NUMBER_INJURED,PARTY_COUNT,PRIMARY_COLL_FACTOR,PCF_CODE_OF_VIOL,PCF_VIOL_CATEGORY,PCF_VIOLATION,PCF_VIOL_SUBSECTION,HIT_AND_RUN,TYPE_OF_COLLISION,MVIW,PED_ACTION,ROAD_SURFACE,ROAD_COND_1,ROAD_COND_2,LIGHTING,CONTROL_DEVICE,CHP_ROAD_TYPE,PEDESTRIAN_ACCIDENT,BICYCLE_ACCIDENT,MOTORCYCLE_ACCIDENT,TRUCK_ACCIDENT,NOT_PRIVATE_PROPERTY,ALCOHOL_INVOLVED,STWD_VEHTYPE_AT_FAULT,CHP_VEHTYPE_AT_FAULT,COUNT_SEVERE_INJ,COUNT_VISIBLE_INJ,COUNT_COMPLAINT_PAIN,COUNT_PED_KILLED,COUNT_PED_INJURED,COUNT_BICYCLIST_KILLED,COUNT_BICYCLIST_INJURED,COUNT_MC_KILLED,COUNT_MC_INJURED,PRIMARY_RAMP,SECONDARY_RAMP,LATITUDE,LONGITUDE,COUNTY,CITY,POINT_X,POINT_Y
91012101,2019,2019-06-18,9435,2019-06-09,0230,021148,,7,3,9,1000,0,3,5,,2,015,"KEARNEY AVE","DICKENSON AVE",2830.00,W,N,A,-,N,,,,,,,,,,Y,2,0,1,1,A,-,08,22107,,N,E,I,A,A,H,-,D,D,0,,,,,Y,,A,01,1,0,0,0,0,0,0,0,0,"- ","- ",36.727760314941406,-119.97969055175781,FRESNO,UNINCORPORATED,-119.9796142578125,36.727691650390625
91012987,2019,2019-06-19,9435,2019-06-11,1959,020429,,2,2,9,1000,0,3,5,,2,060,"LIVERMORE AVE","FRANKWOOD AVE",675.00,W,N,A,-,N,,,,,,,,,,N,2,0,1,2,A,-,03,22350,,N,G,B,E,A,H,-,B,D,0,Y,,,,Y,,M,96,1,0,0,0,1,0,0,0,0,"- ","- ",36.644020080566406,-119.45101928710938,FRESNO,UNINCORPORATED,-119.45093536376953,36.644069671630859
91015092,2019,2019-08-23,9435,2019-05-26,2500,017310,,7,4,9,1000,0,3,5,,2,034,"CLOVIS AVENUE SOUTHBOUND","CENTRAL AVENUE",1163.00,S,N,A,-,N,,,,,,,,,,Y,1,1,0,1,A,-,01,23152,A,N,F,A,A,A,H,-,D,D,0,,,,,Y,Y,D,22,0,0,0,0,0,0,0,0,0,"- ","- ",36.674160003662109,-119.70002746582031,FRESNO,UNINCORPORATED,-119.69992828369141,36.67498779296875
91018487,2019,2019-06-26,9435,2019-06-14,1904,020481,,5,2,9,1000,0,3,5,,2,010,"HAYES AVENUE","MCKENZIE AVENUE",71.00,S,N,A,-,N,,,,,,,,,,Y,2,0,2,2,A,-,12,22451,A,N,H,F,A,A,H,-,A,A,0,,,,,Y,,D,22,1,0,1,0,0,0,0,0,0,"- ","- ",36.746158599853516,-119.89829254150391,FRESNO,UNINCORPORATED,-119.89827728271484,36.746166229248047
91020638,2019,2019-06-28,9435,2019-06-21,1810,020387,,5,2,9,1000,0,3,5,,2,010,"SHIELDS AVE.","CHATEAU FRESNO AVE.",0.00,,Y,A,-,N,,,,,,,,,,Y,2,0,8,2,A,-,12,22450,A,N,D,C,A,A,H,-,A,A,0,,,,,Y,,A,01,2,4,2,0,0,0,0,0,0,"- ","- ",36.778759002685547,-119.93425750732422,FRESNO,UNINCORPORATED,-119.93430328369141,36.778759002685547
91021139,2019,2019-06-28,9435,2019-06-18,1430,020871,,2,2,9,1000,0,3,5,,2,040,"CONEJO AVENUE","EAST AVENUE",1584.00,E,N,A,-,N,,,,,,,,,,Y,2,0,1,1,A,-,08,22107,,N,F,A,A,A,H,-,A,D,0,,,,,Y,,A,07,1,0,0,0,0,0,0,0,0,"- ","- ",36.518299102783203,-119.76779937744141,FRESNO,UNINCORPORATED,-119.56716156005859,36.517925262451172
91022825,2019,2019-07-02,9435,2019-06-22,0600,015095,,6,1,9,1000,0,3,5,,2,025,"HERNDON AVENUE","DEL REY AVENUE",15.00,E,N,A,-,N,,,,,,,,,,N,2,0,3,3,D,-,00,,,F,C,G,A,A,H,-,A,D,0,,Y,,,Y,,-,"- ",2,1,0,0,0,0,3,0,0,"- ","- ",36.837261199951172,-119.59176635742188,FRESNO,UNINCORPORATED,-119.591796875,36.8372802734375
91022961,2019,2019-07-02,9461,2019-06-27,2055,021387,,4,2,9,1000,0,1,1,,2,305,"I-5 S/B","OXFORD AVE",6336.00,S,N,A,-,Y,,,5,,,,,,S,Y,2,0,1,2,A,-,03,22350,,N,C,C,A,A,H,-,D,D,0,,,,Y,Y,,D,22,1,0,0,0,0,0,0,0,0,"- ","- ",36.745098114013672,-120.70181274414062,FRESNO,UNINCORPORATED,-120.70185089111328,36.745071411132812
91025414,2019,2019-07-08,9435,2019-06-28,1535,015179,,5,2,9,1000,0,3,5,,2,050,"SAMPLE ROAD","FRONTIER TRAIL LANE",0.00,,Y,A,-,N,,,,,,,,,,Y,2,0,1,2,A,-,08,22107,,N,B,C,A,A,H,-,A,D,0,,,Y,,Y,,C,02,1,0,0,0,0,0,0,0,1,"- ","- ",36.903270721435547,-119.50459289550781,FRESNO,UNINCORPORATED,-119.504471,36.903269000000002
91026608,2019,2019-07-08,9435,2019-06-22,1715,019263,,6,2,9,1000,0,1,3,,1,169,SR-168,"BEAL FIRE ROAD",7920.00,W,N,A,-,Y,,,168,,,,,,,Y,2,0,1,2,A,-,07,21658,A,N,E,I,A,B,H,-,A,D,0,,,,,Y,,A,07,1,0,0,0,0,0,0,0,0,"- ","- ",37.044059753417969,-119.42678070068359,FRESNO,UNINCORPORATED,-119.42681884765625,37.043994903564453
91026990,2019,2019-09-20,9495,2019-05-12,0937,019424,,7,1,9,1000,0,1,1,,2,003,"INTERSTATE 5 (SOUTHBOUND)","JAYNE AVENUE",11088.00,N,N,A,-,Y,,,5,,,,,,,Y,1,2,4,1,A,-,08,22107,,N,F,A,A,A,H,-,A,D,0,,,,,Y,,A,07,1,3,0,0,0,0,0,0,0,"- ","- ",36.162391662597656,-120.1817626953125,FRESNO,UNINCORPORATED,-120.18169403076172,36.162452697753906
91029229,2019,2019-07-11,9435,2019-07-03,1550,015026,,3,2,7,1005,0,1,3,,2,410,"SR-41 N/B","ASHLAN AVE",723.00,N,N,A,-,Y,,,41,,,,,,N,Y,2,0,1,2,A,-,03,22350,,N,F,A,A,A,H,-,A,D,0,,,Y,,Y,,C,02,1,0,0,0,0,0,0,0,1,"- ","- ",36.796150207519531,-119.78504943847656,FRESNO,FRESNO,-119.78501129150391,36.796154022216797
91029486,2019,2019-07-12,9435,2019-07-06,1605,016507,,6,2,9,1000,0,3,5,,2,060,"LONGVIEW RD","SAND CREEK RD",2640.00,S,N,A,-,N,,,,,,,,,,Y,2,0,1,1,A,-,08,22107,,N,E,I,A,A,H,-,A,D,0,,,,,Y,,A,01,1,0,0,0,0,0,0,0,0,"- ","- ",36.686920166015625,-119.14897918701172,FRESNO,UNINCORPORATED,-119.14931488037109,36.687076568603516
91033867,2019,2019-07-19,9435,2019-07-12,0519,016270,,5,3,9,1000,0,3,5,,2,060,"MANNING AVE","JACOBS AVE",950.00,W,N,A,-,N,,,,,,,,,,Y,2,0,1,2,A,-,08,22107,,N,A,C,A,A,H,-,A,D,0,,,,,Y,,A,01,1,0,0,0,0,0,0,0,0,"- ","- ",36.602291107177734,-119.317138671875,FRESNO,UNINCORPORATED,-119.31705474853516,36.602863311767578
91035491,2019,2019-07-22,9435,2019-07-14,1330,018746,,7,1,9,1000,0,3,5,,2,010,"FRUIT AVENUE","SAN JOSE AVENUE",0.00,,Y,A,-,N,,,,,,,,,,Y,2,0,3,2,A,-,09,21802,A,N,D,C,A,A,H,-,A,A,0,,,,,Y,,A,01,1,0,2,0,0,0,0,0,0,"- ","- ",36.811958312988281,-119.81739807128906,FRESNO,UNINCORPORATED,-119.8173828125,36.811939239501953
91037991,2019,2019-07-25,9435,2019-07-15,1827,020122,,1,2,2,1004,0,1,3,,2,106,"SR-99 S/B","ADAMS AVE",1100.00,S,N,A,-,Y,,,99,,,,,,S,Y,2,0,3,2,A,-,03,22350,,N,C,C,A,A,H,-,A,D,0,,,,,Y,,A,01,1,2,0,0,0,0,0,0,0,"- ","- ",36.63201904296875,-119.69046020507812,FRESNO,FOWLER,-119.69050598144531,36.631973266601562
9103845,2020,2020-06-30,1002,2020-03-07,1915,E1488,,6,5,3,1002,0,0,0,,0,,"W POLK AV","FOREST AV",0.00,,N,A,-,N,,,,,,,,,,N,2,0,2,2,A,-,"- ",,,N,G,B,D,A,H,-,D,D,0,Y,,,,Y,,-,,2,0,0,0,1,0,0,0,0,"- ","- ",36.1368408203125,-120.3565673828125,FRESNO,COALINGA,-120.36173248291016,36.136520385742188
91040869,2019,2019-07-29,9435,2019-07-02,1740,020837,,2,2,9,1000,0,3,5,,2,010,"JAMESON AVENUE","SHIELDS AVENUE",0.00,,Y,A,-,N,,,,,,,,,,Y,1,1,1,2,A,-,12,22450,A,N,D,C,A,A,H,-,A,A,0,,,,,Y,,A,01,0,1,0,0,0,0,0,0,0,"- ","- ",36.778640747070312,-119.98822021484375,FRESNO,UNINCORPORATED,-119.98818969726562,36.778648376464844
91042203,2019,2019-07-31,9435,2019-07-21,0340,019705,,7,3,9,1000,0,1,3,,2,181,"SR-180 W/B TO SR-41 S/B","BELMONT AVE",1056.00,N,N,A,-,Y,,,,,,,,,,Y,2,0,1,1,A,-,08,22107,,N,E,I,A,A,H,-,C,D,0,,,,,Y,,A,01,1,0,0,0,0,0,0,0,0,"- ","- ",36.753231048583984,-119.77657318115234,FRESNO,UNINCORPORATED,-120.37370300292969,36.749713897705078
91042543,2019,2019-07-31,9435,2019-06-16,0110,020854,,7,3,9,1000,0,3,5,,2,015,"JENSEN AVENUE","WEST AVENUE",2112.00,W,N,A,-,N,,,,,,,,,,Y,2,0,2,2,A,-,01,23152,A,N,A,C,A,A,H,-,D,D,0,,,,,Y,Y,A,01,1,1,0,0,0,0,0,0,0,"- ","- ",36.706699371337891,-119.83463287353516,FRESNO,UNINCORPORATED,-119.568115234375,36.706779479980469
91046977,2019,2019-08-16,9435,2019-07-29,1900,021119,,1,2,9,1000,0,3,5,,2,034,"TEMPERANCE AVE","CHURCH AVE",0.00,,Y,A,-,N,,,,,,,,,,Y,2,0,2,2,A,-,12,22450,A,N,D,C,A,A,H,-,A,A,0,,,,,Y,,D,22,2,0,0,0,0,0,0,0,0,"- ","- ",36.714889526367188,-119.66407775878906,FRESNO,UNINCORPORATED,-119.66410827636719,36.714870452880859
91047464,2019,2019-08-07,9435,2019-07-27,1005,020019,,6,1,9,1000,0,3,5,,2,025,"AUBERRY ROAD","RENO DRIVE",1584.00,N,N,A,-,N,,,,,,,,,,N,2,0,1,1,A,-,03,22350,,N,F,A,A,A,H,-,A,D,0,,,Y,,Y,,C,02,1,0,0,0,0,0,0,0,1,"- ","- ",36.923568725585938,-119.70967102050781,FRESNO,UNINCORPORATED,-119.70921325683594,36.924388885498047
91048888,2019,2019-10-01,9435,2019-07-05,1345,020733,,5,1,9,1000,0,1,3,,1,147,"STATE ROUTE 145 (MADERA AVENUE)","FLORAL AVENUE",2157.00,S,N,A,-,Y,,,145,,,,,,,Y,1,1,4,2,A,-,08,22107,,N,B,C,A,A,H,-,A,D,0,,,,Y,Y,,A,07,2,2,0,0,0,0,0,0,0,"- ","- ",36.570178985595703,-120.08509826660156,FRESNO,UNINCORPORATED,-120.08510589599609,36.570186614990234
91052137,2019,2019-08-14,9495,2019-08-06,0230,021351,,2,3,9,1000,0,1,1,,2,002,"INTERSTATE 5 N/B TO STATE ROUTE 145","INTERSTATE 5 (NORTHBOUND)",525.00,E,N,A,-,Y,,,5,,,,R,,N,Y,2,0,1,1,A,-,12,22450,A,N,E,I,A,A,H,-,C,D,0,,,,,Y,,A,01,1,0,0,0,0,0,0,0,0,"- ","- ",36.295909881591797,-120.26741027832031,FRESNO,UNINCORPORATED,-120.267882,36.295270000000002
91054953,2019,2019-08-19,9435,2019-02-04,1707,020095,,1,2,9,1000,0,1,3,,1,183,"STATE ROUTE 180 WESTBOUND","THOMPSON AVENUE",50.00,E,N,B,-,Y,,,180,,,,,,W,Y,1,2,3,9,A,-,01,23152,G,N,B,C,A,A,H,-,A,D,0,,,,,Y,Y,D,22,0,1,2,0,0,0,0,0,0,"- ","- ",36.736038208007812,-119.61873626708984,FRESNO,UNINCORPORATED,-119.61873626708984,36.736042022705078
91057230,2019,2019-08-22,9435,2019-08-12,0035,021031,,1,3,9,1000,0,1,3,,2,105,"STATE ROUTE 99 SOUTHBOUND","HERNDON AVENUE",5808.00,S,N,A,-,Y,,,99,,,,,,S,Y,2,0,1,1,A,-,08,22107,,N,E,I,A,A,H,-,D,D,0,,,,,Y,,A,01,1,0,0,0,0,0,0,0,0,"- ","- ",36.820560455322266,-119.90312957763672,FRESNO,UNINCORPORATED,-119.90308380126953,36.820621490478516
91061452,2019,2019-08-28,9435,2019-08-19,1040,016507,,1,1,9,1000,0,3,5,,2,060,"CENTRAL AVE","FRANKWOOD AVE",0.00,,Y,A,-,N,,,,,,,,,,Y,2,0,3,3,A,-,09,21802,A,N,D,C,A,A,H,-,A,A,0,,,,,Y,,E,22,1,0,2,0,0,0,0,0,0,"- ","- ",36.676689147949219,-119.44850158691406,FRESNO,UNINCORPORATED,-119.448486328125,36.676719665527344
91061866,2019,2019-08-28,9435,2019-08-17,2056,019635,,6,2,7,1005,0,1,3,,2,410,"SR-41 S/B","MCKINLEY AVE",60.00,S,N,A,-,Y,,,41,,,,,,S,Y,2,0,1,1,A,-,01,23152,A,N,E,I,A,A,H,-,C,D,0,,,,,Y,Y,A,01,1,0,0,0,0,0,0,0,0,"- ","- ",36.764759063720703,-119.77687072753906,FRESNO,FRESNO,-119.77687072753906,36.764762878417969
91062606,2019,2019-08-29,9435,2019-08-21,0510,016507,,3,3,9,1000,0,3,5,,2,060,"RIVERBEND AVE","ANNADALE AVE",7392.00,S,N,A,-,N,,,,,,,,,,Y,2,0,1,2,A,-,03,22350,,N,A,C,A,A,H,-,D,D,0,,,,,Y,,A,01,1,0,0,0,0,0,0,0,0,"- ","- ",36.679359436035156,-119.5111083984375,FRESNO,UNINCORPORATED,-119.51201629638672,36.699169158935547
91062824,2019,2019-08-29,9435,2019-07-25,1025,012846,,4,1,7,1005,0,1,3,,1,168,"STATE ROUTE 168 WESTBOUND","GETTYSBURG AVENUE",1056.00,S,N,A,-,Y,,,168,,,,,,W,Y,1,1,0,2,A,-,07,21658,A,N,B,C,A,A,H,-,A,D,0,,,,,Y,,D,23,0,0,0,0,0,0,0,0,0,"- ","- ",36.798980712890625,-119.74278259277344,FRESNO,FRESNO,-119.74277496337891,36.798976898193359
91064250,2019,2019-08-30,9435,2019-08-23,0957,015986,,5,1,9,1000,0,3,5,,2,010,"SHAW AVENUE","TISHA AVENUE",158.00,W,N,A,-,N,,,,,,,,,,Y,2,0,2,2,A,-,09,21804,A,N,D,C,A,A,H,-,A,D,0,,,,,Y,,A,01,1,0,1,0,0,0,0,0,0,"- ","- ",36.807880401611328,-119.92311096191406,FRESNO,UNINCORPORATED,-119.92307281494141,36.807865142822266
91064544,2019,2019-08-30,9435,2019-08-21,2045,020387,,3,2,9,1000,0,3,5,,2,034,"NEWMARK AVE.","AMERICAN AVE.",1565.00,N,N,A,-,N,,,,,,,,,,Y,2,0,2,2,A,-,01,23152,A,N,A,C,A,A,H,-,D,D,0,,,,,Y,Y,A,01,1,1,0,0,0,0,0,0,0,"- ","- ",36.667209625244141,-119.54765319824219,FRESNO,UNINCORPORATED,-119.54766082763672,36.667316436767578
91064930,2019,2019-09-02,9435,2019-08-21,1852,020019,,3,2,9,1000,0,3,5,,2,025,"MILLERTON ROAD","BRIGHTON CREST DRIVE",528.00,E,N,A,-,N,,,,,,,,,,Y,2,0,1,1,A,-,01,23152,A,N,F,A,A,A,H,-,A,D,0,,,,,Y,Y,A,01,1,0,0,0,0,0,0,0,0,"- ","- ",36.983791351318359,-119.64494323730469,FRESNO,UNINCORPORATED,-119.64525604248047,36.983772277832031
91067321,2019,2019-09-04,9495,2019-08-25,1546,021153,,7,2,9,1000,0,1,1,,2,001,"INTERSTATE 5 (SOUTHBOUND)","HUDSON AVENUE",1056.00,S,N,A,-,Y,,,5,,,,,,,Y,2,0,1,2,A,-,03,22350,,N,C,C,A,A,H,-,A,D,0,,,,,Y,,A,01,1,0,0,0,0,0,0,0,0,"- ","- ",36.570610046386719,-120.54096221923828,FRESNO,UNINCORPORATED,-120.54096221923828,36.570613861083984
91067667,2019,2019-09-04,9495,2019-08-22,1808,021153,,4,2,9,1000,0,1,3,,2,005,"STATE ROUTE 33","BUFFALO AVENUE",0.20,N,N,A,-,Y,,,33,,,,,,,Y,2,0,3,2,A,-,01,23152,A,N,A,C,A,A,H,-,A,D,0,,,,Y,Y,Y,A,01,1,2,0,0,0,0,0,0,0,"- ","- ",36.194461822509766,-120.33706665039062,FRESNO,UNINCORPORATED,-120.33708190917969,36.194473266601562
91069823,2019,2019-09-09,9435,2019-08-24,1400,020824,,6,2,9,1000,0,3,5,,2,010,"ROLINDA AVENUE","HERNDON AVENUE",0.00,,Y,A,-,N,,,,,,,,,,Y,2,0,1,1,A,-,01,23152,A,N,E,I,A,A,H,-,A,A,0,,,,,Y,Y,A,01,1,0,0,0,0,0,0,0,0,"- ","- ",36.832588195800781,-119.96143341064453,FRESNO,UNINCORPORATED,-119.96138763427734,36.832550048828125
91070103,2019,2019-09-09,9435,2019-08-02,2127,020429,,5,2,9,1000,0,1,3,,2,184,"STATE ROUTE 180","HILLS VALLEY ROAD",500.00,W,N,A,-,Y,,,180,,,,,,,Y,1,1,0,1,A,-,08,22107,,N,F,A,A,A,H,-,D,D,0,,,,,Y,,A,07,0,0,0,0,0,0,0,0,0,"- ","- ",36.730518341064453,-119.28917694091797,FRESNO,UNINCORPORATED,-119.28919219970703,36.730564117431641
91075214,2019,2019-09-16,9435,2019-08-11,1435,019962,,7,2,9,1000,0,1,3,,1,412,"STATE ROUTE 41","HARLAN AVENUE",3168.00,N,N,A,-,Y,,,41,,,,,,,Y,1,1,1,2,A,-,06,21751,,N,F,A,A,A,H,-,A,D,0,,,Y,,Y,,A,07,0,0,1,0,0,0,0,1,0,"- ","- ",36.454189300537109,-119.79676818847656,FRESNO,UNINCORPORATED,-119.79677581787109,36.454189300537109
91075299,2019,2019-10-01,9435,2019-07-29,1240,015179,,1,1,9,1000,0,1,3,,1,183,"STATE ROUTE 180","RIO VISTA AVENUE",600.00,E,N,A,-,Y,,,180,,,,,,,Y,1,1,4,2,A,-,01,23152,A,N,A,C,A,A,H,-,A,D,0,,,,,Y,Y,A,07,4,0,0,0,0,0,0,0,0,"- ","- ",36.731849670410156,-119.47427368164062,FRESNO,UNINCORPORATED,-119.47427368164062,36.731849670410156
91075764,2019,2019-10-21,9461,2019-08-21,0934,017183,,3,1,9,1000,0,3,5,,2,060,"SAN DIEGO AVENUE","SHAW AVENUE",0.00,,Y,A,-,N,,,,,,,,,,Y,1,2,0,3,A,-,12,22450,A,N,D,C,A,A,H,-,A,A,0,,,,Y,Y,,A,01,0,0,0,0,0,0,0,0,0,"- ","- ",36.807121276855469,-120.44020843505859,FRESNO,UNINCORPORATED,-120.44014739990234,36.807079315185547
91076489,2019,2019-09-17,9495,2019-08-23,1453,021073,,5,2,9,1000,0,1,3,,1,006,"STATE ROUTE 33","SUTTER AVE.",5280.00,S,N,A,-,Y,,,33,,,,,,,Y,1,1,0,1,A,-,08,22107,,N,F,A,A,A,H,-,A,D,0,,,,,Y,,A,07,0,0,0,0,0,0,0,0,0,"- ","- ",36.039299011230469,-120.18612670898438,FRESNO,UNINCORPORATED,-120.18606567382812,36.039382934570312
91076581,2019,2019-09-17,9435,2019-07-02,0446,020450,,2,3,9,1000,0,3,5,,2,010,"PALM AVENUE","DAKOTA AVE",250.00,N,N,A,-,N,,,,,,,,,,Y,1,1,1,1,A,-,01,23152,F,N,E,I,A,A,H,-,C,A,0,,,Y,,Y,,C,02,1,0,0,0,0,0,0,1,1,"- ","- ",36.787220001220703,-119.80866241455078,FRESNO,UNINCORPORATED,-119.80864715576172,36.787147521972656
91077788,2019,2019-09-18,9495,2019-08-13,2047,019829,,2,2,9,1000,0,3,5,,2,053,"LOST HILLS ROAD","MERCED AVENUE",7920.00,E,N,A,-,N,,,,,,,,,,Y,1,1,0,2,A,-,11,21956,,N,G,B,E,A,H,-,D,D,0,Y,,,,Y,,N,60,0,0,0,1,0,0,0,0,0,"- ","- ",36.122051239013672,-120.33029174804688,FRESNO,UNINCORPORATED,-120.31800842285156,36.111469268798828
91077913,2019,2019-09-18,9495,2019-09-07,2135,020021,,6,2,9,1000,0,3,5,,2,053,"W. JAYNE AVENUE","STATE ROUTE 269 (LASSEN AVENUE)",0.00,,Y,A,-,Y,,,,,,,,,,Y,2,0,2,2,A,-,12,22450,A,N,C,C,A,A,H,-,C,A,0,,,,,Y,,A,01,1,0,1,0,0,0,0,0,0,"- ","- ",36.137958526611328,-120.102783203125,FRESNO,UNINCORPORATED,-120.102783203125,36.137958526611328
91080909,2019,2019-09-23,9435,2019-09-17,0620,016270,,2,1,9,1000,0,3,5,,2,060,"STATE ROUTE 63 (HILLS VALLEY ROAD)","ANCHOR AVE",6336.00,N,N,A,-,Y,,,63,,,,,,,Y,2,0,1,1,A,-,08,22107,,N,E,I,A,A,H,-,A,D,0,,,,,Y,,A,07,1,0,0,0,0,0,0,0,0,"- ","- ",36.711479187011719,-119.29878997802734,FRESNO,UNINCORPORATED,-119.29879760742188,36.711505889892578
91080919,2019,2019-09-23,9435,2019-09-12,0555,014363,,4,3,9,1000,0,3,5,,2,040,"ELKHORN AVENUE","CHATEAU FRESNO AVE",3696.00,E,N,A,-,N,,,,,,,,,,Y,2,0,2,2,A,-,08,22107,,N,A,C,A,A,H,-,A,D,0,,,,,Y,,D,22,1,1,0,0,0,0,0,0,0,"- ","- ",36.488739013671875,-119.92727661132812,FRESNO,UNINCORPORATED,-119.9287109375,36.488746643066406
91081117,2019,2019-09-23,9495,2019-09-16,1645,021153,,1,2,9,1000,0,1,1,,2,001,"INTERSTATE 5 (NORTHBOUND)","KAMM AVENUE",10032.00,S,N,A,G,Y,,,5,,,,,,,Y,2,0,1,2,A,-,08,22107,,N,A,C,A,A,H,-,A,D,0,,,,Y,Y,,A,01,1,0,0,0,0,0,0,0,0,"- ","- ",36.510940551757812,-120.464111328125,FRESNO,UNINCORPORATED,-120.46420288085938,36.510848999023438
91082977,2019,2019-09-25,9435,2019-09-14,1449,020481,,6,2,9,1000,0,3,5,,2,034,"ZEDIKER AVENUE","SAGINAW AVENUE",243.00,S,N,A,-,N,,,,,,,,,,Y,2,0,3,2,A,-,01,23152,A,N,A,C,A,A,H,-,A,D,0,,,,,Y,Y,D,22,2,1,0,0,0,0,0,0,0,"- ","- ",36.553398132324219,-119.52120971679688,FRESNO,UNINCORPORATED,-119.52117156982422,36.553443908691406
91084113,2019,2019-09-26,9461,2019-09-22,1607,020351,,7,2,9,1000,0,2,4,,1,315,"NEES AVE","FAIRFAX AVE",0.00,,Y,A,-,N,,,,,,,,,,Y,2,0,1,2,A,-,03,22350,,F,B,C,A,A,H,-,A,D,0,,,,,Y,,A,01,1,0,0,0,0,0,0,0,0,"- ","- ",36.850948333740234,-120.56331634521484,FRESNO,UNINCORPORATED,-120.56329345703125,36.850910186767578
91088958,2018,2020-02-14,9435,2018-12-22,0606,015755,,6,1,9,1000,0,3,5,,2,020,"STATE ROUTE 145","MANNING AVENUE",0.00,,Y,B,-,Y,,,145,,,,,,,Y,1,1,2,2,A,-,12,22450,A,N,D,C,A,B,H,-,D,A,0,,,,,Y,,A,01,0,1,1,0,0,0,0,0,0,"- ","- ",36.603488922119141,-120.06154632568359,FRESNO,UNINCORPORATED,-120.06141662597656,36.603488922119141
91090843,2019,2019-10-04,9495,2019-09-27,1750,019104,,5,2,9,1000,0,1,3,,2,005,"STATE ROUTE 33 (FRESNO COALINGA ROAD)","STATE ROUTE 198",3696.00,N,N,A,-,Y,,,33,,,,,,,Y,2,0,1,1,A,-,08,22107,,N,E,I,A,A,H,-,A,D,0,,,,,Y,,D,22,1,0,0,0,0,0,0,0,0,"- ","- ",36.256908416748047,-120.31466674804688,FRESNO,UNINCORPORATED,-120.31473541259766,36.256919860839844
91092042,2019,2019-10-07,9435,2019-09-30,1527,020019,,1,2,9,1000,0,3,5,,2,025,"SIERRA AVENUE","INDIANOLA AVENUE",109.00,E,N,A,-,N,,,,,,,,,,N,2,0,1,1,B,-,22,,,N,E,I,A,A,H,-,A,D,0,,,Y,,Y,,C,02,1,0,0,0,0,0,0,0,1,"- ","- ",36.830101013183594,-119.5823974609375,FRESNO,UNINCORPORATED,-119.58255004882812,36.830066680908203
91092631,2019,2019-10-08,9435,2019-09-28,1333,018926,,6,1,9,1000,0,3,5,,2,020,"WOOD AVE","WALNUT AVE",1056.00,E,N,A,-,N,,,,,,,,,,N,2,0,2,2,A,-,07,21658,A,N,B,C,A,A,H,-,A,D,0,,,Y,,Y,,-,"- ",1,1,0,0,0,0,0,0,2,"- ","- ",36.423881530761719,-119.81388854980469,FRESNO,UNINCORPORATED,-119.81262969970703,36.423816680908203
91097426,2019,2019-10-15,9495,2019-09-07,0440,021351,,6,3,9,1000,0,3,5,,2,053,"GALE AVENUE","BISHOP AVENUE",350.00,W,N,A,-,N,,,,,,,,,,Y,1,1,0,1,A,-,01,23152,G,N,F,A,A,A,H,-,D,D,0,,,,,Y,Y,A,01,0,0,0,0,0,0,0,0,0,"- ","- ",36.181148529052734,-120.01325988769531,FRESNO,UNINCORPORATED,-120.01383209228516,36.181507110595703
91097702,2019,2019-10-15,9435,2019-10-04,2333,021031,,5,3,9,1000,0,3,5,,2,034,"ZEDIKER AVENUE","FLORAL AVENUE",400.00,N,N,A,-,N,,,,,,,,,,N,2,0,1,2,A,-,11,21954,A,N,G,B,E,A,H,-,D,D,0,Y,,,,Y,,N,60,1,0,0,0,1,0,0,0,0,"- ","- ",36.576869964599609,-119.52127075195312,FRESNO,UNINCORPORATED,-119.52127838134766,36.576828002929688