CASE_ID,ACCIDENT_YEAR,PROC_DATE,JURIS,COLLISION_DATE,COLLISION_TIME,OFFICER_ID,REPORTING_DISTRICT,DAY_OF_WEEK,CHP_SHIFT,POPULATION,CNTY_CITY_LOC,SPECIAL_COND,BEAT_TYPE,CHP_BEAT_TYPE,CITY_DIVISION_LAPD,CHP_BEAT_CLASS,BEAT_NUMBER,PRIMARY_RD,SECONDARY_RD,DISTANCE,DIRECTION,INTERSECTION,WEATHER_1,WEATHER_2,STATE_HWY_IND,CALTRANS_COUNTY,CALTRANS_DISTRICT,STATE_ROUTE,ROUTE_SUFFIX,POSTMILE_PREFIX,POSTMILE,LOCATION_TYPE,RAMP_INTERSECTION,SIDE_OF_HWY,TOW_AWAY,COLLISION_SEVERITY,NUMBER_KILLED,NUMBER_INJURED,PARTY_COUNT,PRIMARY_COLL_FACTOR,PCF_CODE_OF_VIOL,PCF_VIOL_CATEGORY,PCF_VIOLATION,PCF_VIOL_SUBSECTION,HIT_AND_RUN,TYPE_OF_COLLISION,MVIW,PED_ACTION,ROAD_SURFACE,ROAD_COND_1,ROAD_COND_2,LIGHTING,CONTROL_DEVICE,CHP_ROAD_TYPE,PEDESTRIAN_ACCIDENT,BICYCLE_ACCIDENT,MOTORCYCLE_ACCIDENT,TRUCK_ACCIDENT,NOT_PRIVATE_PROPERTY,ALCOHOL_INVOLVED,STWD_VEHTYPE_AT_FAULT,CHP_VEHTYPE_AT_FAULT,COUNT_SEVERE_INJ,COUNT_VISIBLE_INJ,COUNT_COMPLAINT_PAIN,COUNT_PED_KILLED,COUNT_PED_INJURED,COUNT_BICYCLIST_KILLED,COUNT_BICYCLIST_INJURED,COUNT_MC_KILLED,COUNT_MC_INJURED,PRIMARY_RAMP,SECONDARY_RAMP,LATITUDE,LONGITUDE,COUNTY,CITY,POINT_X,POINT_Y
91097823,2019,2019-10-15,9435,2019-08-02,2049,018860,,5,2,9,1000,0,1,3,,1,412,"STATE ROUTE 41","HARLAN AVENUE",2112.00,N,N,A,-,Y,,,41,,,,,,,Y,1,1,5,2,A,-,08,22107,,N,A,C,A,A,H,-,D,D,0,,,,,Y,,A,01,1,2,2,0,0,0,0,0,0,"- ","- ",36.439071655273438,-119.79949951171875,FRESNO,UNINCORPORATED,-119.79952239990234,36.439075469970703
91097975,2019,2019-10-16,9435,2019-10-04,1229,014363,,5,1,9,1000,0,3,5,,2,034,"TEMPERANCE AVENUE","NORTH AVENUE",0.00,,Y,A,-,N,,,,,,,,,,Y,2,0,1,2,A,-,12,22450,A,N,D,C,A,A,H,-,A,A,0,,,,Y,Y,,A,01,1,0,0,0,0,0,0,0,0,"- ","- ",36.692848205566406,-119.66396331787109,FRESNO,UNINCORPORATED,-119.66397094726562,36.692829132080078
91098352,2019,2019-10-16,9435,2019-10-05,0030,021247,,6,3,7,1005,0,1,3,,2,410,"SR-41 S/B","ASHLAN AVENUE",1584.00,S,N,A,-,Y,,,41,,,,,,S,Y,2,0,3,2,A,-,01,23152,A,F,C,C,A,A,H,-,D,D,0,,,,,Y,Y,A,01,2,1,0,0,0,0,0,0,0,"- ","- ",36.7889404296875,-119.78446197509766,FRESNO,FRESNO,-119.78444671630859,36.7889404296875
91098770,2019,2019-10-16,9435,2019-08-02,2054,018860,,5,2,9,1000,0,1,3,,1,412,SR-41,"HARLAN AVE",1918.00,N,N,A,-,Y,,,41,,,,,,,Y,2,0,1,5,A,-,03,22350,,N,D,C,E,A,C,-,D,D,0,Y,,,Y,Y,,A,01,1,0,0,0,1,0,0,0,0,"- ","- ",36.439071655273438,-119.79949951171875,FRESNO,UNINCORPORATED,-119.79952239990234,36.439075469970703
91099953,2019,2019-10-17,9435,2019-10-09,1045,013703,,3,1,9,1000,0,3,5,,2,034,"ACADEMY AVENUE","SR-180 (KINGS CANYON ROAD",25.00,S,N,A,-,N,,,,,,,,,,N,2,0,1,2,A,-,01,23152,A,N,E,I,A,A,H,-,A,D,0,,,,,Y,Y,D,22,1,0,0,0,0,0,0,0,0,"- ","- ",36.725700378417969,-119.55618286132812,FRESNO,UNINCORPORATED,-119.55631256103516,36.735824584960938
91101339,2019,2019-10-21,9435,2019-10-09,1509,018892,,3,2,9,1000,0,3,5,,2,034,"MINNEWAWA AVE","TULARE AVE",0.00,,Y,A,-,N,,,,,,,,,,Y,2,0,3,2,A,-,09,21802,A,N,D,C,A,A,H,-,A,A,0,,,,,Y,,A,01,1,1,1,0,0,0,0,0,0,"- ","- ",36.743198394775391,-119.70929718017578,FRESNO,UNINCORPORATED,-119.70923614501953,36.755599975585938
91107502,2019,2019-10-28,9435,2019-02-23,2200,021148,,6,3,9,1000,0,3,5,,2,034,"BETHEL AVENUE","ROSE AVENUE",0.00,,Y,A,-,N,,,,,,,,,,Y,1,1,3,2,A,-,12,22450,A,N,D,C,A,A,H,-,D,A,0,,,,,Y,Y,A,01,1,1,1,0,0,0,0,0,0,"- ","- ",36.568721771240234,-119.57501220703125,FRESNO,UNINCORPORATED,-119.57502746582031,36.568729400634766
91107519,2019,2019-10-28,9435,2019-08-13,0739,020733,,2,1,9,1000,0,3,5,,2,025,"MCKINLEY AVENUE","TEMPERANCE AVENUE",1056.00,E,N,A,-,N,,,,,,,,,,Y,1,1,1,2,A,-,08,22107,,N,H,G,A,A,H,-,A,D,0,,Y,,,Y,,A,08,0,1,0,0,0,1,0,0,0,"- ","- ",36.764881134033203,-119.65969085693359,FRESNO,UNINCORPORATED,-119.66046905517578,36.764827728271484
91109168,2019,2019-10-29,9435,2019-10-22,1838,018746,,2,2,7,1005,0,3,5,,2,025,"TEMPERANCE AVENUE","TULARE AVENUE",530.00,N,N,A,-,N,,,,,,,,,,Y,2,0,1,1,A,-,08,22107,,N,E,I,A,A,H,-,B,D,0,,,,,Y,,A,01,1,0,0,0,0,0,0,0,0,"- ","- ",36.745189666748047,-119.66400909423828,FRESNO,FRESNO,-119.66403961181641,36.745082855224609
91111697,2019,2019-11-01,9435,2019-10-25,1700,021230,,5,2,9,1000,0,3,5,,2,040,"MOUNTAIN VIEW AVENUE","DEWOLF AVENUE",0.00,,Y,A,-,N,,,,,,,,,,Y,2,0,3,2,A,-,12,22450,A,N,D,C,A,A,H,-,A,A,0,,,,,Y,,A,01,1,1,1,0,0,0,0,0,0,"- ","- ",36.547130584716797,-119.64675903320312,FRESNO,UNINCORPORATED,-119.64675903320312,36.547168731689453
91112989,2019,2019-11-04,9435,2019-10-25,0826,017310,,5,1,9,1000,0,1,3,,1,168,"SR-168 E/B FROM SHIELDS AVENUE","SHIELDS AVENUE",15.00,E,N,A,-,Y,,,168,,,,R,,E,Y,2,0,1,1,A,-,08,22107,,N,E,I,A,A,H,-,A,A,0,,,,,Y,,A,01,1,0,0,0,0,0,0,0,0,"- ","- ",36.779811859130859,-119.74828338623047,FRESNO,UNINCORPORATED,-119.74828338623047,36.779811859130859
91112998,2019,2019-11-04,9435,2019-10-24,0015,019523,,4,3,9,1000,0,3,5,,2,015,"JENSEN AVE","VALENTINE AVE",1100.00,W,N,A,-,N,,,,,,,,,,Y,2,0,1,2,A,-,08,22107,,N,D,C,A,A,H,-,D,D,0,,,,Y,Y,,A,01,1,0,0,0,0,0,0,0,0,"- ","- ",36.706550598144531,-119.85720062255859,FRESNO,UNINCORPORATED,-119.85716247558594,36.706554412841797
91116121,2019,2019-11-08,9435,2019-10-26,1100,019263,,6,1,9,1000,0,1,3,,1,169,SR-168,"BIG DRY CREEK",150.00,W,N,A,-,Y,,,168,,,,,,,Y,2,0,1,1,A,-,08,22107,,N,E,I,A,A,H,-,A,D,0,,,Y,,Y,,C,02,1,0,0,0,0,0,0,0,1,"- ","- ",36.939468383789062,-119.50496673583984,FRESNO,UNINCORPORATED,-119.50495147705078,36.939502716064453
91124044,2019,2019-11-19,9435,2019-06-29,0410,020854,,6,3,9,1000,0,1,3,,1,412,"STATE ROUTE 41","LAGUNA AVENUE",1056.00,S,N,A,-,Y,,,41,,,,,,,Y,1,1,1,2,A,-,01,23152,A,N,A,C,A,A,H,-,D,D,0,,,,,Y,Y,A,07,1,0,0,0,0,0,0,0,0,"- ","- ",36.412479400634766,-119.80500793457031,FRESNO,UNINCORPORATED,-119.80497741699219,36.412471771240234
91131280,2019,2019-11-27,9480,2019-11-20,1800,020837,,3,2,9,1000,0,3,5,,2,004,"FRITZ DRIVE","PALM DRIVE",510.00,E,N,B,-,N,,,,,,,,,,N,2,0,1,2,A,-,05,21650,,N,G,B,E,A,H,-,D,D,0,Y,,,,Y,,A,01,1,0,0,0,1,0,0,0,0,"- ","- ",36.340511322021484,-119.04302215576172,FRESNO,UNINCORPORATED,-119.04373168945312,36.340175628662109
91131369,2019,2019-11-27,9435,2019-10-31,0755,020942,,4,1,9,1000,0,3,5,,2,010,"CHATEAU-FRESNO AVENUE","BELMONT AVENUE",0.00,,Y,A,-,N,,,,,,,,,,Y,2,0,2,2,A,-,12,22450,A,F,D,C,A,A,H,-,A,D,0,,,,,Y,,A,01,2,0,0,0,0,0,0,0,0,"- ","- ",36.749801635742188,-119.93421936035156,FRESNO,UNINCORPORATED,-119.93419647216797,36.749790191650391
91134420,2019,2019-12-03,9435,2019-11-08,1900,021165,,5,2,9,1000,0,3,5,,2,034,"JENSEN AVE","PEACH AVE",2640.00,E,N,A,-,N,,,,,,,,,,Y,2,0,1,1,A,-,08,22107,,N,E,I,A,A,H,-,D,D,0,,,,,Y,,A,01,1,0,0,0,0,0,0,0,0,"- ","- ",36.708518981933594,-119.71253967285156,FRESNO,UNINCORPORATED,-119.70944976806641,36.707603454589844
91136559,2019,2020-02-14,9435,2019-09-27,0432,020062,,5,3,9,1000,0,1,3,,2,106,"STATE ROUTE 99 (NORTHBOUND)","CLOVIS AVENUE",1056.00,S,N,A,-,Y,,,99,,,,,,,Y,1,1,0,2,A,-,11,21954,A,N,G,B,E,A,H,-,D,D,0,Y,,,,Y,,N,60,0,0,0,1,0,0,0,0,0,"- ","- ",36.638538360595703,-119.69724273681641,FRESNO,UNINCORPORATED,-119.69725036621094,36.638526916503906
91140267,2019,2020-02-18,9435,2019-09-25,0625,014547,,3,1,9,1000,0,3,5,,2,030,"BELMONT AVENUE","NEWMARK AVENUE",0.00,,Y,A,-,N,,,,,,,,,,Y,1,1,3,3,A,-,09,21801,A,N,D,C,A,A,H,-,A,D,0,,,,,Y,,D,22,1,2,0,0,0,0,0,0,0,"- ","- ",36.750011444091797,-119.5289306640625,FRESNO,UNINCORPORATED,-119.52890014648438,36.749988555908203
91143403,2019,2019-12-13,9495,2019-12-08,0635,20716,,7,1,9,1000,0,3,5,,2,053,"MERCED AVENUE","LOST HILLS ROAD",130.00,S,N,B,-,N,,,,,,,,,,Y,2,0,2,1,A,-,01,23152,A,N,F,A,A,B,H,-,B,D,0,,,,,Y,Y,A,01,1,1,0,0,0,0,0,0,0,"- ","- ",36.065090179443359,-120.20362091064453,FRESNO,UNINCORPORATED,-120.34332275390625,36.114810943603516
91145188,2019,2019-12-17,9435,2019-11-22,1812,020122,,5,2,9,1000,0,1,3,,2,106,"SR-99 S/B","AMERICAN AVE",2640.00,N,N,A,-,Y,,,99,,,,,,S,Y,2,0,1,1,A,-,08,22107,,N,E,I,A,A,H,-,C,D,0,,,,,Y,,A,07,1,0,0,0,0,0,0,0,0,"- ","- ",36.668388366699219,-119.73056030273438,FRESNO,UNINCORPORATED,-119.73046875,36.668483734130859
91151034,2019,2020-01-08,9435,2019-08-29,0535,017166,,4,3,9,1000,0,3,5,,2,040,"CONEJO AVENUE","TEMPERANCE AVENUE",1584.00,W,N,A,-,N,,,,,,,,,,Y,1,1,2,2,A,-,09,21801,A,N,D,C,A,A,H,-,D,D,0,,,,,Y,,M,58,1,1,0,0,0,0,0,0,0,"- ","- ",36.518150329589844,-119.66918182373047,FRESNO,UNINCORPORATED,-119.67034912109375,36.518184661865234
91151096,2019,2019-12-23,9435,2019-12-08,2220,019523,,7,3,9,1000,0,3,5,,2,040,"VALLEY VIEW STREET","MCCALL AVENUE",0.00,,Y,C,-,N,,,,,,,,,,Y,2,0,2,1,A,-,01,23152,A,M,E,I,A,B,H,-,D,D,0,,,,,Y,Y,A,01,1,1,0,0,0,0,0,0,0,"- ","- ",36.557960510253906,-119.61084747314453,FRESNO,UNINCORPORATED,-119.61089324951172,36.557960510253906
91158599,2019,2020-01-03,9435,2019-12-23,0040,019705,,1,3,9,1000,0,3,5,,2,025,"MILLERTON RD","VIA BELLAGGIO",1584.00,S,N,B,-,N,,,,,,,,,,Y,2,0,2,2,A,-,01,23152,A,N,A,C,A,B,H,-,D,D,0,,,,,Y,Y,A,01,1,0,1,0,0,0,0,0,0,"- ","- ",36.98876953125,-119.69309997558594,FRESNO,UNINCORPORATED,-119.69867706298828,36.991031646728516
91163756,2020,2020-01-13,9435,2020-01-01,1330,020942,,3,1,9,1000,0,3,5,,2,040,"ROSE AVENUE","TEMPERANCE AVENUE",214.00,W,N,A,-,N,,,,,,,,,,Y,2,0,1,1,A,-,01,23152,A,N,F,A,A,A,H,-,A,D,0,,,,,Y,Y,A,01,1,0,0,0,0,0,0,0,0,"- ","- ",36.568859100341797,-119.66542816162109,FRESNO,UNINCORPORATED,-119.66533660888672,36.568794250488281
91165087,2020,2020-01-14,9435,2020-01-02,0836,014363,,4,1,9,1000,0,3,5,,2,034,"MANNING AVENUE (WESTBOUND)","LAC JAC AVENUE",0.00,,Y,B,-,N,,,,,,,,,,Y,2,0,1,2,A,-,12,21453,A,N,D,C,A,A,H,-,A,A,0,,,,Y,Y,,A,01,1,0,0,0,0,0,0,0,0,"- ","- ",36.604518890380859,-119.48441314697266,FRESNO,UNINCORPORATED,-119.48448944091797,36.604389190673828
91165238,2019,2020-01-14,9435,2019-09-29,1810,020429,,7,2,9,1000,0,3,5,,2,060,"SOUTH AVENUE","BUTTONWILLOW DITCH",329.00,W,N,A,-,N,,,,,,,,,,Y,1,1,0,2,A,-,09,21804,A,N,H,G,A,A,H,-,A,D,0,,Y,,,Y,,L,04,0,0,0,0,0,1,0,0,0,"- ","- ",36.61859130859375,-119.42317199707031,FRESNO,UNINCORPORATED,-119.43197631835938,36.618610382080078
91168340,2020,2020-01-20,9435,2020-01-08,1300,021148,,3,1,9,1000,0,3,5,,2,015,"LINCOLN AVE","WALNUT AVE",0.00,,Y,B,-,N,,,,,,,,,,Y,2,0,1,2,A,-,09,21802,A,N,D,C,A,A,H,-,A,D,0,,,,Y,Y,,D,22,1,0,0,0,0,0,0,0,0,"- ","- ",36.648689270019531,-119.80882263183594,FRESNO,UNINCORPORATED,-119.80880737304688,36.648700714111328
91174376,2020,2020-01-27,9435,2020-01-07,1725,018914,,2,2,7,1005,0,1,3,,2,181,"STATE ROUTE 180 EASTBOUND","STATE ROUTE 41",510.00,W,N,A,-,Y,,,180,,,,,,E,Y,2,0,3,4,A,-,01,23152,A,N,C,C,A,A,H,-,D,D,0,,,,,Y,Y,A,07,1,0,2,0,0,0,0,0,0,"- ","- ",36.753898620605469,-119.77790069580078,FRESNO,FRESNO,-119.77790832519531,36.753974914550781
91177493,2020,2020-01-31,9435,2020-01-19,0050,021247,,7,3,7,1005,0,1,3,,2,105,"STATE ROUTE 99 NORTHBOUND","CLINTON AVENUE",3696.00,N,N,A,-,Y,,,99,,,,,,N,Y,2,0,1,2,A,-,01,23152,A,F,C,C,A,A,H,-,C,D,0,,,,,Y,Y,A,01,1,0,0,0,0,0,0,0,0,"- ","- ",36.780311584472656,-119.84718322753906,FRESNO,FRESNO,-119.84701538085938,36.780494689941406
91177810,2019,2020-01-31,9435,2019-10-02,0635,013703,,3,1,9,1000,0,3,5,,2,034,"SOUTH AVENUE","MCCALL AVENUE",0.00,,Y,A,-,N,,,,,,,,,,Y,1,1,2,2,A,-,09,21802,A,N,D,C,A,A,H,-,B,A,0,,,,,Y,,A,01,1,0,1,0,0,0,0,0,0,"- ","- ",36.619831085205078,-119.61068725585938,FRESNO,UNINCORPORATED,-119.61065673828125,36.619808197021484
91182672,2020,2020-02-07,9435,2020-02-05,1520,020733,,3,2,7,1005,0,1,3,,2,410,"STATE ROUTE 41 SOUTHBOUND","DIVISADERO STREET",25.00,S,N,A,-,Y,,,41,,,,,,S,Y,2,0,4,3,A,-,08,22107,,N,C,E,A,A,H,-,A,D,0,,,,,Y,,A,07,1,1,2,0,0,0,0,0,0,"- ","- ",36.743148803710938,-119.77751922607422,FRESNO,FRESNO,-119.77741241455078,36.743129730224609
91185747,2020,2020-02-12,9435,2020-02-01,1830,019548,,6,2,9,1000,0,3,5,,2,050,"SJ&E ROAD","BULL PINE ROAD",10.00,S,N,A,-,N,,,,,,,,,,Y,2,0,1,1,A,-,01,23152,G,N,E,I,A,A,H,-,D,D,0,,,,,Y,Y,D,22,1,0,0,0,0,0,0,0,0,"- ","- ",37.066070556640625,-119.48063659667969,FRESNO,UNINCORPORATED,-119.4805908203125,37.065998077392578
91185996,2020,2020-02-14,9435,2020-02-04,1155,014363,,2,1,9,1000,0,3,5,,2,034,"NEBRASKA AVENUE","MENDOCINO AVENUE",0.00,,Y,A,-,N,,,,,,,,,,Y,2,0,2,2,A,-,09,21802,A,N,D,C,A,A,H,-,A,A,0,,,,,Y,,D,22,1,1,0,0,0,0,0,0,0,"- ","- ",36.561378479003906,-119.54798126220703,FRESNO,UNINCORPORATED,-119.54801177978516,36.561351776123047
91186490,2020,2020-02-13,9435,2020-02-05,1605,021119,,3,2,9,1000,0,3,5,,2,025,"TRIMMER SPRINGS ROAD","PIEDRA ROAD",7920.00,W,N,A,-,N,,,,,,,,,,Y,2,0,1,1,A,-,08,22107,,N,E,I,A,A,H,-,A,D,0,,,Y,,Y,,C,02,1,0,0,0,0,0,0,0,1,"- ","- ",36.804218292236328,-119.39153289794922,FRESNO,UNINCORPORATED,-119.39231872558594,36.803607940673828
91187448,2020,2020-02-17,9435,2020-02-06,0005,018944,,4,3,7,1005,0,1,3,,2,105,"STATE ROUTE 99 SOUTHBOUND","SHAW AVENUE",2640.00,N,N,A,-,Y,,,99,,,,,,S,Y,2,0,1,2,A,-,01,23152,A,N,C,C,A,A,H,-,D,D,0,,,,Y,Y,Y,A,01,1,0,0,0,0,0,0,0,0,"- ","- ",36.813339233398438,-119.8939208984375,FRESNO,FRESNO,-119.89392852783203,36.813327789306641
91190381,2020,2020-02-20,9495,2020-02-02,0400,021354,,7,3,9,1000,0,3,5,,2,052,"MT WHITNEY AVENUE","CALAVERAS AVENUE",400.00,E,N,A,-,N,,,,,,,,,,Y,2,0,1,2,A,-,01,23152,A,N,A,C,A,A,H,-,D,D,0,,,,Y,Y,Y,A,07,1,0,0,0,0,0,0,0,0,"- ","- ",36.428791046142578,-120.28015899658203,FRESNO,UNINCORPORATED,-120.28305053710938,36.428764343261719
91190916,2020,2020-02-21,9435,2020-02-13,1855,018926,,4,2,9,1000,0,3,5,,2,025,"HERNDON AVENUE","DEL REY AVENUE",0.00,,Y,A,-,N,,,,,,,,,,Y,2,0,1,2,A,-,09,21802,A,N,D,C,A,A,H,-,D,A,0,,,Y,,Y,,A,01,1,0,0,0,0,0,0,0,1,"- ","- ",36.837329864501953,-119.59198760986328,FRESNO,UNINCORPORATED,-119.59185028076172,36.8372802734375
91191340,2020,2020-02-21,9495,2020-02-15,0708,021270,,6,1,9,1000,0,3,5,,2,053,"EL DORADO AVENUE","MARMON AVENUE",1214.00,S,N,A,-,N,,,,,,,,,,Y,2,0,1,1,A,-,08,22107,,N,E,I,A,A,H,-,A,D,0,,,,,Y,,A,01,1,0,0,0,0,0,0,0,0,"- ","- ",36.221099853515625,-120.21089935302734,FRESNO,UNINCORPORATED,-120.21097564697266,36.222457885742188
91193697,2020,2020-02-26,9435,2020-02-14,1539,018892,,5,2,7,1005,0,1,3,,2,106,"STATE ROUTE 99 NORTHBOUND","ORANGE AVENUE",528.00,N,N,A,-,Y,,,99,,,,,,N,Y,2,0,2,2,A,-,03,22350,,N,C,C,A,A,H,-,A,D,0,,,Y,,Y,,C,02,1,1,0,0,0,0,0,0,2,"- ","- ",36.698249816894531,-119.76569366455078,FRESNO,FRESNO,-119.76557159423828,36.698371887207031
91200486,2019,2020-03-04,9435,2019-09-20,1830,020824,,5,2,9,1000,0,1,3,,1,168,"STATE ROUTE 168","SHEPHERD AVENUE",4752.00,E,N,A,-,Y,,,168,,,,,,,Y,1,2,0,2,A,-,08,22107,,N,F,A,A,A,H,-,A,D,0,,,,,Y,,A,07,0,0,0,0,0,0,0,0,0,"- ","- ",36.866661071777344,-119.60887908935547,FRESNO,UNINCORPORATED,-119.60887908935547,36.866619110107422
91201741,2020,2020-03-04,9435,2020-02-25,1815,020095,,2,2,9,1000,0,3,5,,2,034,"LAC JAC AVENUE","MANNING AVENUE",1300.00,N,N,A,-,N,,,,,,,,,,Y,2,0,2,3,A,-,01,23152,A,N,A,C,A,A,H,-,D,D,0,,,,,Y,Y,A,01,1,0,1,0,0,0,0,0,0,"- ","- ",36.607479095458984,-119.48439788818359,FRESNO,UNINCORPORATED,-119.48440551757812,36.607955932617188
91207724,2020,2020-03-13,9435,2020-03-05,1250,018746,,4,1,7,1005,0,1,3,,2,182,"STATE ROUTE 180 WESTBOUND","WILLOW AVENUE",525.00,E,N,A,-,Y,,,180,,,,,,W,Y,2,0,2,3,A,-,07,21658,A,N,D,C,A,A,H,-,A,D,0,,,,,Y,,A,01,1,0,1,0,0,0,0,0,0,"- ","- ",36.753719329833984,-119.72545623779297,FRESNO,FRESNO,-119.7254638671875,36.753673553466797
91214691,2020,2020-03-25,9461,2020-03-13,1552,017029,,5,2,9,1000,0,2,4,,1,315,"NEES AVE.",I-5,0.00,,Y,B,-,Y,,,,,,,,,,Y,2,0,5,2,A,-,09,21801,A,N,A,C,A,A,H,-,A,D,0,,,,,Y,,A,01,1,1,3,0,0,0,0,0,0,"- ","- ",36.850349426269531,-120.77246856689453,FRESNO,UNINCORPORATED,-120.774169921875,36.850311279296875
91215073,2020,2020-03-24,9435,2020-03-13,1015,020540,,5,1,9,1000,0,1,3,,2,184,"STATE ROUTE 180","ALTA AVENUE",5280.00,W,N,B,-,Y,,,180,,,,,,,Y,2,0,1,1,A,-,03,22350,,N,F,A,A,A,H,-,A,D,0,,,Y,,Y,,C,02,1,0,0,0,0,0,0,0,1,"- ","- ",36.713901519775391,-119.41298675537109,FRESNO,UNINCORPORATED,-119.41297912597656,36.713939666748047
91215404,2020,2020-04-17,9435,2020-03-14,1630,016507,,6,2,9,1000,0,3,5,,2,060,"SOUTH AVENUE","BUTTONWILLOW AVENUE",0.00,,Y,B,-,N,,,,,,,,,,Y,2,0,2,2,A,-,12,22450,A,N,D,C,A,A,H,-,A,A,0,,,,,Y,,A,07,1,0,1,0,0,0,0,0,0,"- ","- ",36.618579864501953,-119.43080902099609,FRESNO,UNINCORPORATED,-119.43083953857422,36.618621826171875
91215579,2019,2020-03-25,9435,2019-12-05,1610,020540,,4,2,9,1000,0,3,5,,2,060,"REED AVENUE","ADAMS AVENUE",0.00,,Y,A,-,N,,,,,,,,,,Y,1,1,0,2,A,-,09,21801,A,N,D,C,A,A,H,-,A,D,0,,,,Y,Y,,G,25,0,0,0,0,0,0,0,0,0,"- ","- ",36.633228302001953,-119.45767974853516,FRESNO,UNINCORPORATED,-119.45770263671875,36.633251190185547
91216118,2020,2020-03-26,9435,2020-03-16,0103,020064,,1,3,9,1000,0,3,5,,2,025,"HERNDON AVENUE","DEWOLF AVENUE",2640.00,E,N,B,-,N,,,,,,,,,,Y,2,0,2,1,A,-,01,23153,A,N,E,I,A,B,H,-,D,D,0,,,,,Y,Y,A,01,1,0,1,0,0,0,0,0,0,"- ","- ",36.837440490722656,-119.63803863525391,FRESNO,UNINCORPORATED,-119.6390380859375,36.837398529052734
91217657,2020,2020-03-27,9435,2020-03-18,0556,014363,,3,3,9,1000,0,1,3,,2,107,"STATE ROUTE 99 (SOUTHBOUND)","SECOND STREET",1150.00,S,N,A,-,Y,,,,,,,,,,Y,2,0,1,2,C,-,18,,,N,D,C,A,A,H,-,D,D,0,,,,,Y,,-,"- ",1,0,0,0,0,0,0,0,0,"- ","- ",36.561309814453125,-119.61299896240234,FRESNO,UNINCORPORATED,-119.61327362060547,36.561489105224609
91218723,2020,2020-03-30,9435,2020-03-20,1750,019548,,5,2,9,1000,0,1,3,,1,168,"STATE ROUTE 168","OAK VIEW DRIVE",1056.00,E,N,A,-,Y,,,168,,,,,,,Y,2,0,1,1,A,-,08,22107,,N,E,I,A,A,H,-,A,D,0,,,Y,,Y,,C,02,1,0,0,0,0,0,0,0,1,"- ","- ",36.974258422851562,-119.52690887451172,FRESNO,UNINCORPORATED,-119.52693939208984,36.974262237548828
91219686,2019,2020-04-01,9435,2019-10-05,0006,017518,,6,3,9,1000,0,3,5,,2,030,"ASHLAN AVENUE","HIGHLAND AVENUE",191.00,E,N,A,-,N,,,,,,,,,,Y,1,1,0,2,C,-,18,,,N,G,B,E,A,H,-,D,D,0,Y,,,,Y,,-,"- ",0,0,0,1,0,0,0,0,0,"- ","- ",36.793849945068359,-119.62731170654297,FRESNO,UNINCORPORATED,-119.62725067138672,36.793819427490234
91220448,2019,2021-01-14,9435,2019-10-30,2345,21300,,3,3,9,1000,0,1,3,,1,412,"STATE ROUTE 41 SOUTHBOUND","MANNING AVENUE",1037.00,S,N,A,-,Y,,,41,,,,,,S,Y,2,0,2,2,A,-,01,23152,A,N,C,C,A,A,H,-,D,D,0,,,,,Y,Y,D,22,1,0,1,0,0,0,0,0,0,"- ","- ",36.602031707763672,-119.78614044189453,FRESNO,UNINCORPORATED,-119.78598022460938,36.602031707763672
91223293,2020,2020-04-09,9435,2020-03-27,1910,021031,,5,2,9,1000,0,3,5,,2,034,"MCCALL AVENUE","BUTLER AVENUE",408.00,N,N,A,-,N,,,,,,,,,,Y,2,0,1,1,A,-,01,23152,A,M,E,I,A,A,H,-,B,D,0,,,,,Y,Y,A,01,1,0,0,0,0,0,0,0,0,"- ","- ",36.729450225830078,-119.60994720458984,FRESNO,UNINCORPORATED,-119.61006164550781,36.729438781738281
91223815,2020,2020-04-09,9435,2020-03-30,1710,019926,,1,2,7,1005,0,1,3,,2,105,"SR-99 SOUTHBOUND TO SR-180 EASTBOUND","STATE ROUTE 180",135.00,S,N,A,-,Y,,,99,,,,R,,S,Y,2,0,1,1,A,-,08,22107,,N,E,I,A,A,H,-,A,D,0,,,,,Y,,A,01,1,0,0,0,0,0,0,0,0,"- ","- ",36.739521026611328,-119.81562042236328,FRESNO,FRESNO,-119.81562042236328,36.739521026611328
91226138,2019,2020-04-15,9435,2019-12-09,0644,018865,,1,1,9,1000,0,3,5,,2,030,"CLINTON AVENUE","MILLBROOK AVENUE",319.00,E,N,E,-,N,,,,,,,,,,Y,1,1,1,2,A,-,01,23152,F,N,A,E,A,B,H,-,C,D,0,,,,,Y,,A,01,0,1,0,0,0,0,0,0,0,"- ","- ",36.772239685058594,-119.76181793212891,FRESNO,UNINCORPORATED,-119.76187896728516,36.772304534912109
91226587,2019,2020-04-16,9435,2019-12-16,1132,019610,,1,1,9,1000,0,1,3,,1,168,"STATE ROUTE 168","ACADEMY OAKS LANE",0.00,,Y,B,-,Y,,,168,,,,,,,Y,1,1,1,2,A,-,01,23152,F,N,D,C,A,A,H,-,A,D,0,,,,,Y,,A,07,0,1,0,0,0,0,0,0,0,"- ","- ",36.889171600341797,-119.53433227539062,FRESNO,UNINCORPORATED,-119.53434753417969,36.889202117919922