CASE_ID,ACCIDENT_YEAR,PROC_DATE,JURIS,COLLISION_DATE,COLLISION_TIME,OFFICER_ID,REPORTING_DISTRICT,DAY_OF_WEEK,CHP_SHIFT,POPULATION,CNTY_CITY_LOC,SPECIAL_COND,BEAT_TYPE,CHP_BEAT_TYPE,CITY_DIVISION_LAPD,CHP_BEAT_CLASS,BEAT_NUMBER,PRIMARY_RD,SECONDARY_RD,DISTANCE,DIRECTION,INTERSECTION,WEATHER_1,WEATHER_2,STATE_HWY_IND,CALTRANS_COUNTY,CALTRANS_DISTRICT,STATE_ROUTE,ROUTE_SUFFIX,POSTMILE_PREFIX,POSTMILE,LOCATION_TYPE,RAMP_INTERSECTION,SIDE_OF_HWY,TOW_AWAY,COLLISION_SEVERITY,NUMBER_KILLED,NUMBER_INJURED,PARTY_COUNT,PRIMARY_COLL_FACTOR,PCF_CODE_OF_VIOL,PCF_VIOL_CATEGORY,PCF_VIOLATION,PCF_VIOL_SUBSECTION,HIT_AND_RUN,TYPE_OF_COLLISION,MVIW,PED_ACTION,ROAD_SURFACE,ROAD_COND_1,ROAD_COND_2,LIGHTING,CONTROL_DEVICE,CHP_ROAD_TYPE,PEDESTRIAN_ACCIDENT,BICYCLE_ACCIDENT,MOTORCYCLE_ACCIDENT,TRUCK_ACCIDENT,NOT_PRIVATE_PROPERTY,ALCOHOL_INVOLVED,STWD_VEHTYPE_AT_FAULT,CHP_VEHTYPE_AT_FAULT,COUNT_SEVERE_INJ,COUNT_VISIBLE_INJ,COUNT_COMPLAINT_PAIN,COUNT_PED_KILLED,COUNT_PED_INJURED,COUNT_BICYCLIST_KILLED,COUNT_BICYCLIST_INJURED,COUNT_MC_KILLED,COUNT_MC_INJURED,PRIMARY_RAMP,SECONDARY_RAMP,LATITUDE,LONGITUDE,COUNTY,CITY,POINT_X,POINT_Y
91227919,2020,2020-04-21,9435,2020-04-09,1650,020078,,4,2,9,1000,0,3,5,,2,015,"LINCOLN AVENUE","BLYTHE AVENUE",698.00,W,N,A,-,N,,,,,,,,,,Y,2,0,2,1,A,-,08,22107,,N,F,A,A,A,H,-,A,D,0,,,,,Y,,D,22,1,1,0,0,0,0,0,0,0,"- ","- ",36.64849853515625,-119.87396240234375,FRESNO,UNINCORPORATED,-119.87388610839844,36.648460388183594
91228268,2020,2020-04-21,9435,2020-04-10,1855,020481,,5,2,9,1000,0,3,5,,2,015,"LAKE AVENUE","CENTRAL AVENUE",646.00,S,N,A,-,N,,,,,,,,,,N,2,0,1,1,A,-,03,22350,,N,E,I,A,A,H,-,B,D,0,,,Y,,Y,,C,06,1,0,0,0,0,0,0,0,1,"- ","- ",36.670841217041016,-120.13330078125,FRESNO,UNINCORPORATED,-120.13327026367188,36.674556732177734
91230414,2019,2020-04-28,9435,2019-09-28,2500,020854,,6,4,9,1000,0,3,5,,2,020,"ELM AVENUE","KLEPPER AVENUE",260.00,S,N,A,-,N,,,,,,,,,,Y,1,1,0,1,A,-,01,23152,G,N,E,J,A,A,H,-,D,D,0,,,,,Y,,D,22,0,0,0,0,0,0,0,0,0,"- ","- ",36.527919769287109,-119.79055023193359,FRESNO,UNINCORPORATED,-119.79106140136719,36.528476715087891
91230446,2019,2020-04-28,9435,2019-11-11,2156,017126,,1,2,7,1005,0,1,3,,2,181,"STATE ROUTE 180 EASTBOUND","STATE ROUTE 41 SOUTHBOUND",100.00,W,N,A,-,Y,,,180,,,,,,E,Y,1,1,0,3,C,-,18,,,N,C,C,E,A,C,-,D,D,0,Y,,,,Y,,-,"- ",0,0,0,1,0,0,0,0,0,"- ","- ",36.75408935546875,-119.77793884277344,FRESNO,FRESNO,-119.77792358398438,36.753971099853516
91232763,2020,2020-05-01,9435,2020-03-30,1520,018860,,1,2,9,1000,0,1,3,,1,411,"STATE ROUTE 41 SOUTHBOUND","SOUTH AVENUE",0.00,,Y,A,-,Y,,,41,,,,,,S,Y,1,1,0,2,A,-,01,23152,F,N,D,C,A,A,H,-,A,A,0,,,,,Y,,A,01,0,0,0,0,0,0,0,0,0,"- ","- ",36.619781494140625,-119.7861328125,FRESNO,UNINCORPORATED,-119.78596496582031,36.619781494140625
91234622,2020,2020-05-06,9435,2020-04-25,2201,020064,,6,3,9,1000,0,3,5,,2,034,"MCCALL AVENUE","DINUBA AVENUE",1584.00,N,N,B,-,N,,,,,,,,,,Y,2,0,1,2,A,-,17,21200,,N,C,G,A,A,H,-,D,D,0,,Y,,,Y,Y,L,04,1,0,0,0,0,0,1,0,0,"- ","- ",36.595420837402344,-119.61071014404297,FRESNO,UNINCORPORATED,-119.61065673828125,36.590740203857422
91234862,2020,2020-05-07,9435,2020-01-24,1135,014363,,5,1,9,1000,0,3,5,,2,020,"NEBRASKA AVENUE","ELM AVENUE",0.00,,Y,B,-,N,,,,,,,,,,Y,1,3,1,2,A,-,12,22450,A,N,D,C,A,A,H,-,A,A,0,,,,,Y,Y,D,22,1,0,0,0,0,0,0,0,0,"- ","- ",36.561878204345703,-119.79100036621094,FRESNO,UNINCORPORATED,-119.79096221923828,36.56182861328125
91236619,2020,2020-05-12,9435,2020-02-21,2500,016507,,5,4,9,1000,0,3,5,,2,060,"STATE ROUTE 180 (KINGS CANYON ROAD)","STATE ROUTE 245",6864.00,W,N,A,-,Y,,,180,,,,,,,Y,1,1,0,1,A,-,01,23152,F,N,E,I,A,A,H,-,A,D,0,,,,,Y,,A,01,0,0,0,0,0,0,0,0,0,"- ","- ",36.731391906738281,-119.01793670654297,FRESNO,UNINCORPORATED,-119.01793670654297,36.731391906738281
91242493,2020,2020-05-26,9495,2020-05-02,0558,021186,,6,3,9,1000,0,1,1,,2,002,"INTERSTATE 5 SOUTHBOUND","STATE ROUTE 145",4224.00,N,N,A,-,Y,,,5,,,,,,S,Y,1,1,1,1,A,-,08,22107,,N,F,A,A,A,H,-,B,D,0,,,,,Y,,A,01,0,1,0,0,0,0,0,0,0,"- ","- ",36.303260803222656,-120.27700042724609,FRESNO,UNINCORPORATED,-120.27691650390625,36.303333282470703
91243808,2020,2020-05-29,9435,2020-05-18,1340,016860,,1,1,9,1000,0,1,3,,1,169,"STATE ROUTE 168","BALSAM SNO-PARK",4752.00,E,N,D,-,Y,,,168,,,,,,,Y,2,0,1,2,A,-,03,22350,,N,D,C,A,C,H,-,A,D,0,,,,,Y,,A,07,1,0,0,0,0,0,0,0,0,"- ","- ",37.156879425048828,-119.22728729248047,FRESNO,UNINCORPORATED,-119.22728729248047,37.156875610351562
91243928,2019,2020-05-28,9435,2019-11-06,1505,020122,,3,2,9,1000,0,3,5,,2,040,"COLORADO ROAD","SUMNER AVENUE",0.00,,Y,A,-,N,,,,,,,,,,Y,1,2,3,3,A,-,01,23152,F,N,C,C,A,A,H,-,A,D,0,,,,,Y,,A,07,1,0,2,0,0,0,0,0,0,"- ","- ",36.624660491943359,-120.21343994140625,FRESNO,UNINCORPORATED,-120.21359252929688,36.624759674072266
91246417,2020,2020-06-02,9435,2020-05-21,1359,019548,,4,1,9,1000,0,3,5,,2,050,"LITTLEFIELD ROAD","STATE ROUTE 168",160.00,S,N,A,-,N,,,,,,,,,,Y,2,0,1,1,A,-,03,22350,,N,E,I,A,A,H,-,A,D,0,,,,,Y,,A,01,1,0,0,0,0,0,0,0,0,"- ","- ",37.079219818115234,-119.33444976806641,FRESNO,UNINCORPORATED,-119.33447265625,37.079280853271484
91251440,2020,2020-06-12,9435,2020-05-19,1125,014363,,2,1,9,1000,0,3,5,,2,015,"LINCOLN AVENUE","CEDAR AVENUE",0.00,,Y,A,-,N,,,,,,,,,,Y,2,0,1,2,A,-,09,21802,A,N,D,C,A,A,H,-,A,D,0,,,,,Y,,D,22,1,0,0,0,0,0,0,0,0,"- ","- ",36.648849487304688,-119.75480651855469,FRESNO,UNINCORPORATED,-119.75480651855469,36.648849487304688
91252875,2020,2020-06-16,9495,2020-05-31,0505,021029,,7,3,9,1000,0,1,1,,2,002,"INTERSTATE 5 SOUTHBOUND","TUOLUMNE AVENUE O/C",7392.00,N,N,A,-,Y,,,5,,,,,,S,Y,2,0,2,2,A,-,03,22350,,N,C,C,A,A,H,-,B,D,0,,,,,Y,,A,01,1,1,0,0,0,0,0,0,0,"- ","- ",36.347660064697266,-120.31562805175781,FRESNO,UNINCORPORATED,-120.31562042236328,36.347671508789062
91254617,2020,2020-06-19,9435,2020-06-16,0035,016507,,2,3,9,1000,0,3,5,,2,060,"GEORGE SMITH ROAD","BRONCO LANE",1584.00,N,N,A,-,N,,,,,,,,,,Y,2,0,1,1,C,-,18,,,N,H,H,A,A,H,-,D,D,0,,,Y,,Y,,-,"- ",1,0,0,0,0,0,0,0,1,"- ","- ",36.695411682128906,-119.24801635742188,FRESNO,UNINCORPORATED,-119.24205780029297,36.694011688232422
91254660,2020,2020-06-19,9435,2020-05-24,1013,016860,,7,1,9,1000,0,1,3,,1,169,"STATE ROUTE 168","OAK VIEW LANE",528.00,E,N,A,-,Y,,,168,,,,,,,Y,2,0,1,1,A,-,03,22350,,N,F,A,A,A,H,-,A,D,0,,,Y,,Y,,C,02,1,0,0,0,0,0,0,0,1,"- ","- ",36.974380493164062,-119.52689361572266,FRESNO,UNINCORPORATED,-119.52693939208984,36.974380493164062
91255828,2020,2020-06-23,9435,2020-06-14,0217,018944,,7,3,9,1000,0,3,5,,2,034,"HELM AVENUE","HUNTINGTON BOULEVARD",0.00,,Y,A,-,N,,,,,,,,,,Y,2,0,2,1,A,-,01,23152,A,F,E,I,A,A,H,-,C,D,0,,,,,Y,Y,A,07,1,1,0,0,0,0,0,0,0,"- ","- ",36.739540100097656,-119.722900390625,FRESNO,UNINCORPORATED,-119.72286987304688,36.739551544189453
91257048,2020,2020-06-24,9495,2020-06-13,1645,021029,,6,2,9,1000,0,3,5,,2,053,"JAYNE AVENUE","SUTTER AVENUE",1584.00,E,N,A,-,N,,,,,,,,,,Y,2,0,1,2,A,-,05,21650,,N,A,C,A,A,H,-,A,D,0,,,,Y,Y,,D,22,1,0,0,0,0,0,0,0,0,"- ","- ",36.137538909912109,-120.19394683837891,FRESNO,UNINCORPORATED,-120.19490051269531,36.137569427490234
91257218,2020,2020-06-25,9435,2020-06-16,1620,018860,,2,2,9,1000,0,3,5,,2,015,"LINCOLN AVENUE","CEDAR AVENUE",0.00,,Y,A,-,N,,,,,,,,,,Y,2,0,1,2,A,-,09,21802,A,N,D,C,A,A,H,-,A,A,0,,,,,Y,,A,01,1,0,0,0,0,0,0,0,0,"- ","- ",36.656131744384766,-119.75479125976562,FRESNO,UNINCORPORATED,-119.75480651855469,36.648849487304688
91259078,2020,2020-06-26,9435,2020-06-19,1950,020942,,5,2,9,1000,0,1,3,,1,168,"STATE ROUTE 168, WESTBOUND","SHEPHERD AVENUE",25.00,E,N,A,-,Y,,,168,,,,,,W,Y,2,0,3,2,A,-,03,22350,,N,C,C,A,A,H,-,B,A,0,,,,,Y,,D,22,1,0,2,0,0,0,0,0,0,"- ","- ",36.865489959716797,-119.62455749511719,FRESNO,UNINCORPORATED,-119.62456512451172,36.865505218505859
91260842,2020,2020-06-30,9435,2020-06-22,0743,015026,,1,1,9,1000,0,3,5,,2,025,"FRIANT ROAD","WILLOW AVENUE",121.00,N,N,A,-,N,,,,,,,,,,N,2,0,1,2,A,-,03,22350,,N,C,G,A,A,H,-,A,D,0,,Y,,,Y,,L,04,1,0,0,0,0,0,1,0,0,"- ","- ",36.921489715576172,-119.73342132568359,FRESNO,UNINCORPORATED,-119.73353576660156,36.921413421630859
91261031,2020,2020-06-30,9435,2020-05-26,2120,018914,,2,2,9,1000,0,3,5,,2,034,"JENSEN AVENUE","CLOVIS AVENUE",655.00,E,N,A,-,N,,,,,,,,,,N,2,0,1,2,D,-,00,,,N,B,B,E,A,H,-,D,D,0,Y,,,,Y,,-,"- ",1,0,0,0,1,0,0,0,0,"- ","- ",36.707500457763672,-119.69760131835938,FRESNO,UNINCORPORATED,-119.69788360595703,36.707401275634766
91261192,2020,2020-06-30,9435,2020-06-22,1618,020095,,1,2,9,1000,0,3,5,,2,050,"SR-168 W/B","GOOSEBERRY LN",3250.00,W,N,A,-,Y,,,168,,,,,,W,Y,2,0,1,1,A,-,03,22350,,N,F,I,A,A,H,-,A,D,0,,,Y,,Y,,C,02,1,0,0,0,0,0,0,0,1,"- ","- ",37.008831024169922,-119.52881622314453,FRESNO,UNINCORPORATED,-119.52882385253906,37.008831024169922
91261637,2020,2020-07-01,9435,2020-06-09,2110,020095,,2,2,9,1000,0,3,5,,2,015,"JENSEN AVE","WEST AVE",2200.00,W,N,A,-,N,,,,,,,,,,Y,2,0,2,2,A,-,03,22350,,N,C,C,A,A,H,-,D,D,0,,,,,Y,,A,01,2,0,0,0,0,0,0,0,0,"- ","- ",36.706691741943359,-119.83447265625,FRESNO,UNINCORPORATED,-119.56841278076172,36.706779479980469
91262741,2020,2020-07-03,9435,2020-05-31,2025,021031,,7,2,9,1000,0,3,5,,2,040,"KINGS RIVER","EXCELSIOR AVENUE",792.00,N,N,A,-,N,,,,,,,,,,N,2,0,1,1,A,-,03,22350,,N,F,A,A,A,G,-,D,D,0,,,Y,,Y,,C,06,1,0,0,0,0,0,0,0,1,"- ","- ",36.4044189453125,-119.75147247314453,FRESNO,UNINCORPORATED,-119.75147247314453,36.4044189453125
91263307,2020,2020-07-06,9435,2020-06-27,0200,020193,,6,3,9,1000,0,3,5,,2,030,"TEMPERANCE AVENUE","EAST TULARE AVENUE",400.00,S,N,A,-,N,,,,,,,,,,Y,2,0,1,1,A,-,08,22107,,N,F,A,A,A,H,-,C,D,0,,,,,Y,,A,01,1,0,0,0,0,0,0,0,0,"- ","- ",36.742519378662109,-119.66403961181641,FRESNO,UNINCORPORATED,-119.66403198242188,36.742530822753906
91264382,2020,2020-07-08,9435,2020-06-23,0637,019263,,2,1,9,1000,0,1,3,,1,169,"STATE ROUTE 168","WILDFLOWER LANE",1056.00,E,N,A,-,Y,,,168,,,,,,,Y,2,0,2,2,A,-,05,21460,A,N,A,C,A,A,H,-,A,D,0,,,,,Y,,A,01,1,1,0,0,0,0,0,0,0,"- ","- ",37.002040863037109,-119.52742004394531,FRESNO,UNINCORPORATED,-119.52730560302734,37.002098083496094
91266472,2020,2020-07-10,9435,2020-07-02,0515,020854,,4,3,9,1000,0,3,5,,2,034,"SMITH AVENUE","ROSE AVENUE",0.00,,Y,A,-,N,,,,,,,,,,Y,2,0,3,2,A,-,12,22450,A,N,D,C,A,A,H,-,D,A,0,,,,,Y,,E,22,2,1,0,0,0,0,0,0,0,"- ","- ",36.56842041015625,-119.50302124023438,FRESNO,UNINCORPORATED,-119.50302886962891,36.568408966064453
91267755,2020,2020-07-13,9495,2020-06-24,1842,020021,,3,2,9,1000,0,1,1,,2,001,"INTERSTATE 5 NORTHBOUND","ARROYO HONDO",235.00,S,N,A,-,Y,,,5,,,,,,N,Y,2,0,3,1,A,-,08,22107,,N,E,I,A,A,H,-,A,D,0,,,,,Y,,D,22,3,0,0,0,0,0,0,0,0,"- ","- ",36.478771209716797,-120.43383026123047,FRESNO,UNINCORPORATED,-120.43370819091797,36.478870391845703
91269251,2020,2020-07-15,9435,2020-05-14,1000,014363,,4,1,9,1000,0,3,5,,2,034,"MAPLE AVENUE","JENSEN AVENUE",60.00,S,N,A,-,N,,,,,,,,,,Y,2,0,1,2,A,-,01,23152,A,N,E,C,A,A,H,-,A,A,0,,,,,Y,Y,A,01,1,0,0,0,0,0,0,0,0,"- ","- ",36.706501007080078,-119.74555206298828,FRESNO,UNINCORPORATED,-119.74562072753906,36.706733703613281
91270575,2020,2020-07-17,9435,2020-07-10,0735,020871,,5,1,9,1000,0,1,3,,1,411,"STATE ROUTE 41 NORTHBOUND","ADAMS AVENUE",25.00,S,N,A,-,Y,,,41,,,,,,N,Y,2,0,1,2,A,-,03,22350,,N,C,C,A,A,H,-,A,A,0,,,,,Y,,D,22,1,0,0,0,0,0,0,0,0,"- ","- ",36.634128570556641,-119.78579711914062,FRESNO,UNINCORPORATED,-119.78595733642578,36.634128570556641
91271038,2020,2020-07-20,9435,2020-07-09,0750,014363,,4,1,9,1000,0,3,5,,2,034,"LEONARD AVENUE","MANNING AVENUE",0.00,,Y,A,-,N,,,,,,,,,,Y,2,0,2,2,A,-,09,21802,A,N,D,C,A,A,H,-,A,A,0,,,,,Y,,A,01,1,1,0,0,0,0,0,0,0,"- ","- ",36.605251312255859,-119.63751983642578,FRESNO,UNINCORPORATED,-119.63748931884766,36.605350494384766
91271452,2020,2020-07-24,9435,2020-07-19,0748,016860,,7,1,9,1000,0,1,3,,1,169,"STATE ROUTE 168","GOOSEBERRY LANE",380.00,W,N,A,-,Y,,,168,,,,,,,Y,2,0,1,1,A,-,01,23152,A,N,E,I,A,A,H,-,A,D,0,,,,,Y,Y,A,07,1,0,0,0,0,0,0,0,0,"- ","- ",37.016620635986328,-119.52558898925781,FRESNO,UNINCORPORATED,-119.52561950683594,37.016582489013672
91274333,2020,2020-07-27,9435,2020-07-17,1320,020871,,5,1,9,1000,0,1,3,,2,184,"STATE ROUTE 180","PIEDRA ROAD",1056.00,E,N,A,-,Y,,,180,,,,,,,Y,2,0,1,1,A,-,03,22350,,N,F,A,A,A,D,-,A,A,0,,,Y,,Y,,C,02,1,0,0,0,0,0,0,0,1,"- ","- ",36.727531433105469,-119.46212005615234,FRESNO,UNINCORPORATED,-119.46239471435547,36.727169036865234
91274730,2020,2020-07-27,9435,2020-07-15,0525,018823,,3,3,9,1000,0,3,5,,2,015,"CALIFORNIA AVE","GRANTLAND AVE",528.00,W,N,A,-,N,,,,,,,,,,Y,2,0,1,1,A,-,08,22107,,N,E,I,A,A,H,-,D,D,0,,,,,Y,,A,01,1,0,0,0,0,0,0,0,0,"- ","- ",36.720798492431641,-119.91829681396484,FRESNO,UNINCORPORATED,-119.91829681396484,36.720775604248047
91275957,2020,2020-07-28,9435,2020-03-13,0140,021202,,5,3,9,1000,0,3,5,,2,025,"MILLERTON ROAD","VIA BELLAGIO",913.00,W,N,A,-,N,,,,,,,,,,Y,1,4,2,2,A,-,01,23152,F,N,A,C,A,A,H,-,D,D,0,,,,,Y,,D,22,2,0,0,0,0,0,0,0,0,"- ","- ",36.992538452148438,-119.69915771484375,FRESNO,UNINCORPORATED,-119.69969940185547,36.991920471191406
91276114,2020,2020-07-29,9435,2020-07-09,0425,019523,,4,3,9,1000,0,3,5,,2,020,"SAN MATEO AVENUE","STROUD AVENUE",300.00,S,N,A,-,N,,,,,,,,,,Y,2,0,1,2,A,-,03,22350,,N,C,C,A,A,H,-,D,D,0,,,,,Y,,A,01,1,0,0,0,0,0,0,0,0,"- ","- ",36.522090911865234,-120.316162109375,FRESNO,UNINCORPORATED,-120.31616973876953,36.522125244140625
91276554,2020,2020-07-29,9435,2020-07-18,2043,020481,,6,2,9,1000,0,1,3,,1,412,"STATE ROUTE 41","ELKHORN AVENUE",7392.00,S,N,A,-,Y,,,41,,,,,,,Y,2,0,5,3,A,-,06,21751,,N,A,C,A,A,D,-,D,D,0,,,,,Y,,A,01,2,1,2,0,0,0,0,0,0,"- ","- ",36.469268798828125,-119.79425048828125,FRESNO,UNINCORPORATED,-119.79426574707031,36.469272613525391
91276692,2020,2020-07-29,9435,2020-07-18,1641,018609,,6,2,9,1000,0,3,5,,2,050,"AUBERRY ROAD","CORLEW MOUNTAIN ROAD",1056.00,N,N,A,-,N,,,,,,,,,,Y,2,0,2,4,A,-,05,21460,A,N,A,C,A,A,H,-,A,D,0,,,Y,,Y,,D,22,1,1,0,0,0,0,0,0,2,"- ","- ",37.020439147949219,-119.54512786865234,FRESNO,UNINCORPORATED,-119.54545593261719,37.018939971923828
91276696,2020,2020-07-29,9435,2020-07-23,1724,016860,,4,2,9,1000,0,1,3,,1,169,"STATE ROUTE 168","TOLLHOUSE ROAD",3696.00,W,N,A,-,Y,,,168,,,,,,,Y,2,0,1,1,A,-,08,22107,,N,F,A,A,A,H,-,A,D,0,,,Y,,Y,,C,02,1,0,0,0,0,0,0,0,1,"- ","- ",36.943599700927734,-119.50460815429688,FRESNO,UNINCORPORATED,-119.50462341308594,36.943553924560547
91279024,2020,2020-08-03,9435,2020-07-26,2138,020586,,7,2,9,1000,0,3,5,,2,034,"NORTH AVENUE","CLOVIS AVENUE",0.00,,Y,A,-,N,,,,,,,,,,Y,2,0,1,2,A,-,17,21451,A,N,A,C,A,A,H,-,C,A,0,,,Y,,Y,,A,01,1,0,0,0,0,0,0,0,1,"- ","- ",36.692859649658203,-119.69991302490234,FRESNO,UNINCORPORATED,-119.69995880126953,36.692840576171875
91282994,2020,2020-08-10,9495,2020-07-20,1556,019453,,1,2,9,1000,0,3,5,,2,053,"SAN JOAQUIN AVE","JAYNE AVE",2640.00,S,N,A,-,N,,,,,,,,,,Y,2,0,1,2,A,-,09,21804,A,N,D,C,A,A,H,-,A,D,0,,,Y,,Y,,C,06,1,0,0,0,0,0,0,0,1,"- ","- ",36.129470825195312,-120.3079833984375,FRESNO,UNINCORPORATED,-120.3079833984375,36.129470825195312
91283196,2020,2020-08-10,9461,2020-08-02,2057,019052,,7,2,9,1000,0,3,5,,2,060,"VALERIA AVE","FAIRFAX AVE",0.00,,N,A,-,N,,,,,,,,,,Y,2,0,1,2,A,-,01,23152,A,N,A,C,A,A,H,-,D,D,0,,,,,Y,Y,A,01,1,0,0,0,0,0,0,0,0,"- ","- ",36.981590270996094,-120.56302642822266,FRESNO,UNINCORPORATED,-120.56253814697266,36.981609344482422
91283732,2020,2020-08-10,9435,2020-08-01,1255,016507,,6,1,9,1000,0,1,3,,2,184,"STATE ROUTE 180 (KINGS CANYON ROAD)","COVE AVENUE",3168.00,E,N,A,-,Y,,,180,,,,,,,Y,2,0,1,1,A,-,08,22107,,N,E,I,A,A,H,-,A,D,0,,,,,Y,,A,01,1,0,0,0,0,0,0,0,0,"- ","- ",36.7152099609375,-119.33920288085938,FRESNO,UNINCORPORATED,-119.33921051025391,36.715255737304688
91285279,2020,2020-08-12,9435,2020-07-31,1900,016860,,5,2,9,1000,0,3,5,,2,050,"AUBERRY ROAD","HOKES CORNER LANE",250.00,W,N,A,-,N,,,,,,,,,,Y,2,0,4,2,A,-,01,23152,A,N,A,C,A,A,H,-,A,D,0,,,,,Y,Y,A,01,4,0,0,0,0,0,0,0,0,"- ","- ",37.013931274414062,-119.56520843505859,FRESNO,UNINCORPORATED,-119.56504821777344,37.013931274414062
91286340,2020,2020-08-14,9435,2020-04-17,2150,020193,,5,2,9,1000,0,3,5,,2,040,"FLORAL AVENUE","DEWOLF AVENUE",205.00,W,N,B,-,N,,,,,,,,,,Y,1,1,0,2,A,-,06,21750,A,N,D,C,A,A,H,-,D,D,0,,,Y,,Y,,C,02,0,0,0,0,0,0,0,1,0,"- ","- ",36.576320648193359,-119.64736175537109,FRESNO,UNINCORPORATED,-119.64728546142578,36.576351165771484
91287893,2020,2020-08-18,9435,2020-08-07,0500,021031,,5,3,9,1000,0,3,5,,2,040,"EXCELSIOR AVENUE","MARKS AVENUE",0.00,,Y,A,-,N,,,,,,,,,,Y,2,0,2,2,A,-,12,22450,A,N,D,C,A,A,H,-,B,A,0,,,,,Y,,A,01,1,0,1,0,0,0,0,0,0,"- ","- ",36.402000427246094,-119.85133361816406,FRESNO,UNINCORPORATED,-119.85124206542969,36.402019500732422
91293936,2020,2020-08-27,9435,2020-05-25,0255,020592,,1,3,9,1000,0,1,3,,1,412,"STATE ROUTE 41 NORTHBOUND","CONEJO AVENUE",67.50,N,N,A,-,Y,,,41,,,,,,N,Y,1,2,1,1,A,-,08,22107,,N,E,I,A,A,H,-,C,A,0,,,,,Y,,A,01,1,0,0,0,0,0,0,0,0,"- ","- ",36.518550872802734,-119.78594970703125,FRESNO,UNINCORPORATED,-119.78618621826172,36.518550872802734
91296767,2020,2020-09-01,9435,2020-08-23,0042,021153,,7,3,9,1000,0,1,3,,2,107,"STATE ROUTE 99 (SOUTHBOUND)","SECOND STREET",1690.00,S,N,A,-,Y,,,99,,,,,,,Y,2,0,2,3,A,-,01,23152,A,N,F,J,A,A,D,-,D,A,0,,,,,Y,Y,A,01,1,0,1,0,0,0,0,0,0,"- ","- ",36.560199737548828,-119.61184692382812,FRESNO,UNINCORPORATED,-119.61182403564453,36.560226440429688
91298031,2020,2020-09-02,9435,2020-08-08,0614,018609,,6,1,9,1000,0,3,5,,2,050,"MILLERTON ROAD","FERGUSON ROAD",528.00,E,N,A,-,N,,,,,,,,,,Y,2,0,2,1,A,-,01,23152,A,N,E,I,A,A,H,-,A,D,0,,,,,Y,Y,A,07,1,1,0,0,0,0,0,0,0,"- ","- ",36.969051361083984,-119.59562683105469,FRESNO,UNINCORPORATED,-119.59546661376953,36.968997955322266
91299049,2020,2020-09-04,9435,2020-07-10,2100,021247,,5,2,9,1000,0,3,5,,2,010,"SHAW AVENUE","GOLDENROD AVENUE",1200.00,E,N,A,-,N,,,,,,,,,,Y,1,1,0,1,A,-,01,23152,A,N,E,I,A,A,H,-,D,D,0,,,,,Y,Y,A,01,0,0,0,0,0,0,0,0,0,"- ","- ",36.807769775390625,-120.03912353515625,FRESNO,UNINCORPORATED,-120.03865051269531,36.807704925537109
91299201,2020,2020-09-04,9461,2020-08-27,0600,014933,,4,1,9,1000,0,3,5,,2,060,"CALIFORNIA AVE.","OHIO AVE.",0.00,,Y,A,-,N,,,,,,,,,,Y,2,0,1,2,A,-,05,21460,C,N,D,C,A,A,H,-,B,A,0,,,,,Y,,A,01,1,0,0,0,0,0,0,0,0,"- ","- ",36.720050811767578,-120.40529632568359,FRESNO,UNINCORPORATED,-120.40531158447266,36.720050811767578
91300608,2020,2020-09-08,9435,2020-08-30,0106,020680,,7,3,9,1000,0,1,3,,1,168,"SR-168 E/B TO SHAW AVE.","SHAW AVE",480.00,W,N,A,-,Y,,,,,,,,,,Y,2,0,1,1,A,-,03,22350,,N,E,I,A,A,H,-,C,D,0,,,Y,,Y,,C,02,1,0,0,0,0,0,0,0,1,"- ","- ",36.806819915771484,-119.73454284667969,FRESNO,UNINCORPORATED,-119.73435974121094,36.807395935058594
91303855,2020,2020-09-14,9435,2020-09-05,0105,020592,,6,3,7,1005,0,1,3,,2,410,"STATE ROUTE 41","MCKINLEY AVENUE",105.00,N,N,A,-,Y,,,41,,,,,,,Y,2,0,1,2,A,-,01,23152,A,N,C,C,A,A,H,-,D,D,0,,,,,Y,Y,A,01,1,0,0,0,0,0,0,0,0,"- ","- ",36.765659332275391,-119.77735900878906,FRESNO,FRESNO,-119.77734375,36.765682220458984
91305252,2020,2020-09-15,9495,2020-09-07,0625,020332,,1,1,9,1000,0,3,5,,2,053,"GALE AVENUE","BUTTE AVENUE",6336.00,E,N,F,-,N,,,,,,,,,,Y,2,0,2,2,A,-,06,21751,,N,A,C,A,A,H,-,B,D,0,,,,,Y,,A,01,2,0,0,0,0,0,0,0,0,"- ","- ",36.181221008300781,-120.14682769775391,FRESNO,UNINCORPORATED,-120.13542175292969,36.181266784667969
91307259,2020,2020-09-18,9435,2020-08-01,1701,020942,,6,2,7,1005,0,1,3,,2,181,"STATE ROUTE 180, WESTBOUND","FRESNO STREET",146.00,E,N,A,-,Y,,,180,,,,,,W,Y,1,1,0,1,A,-,08,22107,,N,E,I,A,A,H,-,A,D,0,,,,,Y,,A,01,0,0,0,0,0,0,0,0,0,"- ","- ",36.753799438476562,-119.78093719482422,FRESNO,FRESNO,-119.78095245361328,36.753864288330078