CASE_ID,ACCIDENT_YEAR,PROC_DATE,JURIS,COLLISION_DATE,COLLISION_TIME,OFFICER_ID,REPORTING_DISTRICT,DAY_OF_WEEK,CHP_SHIFT,POPULATION,CNTY_CITY_LOC,SPECIAL_COND,BEAT_TYPE,CHP_BEAT_TYPE,CITY_DIVISION_LAPD,CHP_BEAT_CLASS,BEAT_NUMBER,PRIMARY_RD,SECONDARY_RD,DISTANCE,DIRECTION,INTERSECTION,WEATHER_1,WEATHER_2,STATE_HWY_IND,CALTRANS_COUNTY,CALTRANS_DISTRICT,STATE_ROUTE,ROUTE_SUFFIX,POSTMILE_PREFIX,POSTMILE,LOCATION_TYPE,RAMP_INTERSECTION,SIDE_OF_HWY,TOW_AWAY,COLLISION_SEVERITY,NUMBER_KILLED,NUMBER_INJURED,PARTY_COUNT,PRIMARY_COLL_FACTOR,PCF_CODE_OF_VIOL,PCF_VIOL_CATEGORY,PCF_VIOLATION,PCF_VIOL_SUBSECTION,HIT_AND_RUN,TYPE_OF_COLLISION,MVIW,PED_ACTION,ROAD_SURFACE,ROAD_COND_1,ROAD_COND_2,LIGHTING,CONTROL_DEVICE,CHP_ROAD_TYPE,PEDESTRIAN_ACCIDENT,BICYCLE_ACCIDENT,MOTORCYCLE_ACCIDENT,TRUCK_ACCIDENT,NOT_PRIVATE_PROPERTY,ALCOHOL_INVOLVED,STWD_VEHTYPE_AT_FAULT,CHP_VEHTYPE_AT_FAULT,COUNT_SEVERE_INJ,COUNT_VISIBLE_INJ,COUNT_COMPLAINT_PAIN,COUNT_PED_KILLED,COUNT_PED_INJURED,COUNT_BICYCLIST_KILLED,COUNT_BICYCLIST_INJURED,COUNT_MC_KILLED,COUNT_MC_INJURED,PRIMARY_RAMP,SECONDARY_RAMP,LATITUDE,LONGITUDE,COUNTY,CITY,POINT_X,POINT_Y
91307300,2020,2020-09-18,9435,2020-06-28,0230,020540,,7,3,9,1000,0,1,3,,2,184,"STATE ROUTE 180","PIEDRA ROAD",1148.00,E,N,A,-,Y,,,180,,,,,,,Y,1,1,0,2,A,-,11,21954,A,F,G,B,E,A,D,-,D,D,0,Y,,,,Y,Y,N,60,0,0,0,1,0,0,0,0,0,"- ","- ",36.728141784667969,-119.46337127685547,FRESNO,UNINCORPORATED,-119.4635009765625,36.727832794189453
91307518,2020,2020-09-18,9435,2020-08-06,1701,020429,,4,2,9,1000,0,3,5,,2,060,"MANNING AVENUE","JACOBS AVENUE",0.00,,Y,A,-,N,,,,,,,,,,Y,1,1,1,2,A,-,09,21802,A,N,D,C,A,A,H,-,A,A,0,,,,,Y,,A,01,0,1,0,0,0,0,0,0,0,"- ","- ",36.602828979492188,-119.31378936767578,FRESNO,UNINCORPORATED,-119.31381988525391,36.602821350097656
91308456,2020,2020-09-21,9435,2020-09-13,2110,021165,,7,2,7,1005,0,3,5,,2,034,"EASTBOUND CENTRAL AVENUE","MCCALL AVE",1347.00,E,N,A,-,N,,,,,,,,,,Y,2,0,1,1,A,-,08,22107,,N,E,I,A,A,H,-,D,D,0,,,,,Y,,D,22,1,0,0,0,0,0,0,0,0,"- ","- ",36.67755126953125,-119.60581970214844,FRESNO,FRESNO,-119.60585784912109,36.677619934082031
91309036,2020,2020-09-22,9461,2020-09-19,1207,017329,,6,1,9,1000,0,2,4,,1,610,"FAIRFAX AVENUE","DELTA MENDOTA CANAL",3696.00,N,N,A,-,N,,,,,,,,,,Y,2,0,1,1,A,-,08,22107,,N,E,I,A,A,H,-,A,D,0,,,,,Y,,A,01,1,0,0,0,0,0,0,0,0,"- ","- ",36.884479522705078,-120.56340026855469,FRESNO,UNINCORPORATED,-120.56324005126953,36.884483337402344
91312443,2020,2020-09-25,9435,2020-09-23,1657,020429,,3,2,9,1000,0,3,5,,2,060,"STATE ROUTE 63","ANCHOR AVENUE",2300.00,S,N,A,-,Y,,,63,,,,,,,Y,2,0,2,1,A,-,08,22107,,N,E,I,A,A,H,-,A,D,0,,,,,Y,,A,01,2,0,0,0,0,0,0,0,0,"- ","- ",36.680320739746094,-119.30435943603516,FRESNO,UNINCORPORATED,-119.30450439453125,36.680320739746094
91312856,2020,2020-09-28,9435,2020-09-20,0440,019603,,7,3,9,1000,0,3,5,,2,025,"MILLERTON ROAD","WINCHELL COVE ROAD",3890.00,W,N,A,-,N,,,,,,,,,,Y,2,0,1,1,A,-,03,22350,,N,F,A,A,A,H,-,D,D,0,,,Y,,Y,,C,02,1,0,0,0,0,0,0,0,1,"- ","- ",36.985660552978516,-119.67292022705078,FRESNO,UNINCORPORATED,-119.67252349853516,36.98553466796875
91313158,2020,2021-03-01,9461,2020-09-05,1035,017329,,6,1,9,1000,0,1,3,,1,604,SR-33,"PANOCHE ROAD",0.00,,Y,A,-,Y,,,33,,,,,,,Y,2,0,2,3,A,-,09,21802,A,F,A,C,A,A,H,-,A,A,0,,,,Y,Y,,G,25,2,0,0,0,0,0,0,0,0,"- ","- ",36.720649719238281,-120.38722229003906,FRESNO,UNINCORPORATED,-120.38717651367188,36.720649719238281
91315991,2020,2020-10-01,9435,2020-09-21,1150,018609,,1,1,9,1000,0,3,5,,2,010,"SANTA ANA AVENUE","MAROA AVENUE",310.00,W,N,A,-,N,,,,,,,,,,Y,2,0,2,2,A,-,03,22350,,N,E,J,A,A,H,-,A,D,0,,,,,Y,,A,07,2,0,0,0,0,0,0,0,0,"- ","- ",36.804889678955078,-119.80059051513672,FRESNO,UNINCORPORATED,-119.80052185058594,36.804836273193359
91316077,2020,2020-10-01,9435,2020-07-14,2120,018892,,2,2,9,1000,0,3,5,,2,020,"CORNELIA AVENUE","MANNING AVENUE",0.00,,Y,A,-,N,,,,,,,,,,Y,1,3,2,2,A,-,12,22450,A,N,D,C,A,A,H,-,D,A,0,,,,Y,Y,,A,01,2,0,0,0,0,0,0,0,0,"- ","- ",36.604850769042969,-119.88083648681641,FRESNO,UNINCORPORATED,-119.88082885742188,36.6048583984375
91316315,2020,2020-10-02,9435,2020-09-25,0706,020122,,5,1,9,1000,0,3,5,,2,040,"ELKHORN AVENUE","CORNELIA AVENUE",1000.00,W,N,A,-,N,,,,,,,,,,Y,2,0,2,2,A,-,03,22350,,N,C,C,A,A,H,-,B,D,0,,,,,Y,,A,01,1,1,0,0,0,0,0,0,0,"- ","- ",36.4888916015625,-119.89540100097656,FRESNO,UNINCORPORATED,-119.89073181152344,36.488941192626953
91321216,2020,2020-10-09,9435,2020-08-19,1338,020078,,3,1,9,1000,0,1,3,,1,180,"STATE ROUTE 180","CHATEAU FRESNO AVENUE",0.00,,Y,A,-,Y,,,180,,,,,,,Y,1,2,0,2,A,-,08,22107,,N,A,C,A,A,H,-,A,D,0,,,,Y,Y,,G,25,0,0,0,0,0,0,0,0,0,"- ","- ",36.735191345214844,-119.93431854248047,FRESNO,UNINCORPORATED,-119.93431854248047,36.735214233398438
91321298,2020,2020-10-12,9435,2020-10-02,1235,018926,,5,1,9,1000,0,3,5,,2,034,"WILLOW AVENUE","ANNADALE AVENUE",0.00,,Y,A,-,N,,,,,,,,,,Y,2,0,1,2,A,-,09,21801,A,N,A,C,A,A,H,-,A,D,0,,,Y,,Y,,A,07,1,0,0,0,0,0,0,0,1,"- ","- ",36.700111389160156,-119.72743988037109,FRESNO,UNINCORPORATED,-119.72733306884766,36.700038909912109
91322365,2020,2020-10-12,9435,2020-08-08,2001,020078,,6,2,9,1000,0,3,5,,2,025,"ACADEMY AVENUE","SHAW AVENUE",653.00,N,N,A,-,N,,,,,,,,,,Y,1,1,0,1,A,-,01,23152,A,N,E,J,A,A,H,-,A,D,0,,,Y,,Y,Y,C,02,0,0,0,0,0,0,0,1,0,"- ","- ",36.809959411621094,-119.55603790283203,FRESNO,UNINCORPORATED,-119.55599975585938,36.809902191162109
91323798,2020,2020-10-14,9435,2020-06-27,1605,020942,,6,2,9,1000,0,3,5,,2,025,"FRIANT ROAD","OLD FRIANT ROAD",1584.00,S,N,A,-,N,,,,,,,,,,Y,1,1,4,2,A,-,03,22350,,F,B,C,A,A,H,-,A,D,0,,,,,Y,Y,A,01,1,3,0,0,0,0,0,0,0,"- ","- ",36.909099578857422,-119.74829864501953,FRESNO,UNINCORPORATED,-119.77059936523438,36.893295288085938
91326404,2020,2020-10-19,9435,2020-10-07,1740,020481,,3,2,9,1000,0,1,3,,2,107,"STATE ROUTE 99 SOUTHBOUND","SECOND STREET",1320.00,S,N,A,-,Y,,,,,,,,,,Y,2,0,1,2,A,-,03,22350,,F,C,C,A,A,D,-,E,D,0,,,,,Y,,A,07,1,0,0,0,0,0,0,0,0,"- ","- ",36.561149597167969,-119.61266326904297,FRESNO,UNINCORPORATED,-119.61289215087891,36.561138153076172
91327234,2020,2020-10-20,9435,2020-10-11,1608,020540,,7,2,9,1000,0,3,5,,2,060,"BUTTONWILLOW AVENUE","CENTRAL AVENUE",0.00,,Y,A,-,N,,,,,,,,,,Y,2,0,2,1,A,-,01,23152,A,N,E,I,A,A,H,-,A,A,0,,,,,Y,Y,A,01,2,0,0,0,0,0,0,0,0,"- ","- ",36.676719665527344,-119.43055725097656,FRESNO,UNINCORPORATED,-119.43055725097656,36.676631927490234
91328100,2020,2020-10-21,9435,2020-10-04,1418,019548,,7,2,9,1000,0,3,5,,2,050,"AUBERRY ROAD","MILLERTON RD",1162.00,N,N,A,-,N,,,,,,,,,,Y,2,0,1,2,A,-,01,23152,A,N,D,C,A,A,H,-,A,D,0,,,Y,,Y,Y,A,01,1,0,0,0,0,0,0,0,1,"- ","- ",36.970859527587891,-119.60928344726562,FRESNO,UNINCORPORATED,-119.62088012695312,36.971218109130859
91329388,2020,2020-10-22,9435,2020-08-19,0200,020854,,3,3,9,1000,0,3,5,,2,015,"JENSEN AVENUE","BLYTHE AVENUE",528.00,E,N,A,-,N,,,,,,,,,,Y,1,1,0,2,A,-,08,22107,,N,A,C,A,A,H,-,D,D,0,,,,Y,Y,,A,01,0,0,0,0,0,0,0,0,0,"- ","- ",36.706508636474609,-119.86927795410156,FRESNO,UNINCORPORATED,-119.86966705322266,36.706466674804688
91329722,2020,2020-10-22,9435,2020-10-12,1115,014363,,1,1,9,1000,0,3,5,,2,034,"NEBRASKA AVENUE","CHERRY AVENUE",640.00,E,N,A,-,N,,,,,,,,,,Y,2,0,1,1,A,-,08,22107,,N,F,A,A,A,H,-,A,D,0,,,,,Y,,A,01,1,0,0,0,0,0,0,0,0,"- ","- ",35.561908721923828,-119.77964782714844,FRESNO,UNINCORPORATED,-119.77972412109375,36.561836242675781
91332265,2020,2020-10-27,9435,2020-10-17,1215,016507,,6,1,9,1000,0,3,5,,2,060,"MANNING AVENUE","CRAWFORD AVENUE",0.00,,Y,A,-,N,,,,,,,,,,Y,2,0,2,2,A,-,12,22450,A,N,A,C,A,A,H,-,A,A,0,,,,,Y,,A,01,1,1,0,0,0,0,0,0,0,"- ","- ",36.603668212890625,-119.37670135498047,FRESNO,UNINCORPORATED,-119.37670135498047,36.603691101074219
91332608,2020,2020-10-27,9435,2020-10-12,0550,014547,,1,3,9,1000,0,3,5,,2,030,"OLIVE AVENUE","SUNNYSIDE AVENUE",0.00,,Y,A,-,N,,,,,,,,,,Y,2,0,2,2,A,-,03,22350,,N,D,C,A,A,H,-,D,A,0,,,,Y,Y,,A,01,1,0,1,0,0,0,0,0,0,"- ","- ",36.757461547851562,-119.69110870361328,FRESNO,UNINCORPORATED,-119.69113159179688,36.757488250732422
91333249,2020,2021-01-08,9435,2020-10-21,0755,018926,,3,1,9,1000,0,3,5,,2,010,"BELMONT AVENUE","GRANTLAND AVENUE",0.00,,Y,A,-,N,,,,,,,,,,Y,1,1,4,2,A,-,09,21802,A,N,D,C,A,A,H,-,A,D,0,,,,,Y,,E,22,3,1,0,0,0,0,0,0,0,"- ","- ",36.749839782714844,-119.91618347167969,FRESNO,UNINCORPORATED,-119.91619110107422,36.749858856201172
91337409,2020,2020-11-03,9435,2020-10-23,1656,021178,,5,2,9,1000,0,3,5,,2,060,"DUNLAP ROAD","HOPEWELL ROAD",240.00,N,N,A,-,N,,,,,,,,,,Y,2,0,2,1,A,-,08,22107,,N,F,A,A,A,H,-,A,D,0,,,,,Y,,A,01,1,1,0,0,0,0,0,0,0,"- ","- ",36.746410369873047,-119.16371917724609,FRESNO,UNINCORPORATED,-119.16333770751953,36.746044158935547
91338675,2020,2020-11-04,9435,2020-10-26,1333,020836,,1,1,7,1005,0,1,3,,2,410,"SR-41 S/B TO SR-99 S/B","CHURCH AVENUE",780.00,N,N,A,-,Y,,,41,,,,R,,S,Y,2,0,1,1,A,-,08,22107,,N,F,A,A,A,H,-,A,D,0,,,,,Y,,A,07,1,0,0,0,0,0,0,0,0,"- ","- ",36.715049743652344,-119.78244781494141,FRESNO,FRESNO,-119.78244781494141,36.715049743652344
91338807,2020,2020-11-04,9435,2020-10-27,1335,021178,,2,1,9,1000,0,3,5,,2,020,"NEBRASKA AVE","WALNUT AVE",0.00,,Y,A,-,N,,,,,,,,,,Y,2,0,2,2,A,-,09,21802,A,F,D,C,A,A,H,-,A,A,0,,,,,Y,,A,07,1,1,0,0,0,0,0,0,0,"- ","- ",36.561820983886719,-119.80886077880859,FRESNO,UNINCORPORATED,-119.80886840820312,36.561790466308594
91339130,2020,2020-11-04,9435,2020-10-23,0540,014547,,5,3,9,1000,0,3,5,,2,025,"FRIANT ROAD","FRIANT FRONTAGE ROAD",1056.00,S,N,A,-,N,,,,,,,,,,Y,2,0,1,1,A,-,03,22350,,N,E,J,A,A,H,-,D,D,0,,,Y,,Y,,C,02,1,0,0,0,0,0,0,0,1,"- ","- ",36.963748931884766,-119.72870635986328,FRESNO,UNINCORPORATED,-119.72856903076172,36.963401794433594
91342089,2020,2020-11-09,9435,2020-11-01,0055,020387,,7,3,9,1000,0,1,3,,1,183,"SR-180 WESTBOUND","TRIMMER SPRINGS RD.",564.00,E,N,A,-,Y,,,180,,,,,,W,Y,2,0,1,1,A,-,01,23152,A,N,E,I,A,A,H,-,D,D,0,,,,,Y,Y,A,01,1,0,0,0,0,0,0,0,0,"- ","- ",36.733589172363281,-119.49285125732422,FRESNO,UNINCORPORATED,-119.49290466308594,36.733192443847656
91342444,2020,2020-11-09,9435,2020-10-12,1635,021148,,1,2,9,1000,0,3,5,,2,034,"CLOVIS AVE","COLUMBIA DR",0.00,,Y,A,-,N,,,,,,,,,,N,2,0,1,2,A,-,07,21658,A,F,B,C,A,A,H,-,A,D,0,,,Y,,Y,,A,01,1,0,0,0,0,0,0,0,1,"- ","- ",36.727260589599609,-119.7000732421875,FRESNO,UNINCORPORATED,-119.70008087158203,36.727069854736328
91344084,2020,2020-11-12,9495,2020-11-04,1132,019733,,3,1,9,1000,0,1,1,,2,001,"INTERSTATE 5 SOUTHBOUND","HUDSON AVENUE O/C",2112.00,N,N,A,-,Y,,,5,,,,,,S,Y,2,0,3,1,A,-,08,22107,,N,E,I,A,A,H,-,A,D,0,,,,,Y,,A,01,1,1,1,0,0,0,0,0,0,"- ","- ",36.584259033203125,-120.55912017822266,FRESNO,UNINCORPORATED,-120.55908966064453,36.584304809570312
91348086,2020,2020-11-18,9435,2020-11-10,1900,017310,,2,2,9,1000,0,3,5,,2,025,"WATTS VALLEY ROAD","PITTMAN HILL ROAD",5280.00,S,N,A,-,N,,,,,,,,,,Y,2,0,1,2,A,-,05,21460,A,N,A,C,A,A,H,-,D,D,0,,,,,Y,,A,01,1,0,0,0,0,0,0,0,0,"- ","- ",36.883869171142578,-119.46620941162109,FRESNO,UNINCORPORATED,-119.46685028076172,36.880062103271484
91351710,2020,2020-11-23,9435,2020-11-14,0020,016507,,6,3,9,1000,0,3,5,,2,060,"BUTTONWILLOW AVENUE","FLORAL AVENUE",1584.00,N,N,A,-,N,,,,,,,,,,Y,2,0,1,1,A,-,08,22107,,N,E,J,A,A,H,-,D,D,0,,,,,Y,,A,01,1,0,0,0,0,0,0,0,0,"- ","- ",36.575080871582031,-119.43070983886719,FRESNO,UNINCORPORATED,-119.43075561523438,36.579486846923828
91354931,2020,2020-11-30,9435,2020-09-22,1732,021148,,2,2,7,1005,0,1,3,,1,168,"SR-168 WESTBOUND TO MCKINLEY AVENUE","MCKINLEY AVENUE",782.00,N,N,A,-,Y,,,168,,,,R,,W,Y,1,1,0,1,A,-,03,22350,,N,E,I,A,A,H,-,A,D,0,,,Y,,Y,,C,02,0,0,0,0,0,0,0,1,0,"- ","- ",36.76715087890625,-119.75006103515625,FRESNO,FRESNO,-119.75006103515625,36.76715087890625
91359383,2020,2020-12-04,9435,2020-11-29,0630,018746,,7,1,9,1000,0,3,5,,2,025,"QUALITY AVENUE","MADSEN AVENUE",12144.00,N,N,A,-,N,,,,,,,,,,Y,2,0,2,1,A,-,03,22350,,N,E,I,A,A,H,-,B,A,0,,,,,Y,,D,22,1,0,1,0,0,0,0,0,0,"- ","- ",36.742820739746094,-119.54263305664062,FRESNO,UNINCORPORATED,,
91361181,2020,2020-12-08,9435,2020-12-01,0050,020062,,2,3,9,1000,0,3,5,,2,040,"DINUBA AVENUE","TEMPERANCE AVENUE",2640.00,E,N,A,-,N,,,,,,,,,,Y,2,0,1,1,A,-,08,22107,,N,E,I,A,A,H,-,D,D,0,,,,,Y,,A,01,1,0,0,0,0,0,0,0,0,"- ","- ",36.590850830078125,-119.65445709228516,FRESNO,UNINCORPORATED,-119.65542602539062,36.590896606445312
91362110,2020,2020-12-09,9435,2020-11-24,2010,021178,,2,2,9,1000,0,3,5,,2,015,"KEARNEY BOULEVARD","CHATEAU FRESNO AVENUE",47.00,E,N,A,-,N,,,,,,,,,,Y,1,1,0,1,A,-,08,22107,,N,E,I,A,A,H,-,D,D,0,,,,,Y,,A,01,0,0,0,0,0,0,0,0,0,"- ","- ",36.727870941162109,-119.93417358398438,FRESNO,UNINCORPORATED,-119.93418121337891,36.727920532226562
91362149,2020,2020-12-09,9435,2020-11-17,1353,019789,,2,1,9,1000,0,3,5,,2,020,"JAMESON AVENUE","NEBRASKA AVENUE",1267.00,N,N,B,-,N,,,,,,,,,,Y,1,1,0,1,A,-,08,22107,,N,F,A,A,A,H,-,A,D,0,,,,,Y,,A,01,0,0,0,0,0,0,0,0,0,"- ","- ",36.565570831298828,-119.98946380615234,FRESNO,UNINCORPORATED,-119.98949432373047,36.564647674560547
91362323,2020,2020-12-09,9435,2020-11-30,0158,021230,,1,3,9,1000,0,3,5,,2,040,"NEBRASKA AVENUE","DE WOLF AVENUE",2112.00,W,N,A,-,N,,,,,,,,,,Y,2,0,1,2,A,-,08,22107,,N,B,C,A,A,H,-,A,D,0,,,,Y,Y,,D,22,1,0,0,0,0,0,0,0,0,"- ","- ",36.561508178710938,-119.65432739257812,FRESNO,UNINCORPORATED,-119.65389251708984,36.561496734619141
91363254,2020,2020-12-10,9435,2020-12-04,1548,021230,,5,2,9,1000,0,3,5,,2,040,"ELM AVENUE","LEWISTON AVENUE",1056.00,N,N,A,-,N,,,,,,,,,,Y,2,0,6,2,A,-,03,22350,,N,C,C,A,A,H,-,A,D,0,,,,,Y,,D,22,1,0,5,0,0,0,0,0,0,"- ","- ",36.412330627441406,-119.79828643798828,FRESNO,UNINCORPORATED,-119.79828643798828,36.412147521972656
91363296,2020,2021-02-10,9435,2020-09-22,0549,018609,,2,3,9,1000,0,1,3,,1,145,"STATE ROUTE 145","ASHLAN AVENUE",500.00,S,N,A,-,Y,,,145,,,,,,,Y,1,1,0,2,A,-,09,21804,A,N,D,C,A,A,H,-,D,D,0,,,,Y,Y,,G,27,0,0,0,0,0,0,0,0,0,"- ","- ",36.791801452636719,-120.06041717529297,FRESNO,UNINCORPORATED,-120.06039428710938,36.791801452636719
91363827,2020,2020-12-10,9435,2020-12-04,1535,020387,,5,2,9,1000,0,3,5,,2,010,"SHIELDS AVE.","DOWER AVE.",0.00,,Y,A,-,N,,,,,,,,,,N,2,0,1,2,A,-,12,22450,A,N,D,C,A,A,H,-,A,A,0,,,,,Y,,M,96,1,0,0,0,0,0,0,0,0,"- ","- ",36.778678894042969,-119.97918701171875,FRESNO,UNINCORPORATED,-119.97914123535156,36.778671264648438
91366863,2020,2021-02-03,9435,2020-11-01,1940,019789,,7,2,9,1000,0,1,3,,2,106,"STATE ROUTE 99 SOUTHBOUND","CENTRAL AVENUE",912.00,N,N,A,-,Y,,,99,,,,,,S,Y,1,1,0,2,A,-,11,21954,A,N,G,B,E,A,H,-,D,D,0,Y,,,,Y,,N,60,0,0,0,1,0,0,0,0,0,"- ","- ",36.679641723632812,-119.74366760253906,FRESNO,UNINCORPORATED,-119.74366760253906,36.679645538330078
91367313,2020,2020-12-15,9435,2020-12-07,1149,014363,,1,1,9,1000,0,1,3,,2,106,"NORTH AVENUE","NEWMARK AVENUE",0.00,,Y,A,-,N,,,,,,,,,,Y,2,0,2,2,A,-,12,22450,A,N,D,C,A,A,H,-,A,A,0,,,,,Y,,A,07,2,0,0,0,0,0,0,0,0,"- ","- ",36.699489593505859,-119.54138946533203,FRESNO,UNINCORPORATED,-119.54277801513672,36.692291259765625
91367585,2020,2020-12-15,9435,2020-12-05,1322,018926,,6,1,9,1000,0,3,5,,2,025,"FANCHER AVENUE","OLIVE AVENUE",29.00,S,N,A,-,N,,,,,,,,,,N,2,0,2,2,A,-,09,21804,A,N,D,C,A,A,H,-,A,D,0,,,,,Y,,M,46,1,1,0,0,0,0,0,0,0,"- ","- ",36.757419586181641,-119.6324462890625,FRESNO,UNINCORPORATED,-119.63245391845703,36.757381439208984
91368535,2020,2020-12-16,9435,2020-12-04,1700,020078,,5,2,9,1000,0,3,5,,2,034,"MANNING AVENUE EASTBOUND","LEONARD AVENUE",0.00,,Y,A,-,N,,,,,,,,,,Y,2,0,1,2,A,-,09,21802,A,N,D,C,A,A,H,-,B,A,0,,,,,Y,,A,07,1,0,0,0,0,0,0,0,0,"- ","- ",36.605239868164062,-119.63754272460938,FRESNO,UNINCORPORATED,-119.63748931884766,36.605350494384766
91368608,2020,2020-12-16,9435,2020-12-09,2125,020871,,3,2,9,1000,0,3,5,,2,034,"JENSEN AVENUE EASTBOUND","MAPLE AVENUE",1056.00,W,N,A,-,N,,,,,,,,,,Y,2,0,1,1,A,-,01,23152,A,N,E,I,A,A,H,-,C,D,0,,,,,Y,Y,A,07,1,0,0,0,0,0,0,0,0,"- ","- ",36.706729888916016,-119.74861907958984,FRESNO,UNINCORPORATED,-119.74922180175781,36.706901550292969
91371375,2020,2020-12-18,9435,2020-11-27,1325,021230,,5,1,9,1000,0,3,5,,2,040,"MOUNT WHITNEY AVENUE","HARLAN AVENUE",315.00,E,N,A,-,N,,,,,,,,,,N,1,1,1,1,C,-,18,,,N,H,H,A,A,H,-,A,D,0,,,Y,,Y,,-,"- ",0,1,0,0,0,0,0,1,1,"- ","- ",36.430809020996094,-119.65363311767578,FRESNO,UNINCORPORATED,-119.65364074707031,36.430843353271484
91372366,2020,2020-12-21,9435,2020-12-13,1720,021148,,7,2,9,1000,0,3,5,,2,050,"AUBERRY RD","MEADOW LN",690.00,W,N,C,E,N,,,,,,,,,,Y,2,0,1,1,A,-,08,22107,,F,E,I,A,B,H,-,D,D,0,,,,,Y,,D,22,1,0,0,0,0,0,0,0,0,"- ","- ",37.083358764648438,-119.42772674560547,FRESNO,UNINCORPORATED,-119.43166351318359,37.085147857666016
91373019,2020,2020-12-22,9435,2020-12-15,1736,020481,,2,2,9,1000,0,3,5,,2,034,"MOUNTAIN VIEW AVENUE","ZEDIKER AVENUE",1320.00,E,N,A,-,N,,,,,,,,,,Y,2,0,1,1,A,-,01,23152,A,N,F,A,A,A,H,-,D,D,0,,,,,Y,Y,A,07,1,0,0,0,0,0,0,0,0,"- ","- ",36.546768188476562,-119.52906036376953,FRESNO,UNINCORPORATED,-119.51680755615234,36.546798706054688
91373440,2020,2020-12-22,9435,2020-10-08,1141,020122,,4,1,9,1000,0,3,5,,2,010,"MCKINLEY AVENUE","GARFIELD AVENUE",0.00,,Y,A,-,N,,,,,,,,,,Y,1,1,1,2,A,-,12,22450,A,N,D,C,A,A,H,-,A,A,0,,,,,Y,,A,01,1,0,0,0,0,0,0,0,0,"- ","- ",36.764301300048828,-119.9251708984375,FRESNO,UNINCORPORATED,-119.9251708984375,36.764270782470703
91373698,2020,2020-12-23,9435,2020-11-16,1220,013793,,1,1,7,1005,0,1,3,,2,410,"STATE ROUTE 41 SOUTHBOUND","ASHLAN AVENUE",1848.00,N,N,A,-,Y,,,41,,,,,,S,Y,1,1,1,1,A,-,01,23152,A,N,F,A,A,A,H,-,A,D,0,,,,,Y,Y,A,01,0,1,0,0,0,0,0,0,0,"- ","- ",36.799308776855469,-119.78549957275391,FRESNO,FRESNO,-119.78547668457031,36.799308776855469
91375049,2020,2020-12-24,9435,2020-10-17,0133,020062,,6,3,7,1005,0,1,3,,2,105,"SR41 SOUTHBOUND TO SR180 EASTBOUND","OLIVE AVENUE",55.00,N,N,A,-,Y,,,41,,,,R,,S,Y,1,1,1,2,A,-,11,21954,A,N,G,B,E,A,H,-,C,D,0,Y,,,,Y,,N,60,1,0,0,1,0,0,0,0,0,"- ","- ",36.757949829101562,-119.77613830566406,FRESNO,FRESNO,-119.77613830566406,36.757949829101562
91375051,2020,2020-12-24,9435,2020-10-28,1520,020078,,3,2,9,1000,0,3,5,,2,040,"CLOVIS AVENUE","DAVIS AVENUE",4.00,S,N,A,-,N,,,,,,,,,,Y,1,1,1,2,A,-,05,21752,D,N,B,C,A,A,H,-,A,D,0,,,,,Y,,D,22,1,0,0,0,0,0,0,0,0,"- ","- ",36.474449157714844,-119.70855712890625,FRESNO,UNINCORPORATED,-119.70852661132812,36.474479675292969
91376933,2020,2020-12-29,9435,2020-11-19,1300,013660,,4,1,9,1000,0,3,5,,2,034,"GOLDEN STATE BOULEVARD SOUTHBOUND","NORTH AVENUE",1901.00,S,N,A,-,N,,,,,,,,,,Y,1,1,2,2,A,-,09,21802,A,N,D,C,A,A,H,-,A,A,0,,,,Y,Y,,G,26,0,0,2,0,0,0,0,0,0,"- ","- ",36.688041687011719,-119.74559020996094,FRESNO,UNINCORPORATED,-119.74599456787109,36.688430786132812
91376935,2020,2020-12-29,9435,2020-10-24,1852,021148,,6,2,9,1000,0,3,5,,2,030,"CLINTON AVENUE","BOND STREET",518.00,E,N,A,-,N,,,,,,,,,,N,1,1,0,2,A,-,11,21954,A,N,G,B,D,A,H,-,D,D,0,Y,,,,Y,,N,60,0,0,0,1,0,0,0,0,0,"- ","- ",36.772281646728516,-119.76609039306641,FRESNO,UNINCORPORATED,-119.76612091064453,36.772300720214844
91377038,2020,2021-03-25,9435,2020-12-21,0840,014363,,1,1,9,1000,0,3,5,,2,040,"CLARKSON AVENUE","MCCALL AVENUE",0.00,,Y,E,-,N,,,,,,,,,,Y,2,0,1,2,A,-,12,22450,A,F,D,C,A,A,H,-,A,A,0,,,,,Y,,-,99,1,0,0,0,0,0,0,0,0,"- ","- ",36.503589630126953,-119.61109924316406,FRESNO,UNINCORPORATED,-119.61103820800781,36.503589630126953