CASE_ID,ACCIDENT_YEAR,PROC_DATE,JURIS,COLLISION_DATE,COLLISION_TIME,OFFICER_ID,REPORTING_DISTRICT,DAY_OF_WEEK,CHP_SHIFT,POPULATION,CNTY_CITY_LOC,SPECIAL_COND,BEAT_TYPE,CHP_BEAT_TYPE,CITY_DIVISION_LAPD,CHP_BEAT_CLASS,BEAT_NUMBER,PRIMARY_RD,SECONDARY_RD,DISTANCE,DIRECTION,INTERSECTION,WEATHER_1,WEATHER_2,STATE_HWY_IND,CALTRANS_COUNTY,CALTRANS_DISTRICT,STATE_ROUTE,ROUTE_SUFFIX,POSTMILE_PREFIX,POSTMILE,LOCATION_TYPE,RAMP_INTERSECTION,SIDE_OF_HWY,TOW_AWAY,COLLISION_SEVERITY,NUMBER_KILLED,NUMBER_INJURED,PARTY_COUNT,PRIMARY_COLL_FACTOR,PCF_CODE_OF_VIOL,PCF_VIOL_CATEGORY,PCF_VIOLATION,PCF_VIOL_SUBSECTION,HIT_AND_RUN,TYPE_OF_COLLISION,MVIW,PED_ACTION,ROAD_SURFACE,ROAD_COND_1,ROAD_COND_2,LIGHTING,CONTROL_DEVICE,CHP_ROAD_TYPE,PEDESTRIAN_ACCIDENT,BICYCLE_ACCIDENT,MOTORCYCLE_ACCIDENT,TRUCK_ACCIDENT,NOT_PRIVATE_PROPERTY,ALCOHOL_INVOLVED,STWD_VEHTYPE_AT_FAULT,CHP_VEHTYPE_AT_FAULT,COUNT_SEVERE_INJ,COUNT_VISIBLE_INJ,COUNT_COMPLAINT_PAIN,COUNT_PED_KILLED,COUNT_PED_INJURED,COUNT_BICYCLIST_KILLED,COUNT_BICYCLIST_INJURED,COUNT_MC_KILLED,COUNT_MC_INJURED,PRIMARY_RAMP,SECONDARY_RAMP,LATITUDE,LONGITUDE,COUNTY,CITY,POINT_X,POINT_Y
91378706,2020,2020-12-31,9435,2020-04-22,1412,016860,,3,2,9,1000,0,1,3,,1,169,"STATE ROUTE 168","BEAL FIRE ROAD",1584.00,E,N,A,-,Y,,,168,,,,,,,Y,1,1,1,1,A,-,08,22107,,N,E,I,A,A,H,-,A,D,0,,,,,Y,,A,01,1,0,0,0,0,0,0,0,0,"- ","- ",37.051628112792969,-119.40622711181641,FRESNO,UNINCORPORATED,-119.40624237060547,37.051521301269531
91378726,2020,2020-12-31,9435,2020-12-25,0258,020592,,5,3,7,1005,0,3,5,,2,034,"TULARE AVENUE","HELM AVENUE",82.00,W,N,A,-,N,,,,,,,,,,Y,2,0,1,1,A,-,08,22107,,N,E,I,A,A,H,-,C,D,0,,,,,Y,,D,22,1,0,0,0,0,0,0,0,0,"- ","- ",36.743068695068359,-119.72321319580078,FRESNO,FRESNO,-119.72312164306641,36.743167877197266
91378891,2020,2020-12-31,9435,2020-12-24,0958,014363,,4,1,9,1000,0,3,5,,2,034,"MOUNTAIN VIEW AVENUE","ZEDIKER AVENUE",1296.00,W,N,B,-,N,,,,,,,,,,Y,2,0,2,1,A,-,08,22107,,N,E,I,A,A,H,-,A,B,0,,,,,Y,,A,01,2,0,0,0,0,0,0,0,0,"- ","- ",36.547000885009766,-119.52532196044922,FRESNO,UNINCORPORATED,-119.52571105957031,36.546802520751953
91381684,2020,2021-01-06,9435,2020-12-29,1550,020836,,2,2,9,1000,0,3,5,,2,034,"ZEDIKER AVENUE","DINUBA AVENUE",45.00,S,N,A,-,N,,,,,,,,,,Y,2,0,3,2,A,-,08,22107,,N,A,C,A,A,H,-,A,D,0,,,,,Y,,A,01,1,0,2,0,0,0,0,0,0,"- ","- ",36.590099334716797,-119.5211181640625,FRESNO,UNINCORPORATED,-119.52113342285156,36.590045928955078
91383653,2021,2021-01-07,9435,2021-01-03,1450,020887,,7,2,9,1000,0,1,3,,1,169,SR-168,"SAMPLE RD",2117.00,E,N,A,-,Y,,,168,,,,,,,Y,2,0,1,1,A,-,08,22107,,N,F,A,A,A,H,-,A,D,0,,,Y,,Y,,C,02,1,0,0,0,0,0,0,0,1,"- ","- ",36.910350799560547,-119.52021789550781,FRESNO,UNINCORPORATED,-119.52017974853516,36.910377502441406
91386390,2020,2021-01-18,9435,2020-11-06,0415,020854,,5,3,9,1000,0,3,5,,2,025,"SHEPHERD AVENUE (WEST)","PEACH AVENUE",105.00,E,N,A,-,N,,,,,,,,,,Y,2,0,2,3,A,-,11,21954,A,N,G,B,E,A,H,-,E,D,0,Y,,,,Y,Y,N,60,1,1,0,0,2,0,0,0,0,"- ","- ",36.866748809814453,-119.71968841552734,FRESNO,UNINCORPORATED,-119.71973419189453,36.866645812988281
91387023,2021,2021-01-13,9435,2021-01-03,1910,020095,,7,2,9,1000,0,3,5,,2,025,"FRIANT ROAD","FRIANT FRONTAGE ROAD",2100.00,S,N,A,-,N,,,,,,,,,,Y,2,0,1,1,C,-,18,,,N,E,H,A,A,H,-,D,D,0,,,Y,,Y,,-,"- ",1,0,0,0,0,0,0,0,1,"- ","- ",36.960529327392578,-119.72765350341797,FRESNO,UNINCORPORATED,-119.72767639160156,36.960628509521484
91387044,2021,2021-01-13,9435,2021-01-09,0650,020680,,6,1,9,1000,0,1,3,,1,180,"SR-180 WESTBOUND","JAMES RD",0.00,,Y,B,E,Y,,,180,,,,,,W,Y,2,0,7,2,A,-,09,21801,A,N,D,C,A,A,H,-,B,D,0,,,,Y,Y,,A,08,2,0,5,0,0,0,0,0,0,"- ","- ",36.734619140625,-120.20516967773438,FRESNO,UNINCORPORATED,-120.20516967773438,36.734565734863281
91388125,2020,2021-01-15,9435,2020-12-20,2350,021119,,7,3,9,1000,0,3,5,,2,060,"MANNING AVENUE","ANCHOR AVENUE",500.00,E,N,A,-,N,,,,,,,,,,Y,2,0,1,1,A,-,08,22107,,N,E,J,A,A,H,-,D,D,0,,,,,Y,,A,01,1,0,0,0,0,0,0,0,0,"- ","- ",36.602920532226562,-119.32272338867188,FRESNO,UNINCORPORATED,-119.32106781005859,36.602912902832031
91388235,2021,2021-01-15,9435,2021-01-11,0339,020592,,1,3,9,1000,0,1,3,,2,107,"STATE ROUTE 99 SOUTHBOUND","BETHEL AVENUE",3696.00,N,N,A,-,Y,,,99,,,,,,S,Y,2,0,2,1,A,-,01,23152,A,N,E,I,A,A,D,-,D,D,0,,,,,Y,Y,A,01,1,0,1,0,0,0,0,0,0,"- ","- ",36.536849975585938,-119.58431243896484,FRESNO,UNINCORPORATED,-119.58432006835938,36.536838531494141
91389005,2020,2021-01-18,9435,2020-12-08,2010,020387,,2,2,9,1000,0,3,5,,2,015,"JENSEN AVENUE","VALENTINE AVENUE",0.00,,Y,B,-,N,,,,,,,,,,Y,1,1,0,2,A,-,12,22450,A,N,D,C,A,A,H,-,D,A,0,,,,Y,Y,,D,22,0,0,0,0,0,0,0,0,0,"- ","- ",36.706600189208984,-119.85341644287109,FRESNO,UNINCORPORATED,-119.85340881347656,36.706569671630859
91389032,2021,2021-01-18,9435,2021-01-07,1520,016860,,4,2,9,1000,0,3,5,,2,050,"AUBERRY ROAD","FRAZIER ROAD",68.00,S,N,A,-,N,,,,,,,,,,Y,2,0,3,1,A,-,01,23152,A,N,E,I,A,A,H,-,A,D,0,,,,,Y,Y,A,01,1,2,0,0,0,0,0,0,0,"- ","- ",37.067249298095703,-119.49408721923828,FRESNO,UNINCORPORATED,-119.49420928955078,37.066162109375
91390136,2020,2021-01-18,9435,2020-12-07,1113,013793,,1,1,9,1000,0,3,5,,2,025,"ACADEMY AVENUE","BULLARD AVENUE",435.00,N,N,A,-,N,,,,,,,,,,N,1,1,0,2,A,-,08,22107,,N,B,G,A,A,H,-,A,D,0,,Y,,,Y,,L,04,0,0,0,0,0,1,0,0,0,"- ","- ",36.823940277099609,-119.555908203125,FRESNO,UNINCORPORATED,-119.55587768554688,36.823883056640625
91392276,2020,2021-01-21,9435,2020-09-16,0612,020019,,3,1,9,1000,0,1,3,,1,412,"STATE ROUTE 41","ELKHORN AVENUE",4224.00,S,N,A,-,Y,,,41,,,,,,,Y,1,2,0,3,A,-,05,21650,,N,A,C,A,A,H,-,D,D,0,,,,,Y,,D,22,0,0,0,0,0,0,0,0,0,"- ","- ",36.477828979492188,-119.79289245605469,FRESNO,UNINCORPORATED,-119.79283905029297,36.477821350097656
91392305,2021,2021-01-21,9435,2021-01-06,1545,020095,,3,2,2,1008,0,1,3,,2,107,"STATE ROUTE 99 NORTHBOUND","BETHEL AVENUE",50.00,S,N,A,-,Y,,,99,,,,,,N,Y,2,0,1,1,A,-,08,22107,,N,E,C,A,A,H,-,A,D,0,,,,Y,Y,,G,25,1,0,0,0,0,0,0,0,0,"- ","- ",36.529449462890625,-119.57515716552734,FRESNO,KINGSBURG,-119.57521057128906,36.529392242431641
91392748,2020,2021-01-22,9435,2020-10-16,1924,018746,,5,2,9,1000,0,3,5,,2,025,"FRIANT ROAD NORTHBOUND","LOST LAKE ROAD",290.00,N,N,A,-,N,,,,,,,,,,Y,1,1,0,2,A,-,11,21954,A,N,G,B,E,A,H,-,D,D,0,Y,,,,Y,,N,60,0,0,0,1,0,0,0,0,0,"- ","- ",36.975238800048828,-119.72299194335938,FRESNO,UNINCORPORATED,-119.72318267822266,36.975452423095703
91396167,2020,2021-01-28,9435,2020-07-15,2204,019523,,3,3,9,1000,0,1,3,,1,183,"STATE ROUTE 180 EASTBOUND","ACADEMY AVENUE",0.00,,Y,A,-,Y,,,180,,,,,,E,Y,1,1,1,2,A,-,12,21453,A,N,D,C,A,A,H,-,C,A,0,,,,,Y,,D,22,1,0,0,0,0,0,0,0,0,"- ","- ",36.735931396484375,-119.55632019042969,FRESNO,UNINCORPORATED,-119.55632019042969,36.735919952392578
91398799,2021,2021-01-29,9435,2021-01-23,0036,020586,,6,3,7,1005,0,1,3,,2,410,"STATE ROUTE 41 SB TO MCKINLEY AVENUE","MCKINLEY AVE",288.00,N,N,B,-,Y,,,41,,,,R,,S,Y,2,0,2,1,A,-,01,23152,A,N,F,A,A,B,H,-,D,D,0,,,,,Y,Y,A,01,2,0,0,0,0,0,0,0,0,"- ","- ",36.765880584716797,-119.77919006347656,FRESNO,FRESNO,-119.77919006347656,36.765880584716797
91402770,2021,2021-02-04,9435,2021-02-02,1450,017310,,2,2,9,1000,0,1,3,,2,181,"SR-180 WESTBOUND TO CHESTNUT AVENUE","CHESTNUT AVENUE",400.00,E,N,A,-,Y,,,,,,,,,,Y,2,0,1,1,A,-,08,22107,,N,E,J,A,A,H,-,A,D,0,,,,,Y,,A,07,1,0,0,0,0,0,0,0,0,"- ","- ",36.755699157714844,-119.73490905761719,FRESNO,UNINCORPORATED,-119.73486328125,36.754604339599609
91403575,2021,2021-02-05,9495,2021-01-07,0540,021354,,4,3,9,1000,0,3,5,,2,051,"WEST CLARKSON AVENUE","SAN MATEO AVENUE",0.00,,Y,A,-,N,,,,,,,,,,Y,1,1,0,2,A,-,09,21802,A,N,D,C,A,A,H,-,D,A,0,,,,Y,Y,,A,07,0,0,0,0,0,0,0,0,0,"- ","- ",36.501331329345703,-120.31648254394531,FRESNO,UNINCORPORATED,-120.31624603271484,36.501300811767578
91405023,2021,2021-02-09,9435,2021-01-28,2000,020871,,4,2,9,1000,0,3,5,,2,025,"MILLERTON ROAD","MONO STREET",150.00,N,N,B,C,N,,,,,,,,,,Y,2,0,2,2,A,-,01,23152,A,N,A,C,A,B,H,-,C,D,0,,,,,Y,Y,D,22,1,0,1,0,0,0,0,0,0,"- ","- ",36.990688323974609,-119.71112823486328,FRESNO,UNINCORPORATED,-119.71124500000001,36.990661000000003
91406327,2021,2021-02-10,9435,2021-01-29,1335,020481,,5,1,9,1000,0,3,5,,2,034,"JENSEN AVENUE","TEMPERANCE AVENUE",0.00,,Y,A,-,N,,,,,,,,,,Y,2,0,1,2,D,-,00,,,N,D,C,A,A,H,-,A,A,0,,,,,Y,,-,"- ",1,0,0,0,0,0,0,0,0,"- ","- ",36.707538604736328,-119.66397094726562,FRESNO,UNINCORPORATED,-119.66405487060547,36.707542419433594
91408839,2021,2021-02-16,9435,2021-02-05,2255,019523,,5,3,9,1000,0,1,3,,1,411,"STATE ROUTE 41 SOUTHBOUND","FLORAL AVENUE",0.00,,Y,A,-,N,,,41,,,,,,S,Y,2,0,3,2,A,-,09,21801,A,N,D,C,A,A,H,-,C,D,0,,,,,Y,,A,01,1,0,2,0,0,0,0,0,0,"- ","- ",36.576278686523438,-119.78589630126953,FRESNO,UNINCORPORATED,-119.78605651855469,36.576274871826172
91411920,2021,2021-02-19,9435,2021-02-11,0615,014363,,4,1,9,1000,0,3,5,,2,034,"BETHEL AVENUE","ADAMS AVENUE",2255.00,S,N,A,-,N,,,,,,,,,,Y,2,0,1,2,A,-,03,22350,,N,C,C,A,A,H,-,D,D,0,,,,,Y,,A,01,1,0,0,0,0,0,0,0,0,"- ","- ",36.627910614013672,-119.5748291015625,FRESNO,UNINCORPORATED,-119.57476806640625,36.62799072265625
91412866,2020,2021-12-10,9435,2020-12-18,1709,020481,,5,2,9,1000,0,1,3,,1,412,"STATE ROUTE 41","MOUNT WHITNEY AVENUE",1056.00,S,N,A,-,Y,,,41,,,,,,,Y,1,2,0,3,A,-,03,22350,,N,C,C,A,A,H,-,D,D,0,,,,,Y,,A,01,0,0,0,0,0,0,0,0,0,"- ","- ",36.428298950195312,-119.80171966552734,FRESNO,UNINCORPORATED,-119.80174255371094,36.428306579589844
9141764,2020,2020-09-22,1001,2020-07-24,2045,5784,,5,5,5,1001,0,0,0,,0,007,"NEES AV","SUNNYSIDE AV",0.00,,Y,A,-,N,,,,,,,,,,N,2,0,2,2,A,-,09,21802,A,N,D,C,A,A,H,-,C,A,0,,,,,Y,,A,01,1,0,1,0,0,0,0,0,0,"- ","- ",36.851898193359375,-119.69304656982422,FRESNO,CLOVIS,-119.69304656982422,36.852001190185547
91418869,2021,2021-03-02,9435,2021-02-23,0838,015751,,2,1,9,1000,0,3,5,,2,010,"SHAW AVE","GARFIELD AVE",150.00,E,N,A,-,N,,,,,,,,,,Y,2,0,1,1,A,-,08,22107,,N,E,I,A,A,H,-,A,D,0,,,,,Y,,D,22,1,0,0,0,0,0,0,0,0,"- ","- ",36.807968139648438,-119.92495727539062,FRESNO,UNINCORPORATED,-119.92498779296875,36.807846069335938
91419093,2021,2021-03-02,9435,2021-02-22,1400,019926,,1,2,9,1000,0,3,5,,2,010,"HUMBOLDT AVE","CLINTON AVE",0.00,,Y,A,-,N,,,,,,,,,,Y,2,0,2,2,A,-,12,22450,A,N,D,C,A,A,H,-,A,A,0,,,,,Y,,E,22,1,0,1,0,0,0,0,0,0,"- ","- ",36.771251678466797,-120.12345123291016,FRESNO,UNINCORPORATED,-120.12342071533203,36.771236419677734
91419680,2021,2021-03-03,9435,2021-02-21,1654,020078,,7,2,9,1000,0,1,3,,2,107,"STATE ROUTE 99 SOUTHBOUND","MOUNTAIN VIEW AVENUE",448.00,N,N,A,-,Y,,,99,,,,,,S,Y,2,0,1,1,A,-,01,23152,A,N,E,J,A,A,H,-,A,D,0,,,Y,,Y,Y,C,02,1,0,0,0,0,0,0,0,1,"- ","- ",36.547988891601562,-119.59745025634766,FRESNO,UNINCORPORATED,-119.59746551513672,36.5479736328125
91421485,2020,2021-03-05,9435,2020-10-04,2015,017518,,7,2,9,1000,0,3,5,,2,015,"KEARNEY BOULEVARD","POLK AVENUE",1320.00,W,N,A,-,N,,,,,,,,,,Y,1,1,1,2,A,-,17,22517,,F,B,C,A,A,H,-,D,D,0,,,Y,,Y,,M,47,1,0,0,0,0,0,0,1,1,"- ","- ",36.728179931640625,-119.89450836181641,FRESNO,UNINCORPORATED,-119.89423370361328,36.728145599365234
91421526,2021,2021-03-05,9435,2021-02-13,1630,021165,,6,2,9,1000,0,3,5,,2,020,"CARUTHERS AVENUE","WEST AVENUE",1540.00,E,N,A,-,N,,,,,,,,,,Y,1,1,0,1,C,-,18,,,N,E,H,A,A,H,-,A,D,0,,,Y,,Y,,-,"- ",0,0,0,0,0,0,0,1,0,"- ","- ",36.539970397949219,-119.82163238525391,FRESNO,UNINCORPORATED,-119.82157135009766,36.539947509765625
91422754,2021,2021-03-08,9435,2021-02-26,1920,020871,,5,2,9,1000,0,3,5,,2,060,"HILLS VALLEY ROAD","MANNING AVENUE",0.00,,Y,A,-,N,,,,,,,,,,Y,2,0,1,2,A,-,03,22350,,N,D,C,A,A,H,-,D,A,0,,,Y,Y,Y,,C,02,1,0,0,0,0,0,0,0,1,"- ","- ",36.602718353271484,-119.30487060546875,FRESNO,UNINCORPORATED,-119.30484771728516,36.602703094482422
91422893,2021,2021-03-08,9435,2021-02-28,0205,016860,,7,3,9,1000,0,1,3,,1,169,"STATE ROUTE 168","GARLOCK LANE",865.00,E,N,A,-,Y,,,168,,,,,,,Y,2,0,1,1,A,-,01,23152,A,N,E,I,A,A,H,-,D,D,0,,,,,Y,Y,D,22,1,0,0,0,0,0,0,0,0,"- ","- ",36.992160797119141,-119.52977752685547,FRESNO,UNINCORPORATED,-119.52976226806641,36.992156982421875
91425246,2021,2021-03-11,9435,2021-03-05,0710,019789,,5,1,9,1000,0,3,5,,2,040,"ELKHORN AVENUE","WESTLAWN AVE",2428.00,E,N,A,-,N,,,,,,,,,,Y,2,0,1,1,A,-,08,22107,,N,F,A,A,A,H,-,A,D,0,,,,Y,Y,,G,26,1,0,0,0,0,0,0,0,0,"- ","- ",36.488620758056641,-119.94989013671875,FRESNO,UNINCORPORATED,-119.95106506347656,36.488609313964844
91426186,2021,2021-03-12,9435,2021-03-04,1035,018746,,4,1,7,1005,0,1,3,,2,105,"STATE ROUTE 99 SOUTHBOUND","HERNDON AVENUE",1056.00,N,N,A,-,Y,,,99,,,,,,S,Y,2,0,1,1,A,-,08,22107,,N,F,I,A,A,H,-,A,D,0,,,,,Y,,A,01,1,0,0,0,0,0,0,0,0,"- ","- ",36.8343505859375,-119.92028045654297,FRESNO,FRESNO,-119.92030334472656,36.834316253662109
91428250,2021,2021-03-16,9435,2021-03-10,0812,016860,,3,1,9,1000,0,1,3,,1,169,"STATE ROUTE 168","TOLLHOUSE ROAD",6864.00,W,N,C,-,Y,,,168,,,,,,,Y,2,0,2,2,A,-,03,22350,,N,A,C,A,B,H,-,A,D,0,,,,,Y,,A,01,1,0,1,0,0,0,0,0,0,"- ","- ",36.937099456787109,-119.50330352783203,FRESNO,UNINCORPORATED,-119.50331878662109,36.937122344970703
91429380,2021,2021-03-17,9435,2021-03-06,1320,019369,,6,1,9,1000,0,3,5,,2,010,"HUGHES AVENUE","BELMONT AVENUE",722.00,N,N,A,-,N,,,,,,,,,,Y,2,0,2,2,A,-,01,23152,A,N,A,C,A,A,H,-,A,D,0,,,,,Y,Y,D,22,1,1,0,0,0,0,0,0,0,"- ","- ",36.752311706542969,-119.83560943603516,FRESNO,UNINCORPORATED,-119.83557891845703,36.752212524414062
91430495,2021,2021-03-18,9435,2021-01-28,1445,020078,,4,2,9,1000,0,1,3,,1,146,"STATE ROUTE 145","LINCOLN AVENUE",8448.00,S,N,C,-,Y,,,145,,,,,,,Y,1,1,0,1,A,-,08,22107,,N,E,J,A,B,H,-,A,D,0,,,,,Y,,A,07,0,0,0,0,0,0,0,0,0,"- ","- ",36.624820709228516,-120.06121063232422,FRESNO,UNINCORPORATED,-120.06130981445312,36.624820709228516
91433057,2021,2021-03-23,9435,2021-03-12,1415,020887,,5,2,9,1000,0,3,5,,2,034,"SOUTH AVE","HARRIS AVE",0.00,,Y,A,-,N,,,,,,,,,,Y,2,0,2,2,A,-,09,21802,A,N,D,C,A,A,H,-,A,A,0,,,,,Y,,A,01,1,0,1,0,0,0,0,0,0,"- ","- ",36.619918823242188,-119.66549682617188,FRESNO,UNINCORPORATED,-119.66554260253906,36.619911193847656
91434519,2021,2021-03-24,9461,2021-03-06,1630,021854,,6,2,9,1000,0,1,1,,2,305,"INTERSTATE-5 NORTHBOUND","OXFORD AVENUE OVERCROSSING",2112.00,N,N,A,-,Y,,,5,,,,,,N,Y,1,1,0,1,A,-,08,22107,,N,F,A,A,A,H,-,A,D,0,,,,,Y,,A,01,0,0,0,0,0,0,0,0,0,"- ","- ",36.766201019287109,-120.71578216552734,FRESNO,UNINCORPORATED,-120.71587371826172,36.766136169433594
91435522,2020,2021-03-25,9435,2020-08-21,1305,015602,,5,1,9,1000,0,3,5,,2,034,"CENTRAL AVENUE","TEMPERANCE AVENUE",0.00,,Y,A,-,N,,,,,,,,,,Y,1,2,0,2,A,-,12,22450,A,N,D,C,A,A,H,-,A,A,0,,,,Y,Y,,A,01,0,0,0,0,0,0,0,0,0,"- ","- ",36.678081512451172,-119.66380310058594,FRESNO,UNINCORPORATED,-119.66387176513672,36.678081512451172
91438827,2021,2021-03-30,9435,2021-03-16,0420,017126,,2,3,9,1000,0,3,5,,2,025,"MILLERTON ROAD","AUBERRY ROAD",2640.00,W,N,A,-,N,,,,,,,,,,Y,2,0,2,1,A,-,08,22107,,N,A,I,A,A,H,-,D,D,0,,,,,Y,,A,01,2,0,0,0,0,0,0,0,0,"- ","- ",36.976650238037109,-119.62757110595703,FRESNO,UNINCORPORATED,-119.62726593017578,36.976444244384766
91439295,2021,2021-03-30,9435,2021-03-14,2118,020887,,7,2,7,1005,0,1,3,,2,181,"SR-180 E/B FROM CEDAR AVE","CEDAR AVE",1272.00,E,N,B,-,Y,,,180,,,,R,,E,N,2,0,1,2,A,-,11,21954,A,N,G,B,D,A,H,-,D,D,0,Y,,,,Y,,N,60,1,0,0,0,1,0,0,0,0,"- ","- ",36.754150390625,-119.74997711181641,FRESNO,FRESNO,-119.74997711181641,36.754150390625
91439723,2021,2021-03-30,9435,2021-02-14,0138,020064,,7,3,7,1005,0,1,3,,2,410,"STATE ROUTE 41 S/B FROM SHAW AVENUE E/B","SHAW AVENUE",160.00,S,N,B,-,Y,,,41,,,,R,,S,Y,2,0,1,1,A,-,01,23152,A,F,E,I,A,A,H,-,D,D,0,,,,,Y,Y,A,07,1,0,0,0,0,0,0,0,0,"- ","- ",36.807929992675781,-119.78575134277344,FRESNO,FRESNO,-119.78575134277344,36.807929992675781
91444141,2021,2021-04-06,9435,2021-03-28,1527,020319,,7,2,7,1005,0,1,3,,2,410,"SR-41 S/B","DAKOTA AVE",715.00,N,N,A,-,Y,,,41,,,,,,S,Y,2,0,2,4,A,-,03,22350,,N,C,C,A,A,H,-,A,D,0,,,,,Y,,D,22,1,0,1,0,0,0,0,0,0,"- ","- ",36.788890838623047,-119.78453063964844,FRESNO,FRESNO,-119.78444671630859,36.788890838623047
91444524,2021,2021-04-06,9435,2021-03-25,1455,020871,,4,2,9,1000,0,1,3,,2,184,"STATE ROUTE 180","HOPEWELL AVENUE",528.00,E,N,A,-,Y,,,180,,,,,,,Y,2,0,1,2,A,-,09,21801,A,N,D,C,A,A,H,-,A,D,0,,,Y,,Y,,A,01,1,0,0,0,0,0,0,0,1,"- ","- ",36.755458831787109,-119.16812896728516,FRESNO,UNINCORPORATED,-119.16812896728516,36.755447387695312
91445685,2021,2021-04-08,9435,2021-03-31,1836,020319,,3,2,9,1000,0,3,5,,2,010,"INDIANAPOLIS AVE","VAN NESS BLVD",0.00,,Y,A,-,N,,,,,,,,,,Y,2,0,1,2,A,-,12,22450,A,N,D,C,A,A,H,-,A,A,0,,,Y,,Y,,C,02,1,0,0,0,0,0,0,0,1,"- ","- ",36.799381256103516,-119.80402374267578,FRESNO,UNINCORPORATED,-119.80399322509766,36.799388885498047
91445704,2021,2021-04-08,9435,2021-03-19,0145,021247,,5,3,9,1000,0,1,3,,2,105,"STATE ROUTE 99 TO HERNDON AVENUE","HERNDON AVENUE",1056.00,N,N,A,-,Y,,,99,,,,R,,,Y,2,0,1,1,A,-,08,22107,,F,F,I,A,B,H,-,D,D,0,,,,,Y,,A,07,1,0,0,0,0,0,0,0,0,"- ","- ",36.839069366455078,-119.92685699462891,FRESNO,UNINCORPORATED,-119.92685699462891,36.839069366455078
91447297,2021,2021-04-15,9461,2021-04-01,1630,020351,,4,2,9,1000,0,2,4,,1,315,"NEES AVENUE","FAIRFAX AVENUE",5236.00,W,N,A,-,N,,,,,,,,,,Y,2,0,4,4,A,-,06,21751,,N,A,C,A,A,H,-,A,D,0,,,,Y,Y,,A,01,2,1,1,0,0,0,0,0,0,"- ","- ",36.850921630859375,-120.58132171630859,FRESNO,UNINCORPORATED,-120.58118438720703,36.850845336914062
91448123,2021,2021-04-12,9461,2021-04-05,1717,019052,,1,2,9,1000,0,1,3,,1,603,SR-33,"MERRILL AVE",0.00,,Y,A,-,Y,,,33,,,,,,,Y,2,0,2,2,A,-,12,22450,A,N,D,C,A,A,H,-,A,A,0,,,,,Y,,A,01,1,1,0,0,0,0,0,0,0,"- ","- ",36.952770233154297,-120.62757110595703,FRESNO,UNINCORPORATED,-120.62757110595703,36.952770233154297
91449100,2021,2021-04-13,9435,2021-04-05,0845,019263,,1,1,9,1000,0,1,3,,1,169,"STATE ROUTE 168","BIG CREEK BRIDGE",4224.00,W,N,A,-,Y,,,168,,,,,,,Y,2,0,5,1,A,-,08,22107,,N,F,A,A,A,H,-,A,D,0,,,,,Y,,D,22,1,1,3,0,0,0,0,0,0,"- ","- ",37.232170104980469,-119.17130279541016,FRESNO,UNINCORPORATED,-119.1712646484375,37.232143402099609
91449649,2021,2021-04-13,9435,2021-04-06,1510,021165,,2,2,9,1000,0,3,5,,2,060,"STATE ROUTE 180","LAKE ROAD",7920.00,E,N,A,-,Y,,,,,,,,,,Y,2,0,1,2,A,-,08,22107,,N,B,C,A,A,H,-,A,D,0,,,Y,,Y,,A,07,1,0,0,0,0,0,0,0,1,"- ","- ",36.714599609375,-118.96613311767578,FRESNO,UNINCORPORATED,-120.10538482666016,36.734718322753906
91450698,2021,2021-04-14,9435,2021-03-22,0645,013793,,1,1,7,1005,0,1,3,,2,410,"SR-41 N/B","NEVADA AVE",132.00,N,N,A,-,Y,,,41,,,,,,N,Y,2,0,3,3,A,-,11,21954,A,N,G,B,E,A,H,-,A,D,0,Y,,,,Y,,N,60,1,0,2,0,1,0,0,0,0,"- ","- ",36.746231079101562,-119.77623748779297,FRESNO,FRESNO,-119.77626800537109,36.746231079101562
91452851,2021,2021-04-19,9435,2021-04-11,1030,018746,,7,1,9,1000,0,3,5,,2,010,"MCKINLEY AVENUE","BRAWLEY AVENUE",400.00,W,N,A,-,N,,,,,,,,,,N,2,0,1,1,A,-,03,22350,,N,E,I,A,A,H,-,A,D,0,,,Y,,Y,,C,02,1,0,0,0,0,0,0,0,1,"- ","- ",36.764621734619141,-119.85698699951172,FRESNO,UNINCORPORATED,-119.86360168457031,36.764606475830078
91455557,2021,2021-04-21,9435,2021-04-15,1020,020540,,4,1,9,1000,0,3,5,,2,060,"ELWOOD ROAD","RECTER LANE",528.00,W,N,A,-,N,,,,,,,,,,Y,2,0,1,1,A,-,03,22350,,N,E,I,A,A,H,-,A,D,0,,,,,Y,,A,01,1,0,0,0,0,0,0,0,0,"- ","- ",36.760978698730469,-119.24167633056641,FRESNO,UNINCORPORATED,-119.24155426025391,36.760910034179688
91455973,2020,2021-04-27,9495,2020-07-31,1530,021029,,5,2,9,1000,0,1,3,,1,008,"STATE ROUTE 198","STATE ROUTE 269",5280.00,W,N,A,-,Y,,,198,,,,,,,Y,1,1,2,2,A,-,01,23152,A,F,C,C,A,A,H,-,A,D,0,,,,,Y,Y,A,01,1,1,0,0,0,0,0,0,0,"- ","- ",36.255298614501953,-120.11518096923828,FRESNO,UNINCORPORATED,-120.11518096923828,36.255329132080078