CASE_ID,ACCIDENT_YEAR,PROC_DATE,JURIS,COLLISION_DATE,COLLISION_TIME,OFFICER_ID,REPORTING_DISTRICT,DAY_OF_WEEK,CHP_SHIFT,POPULATION,CNTY_CITY_LOC,SPECIAL_COND,BEAT_TYPE,CHP_BEAT_TYPE,CITY_DIVISION_LAPD,CHP_BEAT_CLASS,BEAT_NUMBER,PRIMARY_RD,SECONDARY_RD,DISTANCE,DIRECTION,INTERSECTION,WEATHER_1,WEATHER_2,STATE_HWY_IND,CALTRANS_COUNTY,CALTRANS_DISTRICT,STATE_ROUTE,ROUTE_SUFFIX,POSTMILE_PREFIX,POSTMILE,LOCATION_TYPE,RAMP_INTERSECTION,SIDE_OF_HWY,TOW_AWAY,COLLISION_SEVERITY,NUMBER_KILLED,NUMBER_INJURED,PARTY_COUNT,PRIMARY_COLL_FACTOR,PCF_CODE_OF_VIOL,PCF_VIOL_CATEGORY,PCF_VIOLATION,PCF_VIOL_SUBSECTION,HIT_AND_RUN,TYPE_OF_COLLISION,MVIW,PED_ACTION,ROAD_SURFACE,ROAD_COND_1,ROAD_COND_2,LIGHTING,CONTROL_DEVICE,CHP_ROAD_TYPE,PEDESTRIAN_ACCIDENT,BICYCLE_ACCIDENT,MOTORCYCLE_ACCIDENT,TRUCK_ACCIDENT,NOT_PRIVATE_PROPERTY,ALCOHOL_INVOLVED,STWD_VEHTYPE_AT_FAULT,CHP_VEHTYPE_AT_FAULT,COUNT_SEVERE_INJ,COUNT_VISIBLE_INJ,COUNT_COMPLAINT_PAIN,COUNT_PED_KILLED,COUNT_PED_INJURED,COUNT_BICYCLIST_KILLED,COUNT_BICYCLIST_INJURED,COUNT_MC_KILLED,COUNT_MC_INJURED,PRIMARY_RAMP,SECONDARY_RAMP,LATITUDE,LONGITUDE,COUNTY,CITY,POINT_X,POINT_Y
91455992,2021,2021-04-22,9435,2021-04-15,1930,020942,,4,2,9,1000,0,3,5,,2,040,"GRAHAM ROAD","STATE ROUTE 145",686.00,W,N,A,-,N,,,,,,,,,,Y,2,0,1,1,A,-,01,23152,A,N,E,I,A,A,H,-,D,D,0,,,,,Y,Y,D,22,1,0,0,0,0,0,0,0,0,"- ","- ",36.565250396728516,-120.09500122070312,FRESNO,UNINCORPORATED,-120.09490966796875,36.565109252929688
91459641,2021,2021-04-27,9435,2021-04-18,1800,020078,,7,2,7,1005,0,1,3,,2,105,"STATE ROUTE 99 NORTHBOUND","OLIVE AVENUE",220.00,S,N,A,-,Y,,,99,,,,,,N,Y,2,0,2,4,A,-,07,21658,A,F,B,C,A,A,H,-,A,D,0,,,,,Y,,-,99,1,0,1,0,0,0,0,0,0,"- ","- ",36.756881713867188,-119.82929992675781,FRESNO,FRESNO,-119.82929992675781,36.756881713867188
91460244,2021,2021-04-28,9435,2021-02-10,2120,020319,,3,2,9,1000,0,3,5,,2,010,"DICKENSON AVENUE","OLIVE AVENUE",984.00,S,N,A,-,N,,,,,,,,,,Y,1,1,0,1,A,-,08,22107,,N,E,I,A,A,H,-,D,D,0,,,,,Y,,A,01,0,0,0,0,0,0,0,0,0,"- ","- ",36.754150390625,-119.96991729736328,FRESNO,UNINCORPORATED,-119.96990203857422,36.754199981689453
91460804,2021,2021-04-28,9435,2021-04-17,1655,020387,,6,2,9,1000,0,1,3,,1,180,"STATE ROUTE 180","CORNELIA AVENUE",920.00,W,N,A,-,Y,,,180,,,,,,,Y,2,0,2,2,A,-,01,23152,A,N,A,C,A,A,H,-,A,D,0,,,,,Y,Y,D,22,1,1,0,0,0,0,0,0,0,"- ","- ",36.735408782958984,-119.88397216796875,FRESNO,UNINCORPORATED,-119.88397216796875,36.735485076904297
91465084,2021,2021-05-04,9435,2021-04-26,1354,020942,,1,1,9,1000,0,3,5,,2,010,"MAROA AVENUE","SAMPLE AVENUE",0.00,,Y,A,-,N,,,,,,,,,,Y,2,0,2,2,A,-,09,21802,A,N,D,C,A,A,H,-,A,D,0,,,,,Y,,A,01,1,1,0,0,0,0,0,0,0,"- ","- ",36.826881408691406,-119.79933929443359,FRESNO,UNINCORPORATED,-119.79931640625,36.826885223388672
91465663,2021,2021-05-04,9495,2021-03-09,1412,019104,,2,2,9,1000,0,1,1,,2,002,"INTERSTATE 5 SOUTHBOUND","STATE ROUTE 33 (DERRICK AVENUE)",11088.00,S,N,B,-,Y,,,5,,,,,,S,Y,2,0,1,2,A,-,07,21658,A,F,H,C,A,A,H,-,A,D,0,,,,Y,Y,,F,25,1,0,0,0,0,0,0,0,0,"- ","- ",36.409149169921875,-120.3707275390625,FRESNO,UNINCORPORATED,-120.37065887451172,36.409214019775391
91466102,2021,2021-05-05,9435,2021-02-18,0720,018746,,4,1,9,1000,0,3,5,,2,040,"LINCOLN AVENUE","MAPLE AVENUE",0.00,,Y,A,-,N,,,,,,,,,,Y,2,0,4,2,A,-,12,22450,A,N,D,C,A,A,H,-,A,A,0,,,,,Y,,A,01,1,0,3,0,0,0,0,0,0,"- ","- ",36.648910522460938,-119.74588775634766,FRESNO,UNINCORPORATED,-119.74578094482422,36.648937225341797
91468197,2021,2021-05-07,9435,2021-02-15,1113,019789,,1,1,9,1000,0,1,3,,1,180,"STATE ROUTE 180","WHITESBRIDGE ROAD",2112.00,E,N,A,-,Y,,,180,,,,,,,Y,1,1,1,2,A,-,08,22107,,N,A,C,A,A,H,-,A,D,0,,,,,Y,,D,22,0,0,1,0,0,0,0,0,0,"- ","- ",36.734409332275391,-120.28707122802734,FRESNO,UNINCORPORATED,-120.28707122802734,36.734439849853516
91469356,2021,2022-07-15,9435,2021-05-02,0105,021153,,7,3,7,1005,0,1,3,,2,105,"STATE ROUTE 99 (SOUTHBOUND)","OLIVE AVENUE",1584.00,N,N,A,-,Y,,,99,,,,,,,N,2,0,3,2,A,-,03,22350,,N,C,C,A,A,H,-,D,D,0,,,Y,,Y,,C,02,1,2,0,0,0,0,0,0,3,"- ","- ",36.761520385742188,-119.83244323730469,FRESNO,FRESNO,-119.83236694335938,36.761566162109375
91475083,2021,2021-05-17,9435,2021-05-09,1620,019548,,7,2,9,1000,0,1,3,,1,169,"STATE ROUTE 168","BUCKEYE HELIPORT DRIVEWAY",2640.00,W,N,A,-,Y,,,168,,,,,,,Y,2,0,1,1,A,-,08,22107,,N,E,I,A,A,H,-,A,D,0,,,,,Y,,A,07,1,0,0,0,0,0,0,0,0,"- ","- ",37.051799774169922,-119.40220642089844,FRESNO,UNINCORPORATED,-119.40219879150391,37.051685333251953
91476357,2021,2021-05-19,9435,2021-05-07,0555,014363,,5,3,9,1000,0,3,5,,2,034,"DE WOLF AVENUE","NORTH AVENUE",0.00,,Y,A,-,N,,,,,,,,,,N,2,0,1,2,A,-,09,21802,A,N,D,C,A,A,H,-,A,A,0,,,,,Y,,D,22,1,0,0,0,0,0,0,0,0,"- ","- ",36.692600250244141,-119.64597320556641,FRESNO,UNINCORPORATED,-119.64596557617188,36.692550659179688
91476927,2021,2021-05-19,9435,2021-05-08,1530,021230,,6,2,9,1000,0,3,5,,2,015,"MANNING AVENUE","ORMUS AVENUE",0.00,,Y,A,-,N,,,,,,,,,,N,2,0,1,2,A,-,09,21802,A,N,D,C,A,A,H,-,A,A,0,,,Y,,Y,,C,02,1,0,0,0,0,0,0,0,1,"- ","- ",36.604679107666016,-119.90347290039062,FRESNO,UNINCORPORATED,-119.90351104736328,36.604701995849609
91479206,2021,2021-05-27,9435,2021-05-11,1350,020824,,2,1,9,1000,0,3,5,,2,034,"3390 S. CHESTNUT AVENUE","MUSCAT AVENUE",36.00,N,N,A,-,N,,,,,,,,,,Y,2,0,1,2,A,-,09,21801,A,N,E,I,A,A,H,-,A,D,0,,,,,Y,,A,01,1,0,0,0,0,0,0,0,0,"- ","- ",36.685379028320312,-119.73652648925781,FRESNO,UNINCORPORATED,-119.73677062988281,36.685317993164062
91479265,2021,2021-05-21,9435,2021-04-02,0405,021247,,5,3,9,1000,0,3,5,,2,010,"HOWARD AVENUE","ASHLAN AVENUE",500.00,N,N,A,-,N,,,,,,,,,,Y,1,1,0,1,A,-,03,22350,,N,E,J,A,A,H,-,D,D,0,,,,,Y,,A,07,0,0,0,0,0,0,0,0,0,"- ","- ",36.794651031494141,-120.02462005615234,FRESNO,UNINCORPORATED,-120.02465057373047,36.80908203125
91480546,2021,2021-06-17,9435,2021-05-17,2350,020592,,1,3,3,1015,0,1,3,,2,107,"STATE ROUTE 99 SOUTHBOUND","2ND STREET",236.00,S,N,A,-,Y,,,99,,,,,,S,Y,2,0,1,2,A,-,03,22350,,N,C,C,A,A,H,-,D,D,0,,,Y,,Y,,A,01,1,0,0,0,0,0,0,0,1,"- ","- ",36.562221527099609,-119.61405181884766,FRESNO,SELMA,-119.61405944824219,36.562206268310547
91482355,2021,2021-05-27,9435,2021-05-16,1905,020942,,7,2,9,1000,0,3,5,,2,025,"ASHLAN AVENUE","MINNEWAWA AVENUE",3854.00,W,N,A,-,N,,,,,,,,,,Y,2,0,1,1,C,-,18,,,N,F,A,A,A,H,-,A,D,0,,,Y,,Y,,-,"- ",1,0,0,0,0,0,0,0,1,"- ","- ",36.794410705566406,-119.707763671875,FRESNO,UNINCORPORATED,-119.72219085693359,36.794143676757812
91482485,2021,2021-06-01,9435,2021-05-12,0000,019523,,3,3,9,1000,0,3,5,,2,015,"EAST AVENUE","ADAMS AVENUE",1056.00,N,N,A,-,N,,,,,,,,,,Y,2,0,1,1,A,-,01,23152,A,N,E,I,A,A,H,-,D,D,0,,,,,Y,Y,A,01,1,0,0,0,0,0,0,0,0,"- ","- ",36.637939453125,-119.77288055419922,FRESNO,UNINCORPORATED,-119.77278900146484,36.63720703125
91484826,2021,2021-08-26,9435,2021-05-10,1543,019789,,1,2,9,1000,0,3,5,,2,040,"FOWLER AVENUE","DINUBA AVENUE",535.00,N,N,A,-,N,,,,,,,,,,Y,2,0,2,2,A,-,01,23153,A,N,A,C,A,A,H,-,A,A,0,,,,,Y,Y,A,01,2,0,0,0,0,0,0,0,0,"- ","- ",36.592411041259766,-119.68250274658203,FRESNO,UNINCORPORATED,-119.68247222900391,36.592399597167969
91486945,2021,2021-06-01,9435,2021-04-20,0015,020064,,2,3,9,1000,0,3,5,,2,020,"BRAWLEY AVENUE","CARUTHERS AVENUE",394.00,S,N,A,-,N,,,,,,,,,,N,2,0,1,2,A,-,11,21956,,F,G,B,E,A,H,-,D,D,0,Y,,,,Y,Y,N,60,1,0,0,0,1,0,0,0,0,"- ","- ",36.538730621337891,-119.86322021484375,FRESNO,UNINCORPORATED,-119.86319732666016,36.53875732421875
91489682,2021,2021-06-04,9435,2021-05-25,1715,020836,,2,2,9,1000,0,3,5,,2,034,"SOUTH AVENUE","ACADEMY AVENUE",2630.00,W,N,A,-,N,,,,,,,,,,Y,2,0,2,1,A,-,01,23152,A,N,E,I,A,A,H,-,A,D,0,,,,,Y,Y,A,01,1,1,0,0,0,0,0,0,0,"- ","- ",36.619590759277344,-119.56590270996094,FRESNO,UNINCORPORATED,-119.56582641601562,36.619621276855469
91493075,2021,2021-06-09,9461,2021-04-30,1821,021387,,5,2,9,1000,0,3,5,,2,060,"SAN DIEGO AVENUE","BELMONT AVENUE",0.00,,Y,A,-,N,,,,,,,,,,Y,1,1,0,2,A,-,12,22450,A,N,D,C,A,A,H,-,A,A,0,,,,Y,Y,,D,22,0,0,0,0,0,0,0,0,0,"- ","- ",36.749050140380859,-120.44136810302734,FRESNO,UNINCORPORATED,-120.44142913818359,36.749034881591797
91493957,2021,2021-06-10,9435,2021-05-31,1055,016860,,1,1,9,1000,0,1,3,,1,169,"STATE ROUTE 168","VINEYARD LANE",1056.00,W,N,A,-,Y,,,168,,,,,,,Y,2,0,1,2,A,-,05,21460,A,N,A,C,A,A,H,-,A,D,0,,,Y,,Y,,C,02,1,0,0,0,0,0,0,0,1,"- ","- ",36.994438171386719,-119.529541015625,FRESNO,UNINCORPORATED,-119.52952575683594,36.994422912597656
91494393,2021,2021-06-10,9495,2021-02-23,1735,019104,,2,2,9,1000,0,1,3,,1,013,"STATE ROUTE 145 (FRESNO-COALINGA ROAD)","INTERSTATE 5",4224.00,N,N,B,-,Y,,,145,,,,,,,Y,1,1,1,3,A,-,05,21650,,F,H,C,A,A,H,-,A,D,0,,,,,Y,,-,99,1,0,0,0,0,0,0,0,0,"- ","- ",36.303241729736328,-120.25862884521484,FRESNO,UNINCORPORATED,-120.25863647460938,36.303249359130859
91497735,2021,2021-06-15,9435,2021-06-07,1600,020429,,1,2,9,1000,0,3,5,,2,060,"LINCOLN AVENUE","CRAWFORD AVENUE",140.00,W,N,A,-,N,,,,,,,,,,N,2,0,1,1,A,-,08,22107,,N,E,I,A,A,H,-,A,D,0,,,Y,,Y,,C,06,1,0,0,0,0,0,0,0,1,"- ","- ",36.647129058837891,-119.37660980224609,FRESNO,UNINCORPORATED,-119.3765869140625,36.647178649902344
91498727,2021,2021-06-16,9435,2021-05-05,0513,013660,,3,3,9,1000,0,3,5,,2,030,"ASHLAN AVENUE","MCCALL AVENUE",1400.00,E,N,A,-,N,,,,,,,,,,Y,2,0,1,2,A,-,09,21804,A,F,B,C,A,A,H,-,D,D,0,,,,,Y,,M,46,1,0,0,0,0,0,0,0,0,"- ","- ",36.793849945068359,-119.60539245605469,FRESNO,UNINCORPORATED,-119.60548400878906,36.7938232421875
91498802,2021,2021-06-16,9495,2021-03-17,1250,20716,,3,1,9,1000,0,1,3,,1,013,"STATE ROUTE 145 (FRESNO-COALINGA ROAD)","INTERSTATE 5 N/B TO STATE ROUTE 145",0.00,,Y,A,-,Y,,,145,,,,,,,Y,1,2,1,2,A,-,09,21802,A,N,D,C,A,A,H,-,A,A,0,,,,Y,Y,,A,01,0,0,1,0,0,0,0,0,0,"- ","- ",36.295398712158203,-120.26789093017578,FRESNO,UNINCORPORATED,-120.26789093017578,36.295398712158203
91500746,2021,2021-06-18,9435,2021-02-20,0330,020854,,6,3,9,1000,0,1,3,,1,412,"STATE ROUTE 41","HARLAN AVENUE",4752.00,N,N,A,-,Y,,,41,,,,,,,Y,1,1,1,2,A,-,08,22107,,N,A,C,A,A,H,-,D,D,0,,,,,Y,,A,08,0,1,0,0,0,0,0,0,0,"- ","- ",36.457908630371094,-119.79612731933594,FRESNO,UNINCORPORATED,-119.79615783691406,36.457912445068359
91501361,2021,2021-06-21,9435,2021-06-09,0453,020062,,3,3,9,1000,0,3,5,,2,034,"MINNEWAWA AVENUE","CENTRAL AVENUE",0.00,,Y,A,-,N,,,,,,,,,,Y,2,0,1,2,A,-,12,22450,A,N,D,C,A,A,H,-,D,A,0,,,,Y,Y,,A,01,1,0,0,0,0,0,0,0,0,"- ","- ",36.67816162109375,-119.70892333984375,FRESNO,UNINCORPORATED,-119.70889282226562,36.678142547607422
91502564,2021,2021-06-22,9435,2021-06-12,1830,021165,,6,2,9,1000,0,3,5,,2,034,"BUTLER AVENUE","ACADEMY AVENUE",556.00,E,N,A,-,N,,,,,,,,,,N,2,0,1,1,A,-,08,22107,,N,F,A,A,A,H,-,A,D,0,,,Y,,Y,,C,06,1,0,0,0,0,0,0,0,1,"- ","- ",36.728530883789062,-119.55435943603516,FRESNO,UNINCORPORATED,-119.55442810058594,36.728492736816406
91503237,2021,2021-06-22,9435,2021-06-14,0711,020019,,1,1,9,1000,0,3,5,,2,010,"ASHLAN AVENUE","PLUMAS AVENUE",342.00,W,N,A,-,N,,,,,,,,,,Y,2,0,1,1,A,-,08,22107,,N,E,I,A,A,H,-,A,D,0,,,,,Y,,A,01,1,0,0,0,0,0,0,0,0,"- ","- ",36.793010711669922,-120.14296722412109,FRESNO,UNINCORPORATED,-120.14289855957031,36.792949676513672
91504554,2021,2021-06-23,9435,2021-01-01,0323,016911,,5,3,7,1005,0,1,3,,1,168,"STATE ROUTE 168 WESTBOUND","GETTYSBURG AVENUE",89.00,S,N,A,-,Y,,,168,,,,,,W,Y,2,0,1,1,A,-,08,22107,,F,E,I,A,A,H,-,D,D,0,,,,,Y,,A,01,1,0,0,0,0,0,0,0,0,"- ","- ",36.801059722900391,-119.74047088623047,FRESNO,FRESNO,-119.74053192138672,36.801120758056641
91509042,2021,2021-06-29,9435,2021-06-18,1304,020095,,5,1,9,1000,0,3,5,,2,034,"LINCOLN AVE","FOWLER AVE",0.00,,Y,A,-,N,,,,,,,,,,Y,2,0,5,2,A,-,01,23152,A,N,D,C,A,A,H,-,A,A,0,,,,,Y,Y,A,07,2,3,0,0,0,0,0,0,0,"- ","- ",36.649059295654297,-119.68203735351562,FRESNO,UNINCORPORATED,-119.68203735351562,36.649070739746094
91509210,2021,2021-06-29,9435,2021-06-19,1715,019263,,6,2,9,1000,0,1,3,,1,169,"STATE ROUTE 168 (LODGE ROAD)","SJ AND E RD",449.00,E,N,A,-,Y,,,168,,,,,,,Y,2,0,2,1,A,-,01,23152,A,N,F,A,A,A,H,-,A,D,0,,,,,Y,Y,D,22,2,0,0,0,0,0,0,0,0,"- ","- ",37.045181274414062,-119.47283172607422,FRESNO,UNINCORPORATED,-119.47285461425781,37.045173645019531
91510938,2021,2021-07-01,9435,2021-06-24,0150,016911,,4,3,9,1000,0,3,5,,2,030,"TEMPERANCE AVENUE","MCKENZIE AVENUE",175.00,S,N,A,-,N,,,,,,,,,,Y,2,0,1,1,A,-,01,23152,A,M,E,I,A,A,H,-,D,D,0,,,,,Y,Y,A,01,1,0,0,0,0,0,0,0,0,"- ","- ",36.746479034423828,-119.66400146484375,FRESNO,UNINCORPORATED,-119.66403961181641,36.746509552001953
91512070,2021,2021-07-02,9461,2021-06-24,1646,017029,,4,2,9,1000,0,1,1,,2,305,"I-5 S/B","SHIELDS AVENUE",2112.00,N,N,A,-,Y,,,5,,,,,,S,Y,2,0,2,3,A,-,08,22107,,N,A,C,A,A,H,-,A,A,0,,,Y,,Y,,A,07,2,0,0,0,0,0,0,0,2,"- ","- ",36.782939910888672,-120.72769165039062,FRESNO,UNINCORPORATED,-120.727783203125,36.782875061035156
91513398,2021,2021-07-06,9435,2021-06-27,1257,020078,,7,1,9,1000,0,3,5,,2,040,"KAMM AVENUE","FOWLER AVENUE",1241.00,W,N,A,-,N,,,,,,,,,,Y,2,0,1,2,A,-,09,21804,A,N,D,C,A,A,H,-,A,D,0,,,Y,,Y,Y,C,06,1,0,0,0,0,0,0,0,1,"- ","- ",36.532611846923828,-119.68733215332031,FRESNO,UNINCORPORATED,-119.68716430664062,36.532585144042969
91513478,2021,2021-07-06,9495,2021-06-20,0633,020250,,7,1,9,1000,0,1,1,,2,001,"INTERSTATE 5 (SOUTHBOUND)","THREE ROCKS ROAD UNDERCROSSING (BRIDGE # 42-02421)",350.00,N,N,A,-,Y,,,5,,,,,,,Y,2,0,6,1,A,-,08,22107,,N,E,I,A,A,H,-,B,D,0,,,,,Y,,A,07,2,3,1,0,0,0,0,0,0,"- ","- ",36.498279571533203,-120.45195007324219,FRESNO,UNINCORPORATED,-120.45207214355469,36.498161315917969
91514835,2021,2021-07-07,9495,2021-06-28,0320,021186,,1,3,9,1000,0,3,5,,2,052,"WEST MOUNT  WHITNEY AVENUE","COLUSA AVENUE",3696.00,W,N,A,-,N,,,,,,,,,,Y,2,0,1,1,A,-,08,22107,,N,F,A,A,A,H,-,D,D,0,,,,Y,Y,,F,21,1,0,0,0,0,0,0,0,0,"- ","- ",36.42913818359375,-120.20670318603516,FRESNO,UNINCORPORATED,-120.20639801025391,36.429168701171875
91514918,2021,2022-03-14,9435,2021-06-28,0947,020078,,1,1,9,1000,0,3,5,,2,020,"NEBRASKA AVENUE","WALNUT AVENUE",0.00,,Y,A,-,N,,,,,,,,,,Y,2,0,2,2,A,-,12,22450,A,N,D,C,A,A,H,-,A,A,0,,,,,Y,,A,01,1,0,1,0,0,0,0,0,0,"- ","- ",36.561809539794922,-119.80886840820312,FRESNO,UNINCORPORATED,-119.80886840820312,36.561790466308594
91515116,2021,2021-07-07,9435,2021-04-22,2012,020871,,4,2,9,1000,0,1,3,,1,630,"STATE ROUTE 63 (HILLS VALLEY ROAD)","LINCOLN AVENUE",1056.00,N,N,A,-,Y,,,63,,,,,,,N,1,1,0,2,A,-,11,21954,A,N,G,B,E,A,H,-,D,D,0,Y,,,Y,Y,Y,N,60,0,0,0,1,0,0,0,0,0,"- ","- ",36.649948120117188,-119.30464935302734,FRESNO,UNINCORPORATED,-119.30467987060547,36.649951934814453
91515140,2021,2021-07-07,9435,2021-04-10,1641,020942,,6,2,9,1000,0,1,3,,1,183,"STATE ROUTE 180 WESTBOUND","DE WOLF AVENUE",749.00,W,N,A,-,Y,,,180,,,,,,W,Y,1,1,2,3,A,-,08,22107,,N,D,C,A,A,H,-,A,D,0,,,,,Y,,A,07,1,1,0,0,0,0,0,0,0,"- ","- ",36.737201690673828,-119.64868927001953,FRESNO,UNINCORPORATED,-119.64868927001953,36.737194061279297
91515755,2021,2021-07-08,9435,2021-07-03,0210,020871,,6,3,9,1000,0,3,5,,2,060,"LINCOLN AVENUE","CRAWFORD AVENUE",225.00,E,N,A,-,N,,,,,,,,,,N,2,0,1,1,A,-,08,22107,,N,F,A,A,A,H,-,A,D,0,,,Y,,Y,,C,06,1,0,0,0,0,0,0,0,1,"- ","- ",36.647190093994141,-119.37532806396484,FRESNO,UNINCORPORATED,-119.37534332275391,36.647163391113281
91517098,2021,2021-07-09,9435,2021-03-22,0021,020586,,1,3,9,1000,0,3,5,,2,034,"ACADEMY AVENUE","ADAMS AVENUE",1056.00,S,N,A,-,N,,,,,,,,,,Y,1,1,2,2,A,-,08,22107,,N,D,C,A,A,H,-,D,D,0,,,,,Y,,A,01,1,0,1,0,0,0,0,0,0,"- ","- ",36.631278991699219,-119.55657958984375,FRESNO,UNINCORPORATED,-119.55675506591797,36.631233215332031
91517114,2021,2021-07-09,9435,2021-06-30,1530,019263,,3,2,9,1000,0,1,3,,1,169,"STATE ROUTE 168","BEAL FIRE ROAD",250.00,E,N,A,-,Y,,,168,,,,,,,Y,2,0,1,2,A,-,03,22350,,N,F,A,A,A,H,-,A,D,0,,,,Y,Y,,G,25,1,0,0,0,0,0,0,0,0,"- ","- ",37.042808532714844,-119.40334320068359,FRESNO,UNINCORPORATED,-119.40334320068359,37.042808532714844
91517158,2021,2021-11-10,9461,2021-06-20,0545,017329,,7,3,9,1000,0,1,3,,1,603,"STATE ROUTE (SR) 33","DOUGLAS AVENUE",7392.00,N,N,A,-,Y,,,33,,,,,,,Y,1,2,0,2,A,-,05,21650,,N,A,C,A,A,H,-,B,D,0,,,,,Y,,D,22,0,0,0,0,0,0,0,0,0,"- ","- ",36.895168304443359,-120.51209259033203,FRESNO,UNINCORPORATED,-120.5120849609375,36.895175933837891
91517854,2021,2022-04-19,9435,2021-04-25,2040,020387,,7,2,9,1000,0,1,3,,1,180,"STATE ROUTE 180 WESTBOUND","BRAWLEY AVENUE",70.00,W,N,B,C,Y,,,180,,,,,,W,Y,1,1,0,2,A,-,12,22450,A,N,H,G,A,B,H,-,C,A,0,,Y,,,Y,,L,04,0,0,0,0,0,1,0,0,0,"- ","- ",36.735549926757812,-119.86267852783203,FRESNO,UNINCORPORATED,-119.86267852783203,36.735492706298828
91517985,2021,2021-07-12,9435,2021-06-30,2150,021247,,3,2,9,1000,0,3,5,,2,010,"PALM AVENUE","ASHLAN AVENUE",0.00,,Y,A,-,N,,,,,,,,,,Y,2,0,1,2,A,-,01,23152,A,F,D,C,A,A,H,-,C,A,0,,,Y,,Y,Y,A,01,1,0,0,0,0,0,0,0,1,"- ","- ",36.793910980224609,-119.80870056152344,FRESNO,UNINCORPORATED,-119.80860137939453,36.793899536132812
91520444,2021,2021-07-14,9435,2021-07-03,0010,020854,,6,3,9,1000,0,1,3,,1,147,"STATE ROUTE 145","DINUBA AVENUE",1580.00,S,N,A,-,Y,,,145,,,,,,,Y,2,0,1,1,A,-,01,23152,A,N,F,A,A,A,H,-,D,A,0,,,,,Y,Y,A,01,1,0,0,0,0,0,0,0,0,"- ","- ",36.588939666748047,-120.06137847900391,FRESNO,UNINCORPORATED,-120.06151580810547,36.589107513427734
91520839,2021,2021-07-15,9495,2021-07-07,1845,019104,,3,2,9,1000,0,1,1,,2,002,"INTERSTATE 5 SOUTHBOUND","TUOLUMNE AVE",598.00,S,N,A,-,Y,,,5,,,,,,S,Y,2,0,2,1,A,-,08,22107,,N,E,I,A,A,H,-,A,D,0,,,,,Y,,A,07,1,1,0,0,0,0,0,0,0,"- ","- ",36.328891754150391,-120.29895782470703,FRESNO,UNINCORPORATED,-120.29891967773438,36.328922271728516
91520949,2021,2021-07-15,9435,2021-05-23,1924,020387,,7,2,9,1000,0,1,3,,1,145,"STATE ROUTE 145 (MADERA AVENUE)","CLINTON AVENUE",743.00,N,N,A,-,Y,,,145,,,,,,,Y,2,0,4,2,A,-,01,23152,A,N,E,I,A,A,H,-,A,D,0,,,,,Y,Y,A,07,3,1,0,0,0,0,0,0,0,"- ","- ",36.773490905761719,-120.06006622314453,FRESNO,UNINCORPORATED,-120.06021881103516,36.773487091064453
91521135,2021,2021-07-15,9435,2021-07-04,1700,020540,,7,2,9,1000,0,3,5,,2,060,"PIEDRA ROAD","ELWOOD ROAD",1056.00,N,N,A,-,N,,,,,,,,,,Y,2,0,2,2,A,-,03,22350,,N,C,C,A,A,H,-,A,D,0,,,,,Y,,D,22,1,0,1,0,0,0,0,0,0,"- ","- ",36.814430236816406,-119.38437652587891,FRESNO,UNINCORPORATED,-119.38449859619141,36.814136505126953
91524172,2021,2021-07-20,9435,2021-04-26,2310,016911,,1,3,9,1000,0,3,5,,2,030,"OLIVE AVENUE","WILLOW AVENUE",201.00,E,N,A,-,N,,,,,,,,,,Y,1,1,0,2,A,-,11,21954,A,F,G,B,E,A,H,-,D,D,0,Y,,,,Y,,N,60,0,0,0,1,0,0,0,0,0,"- ","- ",36.757431030273438,-119.72659301757812,FRESNO,UNINCORPORATED,-119.72663116455078,36.757488250732422
91524175,2021,2021-07-20,9435,2021-04-30,1440,020871,,5,2,9,1000,0,3,5,,2,060,"ELWOOD ROAD","BONANZA DRIVE",3168.00,N,N,A,-,N,,,,,,,,,,Y,1,1,2,2,A,-,08,22107,,N,A,C,A,A,H,-,A,D,0,,,,,Y,,A,01,0,1,1,0,0,0,0,0,0,"- ","- ",36.802459716796875,-119.32415771484375,FRESNO,UNINCORPORATED,-119.32411193847656,36.802303314208984
91524241,2021,2021-07-20,9435,2021-05-07,0155,021153,,5,3,9,1000,0,3,5,,2,034,"DE WOLF AVENUE","WALTER AVENUE",1320.00,S,N,A,-,N,,,,,,,,,,Y,1,1,0,1,A,-,08,22107,,N,E,I,A,A,H,-,D,D,0,,,,,Y,,A,01,0,0,0,0,0,0,0,0,0,"- ","- ",36.627208709716797,-119.64621734619141,FRESNO,UNINCORPORATED,-119.64620971679688,36.627208709716797
91524360,2021,2021-07-20,9435,2021-07-07,1700,016270,,3,2,9,1000,0,3,5,,2,050,"MILLERTON ROAD","RUSTY SPUR LANE",354.00,W,N,A,-,N,,,,,,,,,,Y,2,0,1,1,A,-,01,23152,A,N,E,I,A,A,H,-,A,D,0,,,,,Y,Y,A,01,1,0,0,0,0,0,0,0,0,"- ","- ",36.970081329345703,-119.57820129394531,FRESNO,UNINCORPORATED,-119.57797241210938,36.969982147216797