CASE_ID,ACCIDENT_YEAR,PROC_DATE,JURIS,COLLISION_DATE,COLLISION_TIME,OFFICER_ID,REPORTING_DISTRICT,DAY_OF_WEEK,CHP_SHIFT,POPULATION,CNTY_CITY_LOC,SPECIAL_COND,BEAT_TYPE,CHP_BEAT_TYPE,CITY_DIVISION_LAPD,CHP_BEAT_CLASS,BEAT_NUMBER,PRIMARY_RD,SECONDARY_RD,DISTANCE,DIRECTION,INTERSECTION,WEATHER_1,WEATHER_2,STATE_HWY_IND,CALTRANS_COUNTY,CALTRANS_DISTRICT,STATE_ROUTE,ROUTE_SUFFIX,POSTMILE_PREFIX,POSTMILE,LOCATION_TYPE,RAMP_INTERSECTION,SIDE_OF_HWY,TOW_AWAY,COLLISION_SEVERITY,NUMBER_KILLED,NUMBER_INJURED,PARTY_COUNT,PRIMARY_COLL_FACTOR,PCF_CODE_OF_VIOL,PCF_VIOL_CATEGORY,PCF_VIOLATION,PCF_VIOL_SUBSECTION,HIT_AND_RUN,TYPE_OF_COLLISION,MVIW,PED_ACTION,ROAD_SURFACE,ROAD_COND_1,ROAD_COND_2,LIGHTING,CONTROL_DEVICE,CHP_ROAD_TYPE,PEDESTRIAN_ACCIDENT,BICYCLE_ACCIDENT,MOTORCYCLE_ACCIDENT,TRUCK_ACCIDENT,NOT_PRIVATE_PROPERTY,ALCOHOL_INVOLVED,STWD_VEHTYPE_AT_FAULT,CHP_VEHTYPE_AT_FAULT,COUNT_SEVERE_INJ,COUNT_VISIBLE_INJ,COUNT_COMPLAINT_PAIN,COUNT_PED_KILLED,COUNT_PED_INJURED,COUNT_BICYCLIST_KILLED,COUNT_BICYCLIST_INJURED,COUNT_MC_KILLED,COUNT_MC_INJURED,PRIMARY_RAMP,SECONDARY_RAMP,LATITUDE,LONGITUDE,COUNTY,CITY,POINT_X,POINT_Y
91607341,2021,2021-10-27,9495,2021-10-17,1600,021354,,7,2,9,1000,0,1,3,,1,013,"STATE ROUTE 198 (WARTHAN CANYON)","PARKFIELD GRADE ROAD",10032.00,E,N,A,-,Y,,,198,,,,,,,Y,2,0,2,2,A,-,03,22350,,N,F,A,A,A,H,-,A,D,0,,,Y,,Y,,C,02,2,0,0,0,0,0,0,0,2,"- ","- ",36.098018646240234,-120.46128845214844,FRESNO,UNINCORPORATED,-120.46131896972656,36.097976684570312
91609026,2021,2021-10-28,9435,2021-10-19,1310,014363,,2,1,9,1000,0,1,3,,2,106,"STATE ROUTE 99 (NORTHBOUND)","AMERICAN AVENUE",2700.00,N,N,A,-,Y,,,99,,,,,,,Y,2,0,1,2,A,-,07,21658,A,N,B,C,A,A,H,-,A,D,0,,,,,Y,,A,07,1,0,0,0,0,0,0,0,0,"- ","- ",36.669010162353516,-119.73062896728516,FRESNO,UNINCORPORATED,-119.73065185546875,36.668983459472656
91611119,2021,2021-10-29,9435,2021-10-21,1605,020586,,4,2,7,1005,0,1,3,,2,410,"STATE ROUTE 41 NORTHBOUND","BLACKSTONE AVENUE",150.00,N,N,A,-,Y,,,41,,,,,,N,Y,2,0,1,2,A,-,03,22350,,N,C,C,A,A,H,-,A,D,0,,,Y,,Y,,A,01,1,0,0,0,0,0,0,0,1,"- ","- ",36.871910095214844,-119.79209136962891,FRESNO,FRESNO,-119.79212951660156,36.871902465820312
91612172,2021,2021-11-01,9435,2021-10-25,0610,020078,,1,1,9,1000,0,3,5,,2,020,"MOUNT WHITNEY AVENUE","POLK AVENUE",845.00,E,N,B,C,N,,,,,,,,,,Y,2,0,2,2,A,-,09,21804,A,N,D,C,A,B,H,-,D,D,0,,,,,Y,,D,22,1,0,1,0,0,0,0,0,0,"- ","- ",36.430820465087891,-119.89318084716797,FRESNO,UNINCORPORATED,-119.89324951171875,36.430809020996094
91612446,2021,2021-11-01,9435,2021-10-25,1150,019263,,1,1,9,1000,0,1,3,,1,169,SR-168,"GARLOCK LANE",1584.00,N,N,B,-,Y,,,168,,,,,,,Y,2,0,3,2,A,-,03,22350,,N,D,C,A,B,H,-,A,D,0,,,,,Y,,A,07,2,1,0,0,0,0,0,0,0,"- ","- ",36.993850708007812,-119.52955627441406,FRESNO,UNINCORPORATED,-119.52960968017578,36.993850708007812
91613265,2021,2021-11-02,9435,2021-09-17,2004,021491,,5,2,9,1000,0,3,5,,2,010,"GRANTLAND AVE","BELMONT AVE",0.00,,Y,A,-,N,,,,,,,,,,Y,2,0,2,2,A,-,12,22450,A,M,D,C,A,A,H,-,D,A,0,,,,,Y,,D,22,1,1,0,0,0,0,0,0,0,"- ","- ",36.749858856201172,-119.91619873046875,FRESNO,UNINCORPORATED,-119.91619110107422,36.749862670898438
91616074,2021,2021-11-04,9435,2021-11-03,1750,015106,,3,2,7,1005,0,3,5,,2,025,"AUBERRY ROAD","SUMMIT MOUNTAIN ROAD",2640.00,S,N,A,-,N,,,,,,,,,,Y,2,0,1,1,A,-,03,22350,,N,E,J,A,A,H,-,A,D,0,,,Y,,Y,,C,02,1,0,0,0,0,0,0,0,1,"- ","- ",36.940181732177734,-119.68144226074219,FRESNO,FRESNO,-119.68310546875,36.939567565917969
91617300,2021,2021-11-05,9435,2021-07-28,1606,020942,,3,2,9,1000,0,3,5,,2,034,"JENSEN AVENUE","TEMPERANCE AVENUE",0.00,,Y,A,-,N,,,,,,,,,,Y,1,1,1,2,A,-,12,21453,A,N,D,C,A,A,H,-,A,A,0,,,,,Y,Y,A,01,1,0,0,0,0,0,0,0,0,"- ","- ",36.707561492919922,-119.66400909423828,FRESNO,UNINCORPORATED,-119.66405487060547,36.707542419433594
91617481,2021,2021-11-05,9435,2021-10-30,0620,020095,,6,1,9,1000,0,3,5,,2,010,"SHAW AVE","SEVENTH AVE",0.00,,Y,E,-,N,,,,,,,,,,Y,2,0,1,2,A,-,12,22450,A,N,D,C,A,B,H,-,D,A,0,,,,,Y,,A,07,1,0,0,0,0,0,0,0,0,"- ","- ",36.807609558105469,-120.01454925537109,FRESNO,UNINCORPORATED,-120.01454925537109,36.807723999023438
91619418,2021,2021-11-09,9435,2021-11-07,0620,020836,,7,1,9,1000,0,1,3,,2,181,"SR-180 W/B TO CHESTNUT AVENUE","CHESTNUT AVENUE",370.00,E,N,A,-,Y,,,,,,,,,,Y,2,0,1,1,A,-,03,22350,,N,F,A,A,A,H,-,B,D,0,,,,,Y,,A,01,1,0,0,0,0,0,0,0,0,"- ","- ",36.755218505859375,-119.73494720458984,FRESNO,UNINCORPORATED,-119.73496246337891,36.754623413085938
91620736,2021,2021-11-09,9435,2021-11-08,0855,015751,,1,1,9,1000,0,3,5,,2,015,"CORNELIA AVE","JENSEN AVE",0.00,,Y,A,-,N,,,,,,,,,,Y,2,0,1,2,A,-,09,21802,A,N,D,C,A,A,H,-,A,A,0,,,,,Y,,A,01,1,0,0,0,0,0,0,0,0,"- ","- ",36.706439971923828,-119.88052368164062,FRESNO,UNINCORPORATED,-119.88052368164062,36.7064208984375
91621444,2021,2021-11-29,9435,2021-08-16,1830,020319,,1,2,9,1000,0,1,3,,1,180,"STATE ROUTE 180","YUBA AVE",3168.00,W,N,A,-,Y,,,180,,,,,,,Y,1,2,4,3,A,-,08,22107,,N,A,C,A,A,H,-,A,D,0,,,,,Y,Y,D,22,0,3,1,0,0,0,0,0,0,"- ","- ",36.734611511230469,-120.17974853515625,FRESNO,UNINCORPORATED,-120.17974853515625,36.734630584716797
91621782,2021,2021-11-10,9461,2021-08-16,0320,021387,,1,3,9,1000,0,1,3,,1,603,"STATE ROUTE 33","DOUGLAS AVENUE",6336.00,N,N,A,-,Y,,,33,,,,,,,Y,1,1,1,2,A,-,05,21650,,N,A,C,A,A,H,-,D,D,0,,,,Y,Y,,A,01,0,1,0,0,0,0,0,0,0,"- ","- ",36.893959045410156,-120.50942993164062,FRESNO,UNINCORPORATED,-120.50942993164062,36.893959045410156
91623162,2021,2021-11-12,9435,2021-10-31,0200,018944,,7,3,9,1000,0,3,5,,2,010,"OLIVE AVENUE","CORNELIA AVENUE",634.00,W,N,A,-,N,,,,,,,,,,N,2,0,1,2,A,-,08,22107,,F,H,G,A,A,H,-,D,D,0,,Y,,,Y,,-,99,1,0,0,0,0,0,1,0,0,"- ","- ",36.757270812988281,-119.88288879394531,FRESNO,UNINCORPORATED,-119.88241577148438,36.757282257080078
91625712,2021,2021-11-16,9435,2021-11-06,2040,020019,,6,2,9,1000,0,3,5,,2,025,"MILLERTON ROAD","SUNSET DRIVE",150.00,S,N,A,-,N,,,,,,,,,,Y,2,0,2,2,A,-,08,22107,,M,D,C,A,A,H,-,D,D,0,,,,,Y,,A,01,1,1,0,0,0,0,0,0,0,"- ","- ",36.984718322753906,-119.66338348388672,FRESNO,UNINCORPORATED,,
91625869,2021,2021-11-16,9435,2021-11-09,1623,020824,,2,2,9,1000,0,3,5,,2,040,"STATE ROUTE 145 N/B","KAMM AVENUE",0.00,,Y,B,-,Y,,,,,,,,,,Y,2,0,1,2,A,-,12,22450,A,N,D,C,A,A,H,-,A,A,0,,,,,Y,,A,01,1,0,0,0,0,0,0,0,0,"- ","- ",36.531528472900391,-119.09783935546875,FRESNO,UNINCORPORATED,-120.097900390625,36.531532287597656
91630561,2021,2021-11-19,9435,2021-10-18,1825,021179,,1,2,7,1005,0,1,3,,1,169,"SR-168 W/B TO MCKINLEY AVENUE","MCKINLEY AVENUE",479.00,E,N,A,-,Y,,,168,,,,R,,W,Y,1,1,0,1,A,-,08,22107,,N,E,I,A,A,H,-,A,D,0,,,Y,,Y,,C,02,0,0,0,0,0,0,0,1,0,"- ","- ",36.766208648681641,-119.75090789794922,FRESNO,FRESNO,-119.75090789794922,36.766208648681641
91631902,2021,2021-11-22,9495,2021-11-14,0325,021073,,7,3,9,1000,0,1,3,,1,008,"STATE ROUTE 198 (DORRIS AVENUE)","BISHOP AVENUE",1584.00,E,N,E,-,Y,,,198,,,,,,,Y,2,0,1,2,A,-,05,21650,,N,A,C,A,B,H,-,D,D,0,,,,,Y,,A,01,1,0,0,0,0,0,0,0,0,"- ","- ",36.255500793457031,-120.00454711914062,FRESNO,UNINCORPORATED,-120.00454711914062,36.255428314208984
91632238,2021,2021-11-22,9435,2021-11-14,1130,016507,,7,1,9,1000,0,1,3,,2,184,"PIEDRA ROAD","STATE ROUTE 180",0.00,,Y,E,-,Y,,,,,,,,,,N,2,0,1,1,A,-,08,22107,,N,F,A,A,A,H,-,A,D,0,,,Y,,Y,,C,02,1,0,0,0,0,0,0,0,1,"- ","- ",36.729598999023438,-119.46761322021484,FRESNO,UNINCORPORATED,-119.46742248535156,36.729694366455078
91632983,2021,2021-11-23,9435,2021-11-10,2325,019523,,3,3,7,1005,0,1,3,,2,105,"FRESNO ST TO SR-99 SB","FRESNO STREET",0.00,,Y,A,-,Y,,,,,,,,,,N,2,0,1,2,D,-,00,,,N,G,B,B,A,H,-,C,A,0,Y,,,,Y,Y,-,"- ",1,0,0,0,1,0,0,0,0,"- ","- ",36.730690002441406,-119.7994384765625,FRESNO,FRESNO,-119.78199768066406,36.743282318115234
91634110,2021,2021-11-24,9435,2021-11-12,1057,019113,,5,1,9,1000,0,3,5,,2,015,"WALNUT AVENUE","LINCOLN AVENUE",0.00,,Y,A,-,N,,,,,,,,,,Y,2,0,2,3,A,-,12,22450,A,N,D,C,A,A,H,-,A,A,0,,,,Y,Y,,A,01,2,0,0,0,0,0,0,0,0,"- ","- ",36.648689270019531,-119.80883026123047,FRESNO,UNINCORPORATED,-119.80880737304688,36.648700714111328
91637021,2021,2021-11-29,9495,2021-11-15,1820,020021,,1,2,9,1000,0,3,5,,2,053,"JAYNE AVENUE","BUTTE AVENUE",2112.00,E,N,A,-,N,,,,,,,,,,Y,2,0,2,2,A,-,05,21650,,N,A,C,A,A,H,-,D,D,0,,,,,Y,,D,22,2,0,0,0,0,0,0,0,0,"- ","- ",36.137771606445312,-120.14936065673828,FRESNO,UNINCORPORATED,-120.14925384521484,36.137790679931641
91638592,2021,2021-11-30,9495,2021-11-19,2500,017686,,5,4,9,1000,0,1,1,,2,002,"INTERSTATE 5 NORTHBOUND","SOUTH OF PARKHURST AVENUE",5280.00,S,N,A,-,Y,,,5,,,,,,N,Y,2,0,1,1,A,-,08,22107,,N,F,8,A,A,H,-,D,D,0,,,,,Y,,A,07,1,0,0,0,0,0,0,0,0,"- ","- ",36.386711120605469,-120.35009002685547,FRESNO,UNINCORPORATED,-120.35005950927734,36.386734008789062
91639381,2021,2022-01-13,9435,2021-11-24,1550,021299,,3,2,7,1005,0,1,3,,2,105,"SR-99 S/B","CALIFORNIA AVE",250.00,S,N,A,-,Y,,,99,,,,,,S,Y,2,0,2,2,A,-,03,22350,,N,C,C,A,A,H,-,A,D,0,,,,,Y,,A,07,1,1,0,0,0,0,0,0,0,"- ","- ",36.720901489257812,-119.78823089599609,FRESNO,FRESNO,-119.78821563720703,36.720916748046875
91643713,2021,2021-12-06,9435,2021-11-29,1617,020586,,1,2,7,1005,0,1,3,,2,105,"STATE ROUTE 99 SOUTHBOUND","CLINTON AVENUE",6336.00,N,N,A,-,Y,,,99,,,,,,S,Y,2,0,1,3,A,-,07,21658,A,N,D,C,A,A,H,-,A,D,0,,,,Y,Y,,D,22,1,0,0,0,0,0,0,0,0,"- ","- ",36.785301208496094,-119.85312652587891,FRESNO,FRESNO,-119.85286712646484,36.785587310791016
91643743,2021,2021-12-06,9435,2021-11-25,2109,018746,,4,2,7,1005,0,1,3,,1,168,SR-168,"ASHLAN AVE.",925.00,W,N,A,-,Y,,,168,,,,,,,Y,2,0,1,1,A,-,08,22107,,N,E,I,A,A,H,-,D,D,0,,,,,Y,,A,01,1,0,0,0,0,0,0,0,0,"- ","- ",36.791751861572266,-119.74787139892578,FRESNO,FRESNO,-119.74814605712891,36.791854858398438
91644333,2021,2021-12-06,9435,2021-12-01,0440,021247,,3,3,9,1000,0,3,5,,2,010,"STATE ROUTE 145","BELMONT AVENUE",72.00,S,N,A,-,N,,,145,,,,,,,Y,2,0,1,2,A,-,01,23152,A,M,C,C,A,D,H,-,C,A,0,,,,Y,Y,Y,D,22,1,0,0,0,0,0,0,0,0,"- ","- ",36.749279022216797,-120.05996704101562,FRESNO,UNINCORPORATED,-120.06001281738281,36.749279022216797
91648816,2021,2021-12-10,9435,2021-11-30,1335,020824,,2,1,3,1015,0,1,3,,2,107,"STATE ROUTE 99 S/B","FLORAL AVENUE",4488.00,N,N,A,-,Y,,,99,,,,,,S,Y,2,0,4,2,A,-,08,22107,,N,E,I,A,A,D,-,A,D,0,,,,,Y,,D,22,2,0,2,0,0,0,0,0,0,"- ","- ",36.585659027099609,-119.6397705078125,FRESNO,SELMA,-119.63977813720703,36.585655212402344
91650755,2021,2021-12-13,9435,2021-12-03,0815,014363,,5,1,9,1000,0,1,3,,1,412,"NEBRASKA AVENUE","STATE ROUTE 41",0.00,,Y,E,-,Y,,,,,,,,,,Y,2,0,1,2,A,-,09,21802,A,N,D,C,A,A,H,-,A,A,0,,,,,Y,,A,01,1,0,0,0,0,0,0,0,0,"- ","- ",36.562030792236328,-119.78594970703125,FRESNO,UNINCORPORATED,-119.7862548828125,36.561817169189453
91651633,2021,2021-12-14,9435,2021-12-09,0605,015986,,4,1,7,1005,0,1,3,,2,105,"SR-99 SB","MCKINLEY AVENUE",357.00,S,N,C,-,Y,,,99,,,,,,S,Y,2,0,3,3,A,-,07,21658,A,N,B,C,A,B,H,-,C,D,0,,,,Y,Y,,A,01,1,2,0,0,0,0,0,0,0,"- ","- ",36.763778686523438,-119.83371734619141,FRESNO,FRESNO,-119.83372497558594,36.763774871826172
91652715,2021,2021-12-15,9435,2021-12-03,2230,020854,,5,3,9,1000,0,3,5,,2,020,"MOUNTAIN VIEW AVENUE","FIG AVENUE",1000.00,E,N,E,-,N,,,,,,,,,,Y,2,0,1,1,A,-,01,23152,A,N,E,I,A,A,H,-,D,D,0,,,,,Y,Y,A,01,1,0,0,0,0,0,0,0,0,"- ","- ",36.547149658203125,-119.79631805419922,FRESNO,UNINCORPORATED,-119.79654693603516,36.547328948974609
91652889,2021,2021-12-15,9435,2021-08-23,0150,020064,,1,3,9,1000,0,1,3,,2,106,"STATE ROUTE 99 SOUTHBOUND","NORTH AVENUE",2112.00,N,N,B,-,Y,,,,,,,,,,Y,1,1,0,2,A,-,01,23152,A,N,C,C,A,A,H,-,D,D,0,,,,Y,Y,Y,A,01,0,0,0,0,0,0,0,0,0,"- ","- ",36.699901580810547,-119.76740264892578,FRESNO,UNINCORPORATED,-119.76402282714844,36.696567535400391
91654270,2021,2021-12-16,9435,2021-12-10,0850,015986,,5,1,7,1005,0,1,3,,1,183,"SR99 NB","NIELSEN AVENUE",318.00,N,N,A,-,Y,,,99,,,,,,N,Y,2,0,4,6,A,-,03,22350,,N,C,C,A,A,H,-,A,D,0,,,,Y,Y,,D,22,1,3,0,0,0,0,0,0,0,"- ","- ",36.743919372558594,-119.81965637207031,FRESNO,FRESNO,-119.81961822509766,36.743953704833984
91656156,2021,2022-03-24,9435,2021-12-09,0629,015095,,4,1,7,1005,0,1,3,,1,180,"STATE ROUTE 180","NAPA AVENUE",8448.00,W,N,B,C,Y,,,,,,,,,,Y,2,0,3,3,A,-,05,21650,,N,B,C,A,B,H,-,D,D,0,,,,,Y,,A,01,1,2,0,0,0,0,0,0,0,"- ","- ",36.734390258789062,-120.25234985351562,FRESNO,FRESNO,-120.25215148925781,36.734386444091797
91658657,2021,2021-12-22,9435,2021-12-15,1205,016860,,3,1,9,1000,0,1,3,,1,169,"STATE ROUTE 168","BEAL FIRE ROAD",5808.00,E,N,B,-,Y,,,168,,,,,,,Y,2,0,3,1,A,-,03,22350,,N,F,A,A,C,H,-,A,D,0,,,,,Y,,D,22,3,0,0,0,0,0,0,0,0,"- ","- ",37.054008483886719,-119.39098358154297,FRESNO,UNINCORPORATED,-119.39096832275391,37.053947448730469
91659914,2021,2021-12-23,9435,2021-12-22,2300,021247,,3,3,7,1005,0,1,3,,2,105,"STATE ROUTE 99 NB TO ASHLAN AVENUE","ASHLAN AVENUE",337.00,S,N,C,-,Y,,,99,,,,R,,N,Y,2,0,1,1,A,-,03,22350,,N,E,I,A,B,H,-,D,D,0,,,,,Y,,A,01,1,0,0,0,0,0,0,0,0,"- ","- ",36.792610168457031,-119.86312103271484,FRESNO,FRESNO,-119.86312103271484,36.792610168457031
91660149,2021,2021-12-23,9435,2021-12-22,1325,015986,,3,1,7,1005,0,1,3,,1,168,"SR-168 W/B TO SR-180 W/B","CEDAR AVENUE",106.00,E,N,C,-,Y,,,168,,,,R,,W,Y,2,0,1,1,A,-,08,22107,,N,E,I,A,B,H,-,A,D,0,,,,,Y,,A,01,1,0,0,0,0,0,0,0,0,"- ","- ",36.755729675292969,-119.75235748291016,FRESNO,FRESNO,-119.75235748291016,36.755729675292969
91661325,2021,2021-12-24,9435,2021-12-23,2333,020429,,4,3,9,1000,0,1,3,,1,630,"STATE ROUTE 63","STATE ROUTE 180",1100.00,S,N,B,C,Y,,,63,,,,,,,Y,2,0,1,1,A,-,08,22107,,F,E,I,A,B,H,-,D,D,0,,,,,Y,,D,22,1,0,0,0,0,0,0,0,0,"- ","- ",36.727729797363281,-119.28504180908203,FRESNO,UNINCORPORATED,-119.28509521484375,36.727737426757812
91662234,2021,2021-12-27,9435,2021-12-16,1800,021148,,4,2,9,1000,0,3,5,,2,030,"OLIVE AVENUE","HELM AVENUE",350.00,W,N,B,-,N,,,,,,,,,,Y,2,0,1,2,A,-,01,23152,A,N,C,E,A,A,H,-,D,D,0,,,,,Y,Y,A,01,1,0,0,0,0,0,0,0,0,"- ","- ",36.757419586181641,-119.72425842285156,FRESNO,UNINCORPORATED,-119.72419738769531,36.757472991943359
91662377,2021,2021-12-27,9435,2021-12-17,1345,021179,,5,1,7,1005,0,3,5,,2,040,"4111 W MOUNT WHITNEY AVENUE","BRAWLEY AVENUE",500.00,W,N,A,-,N,,,,,,,,,,Y,2,0,1,1,A,-,08,22107,,N,E,I,A,A,H,-,A,D,0,,,,,Y,,A,07,1,0,0,0,0,0,0,0,0,"- ","- ",36.430740356445312,-119.87090301513672,FRESNO,FRESNO,-119.87082672119141,36.430820465087891
91665861,2021,2021-12-29,9495,2021-09-03,2140,020716,,5,2,9,1000,0,1,3,,1,014,"STATE ROUTE 269 (LASSEN AVENUE)","STATE ROUTE 198 (DORRIS AVENUE)",10560.00,N,N,A,-,Y,,,269,,,,,,,Y,1,1,0,2,A,-,01,23152,A,F,B,2,A,A,H,-,D,D,0,,,,,Y,Y,A,01,0,0,0,0,0,0,0,0,0,"- ","- ",36.284408569335938,-120.10346221923828,FRESNO,UNINCORPORATED,-120.10348510742188,36.284408569335938
91668176,2021,2022-01-03,9435,2021-12-23,1430,020319,,4,2,9,1000,0,3,5,,2,010,"PALM AVE","ALAMOS AVE",120.00,S,N,C,-,N,,,,,,,,,,Y,2,0,2,3,A,-,03,22350,,N,C,C,A,B,H,-,A,D,0,,,,,Y,,A,07,1,0,1,0,0,0,0,0,0,"- ","- ",36.805400848388672,-119.8084716796875,FRESNO,UNINCORPORATED,-119.80852508544922,36.805412292480469
91672123,2021,2022-01-06,9495,2021-12-26,1535,021351,,7,2,9,1000,0,1,3,,1,014,"STATE ROUTE 269 (LASSEN AVENUE)","JAYNE AVENUE",0.00,,Y,A,-,Y,,,269,,,,,,,Y,2,0,3,2,A,-,12,22450,A,N,D,2,A,A,H,-,A,A,0,,,,,Y,,E,22,1,1,1,0,0,0,0,0,0,"- ","- ",36.137920379638672,-120.10285186767578,FRESNO,UNINCORPORATED,-120.102783203125,36.137920379638672
91672175,2021,2022-01-06,9435,2021-12-12,1245,019113,,7,1,9,1000,0,3,5,,2,015,"NORTH AVENUE","BRAWLEY AVENUE",0.00,,Y,A,-,N,,,,,,,,,,N,2,0,1,1,A,-,01,23152,A,N,F,A,A,A,H,-,A,D,0,,,Y,,Y,Y,C,06,1,0,0,0,0,0,0,0,1,"- ","- ",36.692020416259766,-119.86241149902344,FRESNO,UNINCORPORATED,-119.86241149902344,36.692081451416016
91675897,2022,2022-01-11,9435,2022-01-08,1704,020836,,6,2,9,1000,0,1,3,,2,107,"STATE ROUTE 99 SOUTHBOUND","SECOND STREET",1056.00,N,N,B,-,Y,FRE,,99,,R,5.718,H,,L,Y,2,0,1,1,A,-,03,22350,,N,F,A,A,A,H,-,B,D,0,,,Y,,Y,,C,02,1,0,0,0,0,0,0,0,1,"- ","- ",36.568061828613281,-119.62046813964844,FRESNO,UNINCORPORATED,-119.62042999267578,36.568088531494141
91677590,2022,2022-01-13,9435,2022-01-06,1620,019263,,4,2,9,1000,0,3,5,,2,050,"AUBERRY RD","FRAZIER ROAD",175.00,S,N,A,-,N,,,,,,,,,,Y,2,0,1,1,A,-,03,22350,,N,F,A,A,A,H,-,A,D,0,,,Y,,Y,,C,02,1,0,0,0,0,0,0,0,1,"- ","- ",37.067001342773438,-119.49420166015625,FRESNO,UNINCORPORATED,-119.49420928955078,37.065868377685547
91683663,2022,2022-01-24,9495,2022-01-15,0140,021351,,6,3,9,1000,0,1,1,,2,003,"INTERSTATE 5 (SOUTHBOUND)","JAYNE AVENUE",5808.00,N,N,A,-,Y,FRE,,5,,,6.547,H,,L,Y,2,0,1,1,A,-,08,22107,,N,E,I,A,A,H,-,D,D,0,,,,,Y,,A,01,1,0,0,0,0,0,0,0,0,"- ","- ",36.149768829345703,-120.17022705078125,FRESNO,UNINCORPORATED,-120.17014312744141,36.149822235107422
91683942,2022,2022-06-28,9435,2022-01-11,1648,020942,,2,2,9,1000,0,3,5,,2,015,"JENSEN AVENUE","BRAWLEY AVENUE",0.00,,Y,A,-,N,,,,,,,,,,Y,2,0,3,4,A,-,12,22450,A,N,D,C,A,A,H,-,A,A,0,,,,Y,Y,,A,01,1,0,2,0,0,0,0,0,0,"- ","- ",36.706539154052734,-119.86241912841797,FRESNO,UNINCORPORATED,-119.86236572265625,36.706516265869141
91685040,2022,2022-01-25,9435,2022-01-16,1900,020836,,7,2,9,1000,0,3,5,,2,025,"WILLOW AVENUE","MCKENZIE AVENUE",55.00,S,N,A,-,N,,,,,,,,,,N,2,0,1,2,A,-,11,21950,B,N,G,B,D,A,H,-,C,D,0,Y,,,,Y,,N,60,1,0,0,0,1,0,0,0,0,"- ","- ",36.746631622314453,-119.72737884521484,FRESNO,UNINCORPORATED,-119.72734069824219,36.746639251708984
91685047,2022,2022-01-25,9435,2022-01-19,1001,020019,,3,1,9,1000,0,3,5,,2,034,"NORTH AVENUE","TEMPERANCE AVENUE",1056.00,E,N,A,-,N,,,,,,,,,,Y,2,0,1,1,A,-,08,22107,,N,E,I,A,A,H,-,A,D,0,,,,,Y,,A,01,1,0,0,0,0,0,0,0,0,"- ","- ",36.6927490234375,-119.65960693359375,FRESNO,UNINCORPORATED,-119.66036987304688,36.692783355712891
91690524,2022,2022-02-01,9461,2022-01-24,1736,017029,,1,2,9,1000,0,1,3,,1,680,SR-180,"SAN BENITO AVE",528.00,W,N,A,-,Y,FRE,,180,,,25.826,H,,R,N,2,0,3,2,A,-,05,21650,,N,D,C,A,A,H,-,D,A,0,,,Y,,Y,,C,02,3,0,0,0,0,0,0,0,1,"- ","- ",36.732589721679688,-120.36138153076172,FRESNO,UNINCORPORATED,-120.36145782470703,36.732540130615234
91690877,2021,2022-02-01,9435,2021-10-19,2040,020942,,2,2,9,1000,0,3,5,,2,034,"KINGS CANYON ROAD","TEMPERANCE AVENUE",2112.00,E,N,A,-,N,,,,,,,,,,Y,1,1,0,1,A,-,03,22350,,N,E,I,A,A,H,-,D,D,0,,,,,Y,,A,01,0,0,0,0,0,0,0,0,0,"- ","- ",36.736858367919922,-119.65705871582031,FRESNO,UNINCORPORATED,-119.65725708007812,36.736831665039062
91692683,2021,2022-02-03,9435,2021-11-12,2135,020062,,5,2,9,1000,0,3,5,,2,025,"FRIANT ROAD","WILLOW AVENUE",5808.00,N,N,E,-,N,,,,,,,,,,N,1,1,0,2,A,-,11,21954,A,N,G,B,F,A,H,-,D,D,0,Y,,,,Y,,N,60,0,0,0,1,0,0,0,0,0,"- ","- ",36.938709259033203,-119.73017120361328,FRESNO,UNINCORPORATED,-119.73011779785156,36.936569213867188
91694829,2022,2022-02-07,9435,2022-01-28,1600,021179,,5,2,7,1005,0,3,5,,2,040,"WESTLAWN AVENUE","KEARNEY BOULEVARD",0.00,,Y,A,-,N,,,,,,,,,,Y,2,0,1,2,A,-,09,21802,A,N,D,C,A,A,H,-,A,D,0,,,,,Y,,D,22,1,0,0,0,0,0,0,0,0,"- ","- ",36.727851867675781,-119.95187377929688,FRESNO,FRESNO,-119.95186614990234,36.727848052978516
91700031,2021,2022-02-14,9435,2021-12-14,2500,015095,,2,4,7,1005,0,1,3,,2,410,"STATE ROUTE 41 SOUTHBOUND","O STREET",515.00,N,N,A,-,Y,,,41,,,,,,S,Y,1,1,0,1,A,-,08,22107,,N,F,A,A,B,H,-,D,D,0,,,,,Y,,A,01,0,0,0,0,0,0,0,0,0,"- ","- ",36.733749389648438,-119.77810668945312,FRESNO,FRESNO,-119.77802276611328,36.733715057373047
91701385,2022,2022-02-15,9435,2022-01-03,1855,016507,,1,2,9,1000,0,3,5,,2,060,"ALTA AVENUE","MANNING AVENUE",1584.00,N,N,A,-,N,,,,,,,,,,Y,1,1,0,2,A,-,08,22107,,F,C,G,A,A,H,-,D,D,0,,Y,,,Y,,-,99,0,0,0,0,0,1,0,0,0,"- ","- ",36.608379364013672,-119.39498138427734,FRESNO,UNINCORPORATED,-119.39486694335938,36.608287811279297