CASE_ID,ACCIDENT_YEAR,PROC_DATE,JURIS,COLLISION_DATE,COLLISION_TIME,OFFICER_ID,REPORTING_DISTRICT,DAY_OF_WEEK,CHP_SHIFT,POPULATION,CNTY_CITY_LOC,SPECIAL_COND,BEAT_TYPE,CHP_BEAT_TYPE,CITY_DIVISION_LAPD,CHP_BEAT_CLASS,BEAT_NUMBER,PRIMARY_RD,SECONDARY_RD,DISTANCE,DIRECTION,INTERSECTION,WEATHER_1,WEATHER_2,STATE_HWY_IND,CALTRANS_COUNTY,CALTRANS_DISTRICT,STATE_ROUTE,ROUTE_SUFFIX,POSTMILE_PREFIX,POSTMILE,LOCATION_TYPE,RAMP_INTERSECTION,SIDE_OF_HWY,TOW_AWAY,COLLISION_SEVERITY,NUMBER_KILLED,NUMBER_INJURED,PARTY_COUNT,PRIMARY_COLL_FACTOR,PCF_CODE_OF_VIOL,PCF_VIOL_CATEGORY,PCF_VIOLATION,PCF_VIOL_SUBSECTION,HIT_AND_RUN,TYPE_OF_COLLISION,MVIW,PED_ACTION,ROAD_SURFACE,ROAD_COND_1,ROAD_COND_2,LIGHTING,CONTROL_DEVICE,CHP_ROAD_TYPE,PEDESTRIAN_ACCIDENT,BICYCLE_ACCIDENT,MOTORCYCLE_ACCIDENT,TRUCK_ACCIDENT,NOT_PRIVATE_PROPERTY,ALCOHOL_INVOLVED,STWD_VEHTYPE_AT_FAULT,CHP_VEHTYPE_AT_FAULT,COUNT_SEVERE_INJ,COUNT_VISIBLE_INJ,COUNT_COMPLAINT_PAIN,COUNT_PED_KILLED,COUNT_PED_INJURED,COUNT_BICYCLIST_KILLED,COUNT_BICYCLIST_INJURED,COUNT_MC_KILLED,COUNT_MC_INJURED,PRIMARY_RAMP,SECONDARY_RAMP,LATITUDE,LONGITUDE,COUNTY,CITY,POINT_X,POINT_Y
91704489,2022,2022-02-18,9435,2022-02-08,0850,014363,,2,1,7,1005,0,1,3,,2,106,"STATE ROUTE 99 NORTHBOUND","CEDAR AVENUE",124.00,N,N,A,-,Y,FRE,,99,,,16.949,H,,R,N,2,0,2,2,A,-,08,22107,,N,A,C,A,A,H,-,A,D,0,,,,,Y,,E,22,1,1,0,0,0,0,0,0,0,"- ","- ",36.68927001953125,-119.75498199462891,FRESNO,FRESNO,-119.75494384765625,36.689296722412109
91707803,2022,2022-02-24,9435,2022-02-23,1516,020122,,3,2,7,1005,0,1,3,,2,181,"STATE ROUTE 180 WESTBOUND","H STREET",545.00,E,N,A,-,Y,FRE,,180,,R,56.940,H,,L,Y,2,0,1,1,A,-,08,22107,,N,E,I,A,A,H,-,A,D,0,,,,,Y,,A,01,1,0,0,0,0,0,0,0,0,"- ","- ",36.746120452880859,-119.80516815185547,FRESNO,FRESNO,-119.80521392822266,36.746177673339844
91707859,2022,2022-02-24,9435,2022-02-17,1630,020540,,4,2,9,1000,0,1,3,,2,184,"STATE ROUTE 180","FRANKWOOD AVENUE",0.00,,Y,A,-,Y,FRE,,180,,R,77.549,H,,R,Y,2,0,2,2,A,-,09,21802,A,N,D,C,A,A,H,-,A,A,0,,,,,Y,,A,07,1,0,1,0,0,0,0,0,0,"- ","- ",36.721538543701172,-119.44790649414062,FRESNO,UNINCORPORATED,-119.44795989990234,36.721435546875
91709958,2022,2022-02-25,9435,2022-02-16,2250,021491,,3,3,7,1005,0,3,5,,2,020,"CONEJO AVE","ELM AVE",1056.00,E,N,A,-,N,,,,,,,,,,Y,2,0,1,2,A,-,03,22350,,N,C,C,A,A,H,-,D,D,0,,,,,Y,,D,22,1,0,0,0,0,0,0,0,0,"- ","- ",36.51824951171875,-119.79392242431641,FRESNO,FRESNO,-119.79109191894531,36.518291473388672
91712392,2022,2022-03-01,9461,2022-02-21,2025,019052,,1,2,9,1000,0,3,5,,2,060,"BRANNON AVE",SR-33,88.00,N,N,B,-,N,,,,,,,,,,Y,2,0,2,1,A,-,08,22107,,N,E,I,A,A,H,-,D,D,0,,,,,Y,,D,22,1,0,1,0,0,0,0,0,0,"- ","- ",36.936500549316406,-120.59989929199219,FRESNO,UNINCORPORATED,-120.60003662109375,36.9365234375
91714342,2021,2022-03-03,9435,2021-11-20,1715,020429,,6,2,9,1000,0,1,3,,1,145,"PIEDRA ROAD","TERRACE AVENUE",458.00,S,N,A,-,N,,,,,,,,,,Y,1,1,7,3,A,-,02,22400,A,N,G,C,E,A,H,-,D,D,0,Y,,,,Y,,M,46,1,2,4,0,1,0,0,0,0,"- ","- ",36.771800994873047,-119.41162109375,FRESNO,UNINCORPORATED,-119.41163635253906,36.771831512451172
91714645,2022,2022-03-03,9435,2022-01-05,1855,020942,,3,2,9,1000,0,3,5,,2,015,"MCMULLIN GRADE","MANNING AVENUE",4805.00,N,N,A,-,N,,,,,,,,,,Y,1,1,1,2,A,-,08,22107,,N,A,C,A,A,H,-,D,D,0,,,,,Y,,A,08,1,0,0,0,0,0,0,0,0,"- ","- ",36.613269805908203,-120.03170013427734,FRESNO,UNINCORPORATED,-120.04328918457031,36.603870391845703
91715176,2022,2022-03-04,9495,2022-02-24,0429,021351,,4,3,9,1000,0,1,1,,2,003,"INTERSTATE 5 (NORTHBOUND)","STATE ROUTE 269 (LASSEN AVENUE)",6336.00,N,N,A,-,Y,FRE,,5,,,1.307,H,,R,Y,2,0,1,2,A,-,03,22350,,N,C,2,A,A,H,-,D,D,0,,,,,Y,,A,01,1,0,0,0,0,0,0,0,0,"- ","- ",36.089031219482422,-120.11405944824219,FRESNO,UNINCORPORATED,-120.11412048339844,36.088993072509766
91717465,2022,2022-03-24,9435,2022-02-06,2310,021165,,7,3,9,1000,0,3,5,,2,015,"KEARNEY BOULEVARD","GARFIELD AVENUE",50.00,E,N,A,-,N,,,,,,,,,,Y,1,1,0,1,A,-,08,22107,,N,E,I,A,A,H,-,D,D,0,,,,,Y,,D,22,0,0,0,0,0,0,0,0,0,"- ","- ",36.727989196777344,-119.92082214355469,FRESNO,UNINCORPORATED,-119.92527008056641,36.727962493896484
91717622,2022,2022-03-08,9435,2022-02-26,1005,016507,,6,1,9,1000,0,3,5,,2,060,"ADAMS AVE","REED AVE",0.00,,Y,A,-,N,,,,,,,,,,Y,2,0,1,2,A,-,09,21802,A,N,D,C,A,A,H,-,A,A,0,,,,,Y,,D,22,1,0,0,0,0,0,0,0,0,"- ","- ",36.633251190185547,-119.45771026611328,FRESNO,UNINCORPORATED,-119.45770263671875,36.633247375488281
91717978,2022,2022-03-08,9435,2022-02-28,0550,014363,,1,3,9,1000,0,3,5,,2,034,"DINUBA AVENUE","LAC JAC AVENUE",0.00,,Y,A,-,N,,,,,,,,,,N,2,0,2,2,A,-,12,22450,A,N,D,C,A,A,H,-,A,D,0,,,,,Y,,A,01,1,1,0,0,0,0,0,0,0,"- ","- ",36.589908599853516,-119.48462677001953,FRESNO,UNINCORPORATED,-119.48466491699219,36.589885711669922
91718770,2022,2022-03-09,9435,2022-01-29,1543,016860,,6,2,9,1000,0,1,3,,1,169,"STATE ROUTE 168","OAK VIEW DRIVE",349.00,E,N,A,-,Y,FRE,,168,,T,24.936,H,,R,Y,2,0,1,1,A,-,03,22350,,N,E,8,A,A,H,-,A,A,0,,,Y,,Y,Y,C,02,1,0,0,0,0,0,0,0,1,"- ","- ",36.972328186035156,-119.52828216552734,FRESNO,UNINCORPORATED,-119.52825927734375,36.972328186035156
91720061,2022,2022-03-10,9435,2022-03-04,1940,020942,,5,2,7,1005,0,1,3,,2,410,"STATE ROUTE 41, NORTHBOUND","TULARE STREET",215.00,N,N,B,-,Y,FRE,,41,,R,23.816,H,,R,Y,2,0,1,1,A,-,01,23152,A,N,E,I,A,B,H,-,D,D,0,,,,,Y,Y,D,22,1,0,0,0,0,0,0,0,0,"- ","- ",36.744041442871094,-119.77665710449219,FRESNO,FRESNO,-119.77680206298828,36.744071960449219
91721052,2022,2022-03-11,9435,2022-03-03,1340,014363,,4,1,9,1000,0,3,5,,2,034,"BETHEL AVENUE","FLORAL AVENUE",0.00,,Y,A,-,N,,,,,,,,,,N,2,0,1,2,A,-,09,21801,A,N,A,C,A,A,H,-,A,D,0,,,,,Y,,A,01,1,0,0,0,0,0,0,0,0,"- ","- ",36.576038360595703,-119.57501983642578,FRESNO,UNINCORPORATED,-119.57499694824219,36.576107025146484
91722936,2022,2022-03-15,9435,2022-03-06,1400,020887,,7,2,7,1005,0,3,5,,2,025,"AUBERRY RD","SUMMIT MOUNTAIN ROAD",4583.00,S,N,A,-,N,,,,,,,,,,N,2,0,1,1,A,-,08,22107,,N,F,A,A,A,H,-,A,D,0,,,Y,,Y,,C,02,1,0,0,0,0,0,0,0,1,"- ","- ",36.93975830078125,-119.68933868408203,FRESNO,FRESNO,-119.68959808349609,36.939640045166016
91723028,2022,2022-03-15,9435,2022-03-06,1910,020942,,7,2,9,1000,0,3,5,,2,040,"CLOVIS AVENUE","DAVIS AVENUE",4910.00,S,N,A,-,N,,,,,,,,,,Y,2,0,1,1,A,-,08,22107,,F,F,A,A,A,H,-,D,D,0,,,,,Y,,D,22,1,0,0,0,0,0,0,0,0,"- ","- ",36.460941314697266,-119.70863342285156,FRESNO,UNINCORPORATED,-119.70863342285156,36.461017608642578
91723512,2022,2022-03-15,9435,2022-03-09,1010,015106,,3,1,7,1005,0,1,3,,1,168,"SR-168 WESTBOUND","ASHLAN AVE U/C",120.00,W,N,A,-,Y,FRE,,168,,R,3.030,H,,L,N,2,0,2,3,A,-,07,21658,A,N,B,C,A,A,H,-,A,D,0,,,,,Y,,A,01,1,1,0,0,0,0,0,0,0,"- ","- ",36.794078826904297,-119.74738311767578,FRESNO,FRESNO,-119.74734497070312,36.7940673828125
91723549,2022,2022-03-15,9435,2022-03-09,1345,015106,,3,1,7,1005,0,3,5,,2,025,"ACADEMY AVENUE","SHAW AVENUE",0.00,,Y,A,-,N,,,,,,,,,,N,2,0,1,2,A,-,09,21800,A,N,D,G,A,A,H,-,A,A,0,,Y,,,Y,,A,01,1,0,0,0,0,0,1,0,0,"- ","- ",36.808151245117188,-119.55599212646484,FRESNO,FRESNO,-119.55600738525391,36.808109283447266
91730746,2022,2022-03-24,9435,2022-01-10,1803,020942,,1,2,9,1000,0,3,5,,2,034,"TEMPERANCE AVENUE","NORTH AVENUE",0.00,,Y,A,-,N,,,,,,,,,,Y,1,1,1,2,A,-,12,22450,A,N,D,C,A,A,H,-,D,A,0,,,,Y,Y,,A,01,0,0,1,0,0,0,0,0,0,"- ","- ",36.692878723144531,-119.66391754150391,FRESNO,UNINCORPORATED,-119.66397094726562,36.692829132080078
91731106,2021,2022-03-24,9435,2021-05-12,0530,018746,,3,3,9,1000,0,3,5,,2,040,"DINUBA AVENUE","PEACH AVENUE",0.00,,Y,A,-,N,,,,,,,,,,Y,2,0,2,2,A,-,09,21802,A,F,D,C,A,A,H,-,A,A,0,,,,,Y,,A,01,2,0,0,0,0,0,0,0,0,"- ","- ",36.590900421142578,-119.7183837890625,FRESNO,UNINCORPORATED,-119.71837615966797,36.590904235839844
91731139,2022,2022-03-24,9435,2022-01-24,1530,018746,,1,2,7,1005,0,1,3,,2,410,"SR-41 NORTHBOUND","PRINCETON AVE.",225.00,S,N,A,-,Y,FRE,,41,,R,26.170,H,,R,N,2,0,2,2,A,-,07,21658,A,N,B,C,A,A,H,-,A,D,0,,,,,Y,,A,01,1,1,0,0,0,0,0,0,0,"- ","- ",36.775249481201172,-119.78488159179688,FRESNO,FRESNO,-119.78491973876953,36.775249481201172
91733969,2022,2022-03-25,9435,2022-03-15,1228,020592,,2,1,9,1000,0,3,5,,2,010,"CHESTNUT AVENUE","NORTH AVENUE",0.00,,Y,A,-,N,,,,,,,,,,N,2,0,4,2,A,-,12,21453,A,N,A,C,A,A,H,-,A,A,0,,,,,Y,,A,01,3,1,0,0,0,0,0,0,0,"- ","- ",36.692428588867188,-119.73660278320312,FRESNO,UNINCORPORATED,-119.73659515380859,36.692459106445312
91735254,2022,2022-03-28,9435,2022-01-31,1913,021179,,1,2,7,1005,0,3,5,,2,010,"SHIELDS AVENUE","BRYAN AVENUE",1100.00,W,N,A,-,N,,,,,,,,,,N,2,0,1,2,A,-,01,23152,A,F,G,B,E,A,H,-,D,D,0,Y,,,,Y,,-,99,1,0,0,0,1,0,0,0,0,"- ","- ",36.778919219970703,-119.91121673583984,FRESNO,FRESNO,-119.91103363037109,36.778907775878906
91735356,2022,2022-03-28,9435,2022-03-19,0138,021402,,6,3,9,1000,0,3,5,,2,025,"TEMPERANCE AVENUE","CLINTON AVENUE",500.00,N,N,A,-,N,,,,,,,,,,N,2,0,1,1,A,-,08,22107,,N,F,A,A,A,H,-,C,D,0,,,Y,,Y,,C,02,1,0,0,0,0,0,0,0,1,"- ","- ",36.77362060546875,-119.66407012939453,FRESNO,UNINCORPORATED,-119.66410064697266,36.773483276367188
91736450,2021,2022-03-29,9435,2021-12-18,1738,021179,,6,2,7,1005,0,3,5,,2,010,"SHIELDS AVENUE","CHATEAU FRESNO AVENUE",200.00,E,N,A,-,N,,,,,,,,,,Y,1,2,0,2,A,-,08,22107,,N,A,C,A,A,H,-,D,D,0,,,,,Y,,D,22,0,0,0,0,0,0,0,0,0,"- ","- ",36.778759002685547,-119.93357849121094,FRESNO,FRESNO,-119.93361663818359,36.778770446777344
91738937,2022,2022-04-01,9435,2022-03-30,1006,015890,,3,1,9,1000,0,3,5,,2,040,"CEDAR AVE","MT WHITNEY AVE",357.00,S,N,A,-,N,,,,,,,,,,Y,2,0,1,1,A,-,08,22107,,N,E,I,A,B,H,-,A,D,0,,,,,Y,,A,01,1,0,0,0,0,0,0,0,0,"- ","- ",36.430000305175781,-119.76248931884766,FRESNO,UNINCORPORATED,-119.762451171875,36.430049896240234
91741495,2022,2022-04-08,9435,2022-03-26,2205,019263,,6,3,9,1000,0,1,3,,1,169,"STATE ROUTE 168","OLD RANCH PARK LN",1056.00,W,N,A,-,Y,FRE,,168,,T,31.928,H,,R,Y,2,0,1,1,A,-,01,23152,A,N,F,A,A,A,H,-,D,D,0,,,,,Y,Y,D,22,1,0,0,0,0,0,0,0,0,"- ","- ",37.044330596923828,-119.48719787597656,FRESNO,UNINCORPORATED,-119.48715972900391,37.044296264648438
91743358,2022,2022-04-07,9435,2022-03-27,1710,020942,,7,2,9,1000,0,3,5,,2,040,"MARKS AVENUE","CARUTHERS AVENUE",0.00,,Y,A,-,N,,,,,,,,,,Y,2,0,2,2,A,-,09,21802,A,N,D,C,A,A,H,-,A,A,0,,,Y,,Y,,D,22,1,1,0,0,0,0,0,0,1,"- ","- ",36.539901733398438,-119.84516906738281,FRESNO,UNINCORPORATED,-119.84522247314453,36.539890289306641
91745548,2022,2022-04-11,9435,2022-03-30,1715,019523,,3,2,9,1000,0,3,5,,2,015,"PLACER AVENUE","LINCOLN AVENUE",0.00,,Y,A,-,N,,,,,,,,,,Y,2,0,1,1,A,-,01,23152,A,M,E,I,A,A,H,-,A,D,0,,,,,Y,Y,A,07,1,0,0,0,0,0,0,0,0,"- ","- ",36.647178649902344,-120.17926025390625,FRESNO,UNINCORPORATED,-120.17943572998047,36.647098541259766
91746914,2022,2022-04-13,9435,2022-04-05,1540,020540,,2,2,9,1000,0,3,5,,2,060,"AMERICAN AVENUE","ENGLEHART AVENUE",0.00,,Y,A,-,N,,,,,,,,,,Y,2,0,2,2,A,-,12,22450,A,N,D,C,A,A,H,-,A,A,0,,,,,Y,,A,01,1,1,0,0,0,0,0,0,0,"- ","- ",36.661899566650391,-119.41252136230469,FRESNO,UNINCORPORATED,-119.41265106201172,36.662029266357422
91750432,2022,2022-04-18,9435,2022-04-10,1750,016507,,7,2,9,1000,0,3,5,,2,060,"WAKEFIELD AVE","AMERICAN AVE",216.00,S,N,A,-,N,,,,,,,,,,Y,2,0,3,1,A,-,08,22107,,N,F,A,A,A,H,-,A,D,0,,,,,Y,,A,07,1,2,0,0,0,0,0,0,0,"- ","- ",36.660659790039062,-119.35862731933594,FRESNO,UNINCORPORATED,-119.35865783691406,36.660747528076172
91751187,2022,2022-04-19,9461,2022-04-10,0453,021854,,7,3,9,1000,0,1,1,,2,305,"I-5 N/B","SHIELDS AVE.",6336.00,N,N,A,-,Y,FRE,,5,,,61.377,H,,L,Y,2,0,1,1,A,-,08,22107,,N,A,A,A,D,H,-,E,D,0,,,,,Y,,A,01,1,0,0,0,0,0,0,0,0,"- ","- ",36.794380187988281,-120.73561859130859,FRESNO,UNINCORPORATED,-120.73566436767578,36.794361114501953
91753407,2021,2022-04-21,9435,2021-11-01,0727,014363,,1,1,9,1000,0,3,5,,2,034,"TEMPERANCE AVENUE","CENTRAL AVENUE",0.00,,Y,B,-,N,,,,,,,,,,Y,1,1,1,2,A,-,12,22450,A,N,D,C,A,A,H,-,A,A,0,,,,,Y,,A,01,1,0,0,0,0,0,0,0,0,"- ","- ",36.678089141845703,-119.66388702392578,FRESNO,UNINCORPORATED,-119.66387176513672,36.678077697753906
91753899,2022,2022-04-21,9435,2022-04-10,1110,021594,,7,1,9,1000,0,3,5,,2,015,"PLACER AVENUE","LINCOLN AVENUE",300.00,N,N,A,-,N,,,,,,,,,,Y,2,0,1,1,A,-,01,23152,A,N,E,I,A,A,H,-,A,D,0,,,,,Y,Y,A,01,1,0,0,0,0,0,0,0,0,"- ","- ",36.647911071777344,-120.18013000488281,FRESNO,UNINCORPORATED,-120.17991638183594,36.6478271484375
91754231,2022,2022-04-22,9435,2022-03-26,1100,021544,,6,1,9,1000,0,3,5,,2,020,"MOUNTAIN VIEW AVE","WEST AVE",300.00,W,N,A,-,N,,,,,,,,,,Y,2,0,3,2,A,-,01,23152,A,N,B,C,A,A,H,-,A,D,0,,,,,Y,Y,A,01,1,2,0,0,0,0,0,0,0,"- ","- ",36.547191619873047,-119.82771301269531,FRESNO,UNINCORPORATED,-119.82779693603516,36.54718017578125
91754303,2022,2022-04-22,9435,2022-01-21,2007,020319,,5,2,9,1000,0,1,3,,1,180,"STATE ROUTE 180","BISHOP AVENUE",2127.00,W,N,B,-,Y,FRE,,180,,,45.235,H,,R,Y,1,1,3,3,A,-,07,21658,A,N,A,C,A,A,H,-,D,D,0,,,,,Y,,A,01,1,1,1,0,0,0,0,0,0,"- ","- ",36.734939575195312,-120.01338195800781,FRESNO,UNINCORPORATED,-120.01338195800781,36.734958648681641
91755902,2022,2022-04-25,9435,2022-04-16,1800,016507,,6,2,9,1000,0,3,5,,2,060,"STATE ROUTE 180","ALTA AVE",1584.00,W,N,A,-,Y,FRE,,180,,,80.822,H,,R,Y,2,0,1,1,A,-,08,22107,,N,F,A,A,A,H,-,A,D,0,,,,,Y,,A,01,1,0,0,0,0,0,0,0,0,"- ","- ",36.719520568847656,-119.39897918701172,FRESNO,UNINCORPORATED,-119.39890289306641,36.719398498535156
91756411,2022,2022-04-26,9435,2022-04-05,1155,015751,,2,1,9,1000,0,3,5,,2,010,"BARSTOW AVE","MONROE AVE",623.00,E,N,A,-,N,,,,,,,,,,Y,2,0,1,1,A,-,08,22107,,N,E,I,A,A,H,-,A,D,0,,,,,Y,,A,01,1,0,0,0,0,0,0,0,0,"- ","- ",36.815399169921875,-119.94068908691406,FRESNO,UNINCORPORATED,-119.94155120849609,36.815288543701172
91756465,2021,2022-04-26,9435,2021-07-19,1136,020095,,1,1,7,1005,0,1,3,,1,411,"STATE ROUTE 41 SOUTHBOUND","CENTRAL AVENUE",107.00,N,N,A,-,Y,,,,,,,,,,Y,1,1,3,4,A,-,03,22350,,N,C,C,A,A,H,-,A,A,0,,,,,Y,,A,01,0,3,0,0,0,0,0,0,0,"- ","- ",36.678321838378906,-119.78607177734375,FRESNO,FRESNO,-119.78607177734375,36.678234100341797
91756467,2022,2022-04-26,9435,2022-01-19,0605,015986,,3,1,9,1000,0,3,5,,2,015,"SHAW AVENUE","WISHON COURT",65.00,E,N,A,-,N,,,,,,,,,,Y,1,1,0,2,A,-,11,21950,B,N,G,B,D,A,H,-,C,D,0,Y,,,,Y,,N,60,0,0,0,1,0,0,0,0,0,"- ","- ",36.808368682861328,-119.80371856689453,FRESNO,UNINCORPORATED,-119.80490112304688,36.808349609375
91757948,2022,2022-04-27,9435,2022-04-25,1300,015986,,1,1,7,1005,0,1,3,,2,105,"STATE ROUTE 99 N/B TO BELMONT AVENUE","BELMONT AVENUE",528.00,S,N,A,-,Y,FRE,,99,,,22.596,H,,R,Y,2,0,1,2,A,-,03,22350,,N,C,C,A,A,H,-,A,D,0,,,Y,,Y,,C,02,1,0,0,0,0,0,0,0,1,"- ","- ",36.748638153076172,-119.82337188720703,FRESNO,FRESNO,-119.82343292236328,36.748607635498047
91758703,2021,2022-04-28,9435,2021-10-23,1312,020019,,6,1,9,1000,0,3,5,,2,030,"MCKINLEY AVENUE","REDDA ROAD",528.00,E,N,A,-,N,,,,,,,,,,Y,1,1,1,2,A,-,08,22107,,N,D,C,A,A,H,-,A,D,0,,,Y,,Y,,A,08,0,0,1,0,0,0,0,1,0,"- ","- ",36.764839172363281,-119.65872192382812,FRESNO,UNINCORPORATED,-119.659358,36.764811000000002
91762174,2022,2022-05-02,9495,2022-04-20,1259,019154,,3,1,9,1000,0,1,1,,2,003,"INTERSTATE 5 SOUTHBOUND","JAYNE AVENUE",7920.00,S,N,A,-,Y,FRE,,5,,,3.761,H,,L,Y,2,0,2,1,A,-,08,22107,,N,E,J,A,A,H,-,A,D,0,,,,,Y,,A,01,2,0,0,0,0,0,0,0,0,"- ","- ",36.117530822753906,-120.14035797119141,FRESNO,UNINCORPORATED,-120.14052581787109,36.117431640625
91762696,2022,2022-05-03,9435,2022-04-24,1750,021589,,7,2,9,1000,0,3,5,,2,015,"JENSEN AVE","MARKS AVE",950.00,W,N,A,-,N,,,,,,,,,,Y,2,0,2,2,A,-,03,22350,,N,C,C,A,A,H,-,A,D,0,,,,,Y,,A,01,1,1,0,0,0,0,0,0,0,"- ","- ",36.706611633300781,-119.84771728515625,FRESNO,UNINCORPORATED,-119.84774017333984,36.70660400390625
91763076,2022,2022-05-03,9435,2022-01-14,2004,020319,,5,2,9,1000,0,3,5,,2,010,"SHAW AVENUE","BISHOP AVENUE",0.00,,Y,E,-,N,,,,,,,,,,Y,1,1,0,4,A,-,01,23152,A,N,B,C,A,A,H,-,D,A,0,,,,,Y,Y,A,01,0,0,0,0,0,0,0,0,0,"- ","- ",36.807750701904297,-120.00670623779297,FRESNO,UNINCORPORATED,-120.00656127929688,36.807731628417969
91764131,2022,2022-05-04,9435,2022-05-01,0945,020592,,7,1,9,1000,0,3,5,,2,025,"WATTS VALLEY ROAD","BULL RUN LANE",5808.00,N,N,A,-,N,,,,,,,,,,N,2,0,1,1,A,-,08,22107,,N,E,I,A,A,H,-,A,D,0,,,Y,,Y,,C,02,1,0,0,0,0,0,0,0,1,"- ","- ",36.854721069335938,-119.46745300292969,FRESNO,UNINCORPORATED,-119.47550201416016,36.837478637695312
91767745,2022,2022-05-09,9495,2022-05-01,0030,021213,,7,3,9,1000,0,1,3,,1,009,"STATE ROUTE 198 (WARTHAN CANYON)","FIRESTON AVENUE",17424.00,W,N,A,-,Y,FRE,,198,,,17.806,H,,R,Y,2,0,2,1,A,-,01,23152,A,N,F,A,A,A,H,-,D,D,0,,,,,Y,Y,A,07,1,0,1,0,0,0,0,0,0,"- ","- ",36.097171783447266,-120.42234802246094,FRESNO,UNINCORPORATED,-120.42236328125,36.097179412841797
91767949,2022,2022-05-09,9461,2022-04-08,1735,021387,,5,2,9,1000,0,2,4,,1,315,"NEES AVENUE","OXFORD AVENUE",5808.00,E,N,A,-,N,,,,,,,,,,Y,1,1,0,2,A,-,05,21650,,N,B,C,A,A,H,-,A,D,0,,,,Y,Y,,A,01,0,0,0,0,0,0,0,0,0,"- ","- ",36.850631713867188,-120.68953704833984,FRESNO,UNINCORPORATED,-120.68897247314453,36.850593566894531
91768878,2022,2022-05-10,9461,2022-04-16,1810,021619,,6,2,9,1000,0,1,1,,2,305,"INTERSTATE 5 (I-5) NORTHBOUND TO NEES AVENUE","WEST NEES AVENUE",159.00,S,N,A,-,Y,,,,,,,,,,Y,1,1,0,1,A,-,08,22107,,N,F,A,A,A,H,-,A,D,0,,,,,Y,,D,22,0,0,0,0,0,0,0,0,0,"- ","- ",36.849601745605469,-120.77253723144531,FRESNO,UNINCORPORATED,-120.77253723144531,36.849601745605469
91769186,2022,2022-05-11,9435,2022-05-01,1803,020319,,7,2,9,1000,0,3,5,,2,010,"MCKINLEY AVE","HOWARD AVE",0.00,,Y,A,-,N,,,,,,,,,,Y,2,0,1,2,A,-,09,21802,A,F,D,C,A,A,H,-,A,A,0,,,,,Y,,-,99,1,0,0,0,0,0,0,0,0,"- ","- ",36.76416015625,-120.02452850341797,FRESNO,UNINCORPORATED,-120.02436828613281,36.764091491699219
91769503,2022,2022-05-11,9435,2022-04-03,1745,021179,,7,2,9,1000,0,3,5,,2,040,"FOWLER AVENUE","DAVIS AVENUE",4224.00,S,N,A,-,N,,,,,,,,,,Y,1,1,0,1,A,-,08,22107,,N,F,I,A,A,H,-,A,D,0,,,Y,,Y,Y,C,02,0,0,0,0,0,0,0,1,0,"- ","- ",36.461948394775391,-119.69059753417969,FRESNO,UNINCORPORATED,-119.69049072265625,36.462806701660156
91769836,2022,2022-05-11,9435,2022-05-04,1910,019263,,3,2,9,1000,0,1,3,,1,169,"STATE ROUTE 168","TOLLHOUSE RD",4752.00,S,N,A,-,Y,FRE,,168,,,21.759,H,,R,Y,2,0,1,1,A,-,01,23152,A,N,E,I,A,A,H,-,A,D,0,,,,,Y,Y,D,22,1,0,0,0,0,0,0,0,0,"- ","- ",36.941989898681641,-119.50412750244141,FRESNO,UNINCORPORATED,-119.50420379638672,36.942001342773438
91771080,2022,2022-05-12,9495,2022-05-01,0030,021186,,7,3,9,1000,0,1,3,,1,008,"STATE ROUTE 198 (DORRIS AVENUE)","STATE ROUTE 269 (LASSEN AVENUE)",1584.00,W,N,A,-,Y,FRE,,198,,,34.298,H,,R,Y,2,0,2,2,A,-,05,21650,,N,A,C,A,A,H,-,D,D,0,,,,Y,Y,,D,22,1,1,0,0,0,0,0,0,0,"- ","- ",36.255321502685547,-120.11000061035156,FRESNO,UNINCORPORATED,-120.11000061035156,36.255355834960938
91776240,2022,2022-05-19,9435,2022-03-13,0326,021165,,7,3,9,1000,0,1,3,,1,168,"STATE ROUTE 168 WESTBOUND","SHIELDS AVENUE",736.00,E,N,A,-,Y,FRE,,168,,R,2.166,H,,L,Y,1,1,0,1,A,-,08,22107,,N,F,A,A,A,H,-,D,D,0,,,,,Y,,A,07,0,0,0,0,0,0,0,0,0,"- ","- ",36.78179931640625,-119.74919891357422,FRESNO,UNINCORPORATED,-119.74931335449219,36.781803131103516
91777065,2022,2022-05-20,9435,2022-04-12,2302,020064,,2,3,7,1005,0,1,3,,2,410,"STATE ROUTE 41 SOUTHBOUND","FRIANT ROAD",1000.00,N,N,B,-,Y,FRE,,41,,R,31.894,H,,L,Y,1,1,0,2,A,-,00,21960,A,N,G,B,E,A,H,-,D,D,0,Y,,,,Y,,N,60,0,0,0,1,0,0,0,0,0,"- ","- ",36.857208251953125,-119.79071807861328,FRESNO,FRESNO,-119.79073333740234,36.857208251953125