CASE_ID,ACCIDENT_YEAR,PROC_DATE,JURIS,COLLISION_DATE,COLLISION_TIME,OFFICER_ID,REPORTING_DISTRICT,DAY_OF_WEEK,CHP_SHIFT,POPULATION,CNTY_CITY_LOC,SPECIAL_COND,BEAT_TYPE,CHP_BEAT_TYPE,CITY_DIVISION_LAPD,CHP_BEAT_CLASS,BEAT_NUMBER,PRIMARY_RD,SECONDARY_RD,DISTANCE,DIRECTION,INTERSECTION,WEATHER_1,WEATHER_2,STATE_HWY_IND,CALTRANS_COUNTY,CALTRANS_DISTRICT,STATE_ROUTE,ROUTE_SUFFIX,POSTMILE_PREFIX,POSTMILE,LOCATION_TYPE,RAMP_INTERSECTION,SIDE_OF_HWY,TOW_AWAY,COLLISION_SEVERITY,NUMBER_KILLED,NUMBER_INJURED,PARTY_COUNT,PRIMARY_COLL_FACTOR,PCF_CODE_OF_VIOL,PCF_VIOL_CATEGORY,PCF_VIOLATION,PCF_VIOL_SUBSECTION,HIT_AND_RUN,TYPE_OF_COLLISION,MVIW,PED_ACTION,ROAD_SURFACE,ROAD_COND_1,ROAD_COND_2,LIGHTING,CONTROL_DEVICE,CHP_ROAD_TYPE,PEDESTRIAN_ACCIDENT,BICYCLE_ACCIDENT,MOTORCYCLE_ACCIDENT,TRUCK_ACCIDENT,NOT_PRIVATE_PROPERTY,ALCOHOL_INVOLVED,STWD_VEHTYPE_AT_FAULT,CHP_VEHTYPE_AT_FAULT,COUNT_SEVERE_INJ,COUNT_VISIBLE_INJ,COUNT_COMPLAINT_PAIN,COUNT_PED_KILLED,COUNT_PED_INJURED,COUNT_BICYCLIST_KILLED,COUNT_BICYCLIST_INJURED,COUNT_MC_KILLED,COUNT_MC_INJURED,PRIMARY_RAMP,SECONDARY_RAMP,LATITUDE,LONGITUDE,COUNTY,CITY,POINT_X,POINT_Y
91777917,2022,2022-05-23,9435,2022-05-17,1435,020429,,2,2,9,1000,0,3,5,,2,060,"DINUBA AVENUE","PEDERSON AVENUE",900.00,W,N,A,-,N,,,,,,,,,,Y,2,0,1,2,A,-,09,21801,A,N,A,C,A,A,H,-,A,D,0,,,,,Y,,A,07,1,0,0,0,0,0,0,0,0,"- ","- ",36.589511871337891,-119.40717315673828,FRESNO,UNINCORPORATED,-119.40711212158203,36.589500427246094
91785599,2022,2022-07-13,9435,2022-05-24,1745,021402,,2,2,9,1000,0,1,3,,2,105,"SR-99 N/B","TRINITY STREET",15.00,N,N,A,-,Y,FRE,,99,,,21.484,H,,R,N,2,0,1,2,A,-,03,22350,,N,C,C,A,A,H,-,A,D,0,,,,,Y,,A,01,1,0,0,0,0,0,0,0,0,"- ","- ",36.738780975341797,-119.80850982666016,FRESNO,UNINCORPORATED,-119.8084716796875,36.73883056640625
91786198,2022,2022-06-01,9435,2022-05-27,0550,016507,,5,3,9,1000,0,3,5,,2,060,"HILLS VALLEY ROAD","DINUBA AVE",1056.00,N,N,A,-,N,,,,,,,,,,Y,2,0,1,1,A,-,08,22107,,N,E,I,A,A,H,-,A,D,0,,,,,Y,,A,01,1,0,0,0,0,0,0,0,0,"- ","- ",36.589519500732422,-119.30503845214844,FRESNO,UNINCORPORATED,-119.3050537109375,36.588188171386719
91786819,2022,2022-06-02,9435,2022-05-24,0535,014363,,2,3,9,1000,0,3,5,,2,034,"MOUNTAIN VIEW AVENUE","SMITH AVENUE",26.00,W,N,A,-,N,,,,,,,,,,N,2,0,2,2,A,-,09,21801,A,N,D,C,A,A,H,-,A,D,0,,,,,Y,,A,01,1,1,0,0,0,0,0,0,0,"- ","- ",36.546901702880859,-119.50356292724609,FRESNO,UNINCORPORATED,-119.50344085693359,36.546920776367188
91787670,2022,2022-06-03,9435,2022-05-29,1225,017518,,7,1,9,1000,0,3,5,,2,025,"MILLERTON RD","MARINA DRIVE",630.00,W,N,A,-,N,,,,,,,,,,N,2,0,1,1,A,-,08,22107,,N,F,A,A,A,H,-,A,D,0,,,Y,,Y,,C,02,1,0,0,0,0,0,0,0,1,"- ","- ",36.983959197998047,-119.66059112548828,FRESNO,UNINCORPORATED,-119.66175079345703,36.984130859375
91789011,2022,2022-06-06,9435,2022-06-02,0650,015751,,4,1,5,1001,0,1,3,,1,168,"STATE ROUTE 168 E/B","HERNDON AVENUE",20.00,N,N,A,-,Y,FRE,,168,,R,6.888,H,,R,Y,2,0,1,1,A,-,08,22107,,N,E,I,A,A,H,-,A,D,0,,,,,Y,,A,01,1,0,0,0,0,0,0,0,0,"- ","- ",36.837200164794922,-119.70304107666016,FRESNO,CLOVIS,-119.70318603515625,36.8372802734375
91790245,2022,2022-06-10,9435,2022-06-03,2100,021589,,5,2,9,1000,0,3,5,,2,010,"MCKINLEY AVE","LASSEN AVE",0.00,,Y,A,-,N,,,,,,,,,,Y,2,0,2,2,A,-,09,21802,A,N,D,C,A,A,H,-,D,A,0,,,,,Y,,A,07,1,1,0,0,0,0,0,0,0,"- ","- ",36.764041900634766,-120.09625244140625,FRESNO,UNINCORPORATED,-120.09619903564453,36.7640380859375
91792174,2022,2022-06-09,9435,2022-06-06,2100,018944,,1,2,9,1000,0,1,3,,1,145,"STATE ROUTE 145","BARSTOW AVENUE",1795.00,N,N,A,-,Y,FRE,,145,,R,41.081,H,,R,N,2,0,1,1,A,-,08,22107,,N,F,A,A,A,H,-,D,D,0,,,,,Y,,A,01,1,0,0,0,0,0,0,0,0,"- ","- ",36.819171905517578,-120.05606842041016,FRESNO,UNINCORPORATED,-120.05616760253906,36.819171905517578
91793011,2021,2022-06-29,9435,2021-07-28,2230,021230,,3,3,9,1000,0,3,5,,2,025,"MILLERTON ROAD","WINCHELL COVE ROAD",288.00,E,N,A,-,N,,,,,,,,,,N,1,1,0,2,A,-,03,22350,,F,G,B,E,A,H,-,D,D,0,Y,,,,Y,,-,99,0,0,0,1,0,0,0,0,0,"- ","- ",36.984401702880859,-119.65853881835938,FRESNO,UNINCORPORATED,-119.65867614746094,36.984397888183594
91793017,2022,2022-06-10,9435,2022-03-26,2040,020824,,6,2,7,1005,0,1,3,,2,181,"STATE ROUTE 180 WESTBOUND","CEDAR AVENUE",815.00,W,N,A,-,Y,FRE,,180,,R,59.710,H,,L,N,1,1,0,3,A,-,00,21960,A,F,G,B,D,A,H,-,D,D,0,Y,,,,Y,,N,60,0,0,0,1,0,0,0,0,0,"- ","- ",36.755081176757812,-119.75750732421875,FRESNO,FRESNO,-119.75750732421875,36.755153656005859
91797671,2022,2022-06-17,9435,2022-04-01,1650,021402,,5,2,7,1005,0,1,3,,2,105,"STATE ROUTE 99 SOUTHBOUND","CLINTON AVENUE",1765.00,N,N,A,-,Y,FRE,,99,,R,24.766,H,,L,Y,1,1,6,4,A,-,03,22350,,N,C,C,A,A,H,-,A,D,0,,,,,Y,,D,22,3,2,1,0,0,0,0,0,0,"- ","- ",36.775859832763672,-119.84261322021484,FRESNO,FRESNO,-119.84262084960938,36.775852203369141
91799218,2022,2022-06-20,9435,2022-06-08,1113,014363,,3,1,9,1000,0,1,3,,2,106,"STATE ROUTE 99 (SOUTHBOUND)","MANNING AVENUE",35.00,N,N,A,-,Y,FRE,,99,,,9.183,H,,L,N,2,0,1,4,A,-,08,22107,,N,E,I,A,A,D,-,A,D,0,,,,Y,Y,,G,27,1,0,0,0,0,0,0,0,0,"- ","- ",36.605510711669922,-119.66165161132812,FRESNO,UNINCORPORATED,-119.66156005859375,36.605571746826172
91802109,2022,2022-06-23,9435,2022-06-11,0025,021544,,6,3,7,1005,0,1,3,,1,201,"SR-180 E/B","FIRST ST",500.00,E,N,A,-,Y,FRE,,180,,R,58.972,H,,R,Y,2,0,1,1,A,-,01,23152,A,N,F,A,A,A,H,-,C,D,0,,,,,Y,Y,A,01,1,0,0,0,0,0,0,0,0,"- ","- ",36.754909515380859,-119.77082824707031,FRESNO,FRESNO,-119.77081298828125,36.754783630371094
91802622,2021,2022-06-24,9435,2021-06-25,2104,021119,,5,2,9,1000,0,3,5,,2,034,"GREENWOOD AVENUE","LIME AVENUE",1311.00,S,N,A,-,N,,,,,,,,,,N,1,1,0,2,A,-,03,22350,,F,G,B,E,A,H,-,D,D,0,Y,,,,Y,,-,99,0,0,0,1,0,0,0,0,0,"- ","- ",36.686779022216797,-119.56542205810547,FRESNO,UNINCORPORATED,-119.56543731689453,36.686782836914062
91802627,2022,2022-06-24,9435,2022-01-28,1750,021119,,5,2,9,1000,0,3,5,,2,025,"BELMONT AVENUE","ZEDIKER AVENUE",582.00,E,N,A,-,N,,,,,,,,,,Y,1,2,0,2,A,-,06,21751,,N,A,C,A,A,H,-,D,D,0,,,,,Y,,A,01,0,0,0,0,0,0,0,0,0,"- ","- ",36.75,-119.51815032958984,FRESNO,UNINCORPORATED,-119.51791381835938,36.749950408935547
91803052,2022,2022-06-24,9435,2022-02-26,0040,021299,,6,3,7,1005,0,1,3,,2,410,"STATE ROUTE-41 NORTHBOUND","FRIANT ROAD",800.00,N,N,A,-,Y,FRE,,41,,R,31.881,H,,R,Y,1,1,0,1,A,-,01,23152,A,N,E,I,A,A,H,-,C,D,0,,,,,Y,Y,D,22,0,0,0,0,0,0,0,0,0,"- ","- ",36.857200622558594,-119.79006958007812,FRESNO,FRESNO,-119.79030609130859,36.857131958007812
91805190,2022,2022-06-28,9435,2022-06-26,1225,020429,,7,1,9,1000,0,3,5,,2,060,"ELWOOD ROAD","FULGHAM LANE",140.00,S,N,A,-,N,,,,,,,,,,Y,2,0,1,1,A,-,03,22350,,N,E,I,A,A,H,-,A,D,0,,,,,Y,,A,01,1,0,0,0,0,0,0,0,0,"- ","- ",36.749038696289062,-119.23339080810547,FRESNO,UNINCORPORATED,-119.23343658447266,36.749164581298828
91805356,2022,2022-06-28,9435,2022-06-17,1355,014363,,5,1,9,1000,0,3,5,,2,034,"DINUBA AVENUE","MENDOCINO AVENUE",0.00,,Y,A,-,N,,,,,,,,,,N,2,0,4,2,A,-,09,21802,A,N,D,C,A,A,H,-,E,D,0,,,,,Y,,A,07,1,2,1,0,0,0,0,0,0,"- ","- ",36.590438842773438,-119.54798126220703,FRESNO,UNINCORPORATED,-119.54798889160156,36.590408325195312
91805760,2022,2022-06-29,9435,2022-06-21,2220,020854,,2,3,9,1000,0,3,5,,2,010,"CORNELIA AVENUE","CORTLAND AVENUE",350.00,N,N,A,-,N,,,,,,,,,,Y,2,0,1,1,A,-,08,22107,,N,E,I,A,A,H,-,D,D,0,,,,,Y,,A,01,1,0,0,0,0,0,0,0,0,"- ","- ",36.782459259033203,-119.88047027587891,FRESNO,UNINCORPORATED,-119.88032531738281,36.782421112060547
91806842,2022,2022-06-30,9435,2022-06-22,2230,020854,,3,3,9,1000,0,3,5,,2,015,"CORNELIA AVENUE","KEARNEY BOULEVARD",40.00,N,N,A,-,N,,,,,,,,,,N,2,0,2,1,A,-,03,22350,,N,F,A,A,B,H,-,D,D,0,,,Y,,Y,,C,02,1,1,0,0,0,0,0,0,2,"- ","- ",36.728321075439453,-119.88069915771484,FRESNO,UNINCORPORATED,-119.88066864013672,36.72808837890625
91807112,2022,2022-06-30,9435,2022-06-28,0828,015986,,2,1,7,1005,0,1,3,,2,182,SR180,"CEDAR AVENUE",88.00,W,N,A,-,Y,FRE,,180,,R,59.845,H,,R,Y,2,0,3,1,A,-,08,22107,,N,E,I,A,A,H,-,A,A,0,,,,,Y,,A,01,1,2,0,0,0,0,0,0,0,"- ","- ",36.754978179931641,-119.75505828857422,FRESNO,FRESNO,-119.75505828857422,36.754871368408203
91811539,2022,2022-07-06,9435,2022-06-26,0840,020019,,7,1,9,1000,0,3,5,,2,030,"TRIMMER SPRINGS ROAD","FLUME AVENUE",21120.00,E,N,A,-,N,,,,,,,,,,Y,2,0,1,1,A,-,03,22350,,N,E,I,A,A,H,-,A,D,0,,,Y,,Y,,C,02,1,0,0,0,0,0,0,0,1,"- ","- ",36.79827880859375,-119.40229034423828,FRESNO,UNINCORPORATED,-119.41481018066406,36.793693542480469
91814159,2022,2022-07-11,9435,2022-06-28,1416,020019,,2,2,9,1000,0,1,3,,1,430,"STATE ROUTE 43","ELKHORN AVENUE",0.00,,Y,A,-,Y,FRE,,43,,,3.351,H,,R,Y,2,0,2,2,A,-,09,21801,A,N,D,C,A,A,H,-,A,D,0,,,,,Y,,M,58,1,0,1,0,0,0,0,0,0,"- ","- ",36.489181518554688,-119.62917327880859,FRESNO,UNINCORPORATED,-119.629150390625,36.489181518554688
91814497,2022,2022-07-11,9435,2022-06-29,1920,019263,,3,2,9,1000,0,1,3,,1,169,"STATE ROUTE 168","WOODLAND ROAD",528.00,W,N,A,-,Y,FRE,,168,,,43.455,H,,R,Y,2,0,4,1,A,-,01,23152,A,N,F,A,A,A,H,-,A,D,0,,,,,Y,Y,A,07,1,2,1,0,0,0,0,0,0,"- ","- ",37.086780548095703,-119.32350921630859,FRESNO,UNINCORPORATED,-119.32349395751953,37.086757659912109
91814615,2022,2022-07-11,9461,2022-06-28,1420,017029,,2,2,9,1000,0,1,3,,1,604,"CALIFORNIA AVE.",SR-33,0.00,,Y,A,-,Y,FRE,,33,,,59.439,H,,R,N,2,0,4,2,A,-,12,22450,A,N,D,C,A,A,H,-,A,A,0,,,,,Y,,A,08,2,1,1,0,0,0,0,0,0,"- ","- ",36.720260620117188,-120.38709259033203,FRESNO,UNINCORPORATED,-120.38717651367188,36.720260620117188
91815193,2022,2022-07-12,9435,2022-07-02,0000,020680,,6,3,7,1005,0,1,3,,2,105,"SR-99 N/B","CLINTON AVE",4752.00,N,N,A,-,Y,FRE,,99,,R,25.283,H,,R,Y,2,0,2,2,A,-,01,23152,A,M,C,C,A,A,H,-,D,D,0,,,,,Y,Y,A,01,1,0,1,0,0,0,0,0,0,"- ","- ",36.781581878662109,-119.84870147705078,FRESNO,FRESNO,-119.84868621826172,36.781589508056641
91815908,2022,2022-07-13,9435,2022-07-01,2012,021315,,5,2,9,1000,0,1,3,,1,183,SR-180,"TEMPERANCE AVE",2640.00,E,N,A,-,N,,,,,,,,,,Y,2,0,3,1,A,-,08,22107,,N,F,A,A,A,H,-,B,D,0,,,,,Y,,A,01,1,2,0,0,0,0,0,0,0,"- ","- ",36.737300872802734,-119.65547180175781,FRESNO,UNINCORPORATED,-119.65547180175781,36.737236022949219
91816362,2022,2022-07-13,9435,2022-07-05,0700,015751,,2,1,9,1000,0,3,5,,2,030,"CLINTON AVENUE W/B","MAPLE AVENUE",69.00,W,N,A,-,N,,,,,,,,,,Y,2,0,1,1,A,-,03,22350,,N,F,A,A,A,H,-,A,D,0,,,Y,,Y,,C,02,1,0,0,0,0,0,0,0,1,"- ","- ",36.772289276123047,-119.74575805664062,FRESNO,UNINCORPORATED,-119.74561309814453,36.772293090820312
91816382,2022,2022-07-13,9435,2022-07-01,0425,019263,,5,3,9,1000,0,3,5,,2,050,"LODGE ROAD",RIVERBELLE,1056.00,E,N,A,-,N,,,,,,,,,,Y,2,0,1,2,A,-,01,23152,A,N,A,C,A,A,H,-,D,D,0,,,,,Y,Y,A,01,1,0,0,0,0,0,0,0,0,"- ","- ",37.009258270263672,-119.41313171386719,FRESNO,UNINCORPORATED,-119.41352844238281,37.009433746337891
91818125,2022,2022-07-15,9435,2022-07-08,2050,021687,,5,2,9,1000,0,3,5,,2,015,"CHESTNUT AVENUE","LINCOLN AVENUE",0.00,,Y,A,-,N,,,,,,,,,,Y,2,0,2,2,A,-,09,21802,A,N,D,C,A,A,H,-,B,A,0,,,,,Y,Y,A,07,1,0,1,0,0,0,0,0,0,"- ","- ",36.648929595947266,-119.73681640625,FRESNO,UNINCORPORATED,-119.73677825927734,36.648918151855469
91818837,2022,2022-07-18,9435,2022-07-09,1015,021312,,6,1,9,1000,0,3,5,,2,015,"W LINCOLN AVENUE","S VALENTINE AVENUE",675.00,E,N,A,-,N,,,,,,,,,,Y,2,0,1,1,A,-,08,22107,,N,F,I,A,A,H,-,A,D,0,,,,,Y,,A,01,1,0,0,0,0,0,0,0,0,"- ","- ",36.648380279541016,-119.85111999511719,FRESNO,UNINCORPORATED,-119.85118103027344,36.648601531982422
91819227,2022,2022-07-18,9435,2022-07-11,0837,020122,,1,1,9,1000,0,3,5,,2,010,"GRANTLAND AVENUE","BELMONT AVENUE",0.00,,Y,A,-,N,,,,,,,,,,Y,2,0,1,2,A,-,12,22450,A,N,D,C,A,A,H,-,A,A,0,,,,Y,Y,,G,25,1,0,0,0,0,0,0,0,0,"- ","- ",36.749839782714844,-119.91622924804688,FRESNO,UNINCORPORATED,-119.91619110107422,36.749862670898438
91820173,2022,2022-07-19,9435,2022-07-10,1405,021606,,7,2,7,1005,0,1,3,,2,105,"STATE ROUTE 99","NIELSEN AVE.",610.00,S,N,A,-,Y,,,,,,,,,,N,2,0,4,1,A,-,08,22107,,N,E,I,A,A,H,-,A,D,0,,,,,Y,,A,01,3,0,1,0,0,0,0,0,0,"- ","- ",36.741859436035156,-119.81819915771484,FRESNO,FRESNO,-119.81796264648438,36.742195129394531
91820192,2022,2022-07-19,9435,2022-07-10,0001,021386,,7,3,9,1000,0,3,5,,2,015,"JAMES ROAD","DENVER AVENUE",150.00,N,N,A,-,N,,,,,,,,,,Y,2,0,1,1,A,-,08,22107,,N,F,A,A,A,H,-,D,D,0,,,Y,,Y,,C,02,1,0,0,0,0,0,0,0,1,"- ","- ",36.663978576660156,-120.23890686035156,FRESNO,UNINCORPORATED,-120.23895263671875,36.664253234863281
91821452,2022,2022-07-20,9435,2022-07-09,2305,021119,,6,3,9,1000,0,3,5,,2,040,"GRANTLAND AVENUE","HARLAN AVENUE",1027.00,S,N,A,-,N,,,,,,,,,,N,2,0,1,1,A,-,01,23152,A,N,E,I,A,A,H,-,D,D,0,,,,,Y,Y,A,07,1,0,0,0,0,0,0,0,0,"- ","- ",36.442291259765625,-119.92318725585938,FRESNO,UNINCORPORATED,-119.92315673828125,36.4422607421875
91821618,2022,2022-07-20,9435,2022-07-17,1955,020540,,7,2,9,1000,0,3,5,,2,060,"PIEDRA ROAD","FRANKWOOD AVENUE",4224.00,S,N,A,-,N,,,,,,,,,,Y,2,0,4,2,A,-,01,23152,A,N,C,C,A,A,H,-,A,D,0,,,,,Y,Y,A,01,1,1,2,0,0,0,0,0,0,"- ","- ",36.746158599853516,-119.45066070556641,FRESNO,UNINCORPORATED,-119.45075225830078,36.746101379394531
91821660,2022,2022-07-20,9435,2022-07-12,1536,020319,,2,2,9,1000,0,3,5,,2,010,"CLINTON AVE","GOLDENROD AVE",0.00,,Y,A,-,N,,,,,,,,,,Y,2,0,4,2,A,-,12,22450,A,N,D,C,A,A,H,-,A,A,0,,,,,Y,,D,22,1,0,3,0,0,0,0,0,0,"- ","- ",36.771369934082031,-120.04257965087891,FRESNO,UNINCORPORATED,-120.04253387451172,36.771354675292969
91822380,2022,2022-07-21,9435,2022-07-16,0855,021312,,6,1,9,1000,0,3,5,,2,015,"MANNING AVE","BRAWLEY AVE",0.00,,Y,A,-,N,,,,,,,,,,Y,2,0,1,2,A,-,12,22450,A,F,D,C,A,A,H,-,A,A,0,,,,,Y,,D,22,1,0,0,0,0,0,0,0,0,"- ","- ",36.605258941650391,-119.86302185058594,FRESNO,UNINCORPORATED,-119.86283874511719,36.604972839355469
91824391,2022,2022-07-25,9435,2022-07-15,0553,020095,,5,3,9,1000,0,3,5,,2,015,"LINCOLN AVE","BRYAN AVE",2580.00,W,N,A,-,N,,,,,,,,,,Y,2,0,1,2,A,-,09,21804,A,N,D,C,A,A,H,-,B,D,0,,,,Y,Y,,F,24,1,0,0,0,0,0,0,0,0,"- ","- ",36.648208618164062,-119.91654968261719,FRESNO,UNINCORPORATED,,
91824473,2022,2022-07-25,9435,2022-07-13,2145,020429,,3,2,9,1000,0,3,5,,2,060,"MANNING AVENUE","CRAWFORD AVENUE",0.00,,Y,A,-,N,,,,,,,,,,Y,2,0,1,2,A,-,12,22450,A,F,D,C,A,A,H,-,D,D,0,,,,,Y,,A,07,1,0,0,0,0,0,0,0,0,"- ","- ",36.603710174560547,-119.37670135498047,FRESNO,UNINCORPORATED,-119.37670135498047,36.603691101074219
91826015,2022,2022-07-27,9435,2022-07-25,1625,020836,,1,2,7,1005,0,1,3,,2,105,"STATE ROUTE 99 SOUTHBOUND","HERNDON AVENUE",2640.00,S,N,A,-,Y,FRE,,99,,,30.080,H,,L,Y,2,0,1,1,A,-,08,22107,,N,E,I,A,A,D,-,A,A,0,,,Y,,Y,,C,02,1,0,0,0,0,0,0,0,1,"- ","- ",36.828090667724609,-119.91246032714844,FRESNO,FRESNO,-119.9124755859375,36.828075408935547
91826320,2022,2022-07-27,9435,2022-04-15,2020,020942,,5,2,9,1000,0,1,3,,1,180,"STATE ROUTE 180","FLOYD AVENUE",1742.00,E,N,A,-,Y,FRE,,180,,,46.751,H,,R,Y,1,1,1,2,A,-,08,22107,,N,D,C,A,A,H,-,D,D,0,,,,,Y,,-,"- ",0,1,0,0,0,0,0,0,0,"- ","- ",36.734989166259766,-119.98545837402344,FRESNO,UNINCORPORATED,-119.98545837402344,36.734981536865234
91827257,2022,2022-07-28,9435,2022-07-24,0955,021312,,7,1,7,1005,0,1,3,,2,410,"SR-41 S/B","NEES AVE",223.00,S,N,A,-,Y,FRE,,41,,R,31.410,H,,L,Y,2,0,2,2,A,-,08,22107,,N,A,C,A,A,H,-,A,D,0,,,,,Y,,A,01,1,1,0,0,0,0,0,0,0,"- ","- ",36.851020812988281,-119.78677368164062,FRESNO,FRESNO,-119.78672790527344,36.851036071777344
91830006,2022,2022-08-01,9435,2022-07-22,0510,021312,,5,3,9,1000,0,3,5,,2,034,"MENDOCINO AVE","HUNTSMAN AVE",0.00,,Y,A,-,N,,,,,,,,,,Y,2,0,10,2,A,-,12,22450,A,N,D,C,A,A,H,-,B,D,0,,,,,Y,,D,22,5,5,0,0,0,0,0,0,0,"- ","- ",36.58319091796875,-119.54810333251953,FRESNO,UNINCORPORATED,-119.54808044433594,36.583225250244141
91831064,2022,2022-08-02,9435,2022-07-24,1245,016507,,7,1,9,1000,0,3,5,,2,060,"PIEDRA RD","FRANKWOOD AVE",40.00,N,N,A,-,N,,,,,,,,,,Y,2,0,1,1,A,-,03,22350,,N,F,A,A,A,H,-,A,D,0,,,Y,,Y,,C,02,1,0,0,0,0,0,0,0,1,"- ","- ",36.752861022949219,-119.43936920166016,FRESNO,UNINCORPORATED,-119.43944549560547,36.752841949462891
91832245,2022,2022-08-03,9435,2022-03-05,0705,019113,,6,1,9,1000,0,3,5,,2,040,"CEDAR AVENUE","MOUNT WHITNEY AVENUE",0.00,,Y,B,-,N,,,,,,,,,,N,1,1,3,2,A,-,12,22450,A,N,D,C,A,A,H,-,A,A,0,,,,,Y,,A,01,3,0,0,0,0,0,0,0,0,"- ","- ",36.431049346923828,-119.76248168945312,FRESNO,UNINCORPORATED,-119.762451171875,36.431026458740234
91832453,2022,2022-08-03,9435,2022-07-22,1840,021148,,5,2,7,1005,0,1,3,,2,410,"SR-41 N/B","SHIELDS AVE",30.00,S,N,A,-,Y,FRE,,41,,R,26.480,H,,R,Y,2,0,1,2,A,-,07,21658,A,N,B,C,A,A,H,-,A,D,0,,,Y,,Y,,C,02,1,0,0,0,0,0,0,0,1,"- ","- ",36.779750823974609,-119.78455352783203,FRESNO,FRESNO,-119.78461456298828,36.779750823974609
91833067,2022,2022-08-04,9435,2022-07-28,0440,021247,,4,3,9,1000,0,3,5,,2,010,"SHAW AVENUE","HOWARD AVENUE",686.00,E,N,A,-,N,,,,,,,,,,Y,2,0,3,2,A,-,03,22350,,N,C,C,A,A,H,-,D,D,0,,,,,Y,,A,01,2,1,0,0,0,0,0,0,0,"- ","- ",36.8077392578125,-120.02229309082031,FRESNO,UNINCORPORATED,-120.02230072021484,36.807708740234375
91833151,2022,2022-08-04,9461,2022-07-05,0445,021536,,2,3,9,1000,0,1,3,,1,604,"STATE ROUTE 33","WEST PANOCHE ROAD",0.00,,Y,A,-,Y,FRE,,33,,,59.434,H,,R,Y,1,1,6,2,A,-,09,21802,A,N,D,C,A,A,H,-,D,A,0,,,,,Y,,-,"- ",2,0,4,0,0,0,0,0,0,"- ","- ",36.720180511474609,-120.38725280761719,FRESNO,UNINCORPORATED,-120.38718414306641,36.720180511474609
91833814,2022,2022-08-05,9435,2022-07-27,0020,018944,,3,3,7,1005,0,1,3,,2,105,"STATE ROUTE 99 SOUTHBOUND","TEILMAN AVENUE",100.00,S,N,A,-,Y,FRE,,99,,,22.365,H,,L,Y,2,0,2,2,A,-,01,23152,A,N,B,C,A,A,H,-,D,D,0,,,,,Y,Y,A,01,1,1,0,0,0,0,0,0,0,"- ","- ",36.745731353759766,-119.82137298583984,FRESNO,FRESNO,-119.82132720947266,36.745750427246094
91837195,2022,2022-08-10,9461,2022-08-06,1305,021619,,6,1,2,1003,0,1,3,,1,103,"W BULLARD AVE","N SAN DIEGO AVENUE",4200.00,E,N,A,-,N,,,,,,,,,,N,2,0,1,2,B,-,22,,,N,C,B,F,A,H,-,A,D,0,Y,,,,Y,,D,22,1,0,0,0,1,0,0,0,0,"- ","- ",36.770648956298828,-120.42629241943359,FRESNO,FIREBAUGH,-120.43681335449219,36.821861267089844
91840325,2022,2022-08-15,9435,2022-08-06,1530,020887,,6,2,9,1000,0,3,5,,2,025,"TRIMMER SPRINGS RD","PIEDRA RD",2640.00,W,N,A,-,N,,,,,,,,,,N,2,0,1,1,A,-,03,22350,,N,F,A,A,A,H,-,A,D,0,,,Y,,Y,,C,02,1,0,0,0,0,0,0,0,1,"- ","- ",36.815898895263672,-119.38802337646484,FRESNO,UNINCORPORATED,-119.38819885253906,36.81610107421875
91841286,2022,2022-08-16,9435,2022-08-08,1124,015986,,1,1,7,1005,0,1,3,,2,181,SR180,"G STREET",528.00,W,N,A,-,Y,FRE,,180,,R,56.572,H,,L,Y,2,0,1,1,A,-,03,22350,,N,F,A,A,A,H,-,A,D,0,,,Y,,Y,,C,02,1,0,0,0,0,0,0,0,1,"- ","- ",36.743198394775391,-119.8109130859375,FRESNO,FRESNO,-119.81087493896484,36.743160247802734
91846915,2022,2022-08-23,9435,2022-08-12,1528,016860,,5,2,9,1000,0,3,5,,2,050,"AUBERRY ROAD","THUNDERBIRD LANE",0.00,,Y,A,-,N,,,,,,,,,,Y,2,0,3,2,A,-,08,22107,,N,D,C,A,A,H,-,A,A,0,,,,,Y,,A,01,1,1,1,0,0,0,0,0,0,"- ","- ",37.036449432373047,-119.5223388671875,FRESNO,UNINCORPORATED,-119.5223388671875,37.036411285400391
91847616,2022,2022-08-24,9435,2022-08-15,1718,020319,,1,2,9,1000,0,3,5,,2,010,SR-180,"HAYES AVE",0.00,,Y,A,-,Y,FRE,,180,,,51.590,H,,R,Y,2,0,2,2,A,-,09,21802,A,N,D,C,A,A,H,-,A,A,0,,,,,Y,,A,01,1,1,0,0,0,0,0,0,0,"- ","- ",36.735408782958984,-119.89877319335938,FRESNO,UNINCORPORATED,-119.89877319335938,36.735374450683594
91847958,2022,2022-08-24,9435,2022-04-22,2230,021178,,5,3,9,1000,0,3,5,,2,040,"ROSE AVENUE","LEONARD AVENUE",1056.00,W,N,A,-,N,,,,,,,,,,N,1,1,1,2,A,-,08,22107,,F,G,B,E,A,H,-,D,D,0,Y,,,,Y,Y,A,01,0,1,0,1,0,0,0,0,0,"- ","- ",36.568759918212891,-119.64093017578125,FRESNO,UNINCORPORATED,-119.64121246337891,36.568740844726562