CASE_ID,ACCIDENT_YEAR,PROC_DATE,JURIS,COLLISION_DATE,COLLISION_TIME,OFFICER_ID,REPORTING_DISTRICT,DAY_OF_WEEK,CHP_SHIFT,POPULATION,CNTY_CITY_LOC,SPECIAL_COND,BEAT_TYPE,CHP_BEAT_TYPE,CITY_DIVISION_LAPD,CHP_BEAT_CLASS,BEAT_NUMBER,PRIMARY_RD,SECONDARY_RD,DISTANCE,DIRECTION,INTERSECTION,WEATHER_1,WEATHER_2,STATE_HWY_IND,CALTRANS_COUNTY,CALTRANS_DISTRICT,STATE_ROUTE,ROUTE_SUFFIX,POSTMILE_PREFIX,POSTMILE,LOCATION_TYPE,RAMP_INTERSECTION,SIDE_OF_HWY,TOW_AWAY,COLLISION_SEVERITY,NUMBER_KILLED,NUMBER_INJURED,PARTY_COUNT,PRIMARY_COLL_FACTOR,PCF_CODE_OF_VIOL,PCF_VIOL_CATEGORY,PCF_VIOLATION,PCF_VIOL_SUBSECTION,HIT_AND_RUN,TYPE_OF_COLLISION,MVIW,PED_ACTION,ROAD_SURFACE,ROAD_COND_1,ROAD_COND_2,LIGHTING,CONTROL_DEVICE,CHP_ROAD_TYPE,PEDESTRIAN_ACCIDENT,BICYCLE_ACCIDENT,MOTORCYCLE_ACCIDENT,TRUCK_ACCIDENT,NOT_PRIVATE_PROPERTY,ALCOHOL_INVOLVED,STWD_VEHTYPE_AT_FAULT,CHP_VEHTYPE_AT_FAULT,COUNT_SEVERE_INJ,COUNT_VISIBLE_INJ,COUNT_COMPLAINT_PAIN,COUNT_PED_KILLED,COUNT_PED_INJURED,COUNT_BICYCLIST_KILLED,COUNT_BICYCLIST_INJURED,COUNT_MC_KILLED,COUNT_MC_INJURED,PRIMARY_RAMP,SECONDARY_RAMP,LATITUDE,LONGITUDE,COUNTY,CITY,POINT_X,POINT_Y
91847960,2022,2022-08-24,9435,2022-06-14,2500,019548,,2,4,9,1000,0,3,5,,2,050,"AUBERRY ROAD","BEAL FIRE ROAD",1584.00,N,N,A,-,N,,,,,,,,,,Y,1,1,0,1,A,-,08,22107,,N,E,I,A,A,H,-,A,D,0,,,,,Y,,A,01,0,0,0,0,0,0,0,0,0,"- ","- ",37.076320648193359,-119.44806671142578,FRESNO,UNINCORPORATED,-119.44835662841797,37.076778411865234
91857287,2022,2022-09-05,9435,2022-08-24,0955,014363,,3,1,9,1000,0,3,5,,2,034,"DINUBA AVENUE","ZEDIKER AVENUE",0.00,,Y,A,-,N,,,,,,,,,,N,2,0,2,2,A,-,09,21802,A,N,D,C,A,A,H,-,A,A,0,,,,,Y,,A,07,1,1,0,0,0,0,0,0,0,"- ","- ",36.590229034423828,-119.5211181640625,FRESNO,UNINCORPORATED,-119.52112579345703,36.590164184570312
91861007,2022,2022-09-09,9435,2022-08-27,0845,016860,,6,1,9,1000,0,3,5,,2,050,"MAXON ROAD","WATTS VALLEY ROAD",2640.00,E,N,A,-,N,,,,,,,,,,N,2,0,1,1,A,-,03,22350,,N,F,A,A,A,H,-,A,A,0,,,Y,,Y,,C,02,1,0,0,0,0,0,0,0,1,"- ","- ",36.933589935302734,-119.34279632568359,FRESNO,UNINCORPORATED,-119.3436279296875,36.933490753173828
91861611,2022,2022-09-12,9435,2022-08-31,0715,016507,,3,1,9,1000,0,3,5,,2,060,"ALTA AVE","MANNING AVE",0.00,,Y,A,-,N,,,,,,,,,,Y,2,0,2,2,A,-,12,21453,A,N,D,C,A,A,H,-,A,A,0,,,,,Y,,A,01,1,1,0,0,0,0,0,0,0,"- ","- ",36.603919982910156,-119.39494323730469,FRESNO,UNINCORPORATED,-119.39495086669922,36.603935241699219
91864321,2022,2022-09-14,9435,2022-09-03,2000,021165,,6,2,9,1000,0,3,5,,2,040,"JEFFERSON AVENUE","WALNUT AVENUE",0.00,,Y,A,-,N,,,,,,,,,,Y,2,0,1,2,A,-,01,23152,A,N,D,C,A,A,H,-,D,D,0,,,,,Y,Y,A,01,1,0,0,0,0,0,0,0,0,"- ","- ",36.655948638916016,-119.80880737304688,FRESNO,UNINCORPORATED,-119.80879974365234,36.655937194824219
91865412,2022,2022-09-15,9435,2022-05-04,0545,015751,,3,3,9,1000,0,3,5,,2,015,"SOUTH AVENUE","ELM AVENUE",0.00,,Y,A,-,N,,,,,,,,,,Y,1,1,4,2,A,-,12,22450,A,N,D,C,A,A,H,-,B,A,0,,,,,Y,,A,07,1,3,0,0,0,0,0,0,0,"- ","- ",36.619770050048828,-119.79090881347656,FRESNO,UNINCORPORATED,-119.79084777832031,36.619731903076172
91870223,2022,2022-09-21,9435,2022-06-25,0729,019548,,6,1,9,1000,0,3,5,,2,050,"AUBERRY ROAD","FRONTIER ROAD",2640.00,S,N,A,-,N,,,,,,,,,,Y,1,1,0,1,A,-,08,22107,,N,E,I,A,A,H,-,A,D,0,,,,,Y,,A,01,0,0,0,0,0,0,0,0,0,"- ","- ",36.978340148925781,-119.60877990722656,FRESNO,UNINCORPORATED,-119.60939025878906,36.979671478271484
91871097,2022,2023-04-05,9435,2022-09-21,1256,015986,,3,1,9,1000,0,3,5,,2,010,"SHAW AVENUE","HOWARD AVENUE",19.00,E,N,A,-,N,,,,,,,,,,Y,2,0,3,2,A,-,05,21752,D,N,B,C,A,A,H,-,A,D,0,,,,,Y,,A,01,1,2,0,0,0,0,0,0,0,"- ","- ",36.807701110839844,-120.02465057373047,FRESNO,UNINCORPORATED,-120.02457427978516,36.807708740234375
91871201,2022,2022-09-22,9435,2022-08-28,1445,021315,,7,2,9,1000,0,3,5,,2,015,"MARKS AVENUE","ANNADALE AVENUE",500.00,S,N,A,-,N,,,,,,,,,,Y,2,0,4,2,A,-,09,21804,A,N,D,C,A,A,H,-,A,D,0,,,,,Y,,A,01,1,0,3,0,0,0,0,0,0,"- ","- ",36.697940826416016,-119.84455871582031,FRESNO,UNINCORPORATED,-119.84449768066406,36.697986602783203
91872145,2022,2022-09-23,9435,2022-09-15,1433,018914,,4,2,7,1005,0,1,3,,2,181,"SR-180 E/B","CEDAR AVENUE",150.00,E,N,A,-,Y,FRE,,180,,R,59.904,H,,R,Y,2,0,1,2,A,-,08,22107,,N,B,C,A,A,H,-,A,D,0,,,,,Y,,D,22,1,0,0,0,0,0,0,0,0,"- ","- ",36.754859924316406,-119.7540283203125,FRESNO,FRESNO,-119.7540283203125,36.754871368408203
91875563,2022,2022-09-28,9435,2022-09-19,1820,021386,,1,2,9,1000,0,3,5,,2,015,"JENSEN AVENUE","BRAWLEY AVENUE",0.00,,Y,B,C,N,,,,,,,,,,Y,2,0,4,2,A,-,09,21802,A,N,D,C,A,A,H,-,B,A,0,,,,,Y,,A,07,2,1,1,0,0,0,0,0,0,"- ","- ",36.706539154052734,-119.86241149902344,FRESNO,UNINCORPORATED,-119.86236572265625,36.706516265869141
91875754,2022,2022-09-28,9435,2022-09-22,1755,018914,,4,2,9,1000,0,3,5,,2,025,"BELMONT AVENUE","DE WOLF AVENUE",0.00,,Y,A,-,N,,,,,,,,,,N,2,0,1,2,A,-,09,21801,A,N,D,G,A,A,H,-,A,D,0,,Y,,,Y,,A,01,1,0,0,0,0,0,1,0,0,"- ","- ",36.750221252441406,-119.64595031738281,FRESNO,UNINCORPORATED,-119.64591217041016,36.750267028808594
91876051,2022,2022-09-28,9435,2022-09-26,1705,020193,,1,2,9,1000,0,1,3,,1,430,"STATE ROUTE 43","CLARKSON AVENUE",0.00,,Y,A,-,Y,FRE,,43,,,4.368,H,,R,N,2,0,2,2,A,-,12,22450,A,N,D,C,A,A,H,-,A,A,0,,,,,Y,,A,01,1,0,1,0,0,0,0,0,0,"- ","- ",36.504058837890625,-119.62909698486328,FRESNO,UNINCORPORATED,-119.62906646728516,36.504058837890625
91877081,2022,2022-09-29,9435,2022-09-22,0850,020540,,4,1,9,1000,0,3,5,,2,060,"PARLIER AVENUE","ENGLEHART AVENUE",0.00,,Y,D,-,N,,,,,,,,,,Y,2,0,3,2,A,-,01,23152,F,F,F,C,A,A,H,-,A,A,0,,,,,Y,,A,01,1,2,0,0,0,0,0,0,0,"- ","- ",36.611278533935547,-119.41297149658203,FRESNO,UNINCORPORATED,-119.41304779052734,36.611278533935547
91880294,2022,2022-10-03,9435,2022-07-30,1015,016911,,6,1,9,1000,0,3,5,,2,050,"MCKINLEY GROVE ROAD","WISHON VILLAGE RV PARK",2112.00,W,N,A,-,N,,,,,,,,,,N,1,1,0,2,A,-,07,21658,A,N,A,G,A,A,H,-,A,D,0,,Y,,,Y,,M,91,0,0,0,0,0,1,0,0,0,"- ","- ",37.009708404541016,-118.99327087402344,FRESNO,UNINCORPORATED,-118.99313354492188,37.009647369384766
91880372,2022,2022-10-03,9435,2022-09-25,0849,015095,,7,1,7,1005,0,1,3,,2,410,"SR-41 N/B","HUNTINGTON BLVD",1056.00,S,N,A,-,Y,FRE,,41,,R,23.305,H,,R,Y,2,0,2,1,A,-,08,22107,,F,F,A,A,A,H,-,A,D,0,,,,,Y,,A,01,1,1,0,0,0,0,0,0,0,"- ","- ",36.736698150634766,-119.77732086181641,FRESNO,FRESNO,-119.77735137939453,36.736698150634766
91881929,2022,2022-10-25,9435,2022-08-25,2225,017518,,4,3,7,1005,0,1,3,,2,105,"STATE ROUTE 99 SOUTHBOUND","TEILMAN AVENUE",434.00,N,N,A,-,Y,FRE,,99,,,22.474,H,,L,N,1,1,0,2,A,-,11,21954,A,N,G,B,D,A,H,-,D,D,0,Y,,,,Y,,N,60,0,0,0,1,0,0,0,0,0,"- ","- ",36.747058868408203,-119.82250213623047,FRESNO,FRESNO,-119.82244873046875,36.747085571289062
91881944,2022,2022-10-04,9435,2022-07-20,0727,019548,,3,1,9,1000,0,1,3,,1,169,"STATE ROUTE 168","LITTLE SANDY ROAD",1584.00,W,N,A,-,Y,FRE,,168,,T,30.831,H,,R,Y,1,1,0,3,A,-,03,22350,,N,C,C,A,A,H,-,A,D,0,,,Y,,Y,,C,02,0,0,0,0,0,0,0,1,0,"- ","- ",37.037891387939453,-119.50408935546875,FRESNO,UNINCORPORATED,-119.50407409667969,37.037876129150391
91881949,2022,2022-10-04,9435,2022-01-31,1835,021119,,1,2,9,1000,0,3,5,,2,040,"MANNING AVENUE","CLOVIS AVENUE",2550.00,E,N,A,-,N,,,,,,,,,,Y,1,1,1,2,A,-,09,21804,A,N,D,C,A,A,H,-,D,D,0,,,,,Y,,A,08,0,1,0,0,0,0,0,0,0,"- ","- ",36.605461120605469,-119.69149017333984,FRESNO,UNINCORPORATED,-119.69163513183594,36.605449676513672
91883733,2022,2022-10-06,9435,2022-09-30,0620,020062,,5,1,9,1000,0,3,5,,2,020,"HENDERSON AVE","SAGINAW AVE",1056.00,N,N,A,-,N,,,,,,,,,,Y,2,0,2,1,A,-,08,22107,,N,E,I,A,A,H,-,A,D,0,,,,,Y,,A,01,2,0,0,0,0,0,0,0,0,"- ","- ",36.556888580322266,-119.84902954101562,FRESNO,UNINCORPORATED,-119.84861755371094,36.556510925292969
91886610,2022,2022-10-10,9435,2022-09-27,0615,014363,,2,1,9,1000,0,1,3,,1,430,"STATE ROUTE 43","ELKHORN AVENUE",2853.00,S,N,A,-,Y,FRE,,43,,,3.090,H,,R,N,2,0,3,2,A,-,03,22350,,N,C,C,A,A,H,-,A,D,0,,,,,Y,,A,01,1,0,2,0,0,0,0,0,0,"- ","- ",36.485519409179688,-119.63004302978516,FRESNO,UNINCORPORATED,-119.63005828857422,36.485523223876953
91886654,2022,2022-10-10,9435,2022-08-26,0425,020064,,5,3,7,1005,0,3,5,,2,025,"FRIANT ROAD SOUTHBOUND","FRIANT FRONTAGE",930.00,N,N,A,-,N,,,,,,,,,,N,2,0,4,2,A,-,03,22350,,F,C,C,A,A,H,-,D,D,0,,,,,Y,,A,01,2,0,2,0,0,0,0,0,0,"- ","- ",36.968879699707031,-119.72837066650391,FRESNO,FRESNO,-119.72832489013672,36.968837738037109
91887577,2022,2022-10-11,9435,2022-07-29,2103,020064,,5,2,9,1000,0,3,5,,2,010,"FRUIT AVENUE","TENAYA WAY",151.00,S,N,B,-,N,,,,,,,,,,Y,1,1,1,2,A,-,01,23152,A,N,A,C,A,A,H,-,D,D,0,,,,,Y,Y,A,01,0,0,1,0,0,0,0,0,0,"- ","- ",36.828701019287109,-119.81733703613281,FRESNO,UNINCORPORATED,-119.81733703613281,36.828716278076172
91889798,2022,2022-10-13,9435,2022-05-14,0526,021153,,6,3,9,1000,0,3,5,,2,010,"CLOVIS AVENUE NORTHBOUND","MALAGA AVENUE",185.00,S,N,A,-,N,,,,,,,,,,Y,1,1,1,2,A,-,01,23152,G,N,A,C,A,A,H,-,B,D,0,,,,,Y,Y,A,01,1,0,0,0,0,0,0,0,0,"- ","- ",36.670379638671875,-119.69976043701172,FRESNO,UNINCORPORATED,-119.69989013671875,36.670383453369141
91889918,2022,2022-10-13,9435,2022-03-18,2039,020078,,5,2,9,1000,0,3,5,,2,015,"MARKS AVENUE","JENSEN AVENUE",0.00,,Y,A,-,N,,,,,,,,,,Y,1,1,1,2,A,-,01,23152,A,N,D,C,A,A,H,-,D,A,0,,,,,Y,Y,A,07,1,0,0,0,0,0,0,0,0,"- ","- ",36.706638336181641,-119.84449768066406,FRESNO,UNINCORPORATED,-119.84449768066406,36.706626892089844
91890486,2022,2022-10-14,9435,2022-10-09,1800,021312,,7,2,9,1000,0,3,5,,2,025,"DESERT WILLOW LANE","ZINNIA LANE",270.00,E,N,A,-,N,,,,,,,,,,N,2,0,1,1,B,-,22,,,N,F,A,A,A,H,-,A,D,0,,,Y,,Y,,C,06,1,0,0,0,0,0,0,0,1,"- ","- ",36.978439331054688,-119.67133331298828,FRESNO,UNINCORPORATED,,
91891462,2022,2022-10-17,9435,2022-10-02,0150,021299,,7,3,9,1000,0,1,3,,2,107,"SR-99 N/B","SPRINGFIELD AVE",1050.00,S,N,A,-,Y,FRE,,99,,,8.223,H,,R,Y,2,0,2,2,A,-,03,22350,,N,C,C,A,A,H,-,D,D,0,,,,,Y,,A,01,1,1,0,0,0,0,0,0,0,"- ","- ",36.595130920410156,-119.64978790283203,FRESNO,UNINCORPORATED,-119.64981842041016,36.595108032226562
91892054,2022,2022-10-17,9461,2022-08-13,2320,021126,,6,3,9,1000,0,1,3,,1,503,"STATE ROUTE 33","LOZANO STREET",3168.00,N,N,A,-,Y,FRE,,33,,R,63.416,H,,R,Y,1,1,1,2,A,-,08,22107,,N,A,C,A,A,H,-,D,D,0,,,,,Y,,A,01,0,0,1,0,0,0,0,0,0,"- ","- ",36.775299072265625,-120.39692687988281,FRESNO,UNINCORPORATED,-120.39691162109375,36.775306701660156
91893891,2022,2022-10-19,9435,2022-10-11,2117,020064,,2,2,7,1005,0,1,3,,2,410,"STATE ROUTE 41 (SR-41) NORTHBOUND","TULARE STREET",50.00,N,N,A,-,Y,FRE,,41,,R,23.749,H,,R,N,2,0,1,2,A,-,00,21960,A,N,G,B,E,A,H,-,D,D,0,Y,,,,Y,,N,60,1,0,0,0,1,0,0,0,0,"- ","- ",36.743129730224609,-119.77703094482422,FRESNO,FRESNO,-119.77713012695312,36.743152618408203
91894049,2022,2022-10-19,9435,2022-10-08,0200,020854,,6,3,9,1000,0,3,5,,2,015,"NORTH AVENUE","CHATEAU FRESNO AVENUE",2640.00,E,N,A,-,N,,,,,,,,,,Y,2,0,3,1,A,-,08,22107,,N,E,I,A,A,A,-,E,D,0,,,,,Y,,A,01,1,2,0,0,0,0,0,0,0,"- ","- ",36.691719055175781,-119.92562103271484,FRESNO,UNINCORPORATED,-119.92535400390625,36.691745758056641
91895532,2022,2022-10-20,9435,2022-10-11,1505,016507,,2,2,9,1000,0,3,5,,2,060,"DUNLAP RD","HOPEWELL RD",2112.00,S,N,A,-,N,,,,,,,,,,Y,2,0,2,2,A,-,01,23152,A,N,A,C,A,A,H,-,A,D,0,,,,,Y,Y,D,22,1,1,0,0,0,0,0,0,0,"- ","- ",36.745208740234375,-119.15413665771484,FRESNO,UNINCORPORATED,-119.15549468994141,36.745330810546875
91897847,2022,2022-10-24,9435,2022-04-24,2025,021179,,7,2,9,1000,0,3,5,,2,040,"AMERICAN AVENUE","LAKE AVENUE",1150.00,E,N,A,-,N,,,,,,,,,,Y,1,1,1,2,A,-,01,23152,A,F,A,C,A,A,H,-,D,D,0,,,,,Y,Y,A,01,1,0,0,0,0,0,0,0,0,"- ","- ",36.661819458007812,-120.12957000732422,FRESNO,UNINCORPORATED,-120.12960052490234,36.661777496337891
91897851,2022,2022-10-24,9435,2022-09-10,0110,021491,,6,3,7,1005,0,3,5,,2,010,"SHAW AVENUE","MAROA AVENUE",18.00,E,N,A,-,N,,,,,,,,,,N,1,1,0,2,A,-,11,21954,A,N,G,B,D,A,H,-,C,D,0,Y,,,,Y,,N,60,0,0,0,1,0,0,0,0,0,"- ","- ",36.808441162109375,-119.79929351806641,FRESNO,FRESNO,-119.79938507080078,36.808391571044922
91897854,2022,2022-10-24,9435,2022-02-23,2240,018944,,3,3,9,1000,0,3,5,,2,010,"VALENTINE AVENUE","FLORADORA AVENUE",0.00,,Y,A,-,N,,,,,,,,,,N,1,1,0,2,A,-,11,21954,A,F,G,B,D,A,H,-,D,D,0,Y,,,,Y,,N,60,0,0,0,1,0,0,0,0,0,"- ","- ",36.760971069335938,-119.85328674316406,FRESNO,UNINCORPORATED,-119.853271484375,36.760986328125
91898048,2022,2022-10-24,9435,2022-10-16,1935,021119,,7,2,9,1000,0,3,5,,2,034,"ADAMS AVENUE","MENDOCINO AVENUE",0.00,,Y,A,-,N,,,,,,,,,,Y,2,0,1,2,A,-,03,22350,,N,C,C,A,A,H,-,D,D,0,,,Y,,Y,,A,01,1,0,0,0,0,0,0,0,1,"- ","- ",36.634010314941406,-119.54756164550781,FRESNO,UNINCORPORATED,-119.54756164550781,36.634033203125
91898500,2022,2022-10-25,9435,2022-10-15,1500,021178,,6,2,9,1000,0,3,5,,2,010,"BELMONT AVE","LAKE AVE",0.00,,Y,A,-,N,,,,,,,,,,Y,2,0,2,2,A,-,09,21802,A,N,D,C,A,A,H,-,A,A,0,,,,,Y,,A,01,1,1,0,0,0,0,0,0,0,"- ","- ",36.749420166015625,-120.13229370117188,FRESNO,UNINCORPORATED,-120.13225555419922,36.749393463134766
91900225,2022,2022-10-26,9495,2022-10-17,1810,019789,,1,2,9,1000,0,1,1,,2,002,"INTERSTATE 5 NORTHBOUND","STATE ROUTE 198",8290.00,N,N,A,-,Y,FRE,,5,,,16.468,H,,R,Y,2,0,3,2,A,-,07,21658,A,N,B,C,A,A,H,-,B,A,0,,,,,Y,,A,07,2,1,0,0,0,0,0,0,0,"- ","- ",36.275108337402344,-120.25669860839844,FRESNO,UNINCORPORATED,-120.25682830810547,36.275058746337891
91901369,2022,2022-10-27,9435,2022-04-15,0640,020887,,5,1,9,1000,0,3,5,,2,034,"FOWLER AVENUE","LINCOLN AVENUE",0.00,,Y,A,-,N,,,,,,,,,,N,1,1,7,2,A,-,09,21802,A,N,D,C,A,A,H,-,A,A,0,,,,,Y,,A,08,1,5,1,0,0,0,0,0,0,"- ","- ",36.649070739746094,-119.68209075927734,FRESNO,UNINCORPORATED,-119.68203735351562,36.649070739746094
91903931,2022,2022-10-28,9435,2022-10-22,0640,020586,,6,1,9,1000,0,3,5,,2,030,"NEBRASKA AVE",SR-43,2390.00,W,N,B,-,N,,,,,,,,,,N,2,0,1,2,A,-,01,23152,A,N,E,I,A,A,H,-,B,D,0,,,,,Y,Y,A,01,1,0,0,0,0,0,0,0,0,"- ","- ",36.561508178710938,-119.63709259033203,FRESNO,UNINCORPORATED,-119.62882232666016,36.561660766601562
91906922,2022,2022-11-01,9435,2022-07-02,0350,021357,,6,3,9,1000,0,3,5,,2,015,"JENSEN AVENUE","MARKS AVENUE",0.00,,Y,D,-,N,,,,,,,,,,Y,1,1,2,2,A,-,01,23152,A,N,D,C,A,A,H,-,D,A,0,,,,,Y,Y,A,01,1,0,1,0,0,0,0,0,0,"- ","- ",36.706661224365234,-119.84446716308594,FRESNO,UNINCORPORATED,-119.84449768066406,36.706626892089844
91907676,2022,2022-11-02,9435,2022-08-16,1310,020095,,2,1,9,1000,0,3,5,,2,034,"MANNING AVE","LAC JAC AVE",710.00,E,N,A,-,Y,,,,,,,,,,Y,2,0,1,2,A,-,03,22350,,F,E,I,A,A,H,-,A,A,0,,,Y,,Y,,C,02,1,0,0,0,0,0,0,0,1,"- ","- ",36.604358673095703,-119.48188781738281,FRESNO,UNINCORPORATED,-119.48207092285156,36.604377746582031
91908883,2022,2022-11-03,9435,2022-01-27,0157,021544,,4,3,7,1005,0,1,3,,2,106,"STATE ROUTE 99 NORTHBOUND","ORANGE AVENUE",600.00,S,N,A,-,Y,FRE,,99,,,17.533,H,,R,Y,1,1,0,1,A,-,01,23152,A,N,E,I,A,A,H,-,C,D,0,,,,,Y,Y,D,22,0,0,0,0,0,0,0,0,0,"- ","- ",36.695400238037109,-119.76220703125,FRESNO,FRESNO,-119.76223754882812,36.69537353515625
91910150,2022,2022-11-04,9435,2022-10-30,1151,020122,,7,1,9,1000,0,3,5,,2,025,"MILLERTON ROAD","WINCHELL COVE ROAD",820.00,W,N,A,-,N,,,,,,,,,,Y,2,0,4,2,A,-,08,22107,,N,D,C,A,A,H,-,A,D,0,,,,,Y,,A,01,1,1,2,0,0,0,0,0,0,"- ","- ",36.984348297119141,-119.66249084472656,FRESNO,UNINCORPORATED,-119.66236114501953,36.984310150146484
91911157,2022,2022-11-07,9435,2022-04-26,0313,021491,,2,3,7,1005,0,1,3,,2,106,"STATE ROUTE 99 NORTHBOUND","BNSF RAILROAD OVERCROSSING NORTH OF ORANGE AVENUE",92.00,S,N,A,-,Y,FRE,,99,,,17.755,H,,R,Y,1,1,4,6,A,-,03,22350,,N,C,C,E,A,H,-,D,D,0,Y,,,,Y,,A,07,0,3,1,1,0,0,0,0,0,"- ","- ",36.697669982910156,-119.76490783691406,FRESNO,FRESNO,-119.76487731933594,36.69769287109375
91917330,2022,2022-11-14,9435,2022-01-01,1450,021315,,6,2,9,1000,0,3,5,,2,025,"AUBERRY ROAD","SUMMIT MOUNTAIN ROAD",3168.00,S,N,A,-,N,,,,,,,,,,Y,1,1,0,1,A,-,08,22107,,N,E,I,A,A,H,-,A,D,0,,,Y,,Y,Y,C,02,0,0,0,0,0,0,0,1,0,"- ","- ",36.939338684082031,-119.68534851074219,FRESNO,UNINCORPORATED,-119.68486785888672,36.939300537109375
91920469,2022,2022-11-17,9461,2022-11-06,0853,020101,,7,1,9,1000,0,1,1,,2,305,"I-5 S/B","SHIELDS AVE",2640.00,N,N,A,-,Y,FRE,,5,,,60.580,H,,L,Y,2,0,3,5,A,-,01,23152,F,N,B,C,A,A,H,-,A,D,0,,,,,Y,,D,22,1,1,1,0,0,0,0,0,0,"- ","- ",36.784278869628906,-120.72872161865234,FRESNO,UNINCORPORATED,-120.72874450683594,36.784271240234375
91923678,2022,2022-11-21,9435,2022-11-12,1600,016911,,6,2,9,1000,0,3,5,,2,050,SR-168,"HUNTINGTON LAKE RD",570.00,W,N,A,-,Y,FRE,,168,,,49.305,H,,R,N,2,0,1,1,A,-,08,22107,,N,F,A,A,B,H,-,B,D,0,,,,,Y,,A,07,1,0,0,0,0,0,0,0,0,"- ","- ",37.151828765869141,-119.29955291748047,FRESNO,UNINCORPORATED,-119.29954528808594,37.151828765869141
91930114,2022,2022-11-30,9435,2022-11-18,1630,021299,,5,2,7,1005,0,1,3,,2,106,"SR-99 N/B","CEDAR AVE",1741.00,S,N,A,-,Y,FRE,,99,,,16.210,H,,R,Y,2,0,1,2,A,-,03,22350,,N,C,D,A,A,H,-,A,D,0,,,Y,,Y,,C,02,1,0,0,0,0,0,0,0,1,"- ","- ",36.681598663330078,-119.74564361572266,FRESNO,FRESNO,-119.74565887451172,36.681583404541016
91930172,2022,2022-11-30,9435,2022-11-20,1555,020429,,7,2,9,1000,0,3,5,,2,060,"SQUAW VALLEY ROAD","SAND CREEK ROAD",800.00,N,N,A,-,N,,,,,,,,,,N,2,0,1,1,C,-,18,,,N,F,A,A,A,H,-,A,D,0,,,Y,,Y,,-,"- ",1,0,0,0,0,0,0,0,1,"- ","- ",36.683570861816406,-119.18065643310547,FRESNO,UNINCORPORATED,-119.18060302734375,36.681240081787109
91931570,2022,2022-12-01,9435,2022-10-23,2500,020429,,7,4,9,1000,0,1,3,,2,184,"STATE ROUTE 180","FULGHAM LANE",1200.00,E,N,A,-,Y,FRE,,180,,,91.745,H,,R,Y,1,1,0,1,A,-,08,22107,,N,E,I,A,A,H,-,D,D,0,,,,,Y,,A,01,0,0,0,0,0,0,0,0,0,"- ","- ",36.750240325927734,-119.21943664550781,FRESNO,UNINCORPORATED,-119.21954345703125,36.750362396240234
91933169,2022,2022-12-05,9435,2022-11-24,0940,016860,,4,1,9,1000,0,3,5,,2,050,"AUBERRY ROAD","CABALLERO ROAD",350.00,S,N,A,-,N,,,,,,,,,,N,2,0,1,2,A,-,04,21703,,N,H,G,A,A,H,-,A,D,0,,Y,,,Y,,L,04,1,0,0,0,0,0,1,0,0,"- ","- ",36.991519927978516,-119.59639739990234,FRESNO,UNINCORPORATED,-119.59642028808594,36.991615295410156
91934252,2022,2022-12-05,9435,2022-11-25,0805,020592,,5,1,7,1005,0,1,3,,1,411,"STATE ROUTE 41 (SOUTHBOUND)","JENSEN AVENUE",210.00,N,N,A,-,Y,FRE,,41,,R,21.189,H,,R,N,2,0,2,2,A,-,01,23152,A,N,B,C,A,A,H,-,A,D,0,,,,Y,Y,Y,A,01,1,0,1,0,0,0,0,0,0,"- ","- ",36.708038330078125,-119.78485870361328,FRESNO,FRESNO,-119.7845458984375,36.708000183105469
91937285,2022,2022-12-08,9435,2022-11-15,0633,015890,,2,1,9,1000,0,3,5,,2,040,"CEDAR AVE","WOOD AVE",277.00,N,N,A,-,N,,,,,,,,,,Y,2,0,1,1,A,-,08,22107,,N,F,A,A,A,E,-,C,D,0,,,,Y,Y,,F,21,1,0,0,0,0,0,0,0,0,"- ","- ",36.424579620361328,-119.76249694824219,FRESNO,UNINCORPORATED,-119.762451171875,36.424530029296875
91937597,2022,2022-12-08,9435,2022-11-29,1050,019603,,2,1,9,1000,0,3,5,,2,010,"PALM AVENUE","GETTYSBURG AVENUE",0.00,,Y,A,-,N,,,,,,,,,,Y,2,0,1,2,A,-,09,21800,D,N,D,D,A,A,H,-,A,B,0,,,Y,,Y,,C,02,1,0,0,0,0,0,0,0,1,"- ","- ",36.801120758056641,-119.80853271484375,FRESNO,UNINCORPORATED,-119.80857849121094,36.801143646240234
91943412,2022,2024-04-30,9461,2022-12-13,1435,019052,,2,2,9,1000,1,1,3,,1,604,SR-33,"PANOCHE RD.",0.00,,Y,A,-,Y,FRE,,33,,,59.432,H,,R,Y,1,1,6,2,A,-,09,21802,A,N,D,C,A,A,H,-,A,A,0,,,,,Y,,A,01,1,0,5,0,0,0,0,0,0,"- ","- ",36.720161437988281,-120.38719940185547,FRESNO,UNINCORPORATED,-120.38718414306641,36.720161437988281