CASE_ID,ACCIDENT_YEAR,PROC_DATE,JURIS,COLLISION_DATE,COLLISION_TIME,OFFICER_ID,REPORTING_DISTRICT,DAY_OF_WEEK,CHP_SHIFT,POPULATION,CNTY_CITY_LOC,SPECIAL_COND,BEAT_TYPE,CHP_BEAT_TYPE,CITY_DIVISION_LAPD,CHP_BEAT_CLASS,BEAT_NUMBER,PRIMARY_RD,SECONDARY_RD,DISTANCE,DIRECTION,INTERSECTION,WEATHER_1,WEATHER_2,STATE_HWY_IND,CALTRANS_COUNTY,CALTRANS_DISTRICT,STATE_ROUTE,ROUTE_SUFFIX,POSTMILE_PREFIX,POSTMILE,LOCATION_TYPE,RAMP_INTERSECTION,SIDE_OF_HWY,TOW_AWAY,COLLISION_SEVERITY,NUMBER_KILLED,NUMBER_INJURED,PARTY_COUNT,PRIMARY_COLL_FACTOR,PCF_CODE_OF_VIOL,PCF_VIOL_CATEGORY,PCF_VIOLATION,PCF_VIOL_SUBSECTION,HIT_AND_RUN,TYPE_OF_COLLISION,MVIW,PED_ACTION,ROAD_SURFACE,ROAD_COND_1,ROAD_COND_2,LIGHTING,CONTROL_DEVICE,CHP_ROAD_TYPE,PEDESTRIAN_ACCIDENT,BICYCLE_ACCIDENT,MOTORCYCLE_ACCIDENT,TRUCK_ACCIDENT,NOT_PRIVATE_PROPERTY,ALCOHOL_INVOLVED,STWD_VEHTYPE_AT_FAULT,CHP_VEHTYPE_AT_FAULT,COUNT_SEVERE_INJ,COUNT_VISIBLE_INJ,COUNT_COMPLAINT_PAIN,COUNT_PED_KILLED,COUNT_PED_INJURED,COUNT_BICYCLIST_KILLED,COUNT_BICYCLIST_INJURED,COUNT_MC_KILLED,COUNT_MC_INJURED,PRIMARY_RAMP,SECONDARY_RAMP,LATITUDE,LONGITUDE,COUNTY,CITY,POINT_X,POINT_Y
91946715,2022,2022-12-20,9435,2022-04-03,2325,021544,,7,3,7,1005,0,1,3,,1,168,"SR-168 EASTBOUND TO MCKINLEY AVENUE","MCKINLEY AVENUE",275.00,N,N,A,-,Y,,,,,,,,,,Y,1,1,2,1,A,-,01,23152,A,N,E,I,A,D,H,-,C,D,0,,,,,Y,Y,A,01,2,0,0,0,0,0,0,0,0,"- ","- ",36.765830993652344,-119.74881744384766,FRESNO,FRESNO,-119.74881744384766,36.765830993652344
91948163,2022,2022-12-21,9435,2022-12-12,1210,015986,,1,1,7,1005,0,1,3,,2,105,"STATE ROUTE 99 SOUTHBOUND FROM FRESNO STREET","FRESNO STREET",5.00,S,N,A,-,Y,,,,,,,,,,N,2,0,1,2,A,-,12,21453,A,N,D,G,A,A,H,-,A,A,0,,Y,,,Y,,L,04,1,0,0,0,0,0,1,0,0,"- ","- ",36.730678558349609,-119.79945373535156,FRESNO,FRESNO,-119.79945373535156,36.730678558349609
91948485,2022,2022-12-21,9435,2022-12-19,2025,021148,,1,2,9,1000,0,3,5,,2,025,"FRIANT RD","BELCHER RD",90.00,S,N,B,-,N,,,,,,,,,,Y,2,0,1,1,A,-,03,22350,,N,E,J,A,A,H,-,D,D,0,,,,,Y,,A,01,1,0,0,0,0,0,0,0,0,"- ","- ",36.978828430175781,-119.71943664550781,FRESNO,UNINCORPORATED,-119.71953582763672,36.978900909423828
91955485,2022,2022-12-29,9435,2022-04-07,1825,019523,,4,2,9,1000,0,3,5,,2,015,"BRAWLEY AVENUE","CHURCH AVENUE",0.00,,Y,A,-,N,,,,,,,,,,Y,1,1,1,3,A,-,12,22450,A,N,D,C,A,A,H,-,A,A,0,,,,Y,Y,Y,A,07,0,1,0,0,0,0,0,0,0,"- ","- ",36.713760375976562,-119.86241149902344,FRESNO,UNINCORPORATED,-119.86238098144531,36.713779449462891
91959544,2022,2023-01-04,9435,2022-12-17,1743,021312,,6,2,9,1000,0,3,5,,2,015,"CHERRY AVE","AMERICAN AVE",1003.00,N,N,E,-,N,,,,,,,,,,Y,2,0,1,2,A,-,11,21954,A,F,G,B,E,A,H,-,C,D,0,Y,,,,Y,,N,60,1,0,0,0,1,0,0,0,0,"- ","- ",36.666130065917969,-119.78182983398438,FRESNO,UNINCORPORATED,-119.78177642822266,36.666114807128906
91960136,2022,2023-01-04,9495,2022-12-25,1550,021029,,7,2,9,1000,0,3,5,,2,053,"SISKIYOU AVENUE","GALE AVENUE",1584.00,S,N,A,-,N,,,,,,,,,,Y,2,0,1,1,A,-,01,23152,A,N,F,A,A,A,H,-,A,D,0,,,,,Y,Y,A,07,1,0,0,0,0,0,0,0,0,"- ","- ",36.178859710693359,-120.08522033691406,FRESNO,UNINCORPORATED,-120.08522033691406,36.177040100097656
91961062,2022,2023-01-05,9435,2022-12-28,1918,020429,,3,2,9,1000,0,3,5,,2,060,"ENGLEHART AVENUE","SOUTH AVENUE",0.00,,Y,A,-,N,,,,,,,,,,Y,2,0,2,2,A,-,09,21802,A,N,D,C,A,A,H,-,D,D,0,,,,,Y,,A,01,1,0,1,0,0,0,0,0,0,"- ","- ",36.618549346923828,-119.41300964355469,FRESNO,UNINCORPORATED,-119.41304016113281,36.618553161621094
91961956,2022,2023-01-06,9461,2022-10-21,2300,020253,,5,3,9,1000,0,1,3,,1,604,"STATE ROUTE 33","LOZANO STREET",6494.00,N,N,A,-,Y,FRE,,33,,R,63.948,H,,R,Y,1,2,0,2,A,-,05,21650,,N,A,C,A,A,H,-,D,D,0,,,,Y,Y,,A,01,0,0,0,0,0,0,0,0,0,"- ","- ",36.781639099121094,-120.40239715576172,FRESNO,UNINCORPORATED,-120.40235137939453,36.781665802001953
91961957,2022,2023-01-06,9461,2022-12-24,2045,021387,,6,2,9,1000,0,1,3,,1,604,"STATE ROUTE 33","DOS PALOS ROAD",35.00,N,N,E,-,Y,FRE,,33,,R,62.952,H,,R,Y,1,1,0,1,A,-,08,22107,,N,E,I,A,B,H,-,D,D,0,,,,,Y,,A,07,0,0,0,0,0,0,0,0,0,"- ","- ",36.769771575927734,-120.39217376708984,FRESNO,UNINCORPORATED,-120.39215850830078,36.769779205322266
91962546,2022,2023-01-09,9461,2022-12-26,1353,020101,,1,1,9,1000,0,1,3,,1,503,"I-5 N/B","W. HERNDON AVE.",9504.00,S,N,B,-,Y,FRE,,5,,,62.772,H,,R,Y,2,0,1,2,A,-,07,21658,,N,C,C,A,A,H,-,A,D,0,,,Y,,Y,,D,22,1,0,0,0,0,0,0,0,1,"- ","- ",36.812198638916016,-120.74748229980469,FRESNO,UNINCORPORATED,-120.74748229980469,36.812198638916016
91963347,2022,2023-01-09,9435,2022-12-28,1623,020429,,3,2,9,1000,0,3,5,,2,060,"COVE ROAD","JENSEN AVENUE",3800.00,S,N,B,-,N,,,,,,,,,,Y,2,0,1,1,A,-,08,22107,,N,E,I,A,A,H,-,A,D,0,,,,,Y,,A,07,1,0,0,0,0,0,0,0,0,"- ","- ",36.694011688232422,-119.34915924072266,FRESNO,UNINCORPORATED,-119.34930419921875,36.69415283203125
91964330,2022,2023-03-09,9435,2022-12-29,1145,017310,,4,1,9,1000,0,3,5,,2,025,"MILLERTON ROAD","VIA BELLAGIO",825.00,E,N,C,-,N,,,,,,,,,,N,1,1,3,2,A,-,08,22107,,N,D,C,A,B,H,-,A,D,0,,,,,Y,,A,07,0,3,0,0,0,0,0,0,0,"- ","- ",36.990268707275391,-119.69419860839844,FRESNO,UNINCORPORATED,-119.69419860839844,36.990268707275391
91965825,2022,2023-01-11,9435,2022-06-19,1850,020887,,7,2,9,1000,0,3,5,,2,025,"ASHLAN AVENUE","SUNNYSIDE AVENUE",0.00,,Y,A,-,N,,,,,,,,,,Y,1,1,4,2,A,-,01,23152,A,N,A,C,A,A,H,-,A,D,0,,,,,Y,Y,D,22,1,2,1,0,0,0,0,0,0,"- ","- ",36.794010162353516,-119.69168853759766,FRESNO,UNINCORPORATED,-119.69152069091797,36.793972015380859
91966996,2022,2023-01-12,9435,2022-08-18,2138,021687,,4,2,9,1000,0,3,5,,2,034,"ROSE AVENUE","BETHEL AVENUE",1444.00,W,N,A,-,N,,,,,,,,,,N,1,1,0,2,A,-,11,21954,A,N,G,B,E,A,H,-,D,D,0,Y,,,,Y,Y,N,60,0,0,0,1,0,0,0,0,0,"- ","- ",36.568748474121094,-119.58007049560547,FRESNO,UNINCORPORATED,-119.57994079589844,36.568744659423828
91969658,2023,2023-01-17,9435,2023-01-05,1400,020942,,4,2,9,1000,0,3,5,,2,020,"HENDERSON ROAD","POLK AVENUE",0.00,,Y,B,-,N,,,,,,,,,,Y,2,0,1,2,A,-,12,22450,A,F,C,C,A,B,H,-,A,A,0,,,,,Y,,A,08,1,0,0,0,0,0,0,0,0,"- ","- ",36.591579437255859,-119.89009857177734,FRESNO,UNINCORPORATED,-119.88993835449219,36.591426849365234
91970093,2023,2023-01-17,9435,2023-01-03,1835,021299,,2,2,9,1000,0,3,5,,2,025,"CHESTNUT AVE","BROWN AVE",40.00,S,N,A,-,N,,,,,,,,,,N,2,0,1,2,A,-,08,22107,,N,G,G,A,A,H,-,D,D,0,,Y,,,Y,,L,04,1,0,0,0,0,0,1,0,0,"- ","- ",36.774791717529297,-119.73638916015625,FRESNO,UNINCORPORATED,-119.73641967773438,36.774848937988281
91975692,2023,2023-01-24,9435,2023-01-12,"219 ",020064,,4,3,9,1000,0,3,5,,2,030,"BELMONT AVENUE","BETHEL AVENUE",250.00,E,N,B,-,N,,,,,,,,,,Y,2,0,1,1,A,-,01,23152,A,M,E,I,A,B,H,-,D,D,0,,,,,Y,Y,A,01,1,0,0,0,0,0,0,0,0,"- ","- ",36.750110626220703,-119.57314300537109,FRESNO,UNINCORPORATED,-119.57319641113281,36.750133514404297
91975807,2023,2023-01-24,9435,2023-01-14,"130 ",021555,,6,3,9,1000,0,1,3,,1,169,"STATE ROUTE 168","18371 STATE ROUTE 168",240.00,W,N,A,-,Y,FRE,,168," "," ",21.790,H,,R,N,2,0,2,1,A,-,01,23152,A,N,F,A,A,A,H,-,D,D,0,,,,,Y,Y,A,07,2,0,0,0,0,0,0,0,0,"- ","- ",36.942459106445312,-119.50418853759766,FRESNO,UNINCORPORATED,-119.504150390625,36.942459106445312
91975849,2022,2023-01-24,9435,2022-12-31,2350,021402,,6,3,7,1005,0,1,3,,2,181,"STATE ROUTE 180 EASTBOUND","SAN PABLO AVENUE",150.00,E,N,A,-,Y,FRE,,180,,R,57.646,H,,R,Y,2,0,4,2,A,-,07,21658,A,N,D,2,A,B,H,-,D,D,0,,,,,Y,,A,01,1,0,3,0,0,0,0,0,0,"- ","- ",36.751068115234375,-119.79422760009766,FRESNO,FRESNO,-119.79421234130859,36.751022338867188
91976229,2023,2023-01-24,9435,2023-01-17,1400,020193,,2,2,9,1000,0,1,3,,1,430,"STATE ROUTE 43","KAMM AVENUE",1290.00,S,N,B,-,Y,FRE,,43," "," ",6.090,H,,R,N,2,0,2,2,A,-,05,21650,,N,A,C,A,A,H,-,A,D,0,,,,Y,Y,,A,01,2,0,0,0,0,0,0,0,0,"- ","- ",36.529018402099609,-119.62892150878906,FRESNO,UNINCORPORATED,-119.62894439697266,36.529018402099609
91982994,2022,2023-01-31,9435,2022-12-04,0320,021165,,7,3,9,1000,0,3,5,,2,040,"LATONIA STREET","DENNIS AVENUE",313.00,E,N,B,C,N,,,,,,,,,,Y,1,1,0,2,A,-,01,23152,A,N,E,I,A,B,H,-,D,D,0,,,,,Y,Y,A,01,0,0,0,0,0,0,0,0,0,"- ","- ",36.431098937988281,-119.69254302978516,FRESNO,UNINCORPORATED,,
91983985,2023,2023-04-18,9435,2023-01-20,"215 ",020592,,5,3,7,1005,0,1,3,,2,410,"SR-41 S/B FROM W/B HERNDON AVENUE","HERNDON AVENUE",137.00,N,N,A,-,Y,FRE,,41," ",R,30.521,H,,L,Y,2,0,1,1,A,-,01,23152,A,N,F,A,A,A,H,-,C,D,0,,,,,Y,Y,D,22,1,0,0,0,0,0,0,0,0,"- ","- ",36.838291168212891,-119.78543853759766,FRESNO,FRESNO,-119.78520965576172,36.838291168212891
91984428,2022,2023-02-01,9435,2022-11-11,0353,021589,,5,3,9,1000,0,1,3,,2,106,SR-99,"NORTH AVE",1109.00,N,N,A,-,Y,FRE,,99,,,17.484,H,,R,Y,2,0,1,3,C,-,18,,,N,C,4,E,A,H,-,D,D,0,Y,,,,Y,,-,"- ",1,0,0,0,1,0,0,0,0,"- ","- ",36.694709777832031,-119.76177215576172,FRESNO,UNINCORPORATED,-119.76158905029297,36.694850921630859
91990092,2023,2023-02-08,9461,2023-02-02,1748,021837,,4,2,9,1000,1,1,3,,1,604,SR-33,"SHAW AVE",0.00,,Y,A,-,Y,FRE,,33," ",R,66.096,H,,R,Y,2,0,1,2,A,-,09,21802,A,N,D,C,A,A,H,-,B,A,0,,,,,Y,,H,13,1,0,0,0,0,0,0,0,0,"- ","- ",36.807300567626953,-120.42437744140625,FRESNO,UNINCORPORATED,-120.42434692382812,36.807319641113281
91990546,2022,2023-02-09,9435,2022-12-27,1441,020193,,2,2,9,1000,0,3,5,,2,015,"COLORADO ROAD","LEVEE ROAD",0.00,,Y,C,-,N,,,,,,,,,,N,1,1,1,1,A,-,08,22107,,N,F,I,A,B,H,-,A,D,0,,,,,Y,,A,01,0,1,0,0,0,0,0,0,0,"- ","- ",36.6373291015625,-120.23148345947266,FRESNO,UNINCORPORATED,-120.23161315917969,36.63739013671875
91991533,2023,2023-02-10,9435,2023-02-01,2138,018944,,3,2,9,1000,0,1,3,,1,180,"STATE ROUTE 180","BLYTHE AVENUE",0.00,,Y,A,-,Y,FRE,,180," "," ",53.090,H,,R,Y,2,0,1,2,A,-,01,23152,F,N,D,C,A,A,H,-,D,A,0,,,,,Y,,A,01,1,0,0,0,0,0,0,0,0,"- ","- ",36.735469818115234,-119.87158203125,FRESNO,UNINCORPORATED,-119.87158203125,36.735492706298828
91993259,2022,2023-02-13,9435,2022-12-12,1741,021315,,1,2,9,1000,0,3,5,,2,040,"CONEJO AVENUE","PEACH AVENUE",1325.00,E,N,B,-,N,,,,,,,,,,Y,2,0,1,2,A,-,03,22350,,N,A,C,A,A,H,-,D,D,0,,,,,Y,,A,01,1,0,0,0,0,0,0,0,0,"- ","- ",36.518299102783203,-119.71420288085938,FRESNO,UNINCORPORATED,-119.71424102783203,36.518268585205078
91993949,2023,2023-02-14,9495,2023-02-06,2205,021602,,1,3,9,1000,0,1,3,,1,013,"STATE ROUTE 145","PAIGE AVENUE",3168.00,N,N,A,-,Y,FRE,,145," "," ",9.531,H,,R,Y,2,0,1,2,A,-,03,22350,,N,C,C,A,A,H,-,D,D,0,,,,Y,Y,,A,01,1,0,0,0,0,0,0,0,0,"- ","- ",36.392421722412109,-120.14907073974609,FRESNO,UNINCORPORATED,-120.14907836914062,36.392425537109375
91995085,2023,2023-02-15,9435,2023-02-04,1120,020062,,6,1,9,1000,0,3,5,,2,015,"LINCOLN AVENUE","CHESTNUT AVENUE",0.00,,Y,A,-,N,,,,,,,,,,Y,2,0,1,2,A,-,12,22450,A,F,D,C,A,A,H,-,A,A,0,,,,,Y,,A,07,1,0,0,0,0,0,0,0,0,"- ","- ",36.648918151855469,-119.73679351806641,FRESNO,UNINCORPORATED,-119.73677825927734,36.648918151855469
91996363,2023,2023-02-16,9435,2023-02-05,1445,021315,,7,2,9,1000,0,1,3,,1,412,"STATE ROUTE 41","ELKHORN AVENUE",0.00,,Y,B,-,N,,,,,,,,,,Y,2,0,1,2,A,-,12,21453,A,N,D,C,A,A,H,-,A,A,0,,,Y,,Y,,A,01,1,0,0,0,0,0,0,0,1,"- ","- ",36.489269256591797,-119.78971099853516,FRESNO,UNINCORPORATED,-119.78968048095703,36.489292144775391
91996375,2023,2023-02-16,9435,2023-02-04,1105,021555,,6,1,9,1000,0,1,3,,1,169,"STATE ROUTE 168","MALLARD MEADOWS LANE",670.00,E,N,A,-,Y,FRE,,168," ",T,24.146,H,,R,Y,2,0,1,1,A,-,08,22107,,N,F,A,A,A,H,-,A,D,0,,,Y,,Y,,C,02,1,0,0,0,0,0,0,0,1,"- ","- ",36.965770721435547,-119.51976013183594,FRESNO,UNINCORPORATED,-119.51976776123047,36.965736389160156
9199652,2020,2021-01-22,1001,2020-11-16,1818,5145,,1,5,5,1001,0,0,0,,0,001,"WILLOW AV","W HOLLAND",7.00,N,N,A,-,N,,,,,,,,,,Y,2,0,1,2,A,-,11,21950,B,N,G,B,B,A,H,-,C,D,0,Y,,,,Y,,N,60,1,0,0,0,1,0,0,0,0,"- ","- ",,,FRESNO,CLOVIS,-119.72747039794922,36.797649383544922
91997466,2023,2023-02-17,9495,2023-02-09,2120,021354,,4,2,9,1000,0,1,3,,2,005,"STATE ROUTE 33","STATE ROUTE 198",7920.00,N,N,A,-,Y,FRE,,33," "," ",25.875,H,,R,Y,2,0,1,1,A,-,01,23152,F,N,F,A,A,A,H,-,D,D,0,,,,,Y,,A,01,1,0,0,0,0,0,0,0,0,"- ","- ",36.267009735107422,-120.30909729003906,FRESNO,UNINCORPORATED,-120.30897521972656,36.266960144042969
91999969,2023,2023-02-22,9435,2023-02-14,1935,019263,,2,2,9,1000,0,3,5,,2,030,"ZEDIKER AVE","SOUTH AVE",2112.00,N,N,A,-,N,,,,,,,,,,Y,2,0,1,1,A,-,08,22107,,N,E,I,A,A,H,-,D,D,0,,,,,Y,,A,07,1,0,0,0,0,0,0,0,0,"- ","- ",36.624851226806641,-119.52052307128906,FRESNO,UNINCORPORATED,-119.52066040039062,36.624729156494141
92001055,2023,2023-02-23,9435,2023-02-15,1640,020942,,3,2,9,1000,0,1,3,,1,180,"STATE ROUTE 180","DICKENSON AVENUE",2587.00,W,N,A,-,Y,FRE,,180," "," ",47.128,H,,R,Y,2,0,2,2,A,-,03,22350,,N,A,C,A,A,H,-,A,D,0,,,,,Y,,A,01,1,0,1,0,0,0,0,0,0,"- ","- ",36.734939575195312,-119.97895812988281,FRESNO,UNINCORPORATED,-119.97895812988281,36.735000610351562
92001263,2023,2023-02-23,9461,2023-02-04,2020,021837,,6,2,9,1000,0,1,1,,2,206,"I-5 N/B","NEES AVENUE",10560.00,N,N,A,-,Y,MER,,5," "," ",1.576,H,,R,Y,2,0,1,1,A,-,06,21750,A,N,F,A,A,A,H,-,D,D,0,,,,,Y,,-,99,1,0,0,0,0,0,0,0,0,"- ","- ",36.875099182128906,-120.79075622558594,FRESNO,UNINCORPORATED,-120.79078674316406,36.875087738037109
92002254,2023,2023-02-24,9435,2023-02-18,1435,020824,,6,2,9,1000,0,3,5,,2,034,"MANNING AVENUE","STATE ROUTE 99",100.00,E,N,A,-,N,,,,,,,,,,Y,2,0,1,2,A,-,07,21658,A,N,B,C,A,A,H,-,A,D,0,,,Y,,Y,,A,07,1,0,0,0,0,0,0,0,1,"- ","- ",36.605369567871094,-119.66056823730469,FRESNO,UNINCORPORATED,,
92002557,2023,2023-02-24,9435,2023-02-14,1720,021031,,2,2,9,1000,0,3,5,,2,034,"DEWOLF AVENUE","SOUTH AVENUE",0.00,,Y,A,-,N,,,,,,,,,,Y,2,0,1,2,A,-,12,22450,A,N,D,2,A,A,H,-,A,A,0,,,,Y,Y,,G,25,1,0,0,0,0,0,0,0,0,"- ","- ",36.619869232177734,-119.64636993408203,FRESNO,UNINCORPORATED,-119.6463623046875,36.619865417480469
92006654,2023,2023-03-01,9435,2023-02-21,"953 ",014363,,2,1,9,1000,0,1,3,,2,107,"STATE ROUTE 99 (NORTHBOUND)","MANNING AVENUE",817.00,S,N,B,-,Y,FRE,,99," "," ",8.991,H,,R,N,2,0,1,1,C,-,18,,,N,E,I,A,A,H,-,A,D,0,,,,,Y,,-,"- ",1,0,0,0,0,0,0,0,0,"- ","- ",36.603580474853516,-119.6588134765625,FRESNO,UNINCORPORATED,-119.65892791748047,36.603496551513672
92007778,2023,2023-03-02,9435,2023-02-24,1845,020429,,5,2,9,1000,0,3,5,,2,060,"RUTH HILL ROAD","MUSTANG LN",1400.00,E,N,B,C,N,,,,,,,,,,Y,2,0,1,1,A,-,01,23152,A,N,E,I,A,B,H,-,D,D,0,,,,,Y,Y,E,22,1,0,0,0,0,0,0,0,0,"- ","- ",36.726089477539062,-119.24031066894531,FRESNO,UNINCORPORATED,,
92008337,2022,2023-03-02,9435,2022-07-07,0730,018914,,4,1,9,1000,0,1,3,,2,107,"STATE ROUTE 99 NORTHBOUND","MANNING AVENUE",4752.00,S,N,A,-,Y,FRE,,99,,,8.246,H,,R,Y,1,1,1,2,A,-,07,21658,A,N,B,C,A,A,D,-,A,D,0,,,,Y,Y,,G,25,0,1,0,0,0,0,0,0,0,"- ","- ",36.595321655273438,-119.65016174316406,FRESNO,UNINCORPORATED,-119.65010070800781,36.595363616943359
92009098,2022,2023-03-03,9435,2022-07-13,1840,021315,,3,2,9,1000,0,3,5,,2,015,"MANNING AVENUE","MARKS AVENUE",0.00,,Y,A,-,N,,,,,,,,,,Y,1,1,0,2,A,-,09,21802,A,N,D,C,A,A,H,-,A,A,0,,,,Y,Y,Y,A,01,0,0,0,0,0,0,0,0,0,"- ","- ",36.605110168457031,-119.84478759765625,FRESNO,UNINCORPORATED,-119.84480285644531,36.605098724365234
92009100,2022,2023-03-03,9435,2022-09-17,2114,021544,,6,2,9,1000,0,1,3,,1,180,"STATE ROUTE 180","SHASTA AVENUE",1020.00,E,N,A,-,Y,FRE,,180,,,40.314,H,,R,Y,1,1,5,2,A,-,01,23152,F,N,A,C,A,A,H,-,D,D,0,,,,,Y,,A,01,5,0,0,0,0,0,0,0,0,"- ","- ",36.734718322753906,-120.10179138183594,FRESNO,UNINCORPORATED,-120.10179138183594,36.734722137451172
92011991,2023,2023-03-07,9435,2023-02-05,"420 ",020586,,7,3,9,1000,0,1,3,,1,183,"SR-180 E/B","FAIRBANKS AVE",1373.00,E,N,B,-,Y,FRE,,180," ",R,70.857,H,,R,Y,2,0,2,2,A,-,01,23152,A,N,C,C,A,B,H,-,D,D,0,,,,,Y,Y,A,01,2,0,0,0,0,0,0,0,0,"- ","- ",36.735931396484375,-119.56491088867188,FRESNO,UNINCORPORATED,-119.56491088867188,36.735942840576172
92011993,2022,2023-03-07,9495,2022-03-02,0927,019789,,3,1,9,1000,0,1,1,,2,001,"INTERSTATE 5 SOUTHBOUND","STATE ROUTE 33 (DERRICK AVENUE)",15048.00,N,N,A,-,Y,FRE,,5,,,32.795,H,,L,Y,1,4,3,2,A,-,08,22107,,N,C,C,A,A,H,-,A,D,0,,,,Y,Y,,A,07,3,0,0,0,0,0,0,0,0,"- ","- ",36.468551635742188,-120.42484283447266,FRESNO,UNINCORPORATED,-120.42484283447266,36.468551635742188
92025870,2022,2023-03-22,9435,2022-10-31,1228,021386,,1,1,7,1005,0,1,3,,2,106,"STATE ROUTE 99 NORTHBOUND","JENSEN AVENUE",1500.00,S,N,B,-,Y,FRE,,99,,,18.320,H,,R,Y,1,1,0,2,A,-,07,21658,A,N,B,C,A,A,H,-,A,D,0,,,,Y,Y,,A,07,0,0,0,0,0,0,0,0,0,"- ","- ",36.704109191894531,-119.7711181640625,FRESNO,FRESNO,-119.77117919921875,36.704074859619141
92026930,2022,2023-03-23,9435,2022-08-18,1517,021386,,4,2,9,1000,0,3,5,,2,015,"CHURCH AVENUE","WEST AVENUE",634.00,W,N,A,-,N,,,,,,,,,,Y,1,1,3,3,A,-,03,22350,,N,C,C,A,A,H,-,A,D,0,,,,,Y,,A,07,1,1,1,0,0,0,0,0,0,"- ","- ",36.714000701904297,-119.82903289794922,FRESNO,UNINCORPORATED,-119.56313323974609,36.713970184326172
92028077,2023,2023-03-24,9435,2023-03-16,"728 ",015890,,4,1,9,1000,0,3,5,,2,040,"FLORAL AVE","CEDAR AVE",0.00,,Y,A,-,N,,,,,,,,,,Y,2,0,6,2,A,-,12,22450,A,N,D,C,A,A,H,-,A,A,0,,,,,Y,,A,07,1,4,1,0,0,0,0,0,0,"- ","- ",36.576339721679688,-119.75495147705078,FRESNO,UNINCORPORATED,-119.7548828125,36.576332092285156
92028109,2023,2023-03-24,9435,2023-02-26,"403 ",021687,,7,3,7,1005,0,1,3,,2,181,"SR-180 EASTBOUND","SAN PABLO AVENUE",50.00,E,N,C,-,Y,FRE,,180," ",R,57.620,H,,R,Y,2,0,2,2,C,-,18,,,N,C,C,A,B,H,-,D,D,0,,,,,Y,,-,"- ",2,0,0,0,0,0,0,0,0,"- ","- ",36.750930786132812,-119.79466247558594,FRESNO,FRESNO,-119.79465484619141,36.750911712646484
92032551,2023,2023-03-30,9435,2023-02-14,1225,016507,,2,1,9,1000,0,1,3,,2,184,"STATE ROUTE 180","FRANKWOOD AVENUE",8448.00,E,N,A,-,Y,FRE,,180," "," ",79.526,H,,R,Y,1,1,0,1,A,-,08,22107,,N,E,I,A,A,H,-,A,D,0,,,,,Y,Y,D,22,0,0,0,0,0,0,0,0,0,"- ","- ",36.714881896972656,-119.42086791992188,FRESNO,UNINCORPORATED,-119.42086791992188,36.714912414550781
92032555,2022,2023-03-30,9435,2022-11-11,0010,020540,,5,3,7,1005,0,3,5,,2,060,"MANNING AVENUE","PORTER AVENUE",529.00,E,N,A,-,N,,,,,,,,,,Y,1,1,1,1,A,-,01,23152,G,N,E,I,A,A,H,-,D,D,0,,,,,Y,Y,A,01,1,0,0,0,0,0,0,0,0,"- ","- ",36.603588104248047,-119.365478515625,FRESNO,FRESNO,-119.36592864990234,36.603534698486328
92037058,2023,2023-04-04,9435,2023-03-07,1046,015751,,2,1,9,1000,0,3,5,,2,030,"DEL REY AVE","MCKINLEY AVE",967.00,S,N,B,-,N,,,,,,,,,,Y,2,0,3,2,A,-,06,21750,,N,D,C,A,A,H,-,A,D,0,,,,,Y,,A,01,2,1,0,0,0,0,0,0,0,"- ","- ",36.762020111083984,-119.59184265136719,FRESNO,UNINCORPORATED,-119.59181976318359,36.762027740478516
92037502,2023,2023-04-05,9495,2023-04-02,"145 ",021351,,7,3,9,1000,0,3,5,,2,053,"JAYNE AVENUE","EL DORADO AVENUE",18.00,W,N,A,-,N,,,,,,,,,,Y,2,0,1,1,A,-,01,23152,A,N,E,I,A,A,H,-,D,D,0,,,,,Y,Y,A,01,1,0,0,0,0,0,0,0,0,"- ","- ",36.137401580810547,-120.21073150634766,FRESNO,UNINCORPORATED,-120.2105712890625,36.137451171875
92039843,2023,2023-04-07,9435,2023-01-21,1520,020942,,6,2,9,1000,0,3,5,,2,010,"BELMONT AVENUE","LAFAYETTE AVENUE",95.00,E,N,A,-,N,,,,,,,,,,Y,2,0,1,2,A,-,08,22107,,F,F,A,A,A,H,-,A,D,0,,,Y,,Y,,-,99,1,0,0,0,0,0,0,0,1,"- ","- ",36.750179290771484,-119.83737182617188,FRESNO,UNINCORPORATED,-119.83742523193359,36.750228881835938
92052106,2023,2023-04-24,9435,2023-04-13,1838,021402,,4,2,9,1000,0,3,5,,2,040,"ELM AVENUE","CONEJO AVENUE",0.00,,Y,A,-,N,,,,,,,,,,Y,2,0,3,2,A,-,12,22450,A,N,D,C,A,A,H,-,A,A,0,,,,,Y,,A,01,3,0,0,0,0,0,0,0,0,"- ","- ",36.518291473388672,-119.79110717773438,FRESNO,UNINCORPORATED,-119.79109191894531,36.518291473388672