CASE_ID,ACCIDENT_YEAR,PROC_DATE,JURIS,COLLISION_DATE,COLLISION_TIME,OFFICER_ID,REPORTING_DISTRICT,DAY_OF_WEEK,CHP_SHIFT,POPULATION,CNTY_CITY_LOC,SPECIAL_COND,BEAT_TYPE,CHP_BEAT_TYPE,CITY_DIVISION_LAPD,CHP_BEAT_CLASS,BEAT_NUMBER,PRIMARY_RD,SECONDARY_RD,DISTANCE,DIRECTION,INTERSECTION,WEATHER_1,WEATHER_2,STATE_HWY_IND,CALTRANS_COUNTY,CALTRANS_DISTRICT,STATE_ROUTE,ROUTE_SUFFIX,POSTMILE_PREFIX,POSTMILE,LOCATION_TYPE,RAMP_INTERSECTION,SIDE_OF_HWY,TOW_AWAY,COLLISION_SEVERITY,NUMBER_KILLED,NUMBER_INJURED,PARTY_COUNT,PRIMARY_COLL_FACTOR,PCF_CODE_OF_VIOL,PCF_VIOL_CATEGORY,PCF_VIOLATION,PCF_VIOL_SUBSECTION,HIT_AND_RUN,TYPE_OF_COLLISION,MVIW,PED_ACTION,ROAD_SURFACE,ROAD_COND_1,ROAD_COND_2,LIGHTING,CONTROL_DEVICE,CHP_ROAD_TYPE,PEDESTRIAN_ACCIDENT,BICYCLE_ACCIDENT,MOTORCYCLE_ACCIDENT,TRUCK_ACCIDENT,NOT_PRIVATE_PROPERTY,ALCOHOL_INVOLVED,STWD_VEHTYPE_AT_FAULT,CHP_VEHTYPE_AT_FAULT,COUNT_SEVERE_INJ,COUNT_VISIBLE_INJ,COUNT_COMPLAINT_PAIN,COUNT_PED_KILLED,COUNT_PED_INJURED,COUNT_BICYCLIST_KILLED,COUNT_BICYCLIST_INJURED,COUNT_MC_KILLED,COUNT_MC_INJURED,PRIMARY_RAMP,SECONDARY_RAMP,LATITUDE,LONGITUDE,COUNTY,CITY,POINT_X,POINT_Y
92052752,2023,2023-04-25,9435,2023-03-03,"20  ",021547,,5,3,9,1000,0,1,3,,1,180,"WESTBOUND STATE ROUTE-180","MCCALL AVENUE",0.00,,Y,A,-,Y,FRE,,180," ",R,68.348,H,,R,Y,2,0,3,2,A,-,01,23152,A,N,A,C,A,A,H,-,C,A,0,,,,,Y,Y,A,07,1,2,0,0,0,0,0,0,0,"- ","- ",36.735958099365234,-119.610107421875,FRESNO,UNINCORPORATED,-119.610107421875,36.735733032226562
92052967,2023,2023-04-25,9435,2023-04-15,1240,019705,,6,1,9,1000,0,3,5,,2,015,"KAMM AVENUE","GRANTLAND AVE",1056.00,W,N,A,-,N,,,,,,,,,,Y,2,0,2,2,A,-,03,22350,,F,C,C,A,A,H,-,A,D,0,,,Y,,Y,,-,99,1,0,1,0,0,0,0,0,1,"- ","- ",36.532451629638672,-119.92111968994141,FRESNO,UNINCORPORATED,,
92053724,2023,2023-05-12,9435,2023-04-16,"130 ",020592,,7,3,9,1000,0,3,5,,2,025,"FOWLER AVENUE","FLORADORA AVENUE",528.00,N,N,A,-,N,,,,,,,,,,Y,2,0,1,1,A,-,01,23152,A,N,E,I,A,A,H,-,D,D,0,,,,,Y,Y,D,22,1,0,0,0,0,0,0,0,0,"- ","- ",36.763130187988281,-119.68209075927734,FRESNO,UNINCORPORATED,-119.68215942382812,36.762588500976562
92054970,2023,2023-04-27,9435,2023-01-04,1723,018914,,3,2,9,1000,0,3,5,,2,025,"DEL REY AVENUE","HERNDON AVENUE",725.00,S,N,B,-,N,,,,,,,,,,N,1,1,0,2,A,-,11,21954,A,N,G,B,D,A,H,-,D,D,0,Y,,,,Y,,N,60,0,0,0,1,0,0,0,0,0,"- ","- ",36.835258483886719,-119.59194183349609,FRESNO,UNINCORPORATED,-119.59189605712891,36.835289001464844
92055050,2022,2023-04-27,9435,2022-11-21,1658,020824,,1,2,9,1000,0,1,3,,2,106,"NORTH AVENUE","TEMPERANCE AVENUE",0.00,,Y,A,-,N,,,,,,,,,,Y,1,1,2,2,A,-,09,21802,A,N,D,C,A,A,H,-,B,A,0,,,,,Y,,A,01,1,0,1,0,0,0,0,0,0,"- ","- ",36.692829132080078,-119.66391754150391,FRESNO,UNINCORPORATED,-119.66397094726562,36.692829132080078
92055057,2022,2023-10-26,9435,2022-08-07,0639,020680,,7,1,9,1000,0,3,5,,2,030,"TRIMMER SPRINGS ROAD","MAXON ROAD",7392.00,W,N,A,-,N,,,,,,,,,,Y,1,1,0,1,A,-,08,22107,,N,E,I,A,A,H,-,D,D,0,,,,,Y,,A,01,0,0,0,0,0,0,0,0,0,"- ","- ",36.892021179199219,-119.29412841796875,FRESNO,UNINCORPORATED,-119.29413604736328,36.89202880859375
92056860,2023,2023-06-08,9435,2023-03-26,1430,021555,,7,2,9,1000,0,1,3,,1,169,"STATE ROUTE 168","GOOSEBERRY LANE",3168.00,S,N,A,-,Y,FRE,,168," ",T,27.661,H,,R,Y,1,1,0,2,A,-,03,22350,,N,F,A,A,A,H,-,A,D,0,,,Y,,Y,,C,02,0,0,0,0,0,0,0,1,0,"- ","- ",37.009151458740234,-119.52877807617188,FRESNO,UNINCORPORATED,-119.52877807617188,37.009151458740234
92058154,2023,2023-05-01,9435,2023-04-24,1330,020062,,1,1,9,1000,0,3,5,,2,034,"KINGS CANYON ROAD","APRICOT AVENUE",20.00,E,N,A,-,N,,,,,,,,,,Y,2,0,1,2,A,-,08,22107,,N,D,C,A,A,H,-,A,A,0,,,Y,,Y,,A,07,1,0,0,0,0,0,0,0,1,"- ","- ",36.736888885498047,-119.66860198974609,FRESNO,UNINCORPORATED,-119.66860961914062,36.736900329589844
92058426,2023,2023-05-01,9435,2023-04-23,"55  ",021702,,7,3,9,1000,0,3,5,,2,034,"MANNING AVE","BETHEL AVE",4488.00,W,N,A,-,N,,,,,,,,,,Y,2,0,3,2,A,-,01,23152,A,F,C,2,A,A,H,-,D,D,0,,,,,Y,Y,A,01,1,2,0,0,0,0,0,0,0,"- ","- ",36.605159759521484,-119.58782958984375,FRESNO,UNINCORPORATED,-119.59011840820312,36.605010986328125
92059305,2022,2023-05-02,9435,2022-07-22,0450,021165,,5,3,9,1000,0,1,3,,2,182,"STATE ROUTE 180 EASTBOUND","CHESTNUT AVENUE",1070.00,E,N,A,-,Y,FRE,,180,,R,61.103,H,,R,Y,1,1,1,2,A,-,01,23152,F,N,C,C,A,A,H,-,D,D,0,,,,,Y,,A,01,1,0,0,0,0,0,0,0,0,"- ","- ",36.753921508789062,-119.73256683349609,FRESNO,UNINCORPORATED,-119.73257446289062,36.753913879394531
92060218,2023,2023-05-03,9435,2023-04-27,1430,021402,,4,2,9,1000,0,3,5,,2,034,"NORTH AVENUE","TEMPERANCE AVENUE",0.00,,Y,A,-,N,,,,,,,,,,Y,2,0,3,2,A,-,09,21802,A,N,D,C,A,A,H,-,A,A,0,,,,Y,Y,,A,01,1,0,2,0,0,0,0,0,0,"- ","- ",36.69287109375,-119.66390991210938,FRESNO,UNINCORPORATED,-119.66397094726562,36.692829132080078
92060362,2022,2023-05-03,9435,2022-11-14,0700,020592,,1,1,9,1000,0,3,5,,2,020,"JAMESON AVENUE","KAMM AVENUE",0.00,,Y,B,E,N,,,,,,,,,,Y,1,3,0,2,A,-,12,22450,A,N,D,C,A,A,H,-,A,A,0,,,,Y,Y,,F,21,0,0,0,0,0,0,0,0,0,"- ","- ",36.532051086425781,-119.98960876464844,FRESNO,UNINCORPORATED,-119.98960876464844,36.532054901123047
92063678,2023,2023-05-08,9435,2023-04-28,"929 ",019263,,5,1,7,1005,0,3,5,,2,034,"JENSEN AVE E/B","MCCALL AVE",5.00,W,N,A,-,N,,,,,,,,,,Y,2,0,3,2,A,-,01,23152,F,N,C,C,A,A,H,-,A,A,0,,,,,Y,,A,01,1,2,0,0,0,0,0,0,0,"- ","- ",36.706531524658203,-119.61042022705078,FRESNO,FRESNO,-119.61024475097656,36.7064208984375
92064880,2023,2023-05-09,9435,2023-05-06,1645,021687,,6,2,9,1000,0,3,5,,2,015,"FRUIT AVENUE","CENTRAL AVENUE",100.00,N,N,B,-,N,,,,,,,,,,Y,2,0,1,1,A,-,08,22107,,N,E,I,A,A,H,-,A,D,0,,,,,Y,,-,"- ",1,0,0,0,0,0,0,0,0,"- ","- ",36.678001403808594,-119.81786346435547,FRESNO,UNINCORPORATED,-119.81783294677734,36.678043365478516
92064976,2023,2024-06-05,9435,2023-04-29,2245,021702,,6,3,9,1000,0,3,5,,2,034,"CLOVIS AVENUE","AMERICAN AVENUE",0.00,,Y,A,-,N,,,,,,,,,,Y,2,0,6,2,A,-,09,21453,C,N,D,C,A,A,H,-,C,A,0,,,,,Y,,A,07,1,1,4,0,0,0,0,0,0,"- ","- ",36.663581848144531,-119.69986724853516,FRESNO,UNINCORPORATED,-119.69985961914062,36.663562774658203
92065784,2023,2023-05-10,9435,2023-04-28,2053,020193,,5,2,9,1000,0,3,5,,2,040,"FOWLER AVENUE","DAVIS AVENUE",2560.00,S,N,A,-,N,,,,,,,,,,N,2,0,2,2,A,-,05,21650,,N,A,C,A,A,H,-,D,D,0,,,,,Y,,D,22,1,0,1,0,0,0,0,0,0,"- ","- ",36.467121124267578,-119.69045257568359,FRESNO,UNINCORPORATED,-119.69046020507812,36.467376708984375
92070103,2023,2023-05-16,9435,2023-05-08,2325,020680,,1,3,9,1000,0,1,3,,2,410,"STATE ROUTE 41 NORTHBOUND","VAN NESS AVENUE",1584.00,S,N,A,-,Y,FRE,,41," ",R,22.395,H,,R,Y,2,0,5,2,A,-,03,22350,,N,C,C,A,A,H,-,D,D,0,,,,,Y,,A,01,1,1,3,0,0,0,0,0,0,"- ","- ",36.725341796875,-119.78463745117188,FRESNO,UNINCORPORATED,-119.78472900390625,36.725357055664062
92072065,2022,2023-05-18,9435,2022-07-22,0451,021594,,5,3,7,1005,0,1,3,,2,182,"STATE ROUTE 180 EASTBOUND","CHESTNUT AVENUE",1088.00,E,N,A,-,Y,FRE,,180,,R,61.134,H,,R,Y,2,0,8,2,C,-,18,,,N,D,C,A,A,H,-,D,D,0,,,,,Y,,-,"- ",2,0,6,0,0,0,0,0,0,"- ","- ",36.753818511962891,-119.73201751708984,FRESNO,FRESNO,-119.73202514648438,36.753814697265625
92072991,2023,2023-05-19,9495,2023-05-03,"153 ",021473,,3,3,9,1000,0,1,1,,2,001,"INTERSTATE 5 NORTHBOUND","HUDSON AVE",4435.00,S,N,A,-,Y,FRE,,5," "," ",42.329,H,,R,Y,2,0,3,3,A,-,03,22350,,N,C,C,E,A,H,-,D,D,0,Y,,,Y,Y,,F,26,3,0,0,0,1,0,0,0,0,"- ","- ",36.570350646972656,-120.54009246826172,FRESNO,UNINCORPORATED,-120.54006958007812,36.570369720458984
92081656,2023,2023-05-30,9435,2023-04-19,"748 ",018914,,3,1,9,1000,0,3,5,,2,034,"CLINTON AVENUE","GREENWOOD AVENUE",1320.00,W,N,A,-,N,,,,,,,,,,N,1,1,0,2,A,-,08,22107,,N,G,B,E,A,H,-,A,D,0,Y,,,,Y,,D,22,0,0,0,1,0,0,0,0,0,"- ","- ",36.771938323974609,-119.56694030761719,FRESNO,UNINCORPORATED,-119.56962585449219,36.771888732910156
92083608,2023,2023-06-01,9435,2023-05-27,1225,015986,,6,1,7,1005,0,1,3,,2,105,"SR 99 S/B","BELMONT AVENUE",250.00,S,N,A,-,Y,FRE,,99," "," ",22.681,H,,L,Y,2,0,4,3,A,-,03,22350,,M,C,C,A,A,H,-,A,D,0,,,,,Y,,A,01,1,0,3,0,0,0,0,0,0,"- ","- ",36.749618530273438,-119.82453918457031,FRESNO,FRESNO,-119.82450866699219,36.7496337890625
92083648,2023,2023-06-01,9435,2023-05-19,1342,015890,,5,1,9,1000,0,3,5,,2,015,"CALIFORNIA AVE","JAMESON AVE",0.28,E,N,A,-,N,,,,,,,,,,N,2,0,1,3,A,-,08,22107,,N,E,I,A,A,H,-,A,A,0,,,,,Y,,A,07,1,0,0,0,0,0,0,0,0,"- ","- ",36.720451354980469,-119.98297882080078,FRESNO,UNINCORPORATED,-119.9881591796875,36.720401763916016
92083724,2023,2023-06-01,9435,2023-05-21,1345,020062,,7,1,9,1000,0,3,5,,2,015,"HOWARD AVENUE","KEARNEY BLVD",0.00,,Y,A,-,N,,,,,,,,,,Y,2,0,10,3,A,-,01,23152,A,N,D,C,A,A,H,-,A,A,0,,,,,Y,Y,A,01,1,7,2,0,0,0,0,0,0,"- ","- ",36.727699279785156,-120.02427673339844,FRESNO,UNINCORPORATED,-120.02425384521484,36.727676391601562
92086241,2022,2023-06-05,9495,2022-05-02,1440,019453,,1,2,9,1000,0,1,3,,1,006,"STATE ROUTE 33 (LOST HILLS ROAD)","SUTTER AVENUE",4224.00,N,N,A,-,Y,FRE,,33,,,3.883,H,,R,Y,1,3,0,2,A,-,01,23152,F,N,A,2,A,A,H,-,A,D,0,,,,,Y,,A,08,0,0,0,0,0,0,0,0,0,"- ","- ",36.058818817138672,-120.21035003662109,FRESNO,UNINCORPORATED,-120.2103271484375,36.058837890625
92086252,2023,2023-06-05,9435,2023-06-04,"555 ",016507,,7,3,9,1000,0,3,5,,2,060,"MANNING AVE","SHERIDAN AVE",528.00,E,N,A,-,N,,,,,,,,,,Y,2,0,1,1,A,-,08,22107,,N,E,8,A,A,H,-,A,D,0,,,,,Y,,A,07,1,0,0,0,0,0,0,0,0,"- ","- ",36.603500366210938,-119.35980224609375,FRESNO,UNINCORPORATED,-119.36125946044922,36.603458404541016
92088152,2023,2023-06-21,9435,2023-06-06,1215,015106,,2,1,9,1000,0,3,5,,2,025,"ACADEMY AVE","SHAW AVE",0.00,,Y,B,-,N,,,,,,,,,,Y,1,1,1,3,A,-,12,22450,A,N,D,C,A,A,H,-,A,A,0,,,,,Y,,A,01,0,0,1,0,0,0,0,0,0,"- ","- ",36.808139801025391,-119.55584716796875,FRESNO,UNINCORPORATED,-119.55600738525391,36.808109283447266
92088377,2023,2023-06-07,9435,2023-06-03,"110 ",021357,,6,3,9,1000,0,3,5,,2,034,"MOUNTAIN VIEW AVE","ZEDIKER AVE",0.00,,Y,A,-,N,,,,,,,,,,Y,2,0,2,2,A,-,01,23152,A,N,D,C,A,A,H,-,D,A,0,,,,,Y,Y,A,01,1,0,1,0,0,0,0,0,0,"- ","- ",36.546741485595703,-119.52184295654297,FRESNO,UNINCORPORATED,-119.52122497558594,36.546848297119141
92088595,2023,2023-06-07,9435,2023-03-11,1025,019603,,6,1,9,1000,0,3,5,,2,025,"MILLERTON ROAD","MARINA DRIVE",1223.00,W,N,B,-,N,,,,,,,,,,N,2,0,1,2,A,-,08,22107,,N,H,G,A,A,H,-,A,D,0,,Y,,,Y,,A,01,1,0,0,0,0,0,1,0,0,"- ","- ",36.984809875488281,-119.6636962890625,FRESNO,UNINCORPORATED,-119.66359710693359,36.984798431396484
92089152,2023,2023-06-08,9435,2023-06-03,"555 ",020062,,6,3,9,1000,0,3,5,,2,034,"ACADEMY AVENUE","SOUTH AVENUE",1056.00,N,N,A,-,N,,,,,,,,,,Y,2,0,2,1,A,-,08,22107,,N,F,A,A,A,H,-,B,D,0,,,,,Y,,A,07,1,1,0,0,0,0,0,0,0,"- ","- ",36.623100280761719,-119.55687713623047,FRESNO,UNINCORPORATED,-119.55684661865234,36.622489929199219
92089646,2022,2023-06-08,9461,2022-06-25,1415,021619,,6,2,9,1000,0,1,1,,2,305,"I-5 NORTHBOUND","WEST HERNDON AVENUE",3168.00,S,N,A,-,Y,FRE,,5,,,63.852,H,,R,Y,1,1,3,5,A,-,03,22350,,N,C,C,A,A,H,-,A,D,0,,,,Y,Y,,G,25,0,0,3,0,0,0,0,0,0,"- ","- ",36.825859069824219,-120.75700378417969,FRESNO,UNINCORPORATED,-120.75691986083984,36.825893402099609
92090077,2023,2023-06-09,9435,2023-02-12,"522 ",021386,,7,3,9,1000,0,3,5,,2,020,"ELKHORN AVENUE","JAMESON AVENUE",3000.00,W,N,A,-,N,,,,,,,,,,Y,1,1,3,1,A,-,01,23152,A,N,F,A,A,A,H,-,D,D,0,,,,,Y,Y,D,22,0,3,0,0,0,0,0,0,0,"- ","- ",36.4876708984375,-120.00096893310547,FRESNO,UNINCORPORATED,-120.00000762939453,36.488151550292969
92090136,2022,2023-06-09,9435,2022-11-04,1605,021544,,5,2,9,1000,0,3,5,,2,015,"ELM AVENUE","AMERICAN AVENUE",902.00,N,N,A,-,N,,,,,,,,,,Y,1,2,1,3,A,-,01,23152,A,N,A,C,A,A,H,-,A,D,0,,,,,Y,Y,A,01,0,1,0,0,0,0,0,0,0,"- ","- ",36.665859222412109,-119.79081726074219,FRESNO,UNINCORPORATED,-119.79077911376953,36.665775299072266
92090385,2023,2023-06-09,9435,2023-05-13,"12  ",021031,,6,3,7,1005,0,1,3,,2,410,"STATE ROUTE 41 NORTHBOUND","FRESNO STREET",663.00,N,N,A,-,Y,FRE,,41," ",R,25.760,H,,R,Y,2,0,3,5,A,-,01,23152,A,N,C,C,E,A,H,-,D,A,0,Y,,,,Y,Y,A,07,1,1,1,0,1,0,0,0,0,"- ","- ",36.769760131835938,-119.78314208984375,FRESNO,FRESNO,-119.78321075439453,36.769721984863281
92091479,2023,2023-06-12,9435,2023-06-03,2325,021299,,6,3,7,1005,0,1,3,,2,106,"SR-99 S/B","CEDAR AVE",2391.00,S,N,A,-,Y,FRE,,99," "," ",16.470,H,,L,N,2,0,3,4,A,-,03,22350,,N,C,C,A,A,H,-,D,D,0,,,,,Y,,D,22,1,2,0,0,0,0,0,0,0,"- ","- ",36.684078216552734,-119.74906158447266,FRESNO,FRESNO,-119.74901580810547,36.684112548828125
92093813,2022,2023-06-14,9435,2022-09-03,0545,019926,,6,3,7,1005,0,1,3,,2,105,"STATE ROUTE 99 NORTHBOUND","MCKINLEY AVENUE",50.00,N,N,A,-,Y,FRE,,99,,,23.871,H,,R,Y,1,2,1,2,A,-,01,23152,A,N,B,C,A,A,H,-,D,D,0,,,,,Y,Y,A,01,1,0,0,0,0,0,0,0,0,"- ","- ",36.764888763427734,-119.83415222167969,FRESNO,FRESNO,-119.83415985107422,36.764884948730469
92093942,2023,2023-07-19,9435,2023-06-11,2340,020429,,7,3,9,1000,0,3,5,,2,060,"ADAMS AVENUE","CRAWFORD AVENUE",0.00,,Y,A,-,N,,,,,,,,,,Y,1,1,1,2,A,-,09,21802,A,N,D,C,A,A,H,-,D,D,0,,,,,Y,,A,01,0,0,1,0,0,0,0,0,0,"- ","- ",36.632678985595703,-119.37638092041016,FRESNO,UNINCORPORATED,-119.37635040283203,36.6326904296875
92099193,2023,2023-06-21,9435,2023-04-25,1120,020540,,2,1,9,1000,0,1,3,,2,184,"STATE ROUTE 180","ALTA AVENUE",657.00,W,N,A,-,Y,FRE,,180," "," ",80.923,H,,R,Y,1,2,3,2,A,-,05,21460,A,N,A,C,A,A,H,-,A,D,0,,,,,Y,,A,07,0,3,0,0,0,0,0,0,0,"- ","- ",36.719928741455078,-119.39718627929688,FRESNO,UNINCORPORATED,-119.39719390869141,36.719924926757812
92099310,2023,2023-06-21,9435,2023-06-18,"550 ",018926,,7,3,7,1005,0,1,3,,2,182,"STATE ROUTE 180 W/B ON-RAMP FROM CLOVIS AVE.","CLOVIS AVE.",100.00,W,N,A,-,Y,,,,,,,,,,Y,2,0,1,1,A,-,08,22107,,N,F,A,A,A,H,-,B,D,0,,,,,Y,,A,01,1,0,0,0,0,0,0,0,0,"- ","- ",36.753200531005859,-119.70146942138672,FRESNO,FRESNO,-119.70146942138672,36.753200531005859
92099652,2023,2023-06-22,9461,2023-06-11,"255 ",020486,,7,3,9,1000,0,1,1,,2,305,"PANOCHE ROAD","INTERSTATE 5",75.00,E,N,A,-,Y,,,,,,,,,,N,2,0,3,1,A,-,01,23152,A,N,F,I,A,A,H,-,D,D,0,,,,,Y,Y,A,01,2,1,0,0,0,0,0,0,0,"- ","- ",36.640159606933594,-120.62191772460938,FRESNO,UNINCORPORATED,-120.62435150146484,36.63885498046875
92102333,2023,2023-06-26,9495,2023-06-17,1908,021351,,6,2,9,1000,0,3,5,,2,053,"GALE AVENUE","WESTLAWN AVENUE",3.00,W,N,A,-,N,,,,,,,,,,N,2,0,1,2,A,-,09,21804,A,N,D,C,A,A,H,-,A,D,0,,,Y,,Y,,C,06,1,0,0,0,0,0,0,0,1,"- ","- ",36.181491851806641,-119.95908355712891,FRESNO,UNINCORPORATED,-119.95903015136719,36.181449890136719
92102355,2023,2023-06-26,9435,2023-06-18,1625,021402,,7,2,9,1000,0,3,5,,2,034,"MANNING AVENUE","BETHEL AVENUE",0.00,,Y,A,-,N,,,,,,,,,,Y,2,0,2,2,A,-,12,21453,A,N,D,2,A,A,H,-,A,A,0,,,,,Y,,A,01,2,0,0,0,0,0,0,0,0,"- ","- ",36.605049133300781,-119.57491302490234,FRESNO,UNINCORPORATED,-119.57484436035156,36.605068206787109
92103416,2023,2023-06-27,9435,2023-06-22,1630,020205,,4,2,9,1000,0,3,5,,2,030,"WELDON AVENUE","ARDEN DRIVE W",50.00,E,N,A,-,N,,,,,,,,,,N,2,0,2,2,A,-,08,22107,,N,A,C,A,A,H,-,A,D,0,,,,,Y,,A,01,1,0,1,0,0,0,0,0,0,"- ","- ",36.768569946289062,-119.76155090332031,FRESNO,UNINCORPORATED,-119.76182556152344,36.768642425537109
92103576,2022,2023-06-27,9495,2022-03-05,1915,021029,,6,2,9,1000,0,3,5,,2,053,"JAYNE AVENUE","SUTTER AVENUE",1056.00,W,N,A,-,N,,,,,,,,,,Y,1,1,3,2,A,-,05,21650,,N,A,C,A,A,H,-,D,D,0,,,,,Y,,A,01,2,1,0,0,0,0,0,0,0,"- ","- ",36.137470245361328,-120.20478820800781,FRESNO,UNINCORPORATED,-120.20383453369141,36.137500762939453
92107287,2022,2023-06-30,9495,2022-07-10,0050,021354,,7,3,9,1000,0,3,5,,2,053,"PHELPS AVENUE","CALAVERAS AVENUE",1056.00,W,N,A,-,N,,,,,,,,,,Y,1,1,1,1,A,-,01,23152,A,F,F,A,A,A,H,-,D,D,0,,,Y,,Y,Y,C,06,0,1,0,0,0,0,0,1,1,"- ","- ",36.151969909667969,-120.28575897216797,FRESNO,UNINCORPORATED,-120.28681182861328,36.151660919189453
92109777,2023,2023-10-02,9435,2023-04-18,1755,021148,,2,2,9,1000,0,3,5,,2,040,"CONEJO AVENUE","TOPEKA AVENUE",205.00,W,N,A,-,N,,,,,,,,,,Y,1,2,0,2,A,-,12,22451,A,N,H,F,A,A,H,-,B,A,0,,,,,Y,Y,A,07,0,0,0,0,0,0,0,0,0,"- ","- ",36.518318176269531,-119.72325897216797,FRESNO,UNINCORPORATED,-119.72322082519531,36.518299102783203
92111096,2023,2023-07-06,9495,2023-06-28,"145 ",021602,,3,3,9,1000,0,1,1,,2,001,"INTERSTATE 5 SOUTHBOUND","KAMM AVENUE",8976.00,N,N,A,-,Y,FRE,,5," "," ",40.056,H,,L,Y,2,0,2,2,A,-,03,22350,,N,C,C,A,A,H,-,D,D,0,,,,,Y,,A,07,1,1,0,0,0,0,0,0,0,"- ","- ",36.547599792480469,-120.51042175292969,FRESNO,UNINCORPORATED,-120.51045989990234,36.547565460205078
92113922,2023,2023-07-11,9461,2023-06-30,1632,017029,,5,2,9,1000,0,2,4,,1,615,"NEES AVE.","JERROLD AVE.",2112.00,W,N,A,-,N,,,,,,,,,,Y,2,0,1,1,A,-,01,23152,A,N,E,I,A,A,H,-,A,D,0,,,,,Y,Y,A,01,1,0,0,0,0,0,0,0,0,"- ","- ",36.851039886474609,-120.53317260742188,FRESNO,UNINCORPORATED,-120.53430938720703,36.850944519042969
9211408,2021,2021-03-20,1015,2021-01-12,1819,N104,SELMA,2,5,3,1015,0,0,0,,0,0A2,"MOUNTIN VIEW AV","S VAN HORN AV",220.00,E,N,A,-,N,,,,,,,,,,Y,2,0,2,3,A,-,04,21703,,N,C,C,A,A,H,-,C,A,0,,,,Y,Y,,A,01,2,0,0,0,0,0,0,0,0,"- ","- ",,,FRESNO,SELMA,-119.59738159179688,36.547027587890625
92114220,2023,2023-07-11,9435,2023-06-06,2245,019705,,2,3,9,1000,0,3,5,,2,025,"AUBERRY ROAD","GARONNE ROAD",528.00,N,N,B,-,N,,,,,,,,,,Y,1,1,0,1,A,-,01,23152,A,N,F,I,A,A,H,-,D,D,0,,,Y,,Y,Y,C,02,0,0,0,0,0,0,0,1,0,"- ","- ",36.918918609619141,-119.71340942382812,FRESNO,UNINCORPORATED,-119.713623046875,36.918655395507812
92115093,2023,2023-07-12,9495,2023-07-06,1130,019733,,4,1,9,1000,0,1,3,,1,008,"STATE ROUTE 198 (DORRIS AVENUE)","EL DORADO AVENUE",0.00,,Y,A,-,Y,FRE,,198," "," ",28.640,H,,R,Y,2,0,1,2,A,-,12,22450,A,N,D,C,A,A,H,-,A,A,0,,,,Y,Y,,G,25,1,0,0,0,0,0,0,0,0,"- ","- ",36.254688262939453,-120.21114349365234,FRESNO,UNINCORPORATED,-120.21114349365234,36.254833221435547
9211696,2020,2021-03-11,1001,2020-02-29,1658,5771,,6,5,5,1001,0,0,0,,0,004,"MINNEWAWA AV","SAN JOSE AV",155.00,N,N,A,-,N,,,,,,,,,,Y,1,1,2,1,A,-,08,22107,,N,E,I,A,A,H,-,A,D,0,,,,,Y,,A,01,0,0,2,0,0,0,0,0,0,"- ","- ",36.81298828125,-119.70909118652344,FRESNO,CLOVIS,-119.70904541015625,36.812545776367188
9211697,2020,2021-03-11,1001,2020-05-02,1055,5785,,6,5,5,1001,0,0,0,,0,002,"SHAW AV","HARVARD AV",0.00,,Y,A,-,N,,,,,,,,,,Y,1,1,1,2,A,-,03,22350,,N,D,C,A,A,H,-,A,D,0,,,Y,,Y,,C,02,0,1,0,0,0,0,0,1,0,"- ","- ",36.808048248291016,-119.70639801025391,FRESNO,CLOVIS,-119.70613098144531,36.808570861816406
9211700,2020,2022-06-11,1001,2020-09-27,0056,5698,,7,5,5,1001,0,0,0,,0,001,"W ASHLAN AV (681 BLOCK)","WEST ASHLAN AV",0.00,,Y,A,-,N,,,,,,,,,,Y,1,1,0,2,A,-,11,21954,A,N,G,B,D,A,H,-,C,D,0,Y,,,,Y,Y,N,60,0,0,0,1,0,0,0,0,0,"- ","- ",36.794410705566406,-119.72490692138672,FRESNO,CLOVIS,-119.73165893554688,36.794269561767578
9211886,2020,2022-06-14,1005,2020-01-08,0053,P731,1557,3,5,7,1005,0,0,0,,0,04C,"BULLARD AV","FRESNO ST",7.00,E,N,A,-,N,,,,,,,,,,Y,1,1,0,2,A,-,01,23152,A,F,H,G,A,A,H,-,C,A,0,,Y,,,Y,Y,A,01,0,0,0,0,0,1,0,0,0,"- ","- ",36.82305908203125,-119.78131866455078,FRESNO,FRESNO,-119.78138732910156,36.823040008544922
9211890,2020,2022-06-11,1005,2020-01-30,1555,P731,1949,4,5,7,1005,0,0,0,,0,02A,"MARKS AV","SUSSEX WY",0.00,,Y,A,-,N,,,,,,,,,,N,1,1,0,2,A,-,10,21950,A,N,G,B,B,A,H,-,A,A,0,Y,,,,Y,,A,07,0,0,0,1,0,0,0,0,0,"- ","- ",36.790420532226562,-119.84426116943359,FRESNO,FRESNO,-119.84430694580078,36.790821075439453
9211891,2020,2021-04-29,1005,2020-02-08,0140,P1131,5D,6,5,7,1005,0,0,0,,0,1848,"VALENTINE AV","INDIANAPOLIS AV",135.00,S,N,A,-,N,,,,,,,,,,Y,1,1,0,1,A,-,01,23152,A,N,E,I,A,A,H,-,C,D,0,,,,,Y,Y,A,07,0,0,0,0,0,0,0,0,0,"- ","- ",36.79962158203125,-119.85343170166016,FRESNO,FRESNO,-119.85335540771484,36.799369812011719