CASE_ID,ACCIDENT_YEAR,PROC_DATE,JURIS,COLLISION_DATE,COLLISION_TIME,OFFICER_ID,REPORTING_DISTRICT,DAY_OF_WEEK,CHP_SHIFT,POPULATION,CNTY_CITY_LOC,SPECIAL_COND,BEAT_TYPE,CHP_BEAT_TYPE,CITY_DIVISION_LAPD,CHP_BEAT_CLASS,BEAT_NUMBER,PRIMARY_RD,SECONDARY_RD,DISTANCE,DIRECTION,INTERSECTION,WEATHER_1,WEATHER_2,STATE_HWY_IND,CALTRANS_COUNTY,CALTRANS_DISTRICT,STATE_ROUTE,ROUTE_SUFFIX,POSTMILE_PREFIX,POSTMILE,LOCATION_TYPE,RAMP_INTERSECTION,SIDE_OF_HWY,TOW_AWAY,COLLISION_SEVERITY,NUMBER_KILLED,NUMBER_INJURED,PARTY_COUNT,PRIMARY_COLL_FACTOR,PCF_CODE_OF_VIOL,PCF_VIOL_CATEGORY,PCF_VIOLATION,PCF_VIOL_SUBSECTION,HIT_AND_RUN,TYPE_OF_COLLISION,MVIW,PED_ACTION,ROAD_SURFACE,ROAD_COND_1,ROAD_COND_2,LIGHTING,CONTROL_DEVICE,CHP_ROAD_TYPE,PEDESTRIAN_ACCIDENT,BICYCLE_ACCIDENT,MOTORCYCLE_ACCIDENT,TRUCK_ACCIDENT,NOT_PRIVATE_PROPERTY,ALCOHOL_INVOLVED,STWD_VEHTYPE_AT_FAULT,CHP_VEHTYPE_AT_FAULT,COUNT_SEVERE_INJ,COUNT_VISIBLE_INJ,COUNT_COMPLAINT_PAIN,COUNT_PED_KILLED,COUNT_PED_INJURED,COUNT_BICYCLIST_KILLED,COUNT_BICYCLIST_INJURED,COUNT_MC_KILLED,COUNT_MC_INJURED,PRIMARY_RAMP,SECONDARY_RAMP,LATITUDE,LONGITUDE,COUNTY,CITY,POINT_X,POINT_Y
9211893,2020,2021-04-29,1005,2020-02-26,0513,P1131,1F,3,5,7,1005,0,0,0,,0,2953,"CALIFORNIA AV","ARTHUR AV",55.00,E,N,A,-,N,,,,,,,,,,N,1,1,0,2,A,-,03,22350,,N,G,B,E,A,H,-,C,D,0,Y,,,,Y,,A,01,0,0,0,1,0,0,0,0,0,"- ","- ",36.721370697021484,-119.81558990478516,FRESNO,FRESNO,-119.81536102294922,36.721340179443359
9211894,2020,2021-04-29,1005,2020-03-02,1843,P1070,CEC,1,5,7,1005,0,0,0,,0,2152,"WEST AV","MICHIGAN AV",91.00,N,N,A,-,N,,,,,,,,,,Y,1,1,0,2,A,-,11,21954,A,N,G,B,D,A,H,-,C,D,0,Y,,,,Y,,N,60,0,0,0,1,0,0,0,0,0,"- ","- ",33.776531219482422,-119.82653045654297,FRESNO,FRESNO,-119.82669067382812,36.776779174804688
9211895,2020,2021-04-29,1005,2020-03-11,0647,P731,2657,3,5,7,1005,0,0,0,,0,01D,"R ST","MARIPOSA ST",7.00,N,N,B,-,N,,,,,,,,,,Y,1,1,1,2,A,-,10,21950,A,N,G,B,B,A,H,-,C,A,0,Y,,,,Y,,A,01,0,0,1,1,0,0,0,0,0,"- ","- ",36.74066162109375,-119.78301239013672,FRESNO,FRESNO,-119.78303527832031,36.740795135498047
9211897,2020,2021-04-29,1005,2020-04-16,1625,P1070,CEC,4,5,7,1005,0,0,0,,0,2154,"PALM AV","CLINTON AV",0.00,,Y,A,-,N,,,,,,,,,,Y,1,2,0,2,A,-,01,23152,F,N,D,C,A,A,H,-,A,A,0,,,,,Y,,A,01,0,0,0,0,0,0,0,0,0,"- ","- ",36.772140502929688,-119.80870819091797,FRESNO,FRESNO,-119.80864715576172,36.772098541259766
9211898,2020,2022-06-11,1005,2020-04-23,1539,P731,2456,4,5,7,1005,0,0,0,,0,02G,"OLIVE AV","ROWELL AV",170.00,E,N,A,-,N,,,,,,,,,,Y,1,1,1,2,A,-,01,23152,F,N,A,C,A,A,H,-,A,D,0,,,,,Y,Y,A,01,1,0,0,0,0,0,0,0,0,"- ","- ",36.7576904296875,-119.75218963623047,FRESNO,FRESNO,-119.75164031982422,36.757728576660156
9211900,2020,2021-04-29,1005,2020-04-25,1503,P1070,NEB,6,5,7,1005,0,0,0,,0,1162,"NEES AV","CHESTNUT AV",0.00,,Y,A,-,N,,,,,,,,,,Y,1,1,2,2,A,-,01,23152,A,N,D,C,A,A,H,-,A,A,0,,,,,Y,Y,D,22,0,2,0,0,0,0,0,0,0,"- ","- ",36.852169036865234,-119.7386474609375,FRESNO,FRESNO,-119.73880767822266,36.852138519287109
9211903,2020,2021-05-04,1005,2020-05-23,0719,P1131,1/A,6,5,7,1005,0,0,0,,0,2553,"GOLDEN STATE BL","BELMONT CIR",161.00,N,N,A,-,N,,,,,,,,,,Y,1,1,1,1,A,-,01,23152,G,N,E,I,A,A,H,-,A,A,0,,,,,Y,Y,A,01,0,0,1,0,0,0,0,0,0,"- ","- ",,,FRESNO,FRESNO,-119.81552124023438,36.751308441162109
9211904,2020,2021-05-04,1005,2020-05-30,2131,P1070,NW/F,6,5,7,1005,0,0,0,,0,2048,"SHIELDS AV","MARKS AV",944.00,W,N,B,-,N,,,,,,,,,,N,1,1,0,2,A,-,03,22350,,F,G,B,D,A,H,-,C,D,0,Y,,,,Y,Y,A,01,0,0,0,1,0,0,0,0,0,"- ","- ",,,FRESNO,FRESNO,-119.84916687011719,36.779144287109375
9211905,2020,2021-05-04,1005,2020-06-05,1751,P731,2061,5,5,7,1005,0,0,0,,0,04G,"CHESTNUT AV","DAYTON AV",0.00,,Y,A,-,N,,,,,,,,,,Y,1,1,2,2,A,-,01,23152,F,N,D,C,A,A,H,-,A,A,0,,,,,Y,,A,01,0,2,0,0,0,0,0,0,0,"- ","- ",36.783119201660156,-119.73622894287109,FRESNO,FRESNO,-119.73650360107422,36.783138275146484
9211907,2020,2021-05-04,1005,2020-06-10,1501,P1131,3/D,3,5,7,1005,0,0,0,,0,2661,"BACKER AV","FILLMORE AV",31.00,S,N,A,-,N,,,,,,,,,,N,1,1,0,2,A,-,08,22107,,F,H,G,A,A,H,-,A,B,0,,Y,,,Y,,A,01,0,0,0,0,0,1,0,0,0,"- ","- ",,,FRESNO,FRESNO,-119.74375915527344,36.741275787353516
9211908,2020,2021-05-04,1005,2020-06-20,2500,P1070,SW/C,6,5,7,1005,0,0,0,,0,2750,"WHITES BRIDGE AV","MARKS AV",1300.00,E,N,A,-,N,,,,,,,,,,N,1,1,0,2,A,-,17,21209,A,F,C,G,A,A,H,-,C,D,0,,Y,,,Y,,A,01,0,0,0,0,0,1,0,0,0,"- ","- ",36.735660552978516,-119.84439086914062,FRESNO,FRESNO,-119.84008026123047,36.7357177734375
9211909,2020,2021-05-04,1005,2020-07-02,2101,P1131,2/B,4,5,7,1005,0,0,0,,0,2057,"CALLISCH ST","SHIELDS AV FRONTAGE RD",0.00,,Y,A,-,N,,,,,,,,,,N,1,1,0,2,A,-,08,22107,,N,H,G,A,A,H,-,C,D,0,,Y,,,Y,Y,L,04,0,0,0,0,0,1,0,0,0,"- ","- ",36.779468536376953,-119.77645111083984,FRESNO,FRESNO,-119.77648162841797,36.779720306396484
9211913,2020,2021-05-04,1005,2020-07-28,2330,P1070,NW/D,2,5,7,1005,0,0,0,,0,1647,"JENNIFER AV","GATES AV",1084.00,N,N,A,-,N,,,,,,,,,,Y,1,1,0,2,A,-,11,21954,A,N,G,B,E,A,H,-,E,D,0,Y,,,,Y,Y,N,60,0,0,0,1,0,0,0,0,0,"- ","- ",36.809688568115234,-119.87551879882812,FRESNO,FRESNO,-119.87844848632812,36.811492919921875
9211914,2020,2022-06-11,1005,2020-07-30,2230,P1070,CE/D,4,5,7,1005,0,0,0,,0,2155,"SHIELDS AV","DEL MAR AV",0.00,,Y,A,-,N,,,,,,,,,,Y,1,1,0,2,A,-,09,21802,A,F,D,C,A,A,H,-,C,A,0,,,Y,,Y,Y,A,01,0,0,0,0,0,0,0,1,0,"- ","- ",36.779560089111328,-119.79502105712891,FRESNO,FRESNO,-119.79505920410156,36.779571533203125
9211917,2020,2021-05-04,1005,2020-08-16,1352,P1131,2E,7,5,7,1005,0,0,0,,0,2353,"PALM AV","PINE AV",117.00,S,N,A,-,N,,,,,,,,,,N,1,1,0,2,A,-,05,21460,A,F,G,B,D,A,H,-,A,D,0,Y,,,Y,Y,,F,21,0,0,0,1,0,0,0,0,0,"- ","- ",36.762641906738281,-119.80861663818359,FRESNO,FRESNO,-119.80860900878906,36.76226806640625
9211918,2020,2021-05-04,1005,2020-08-19,2123,P1070,NE/G,3,5,7,1005,0,0,0,,0,2060,"MAPLE AV","FEDORA AV",140.00,S,N,B,-,N,,,,,,,,,,Y,1,1,0,2,A,-,11,21954,A,N,G,B,E,A,H,-,C,D,0,Y,,,,Y,,N,60,0,0,0,1,0,0,0,0,0,"- ","- ",36.7843017578125,-119.74524688720703,FRESNO,FRESNO,-119.74532318115234,36.783885955810547
9211920,2020,2021-05-04,1005,2020-09-02,2032,P1131,NE/A,3,5,7,1005,0,0,0,,0,0561,"COPPER AV","CHESTNUT AV",776.00,E,N,A,-,N,,,,,,,,,,Y,1,1,0,1,A,-,01,23152,F,N,E,I,A,A,H,-,D,D,0,,,,,Y,,A,01,0,0,0,0,0,0,0,0,0,"- ","- ",36.895870208740234,-119.73854064941406,FRESNO,FRESNO,-119.73587036132812,36.895912170410156
92120098,2023,2023-07-18,9435,2023-07-13,"820 ",015890,,4,1,9,1000,0,3,5,,2,020,"MANNING AVENUE","MCMULLIN GRADE",0.00,,Y,A,-,N,,,,,,,,,,Y,2,0,3,2,A,-,09,21802,A,N,D,C,A,A,H,-,A,A,0,,,,,Y,,D,22,1,0,2,0,0,0,0,0,0,"- ","- ",36.603870391845703,-120.043212890625,FRESNO,UNINCORPORATED,-120.04328918457031,36.603874206542969
92122002,2023,2023-07-20,9435,2023-07-08,1800,016911,,6,2,9,1000,0,3,5,,2,050,"TOLLHOUSE RD","OLD TOLLHOUSE RD",5280.00,N,N,A,-,N,,,,,,,,,,N,2,0,2,1,C,-,18,,,N,F,A,A,D,B,-,A,D,0,,,Y,,Y,,-,"- ",1,1,0,0,0,0,0,0,2,"- ","- ",37.017650604248047,-119.39122772216797,FRESNO,UNINCORPORATED,-119.38774871826172,37.017192840576172
92122322,2023,2023-07-20,9435,2023-07-14,1448,020586,,5,2,7,1005,0,1,3,,1,168,"SR-168 E/B","DAKOTA AVE",792.00,E,N,A,-,Y,FRE,,168," ",R,2.681,H,,R,Y,2,0,1,1,A,-,08,22107,,N,E,I,A,A,H,-,A,D,0,,,,,Y,,A,01,1,0,0,0,0,0,0,0,0,"- ","- ",36.789199829101562,-119.74862670898438,FRESNO,FRESNO,-119.74882507324219,36.789218902587891
92124352,2023,2023-07-24,9435,2023-07-16,"252 ",021230,,7,3,7,1005,0,1,3,,2,410,"STATE ROUTE 41 SOUTHBOUND","SHIELDS AVENUE",50.00,N,N,A,-,Y,FRE,,41," ",R,26.494,H,,L,N,2,0,2,1,A,-,01,23152,A,N,E,I,A,A,H,-,C,D,0,,,,,Y,Y,A,07,1,1,0,0,0,0,0,0,0,"- ","- ",36.779979705810547,-119.78508758544922,FRESNO,FRESNO,-119.78496551513672,36.779972076416016
92124356,2023,2023-07-24,9461,2023-07-15,1329,020101,,6,1,9,1000,0,1,1,,2,305,"I-5 N/B","SHIELDS AVE.",5280.00,N,N,A,-,Y,FRE,,5," "," ",61.097,H,,L,Y,2,0,4,2,A,-,08,22107,,N,D,C,A,A,H,-,A,D,0,,,,,Y,Y,A,01,1,0,3,0,0,0,0,0,0,"- ","- ",36.790828704833984,-120.73320007324219,FRESNO,UNINCORPORATED,-120.73323822021484,36.790813446044922
92126547,2023,2023-07-26,9435,2023-06-17,2340,021547,,6,3,9,1000,0,1,3,,1,180,"STATE ROUTE 180","BISHOP AVENUE",1924.00,W,N,A,-,Y,FRE,,180," "," ",45.278,H,,R,Y,1,1,0,3,A,-,11,21954,A,N,G,B,E,A,H,-,D,D,0,Y,,,,Y,Y,N,60,0,0,0,1,0,0,0,0,0,"- ","- ",36.734951019287109,-120.01261138916016,FRESNO,UNINCORPORATED,-120.01261138916016,36.734958648681641
92126797,2023,2023-07-26,9461,2023-07-16,1955,019052,,7,2,9,1000,0,3,5,,2,060,"SAN DIEGO AVE","BELMONT AVE",528.00,N,N,B,-,N,,,,,,,,,,Y,2,0,1,1,A,-,01,23152,A,N,F,A,A,A,H,-,A,D,0,,,,,Y,Y,A,01,1,0,0,0,0,0,0,0,0,"- ","- ",36.750930786132812,-120.44126129150391,FRESNO,UNINCORPORATED,-120.44141387939453,36.750480651855469
92127997,2023,2023-12-08,9435,2023-06-13,"255 ",021315,,2,3,9,1000,0,3,5,,2,034,"CHESTNUT AVENUE","CENTRAL AVENUE",0.00,,Y,A,-,N,,,,,,,,,,Y,1,1,0,2,A,-,11,21954,A,N,G,B,D,A,H,-,C,A,0,Y,,,,Y,Y,N,60,0,0,0,1,0,0,0,0,0,"- ","- ",36.677928924560547,-119.73673248291016,FRESNO,UNINCORPORATED,-119.73681640625,36.677906036376953
92131753,2023,2023-07-31,9495,2023-07-22,2145,021029,,6,2,9,1000,0,3,5,,2,053,"JAYNE AVENUE","ZAPATO CHINO CREEK BRIDGE (42C-0103)",528.00,E,N,A,-,N,,,,,,,,,,N,2,0,1,2,A,-,17,21200,,N,B,G,A,A,H,-,D,D,0,,Y,,,Y,Y,L,04,1,0,0,0,0,0,1,0,0,"- ","- ",36.137641906738281,-120.18401336669922,FRESNO,UNINCORPORATED,,
92132889,2023,2023-08-01,9461,2023-07-25,1423,020101,,2,2,9,1000,0,2,4,,1,315,"W. NEES AVE.","N. FAIRFAX AVE.",0.00,,Y,A,-,N,,,,,,,,,,Y,2,0,1,2,A,-,09,21802,B,N,D,C,A,A,H,-,A,D,0,,,,Y,Y,,A,07,1,0,0,0,0,0,0,0,0,"- ","- ",36.850948333740234,-120.56345367431641,FRESNO,UNINCORPORATED,-120.56328582763672,36.850914001464844
92133233,2022,2023-08-01,9495,2022-07-31,1711,021628,,7,2,9,1000,0,1,1,,2,003,"INTERSTATE 5 NORTHBOUND","STATE ROUTE 198 (DORRIS AVENUE)",4752.00,S,N,B,-,Y,FRE,,5,,,13.959,H,,R,Y,1,1,0,3,A,-,03,22350,,F,B,C,A,A,H,-,A,D,0,,,Y,Y,Y,Y,C,02,0,0,0,0,0,0,0,1,0,"- ","- ",36.242599487304688,-120.23634338378906,FRESNO,UNINCORPORATED,-120.23638916015625,36.242580413818359
92134473,2023,2023-08-02,9435,2023-06-13,"525 ",020680,,2,3,9,1000,0,3,5,,2,025,"MILLERTON ROAD","WHISPER WILLOW",1740.00,E,N,A,-,N,,,,,,,,,,Y,1,1,1,1,A,-,01,23152,A,N,F,0,A,A,H,-,B,D,0,,,,,Y,Y,A,01,0,1,0,0,0,0,0,0,0,"- ","- ",36.977531433105469,-119.62905120849609,FRESNO,UNINCORPORATED,,
92134601,2023,2023-08-02,9435,2023-07-22,2345,020854,,6,3,9,1000,0,3,5,,2,040,"EXCELSIOR AVENUE","MAPLE AVENUE",1320.00,W,N,A,-,N,,,,,,,,,,N,2,0,1,2,A,-,11,21954,A,F,G,B,E,A,H,-,D,D,0,Y,,,,Y,Y,N,60,1,0,0,0,1,0,0,0,0,"- ","- ",36.402050018310547,-119.75763702392578,FRESNO,UNINCORPORATED,-119.75318908691406,36.401908874511719
92137916,2023,2023-08-07,9435,2023-07-28,1153,014363,,5,1,9,1000,0,3,5,,2,034,"DE WOLF AVENUE","LINCOLN AVENUE",0.00,,Y,A,-,N,,,,,,,,,,N,2,0,1,2,A,-,09,21802,A,N,D,C,A,A,H,-,A,A,0,,,,,Y,,A,01,1,0,0,0,0,0,0,0,0,"- ","- ",36.648979187011719,-119.64614868164062,FRESNO,UNINCORPORATED,-119.64598846435547,36.817615509033203
92139584,2023,2023-08-09,9435,2023-07-31,1707,021606,,1,2,9,1000,0,3,5,,2,010,"MAROA AVE.","SWIFT AVE.",0.00,,Y,A,-,N,,,,,,,,,,Y,2,0,2,2,A,-,12,22450,A,N,D,C,A,A,H,-,A,A,0,,,,,Y,,A,01,1,0,1,0,0,0,0,0,0,"- ","- ",36.795810699462891,-119.79953002929688,FRESNO,UNINCORPORATED,-119.79953002929688,36.795833587646484
92140545,2023,2023-08-10,9435,2023-08-09,2210,021247,,3,3,7,1005,0,1,3,,2,105,"STATE ROUTE 99","MCKINLEY AVENUE",50.00,S,N,A,-,Y,FRE,,99," "," ",23.843,H,,R,Y,2,0,2,1,A,-,08,22107,,N,E,I,A,A,H,-,C,D,0,,,,,Y,,D,22,1,0,1,0,0,0,0,0,0,"- ","- ",36.764469146728516,-119.83403778076172,FRESNO,FRESNO,-119.83393859863281,36.764507293701172
92141171,2023,2023-08-10,9435,2023-08-09,1110,016860,,3,1,9,1000,0,1,3,,1,169,"STAE ROUTE 168","AUBERRY ROAD",1056.00,E,N,A,-,Y,FRE,,168," ",T,31.407,H,,R,Y,2,0,1,1,A,-,08,22107,,N,F,A,A,A,H,-,A,D,0,,,,,Y,,A,01,1,0,0,0,0,0,0,0,0,"- ","- ",37.042530059814453,-119.49591827392578,FRESNO,UNINCORPORATED,-119.49592590332031,37.042575836181641
92145738,2023,2023-08-16,9435,2023-08-07,2122,021544,,1,2,9,1000,0,3,5,,2,034,"MANNING AVE","DE WOLF AVE",0.00,,Y,A,-,N,,,,,,,,,,N,2,0,1,2,A,-,12,22450,A,N,D,C,A,A,H,-,D,A,0,,,Y,,Y,,A,01,1,0,0,0,0,0,0,0,1,"- ","- ",36.60552978515625,-119.64662170410156,FRESNO,UNINCORPORATED,-119.64653015136719,36.605365753173828
92147744,2023,2024-02-29,9435,2023-08-12,1210,019263,,6,1,7,1005,0,1,3,,2,105,"STATE ROUTE 99 SOUTHBOUND","GOLDEN STATE BLVD TO SR-99 S/B OVERCROSSING",335.00,N,N,A,-,Y,FRE,,99," "," ",26.284,H,,L,Y,1,1,2,1,A,-,08,22107,,N,E,I,A,A,H,-,A,D,0,,,,,Y,,A,01,0,2,0,0,0,0,0,0,0,"- ","- ",36.791099548339844,-119.86173248291016,FRESNO,FRESNO,-119.86164093017578,36.791244506835938
92151330,2023,2023-08-23,9435,2023-08-17,"801 ",015890,,4,1,9,1000,0,3,5,,2,020,"COLORADO AVENUE","ROSE AVENUE",271.00,N,N,A,-,N,,,,,,,,,,Y,2,0,2,2,A,-,03,22350,,N,D,C,A,A,H,-,A,D,0,,,,Y,Y,,F,25,1,0,1,0,0,0,0,0,0,"- ","- ",36.568210601806641,-120.13294982910156,FRESNO,UNINCORPORATED,-120.13296508789062,36.568195343017578
92151680,2023,2023-08-23,9435,2023-08-15,2355,021589,,2,3,9,1000,0,3,5,,2,015,"COLORADO AVE","SUTTER AVE",686.00,W,N,A,-,N,,,,,,,,,,N,2,0,1,1,A,-,01,23152,A,N,E,I,A,A,H,-,D,D,0,,,,,Y,Y,A,01,1,0,0,0,0,0,0,0,0,"- ","- ",36.614768981933594,-120.19953918457031,FRESNO,UNINCORPORATED,-120.19918060302734,36.614681243896484
92151724,2023,2023-08-23,9435,2023-08-13,1430,021547,,7,2,9,1000,0,1,3,,1,430,"STATE ROUTE 43","MOUNTAIN VIEW AVE",0.00,,Y,A,-,Y,FRE,,43," "," ",7.360,H,,R,N,2,0,2,2,A,-,06,21750,A,N,B,C,A,A,H,-,A,A,0,,,Y,,Y,,C,02,1,1,0,0,0,0,0,0,2,"- ","- ",36.547420501708984,-119.62890625,FRESNO,UNINCORPORATED,-119.62873840332031,36.547420501708984
92160801,2023,2023-09-01,9461,2023-08-28,2135,019052,,1,2,9,1000,0,3,5,,2,060,"BELMONT AVE","JERROLD AVE",3168.00,W,N,A,-,N,,,,,,,,,,Y,2,0,1,1,A,-,08,22107,,N,E,I,A,A,H,-,D,D,0,,,,,Y,,-,"- ",1,0,0,0,0,0,0,0,0,"- ","- ",36.74884033203125,-120.54283905029297,FRESNO,UNINCORPORATED,-120.54222106933594,36.749019622802734
92162295,2023,2023-09-05,9435,2023-08-25,1004,015095,,5,1,9,1000,0,3,5,,2,025,"ACADEMY AVENUE","BULLARD AVENUE",1300.00,S,N,A,-,N,,,,,,,,,,Y,2,0,4,2,A,-,09,21804,A,N,B,C,A,A,H,-,A,D,0,,,,,Y,,B,07,1,2,1,0,0,0,0,0,0,"- ","- ",36.819068908691406,-119.555908203125,FRESNO,UNINCORPORATED,-119.55590057373047,36.819122314453125
92163255,2023,2023-09-06,9435,2023-08-27,1500,020540,,7,2,9,1000,0,1,3,,2,184,"STATE ROUTE 180","SEQUOIA LAKE DRIVE",240.00,W,N,A,-,Y,FRE,,180," "," ",108.791,H,,R,Y,2,0,1,1,A,-,03,22350,,N,E,I,A,A,H,-,A,D,0,,,Y,,Y,,C,02,1,0,0,0,0,0,0,0,1,"- ","- ",36.723289489746094,-118.99244689941406,FRESNO,UNINCORPORATED,-118.99246978759766,36.723308563232422
92163889,2023,2023-09-12,9435,2023-09-02,1600,020887,,6,2,5,1001,0,1,3,,1,168,"SR-168 EB","HERNDON AVE",100.00,E,N,A,-,Y,FRE,,168," ",R,6.935,H,,R,N,1,1,2,3,A,-,03,22350,,N,C,C,A,A,H,-,A,D,0,,,,,Y,,A,01,0,0,2,0,0,0,0,0,0,"- ","- ",36.837810516357422,-119.70269012451172,FRESNO,CLOVIS,-119.70268249511719,36.837806701660156
92165948,2023,2023-09-08,9435,2023-09-01,"120 ",018944,,5,3,9,1000,0,3,5,,2,010,"SHAW AVENUE EASTBOUND","COLLEGE AVENUE",130.00,E,N,A,-,N,,,,,,,,,,Y,2,0,2,1,A,-,01,23152,A,N,E,I,A,A,H,-,C,D,0,,,,,Y,Y,A,01,1,0,1,0,0,0,0,0,0,"- ","- ",36.808490753173828,-119.79663848876953,FRESNO,UNINCORPORATED,-119.7967529296875,36.808406829833984
92165974,2023,2023-09-08,9435,2023-08-31,1230,017310,,4,1,9,1000,0,3,5,,2,025,"WILLOW AVENUE","COPPER AVENUE",0.00,,Y,A,-,N,,,,,,,,,,N,2,0,1,2,A,-,09,21802,A,F,D,G,A,A,H,-,A,A,0,,Y,,,Y,,A,07,1,0,0,0,0,0,1,0,0,"- ","- ",36.896060943603516,-119.73011016845703,FRESNO,UNINCORPORATED,-119.72994995117188,36.896049499511719
92167303,2023,2023-09-11,9495,2023-06-05,2300,021602,,1,3,9,1000,0,1,1,,2,003,"INTERSTATE 5 SOUTHBOUND","JAYNE AVENUE",4224.00,N,N,A,-,Y,FRE,,5," "," ",6.314,H,,L,N,1,1,0,3,A,-,11,21954,A,N,G,B,E,A,H,-,D,D,0,Y,,,Y,Y,Y,N,60,0,0,0,1,0,0,0,0,0,"- ","- ",36.147098541259766,-120.16770172119141,FRESNO,UNINCORPORATED,-120.16767120361328,36.147117614746094
92173963,2022,2023-09-19,9435,2022-12-02,2305,021357,,5,3,9,1000,0,1,3,,2,106,"STATE ROUTE 99 NORTHBOUND","CLOVIS AVENUE",3033.00,N,N,B,-,Y,FRE,,99,,,13.012,H,,R,Y,1,1,1,2,A,-,01,23152,,N,C,C,A,A,H,-,D,D,0,,,,,Y,Y,A,07,0,1,0,0,0,0,0,0,0,"- ","- ",36.647369384765625,-119.70696258544922,FRESNO,UNINCORPORATED,-119.70697021484375,36.647361755371094
92175349,2023,2023-09-20,9435,2023-09-11,"705 ",015751,,1,1,9,1000,0,3,5,,2,034,"ADAMS AVE","MENDOCINO AVE",2122.00,E,N,A,-,N,,,,,,,,,,Y,2,0,2,2,A,-,03,22350,,N,C,C,A,A,H,-,A,D,0,,,,,Y,,A,01,1,1,0,0,0,0,0,0,0,"- ","- ",36.6339111328125,-119.54026031494141,FRESNO,UNINCORPORATED,-119.54033660888672,36.633926391601562
92179908,2023,2023-09-26,9435,2023-07-26,2037,020319,,3,2,9,1000,0,3,5,,2,010,"BISHOP AVENUE","SHIELDS AVENUE",953.00,N,N,A,-,N,,,,,,,,,,N,1,1,0,2,A,-,11,21954,A,F,G,B,E,A,H,-,D,D,0,Y,,,,Y,,N,60,0,0,0,1,0,0,0,0,0,"- ","- ",36.781330108642578,-120.00637054443359,FRESNO,UNINCORPORATED,-120.00634002685547,36.781265258789062
92180235,2023,2023-09-26,9435,2023-09-16,1854,021589,,6,2,9,1000,0,1,3,,1,412,"STATE ROUTE 41 NORTHBOUND","CONEJO AVENUE",1320.00,N,N,A,-,Y,FRE,,41," ",R,8.422,H,,R,Y,2,0,2,1,C,-,18,,,N,F,A,A,A,H,-,B,D,0,,,Y,,Y,,-,"- ",2,0,0,0,0,0,0,0,2,"- ","- ",36.522911071777344,-119.78607177734375,FRESNO,UNINCORPORATED,-119.78607177734375,36.522911071777344
92180393,2023,2023-10-11,9435,2023-09-16,"920 ",015095,,6,1,9,1000,0,3,5,,2,020,"WEST AVENUE","SUPERIOR AVENUE",450.00,S,N,A,-,N,,,,,,,,,,Y,2,0,1,2,A,-,01,23152,A,N,E,I,A,A,H,-,A,D,0,,,,,Y,Y,A,01,1,0,0,0,0,0,0,0,0,"- ","- ",36.543628692626953,-119.82675933837891,FRESNO,UNINCORPORATED,-119.82680511474609,36.543663024902344
92182496,2023,2023-09-28,9435,2023-09-18,"20  ",018944,,1,3,9,1000,0,1,3,,2,105,"STATE ROUTE 99 NORTHBOUND","HERNDON AVENUE",5280.00,N,N,A,-,Y,FRE,,99," "," ",31.023,H,,R,Y,2,0,1,4,A,-,01,23152,A,N,C,C,A,A,H,-,D,D,0,,,,,Y,Y,A,01,1,0,0,0,0,0,0,0,0,"- ","- ",36.837718963623047,-119.92415618896484,FRESNO,UNINCORPORATED,-119.92416381835938,36.837718963623047
92183604,2023,2023-10-02,9435,2023-09-19,"634 ",014363,,2,1,9,1000,0,3,5,,2,034,"FOWLER AVENUE","DE WOODY AVENUE",190.00,N,N,A,-,N,,,,,,,,,,Y,2,0,1,2,A,-,03,22350,,N,D,C,A,A,H,-,A,D,0,,,Y,,Y,,C,02,1,0,0,0,0,0,0,0,1,"- ","- ",36.434921264648438,-119.68656921386719,FRESNO,UNINCORPORATED,-119.68653869628906,36.434825897216797
92185551,2023,2023-10-02,9435,2023-09-20,2046,021290,,3,2,9,1000,0,3,5,,2,034,"KINGS CANYON RD","DEWITT AVE",173.00,E,N,A,-,N,,,,,,,,,,N,2,0,1,2,A,-,07,21658,A,N,D,G,A,A,H,-,C,D,0,,Y,,,Y,,L,04,1,0,0,0,0,0,1,0,0,"- ","- ",36.735828399658203,-119.70435333251953,FRESNO,UNINCORPORATED,-119.70443725585938,36.735942840576172
92191813,2023,2023-10-05,9435,2023-09-23,"143 ",021312,,6,3,9,1000,0,1,3,,2,105,"SR-99 N/B","CLINTON AVE",0.00,,Y,A,-,Y,,,,,,,,,,Y,2,0,2,1,A,-,01,23152,A,N,E,I,A,A,H,-,C,A,0,,,,,Y,Y,A,01,2,0,0,0,0,0,0,0,0,"- ","- ",36.771709442138672,-119.83793640136719,FRESNO,UNINCORPORATED,-119.83868408203125,36.772010803222656
92194720,2023,2023-10-09,9435,2023-10-05,1756,018609,,4,2,9,1000,0,1,3,,1,169,SR-168,"ELY MOUNTAIN ROAD",2112.00,E,N,A,-,Y,FRE,,168," "," ",54.402,H,,R,Y,2,0,2,1,A,-,01,23152,A,N,E,I,A,A,H,-,A,D,0,,,,,Y,Y,A,01,1,1,0,0,0,0,0,0,0,"- ","- ",37.157981872558594,-119.23631286621094,FRESNO,UNINCORPORATED,-119.23631286621094,37.157955169677734