CASE_ID,ACCIDENT_YEAR,PROC_DATE,JURIS,COLLISION_DATE,COLLISION_TIME,OFFICER_ID,REPORTING_DISTRICT,DAY_OF_WEEK,CHP_SHIFT,POPULATION,CNTY_CITY_LOC,SPECIAL_COND,BEAT_TYPE,CHP_BEAT_TYPE,CITY_DIVISION_LAPD,CHP_BEAT_CLASS,BEAT_NUMBER,PRIMARY_RD,SECONDARY_RD,DISTANCE,DIRECTION,INTERSECTION,WEATHER_1,WEATHER_2,STATE_HWY_IND,CALTRANS_COUNTY,CALTRANS_DISTRICT,STATE_ROUTE,ROUTE_SUFFIX,POSTMILE_PREFIX,POSTMILE,LOCATION_TYPE,RAMP_INTERSECTION,SIDE_OF_HWY,TOW_AWAY,COLLISION_SEVERITY,NUMBER_KILLED,NUMBER_INJURED,PARTY_COUNT,PRIMARY_COLL_FACTOR,PCF_CODE_OF_VIOL,PCF_VIOL_CATEGORY,PCF_VIOLATION,PCF_VIOL_SUBSECTION,HIT_AND_RUN,TYPE_OF_COLLISION,MVIW,PED_ACTION,ROAD_SURFACE,ROAD_COND_1,ROAD_COND_2,LIGHTING,CONTROL_DEVICE,CHP_ROAD_TYPE,PEDESTRIAN_ACCIDENT,BICYCLE_ACCIDENT,MOTORCYCLE_ACCIDENT,TRUCK_ACCIDENT,NOT_PRIVATE_PROPERTY,ALCOHOL_INVOLVED,STWD_VEHTYPE_AT_FAULT,CHP_VEHTYPE_AT_FAULT,COUNT_SEVERE_INJ,COUNT_VISIBLE_INJ,COUNT_COMPLAINT_PAIN,COUNT_PED_KILLED,COUNT_PED_INJURED,COUNT_BICYCLIST_KILLED,COUNT_BICYCLIST_INJURED,COUNT_MC_KILLED,COUNT_MC_INJURED,PRIMARY_RAMP,SECONDARY_RAMP,LATITUDE,LONGITUDE,COUNTY,CITY,POINT_X,POINT_Y
92200114,2023,2023-10-16,9435,2023-10-07,"20  ",021247,,6,3,7,1005,0,1,3,,2,105,"STATE ROUTE 99 SOUTHBOUND","VENTURA AVENUE",20.00,N,N,A,-,Y,FRE,,99," "," ",20.204,H,,L,N,2,0,1,2,A,-,11,21954,A,N,G,B,D,A,H,-,D,D,0,Y,,,,Y,,N,60,1,0,0,0,1,0,0,0,0,"- ","- ",36.725208282470703,-119.79289245605469,FRESNO,FRESNO,-119.79290008544922,36.725200653076172
92200207,2023,2023-10-16,9461,2023-10-10,"640 ",017329,,2,1,9,1000,0,3,5,,2,060,"SAN DIEGO AVE","SANTA FE GRADE",447.00,N,N,B,-,N,,,,,,,,,,Y,2,0,2,2,A,-,05,21650,,N,A,C,A,A,H,-,B,D,0,,,,,Y,,A,07,2,0,0,0,0,0,0,0,0,"- ","- ",36.810741424560547,-120.44013214111328,FRESNO,UNINCORPORATED,,
92200321,2023,2023-10-16,9435,2023-10-09,"220 ",021687,,1,3,9,1000,0,3,5,,2,020,"ELKHORN AVENUE","MARKS AVENUE",528.00,E,N,A,-,N,,,,,,,,,,Y,2,0,2,2,A,-,01,23152,A,F,A,C,A,A,H,-,D,D,0,,,,,Y,Y,A,01,1,1,0,0,0,0,0,0,0,"- ","- ",36.489151000976562,-119.840087890625,FRESNO,UNINCORPORATED,-119.84964752197266,36.489109039306641
92201115,2023,2023-10-17,9435,2023-10-07,1100,019603,,6,1,9,1000,0,3,5,,2,025,"CEDAR AVENUE","BRENTWOOD AVENUE",0.00,,Y,A,-,N,,,,,,,,,,Y,2,0,1,2,A,-,03,22350,,N,D,D,A,A,H,-,A,D,0,,,Y,,Y,,C,02,1,0,0,0,0,0,0,0,1,"- ","- ",36.767879486083984,-119.75457763671875,FRESNO,UNINCORPORATED,-119.75453186035156,36.767852783203125
92208201,2023,2024-03-06,9435,2023-03-22,1816,018746,,3,2,9,1000,0,3,5,,2,025,"MADSEN  AVENUE","HERNDON AVENUE",0.00,,Y,B,-,N,,,,,,,,,,Y,1,1,2,1,A,-,08,22107,,N,E,I,A,B,H,-,A,D,0,,,,,Y,,A,01,0,0,2,0,0,0,0,0,0,"- ","- ",36.837108612060547,-119.53957366943359,FRESNO,UNINCORPORATED,-119.53934478759766,36.8372802734375
92221221,2023,2023-10-27,9435,2023-08-21,1231,019926,,1,1,9,1000,0,3,5,,2,034,"CEDAR AVENUE","KAVILAND AVENUE",135.00,S,N,A,-,N,,,,,,,,,,N,1,1,0,2,A,-,01,23152,F,N,D,G,A,A,H,-,A,D,0,,Y,,Y,Y,,L,04,0,0,0,0,0,1,0,0,0,"- ","- ",36.708530426025391,-119.75480651855469,FRESNO,UNINCORPORATED,-119.75469970703125,36.708587646484375
92223178,2023,2023-10-31,9435,2023-10-21,1830,020540,,6,2,9,1000,0,3,5,,2,060,"PIEDRA AVENUE","ELWOOD ROAD",5280.00,S,N,A,-,N,,,,,,,,,,Y,2,0,1,2,D,-,00,,,N,A,C,A,A,H,-,D,D,0,,,Y,,Y,,-,"- ",1,0,0,0,0,0,0,0,1,"- ","- ",36.799930572509766,-119.39156341552734,FRESNO,UNINCORPORATED,-119.39103698730469,36.799953460693359
92223254,2023,2023-10-31,9435,2023-10-04,2209,020064,,3,3,9,1000,0,1,3,,1,168,"STATE ROUTE 168 (TOLLHOUSE ROAD)","THOMPSON AVENUE",2112.00,E,N,B,-,Y,FRE,,168," "," ",12.116,H,,R,Y,1,1,1,2,A,-,01,23152,A,N,A,C,A,A,H,-,D,D,0,,,,,Y,Y,A,01,1,0,0,0,0,0,0,0,0,"- ","- ",36.866569519042969,-119.61286926269531,FRESNO,UNINCORPORATED,-119.61286926269531,36.866554260253906
92226465,2023,2023-11-02,9461,2023-10-21,2030,021056,,6,2,9,1000,0,1,3,,1,680,"SR-180 E/B","N SAN BENITO AVE",0.00,,Y,A,-,Y,FRE,,180," "," ",25.818,H,,R,Y,2,0,2,2,A,-,09,21802,A,N,D,C,A,A,H,-,A,A,0,,,,,Y,,A,01,1,0,1,0,0,0,0,0,0,"- ","- ",36.732578277587891,-120.36151885986328,FRESNO,UNINCORPORATED,-120.36150360107422,36.732589721679688
92226625,2023,2023-11-02,9435,2023-10-29,1535,016860,,7,2,9,1000,0,3,5,,2,050,"TOLLHOUSE ROAD","STATE ROUTE 168",117.00,S,N,A,-,N,,,,,,,,,,Y,2,0,1,1,D,-,00,,,N,E,I,A,A,H,-,A,A,0,,,,,Y,Y,-,"- ",1,0,0,0,0,0,0,0,0,"- ","- ",37.059951782226562,-119.36638641357422,FRESNO,UNINCORPORATED,-119.50648498535156,36.945999145507812
92228870,2023,2023-11-06,9461,2023-11-05,1352,021811,,7,1,9,1000,0,2,4,,1,315,"NEES AVENUE","RUSSELL AVE",5280.00,W,N,A,-,N,,,,,,,,,,Y,2,0,2,2,A,-,01,23152,A,N,D,C,A,A,H,-,A,D,0,,,,,Y,Y,A,07,1,1,0,0,0,0,0,0,0,"- ","- ",36.850669860839844,-120.67225646972656,FRESNO,UNINCORPORATED,-120.67204284667969,36.850650787353516
92228989,2023,2023-12-21,9495,2023-10-21,"750 ",019789,,6,1,9,1000,0,1,1,,2,002,"INTERSTATE 5 SOUTHBOUND","STATE ROUTE 198",6072.00,N,N,A,-,Y,FRE,,5," "," ",16.105,H,,L,Y,2,0,1,2,A,-,08,22107,,N,C,C,A,A,H,-,A,D,0,,,,Y,Y,,-,"- ",1,0,0,0,0,0,0,0,0,"- ","- ",36.270221710205078,-120.25421905517578,FRESNO,UNINCORPORATED,-120.25421142578125,36.270225524902344
92230010,2023,2023-11-07,9435,2023-10-28,1602,018609,,6,2,9,1000,0,3,5,,2,025,"AUBERRY ROAD","SUMMIT MOUNTAIN ROAD",3168.00,S,N,A,-,N,,,,,,,,,,Y,2,0,1,2,A,-,01,23152,A,N,B,2,A,A,H,-,A,D,0,,,,,Y,Y,A,07,1,0,0,0,0,0,0,0,0,"- ","- ",36.939289093017578,-119.68441009521484,FRESNO,UNINCORPORATED,-119.68486785888672,36.939300537109375
92230234,2022,2023-11-07,9461,2022-08-07,2353,021660,,7,3,9,1000,0,3,5,,2,060,"SAN DIEGO AVENUE","CALIFORNIA AVENUE",0.00,,Y,A,-,N,,,,,,,,,,Y,1,2,0,2,A,-,12,22450,A,N,D,C,A,A,H,-,D,A,0,,,,,Y,Y,-,"- ",0,0,0,0,0,0,0,0,0,"- ","- ",36.719989776611328,-120.44149017333984,FRESNO,UNINCORPORATED,-120.44155120849609,36.719974517822266
92231295,2023,2023-11-08,9435,2023-11-01,1520,020942,,3,2,9,1000,0,3,5,,2,015,"HOWARD AVENUE","KEARNEY BOULEVARD",0.00,,Y,A,-,N,,,,,,,,,,Y,2,0,2,2,A,-,09,21802,A,N,D,C,A,A,H,-,A,A,0,,,,,Y,,D,22,1,0,1,0,0,0,0,0,0,"- ","- ",36.727668762207031,-120.0242919921875,FRESNO,UNINCORPORATED,-120.02425384521484,36.727676391601562
92234173,2023,2023-11-13,9435,2023-10-21,"405 ",021589,,6,3,9,1000,0,3,5,,2,034,"CENTRAL AVE","CHESTNUT AVE",0.00,,Y,A,-,N,,,,,,,,,,N,2,0,1,2,A,-,10,21950,A,F,G,B,B,A,H,-,A,A,0,Y,,,,Y,,N,60,1,0,0,0,1,0,0,0,0,"- ","- ",36.677810668945312,-119.73673248291016,FRESNO,UNINCORPORATED,-119.73681640625,36.677906036376953
92234255,2023,2023-11-13,9435,2023-11-11,"338 ",021589,,6,3,7,1005,0,1,3,,2,182,"STATE ROUTE 180 WESTBOUND","PEACH AVENUE",1056.00,E,N,A,-,Y,FRE,,180," ",R,62.422,H,,L,Y,2,0,2,3,A,-,03,22350,,N,C,1,E,A,H,-,D,D,0,Y,,,,Y,,A,07,1,1,0,0,1,0,0,0,0,"- ","- ",36.753181457519531,-119.70881652832031,FRESNO,FRESNO,-119.70881652832031,36.753173828125
92234859,2023,2023-11-14,9435,2023-11-03,1715,020540,,5,2,9,1000,0,1,3,,2,184,"STATE ROUTE 180","PIEDRA AVENUE",91.00,W,N,A,-,Y,FRE,,180," ",R,76.307,H,,L,Y,2,0,1,2,A,-,09,21802,A,N,C,C,A,A,H,-,A,A,0,,,,,Y,,D,22,1,0,0,0,0,0,0,0,0,"- ","- ",36.729881286621094,-119.46778869628906,FRESNO,UNINCORPORATED,-119.46781921386719,36.729831695556641
92235430,2023,2023-12-15,9435,2023-11-12,1438,020592,,7,2,7,1005,0,1,3,,1,180,"WESTBOUND STATE ROUT 180 TO MARKS AVENUE","MARKS AVENUE",360.00,E,N,A,-,Y,,,,,,,,,,N,1,1,0,1,A,-,08,22107,,N,E,I,A,A,H,-,A,D,0,,,,,Y,,A,07,0,0,0,0,0,0,0,0,0,"- ","- ",36.739208221435547,-119.84300231933594,FRESNO,FRESNO,,
92235485,2023,2023-11-14,9435,2023-11-04,1958,022112,,6,2,9,1000,0,1,3,,2,181,"SR-180 W/B","TULARE ST",1056.00,E,N,A,-,Y,,,,,,,,,,Y,2,0,1,1,A,-,01,23152,A,N,F,0,A,A,H,-,C,D,0,,,Y,,Y,Y,C,02,1,0,0,0,0,0,0,0,1,"- ","- ",36.752250671386719,-119.77665710449219,FRESNO,UNINCORPORATED,-119.80400085449219,36.721359252929688
92235616,2023,2023-11-14,9435,2023-11-05,"250 ",021312,,7,3,9,1000,0,1,3,,2,181,"SR-180 E/B TO SR-41 N/B","TYLER AVE",575.00,S,N,A,-,Y,FRE,,180," ",R,58.622,H,,R,Y,2,0,1,1,A,-,01,23152,A,N,E,I,A,A,H,-,D,D,0,,,,,Y,Y,A,01,1,0,0,0,0,0,0,0,0,"- ","- ",36.754009246826172,-119.77704620361328,FRESNO,UNINCORPORATED,-119.77706146240234,36.754077911376953
92236138,2023,2023-11-14,9435,2023-11-13,2016,020586,,1,2,9,1000,0,3,5,,2,030,"ASHLAN AVENUE","MANILA AVENUE",147.00,W,N,A,-,N,,,,,,,,,,Y,2,0,1,2,A,-,01,23152,A,N,C,E,A,A,H,-,D,D,0,,,,,Y,Y,A,01,1,0,0,0,0,0,0,0,0,"- ","- ",36.793869018554688,-119.6951904296875,FRESNO,UNINCORPORATED,-119.69508361816406,36.7938232421875
92239253,2023,2023-12-08,9435,2023-11-04,1920,016911,,6,2,9,1000,0,3,5,,2,050,"AUBERRY RD","FRAZIER RD",400.00,S,N,A,-,N,,,,,,,,,,Y,1,1,0,1,A,-,08,22107,,N,E,I,A,D,H,-,D,D,0,,,Y,,Y,,C,02,0,0,0,0,0,0,0,1,0,"- ","- ",37.064689636230469,-119.49416351318359,FRESNO,UNINCORPORATED,-119.49422454833984,37.065254211425781
92240572,2023,2023-11-20,9435,2023-11-12,"155 ",021606,,7,3,9,1000,0,3,5,,2,040,"CLINTON AVE.","CHANCE AVE.",0.00,,Y,A,-,N,,,,,,,,,,Y,2,0,4,2,A,-,01,23152,A,N,D,C,A,A,H,-,C,D,0,,,,,Y,Y,A,01,1,1,2,0,0,0,0,0,0,"- ","- ",36.772300720214844,-119.75103759765625,FRESNO,UNINCORPORATED,-119.75106811523438,36.772308349609375
92240822,2023,2023-11-20,9435,2023-11-13,1708,021031,,1,2,9,1000,0,3,5,,2,040,"WALNUT AVENUE","MOUNT WHITNEY AVENUE",0.00,,Y,A,-,N,,,,,,,,,,Y,2,0,2,2,A,-,12,22450,A,N,D,1,A,A,H,-,B,A,0,,,,,Y,,A,01,1,0,1,0,0,0,0,0,0,"- ","- ",36.43109130859375,-119.81629943847656,FRESNO,UNINCORPORATED,-119.81629943847656,36.431064605712891
92241881,2023,2023-11-21,9435,2023-11-15,1920,022112,,3,2,9,1000,0,3,5,,2,030,"ASHLAN AVE","E. AUSTIN WAY",40.00,W,N,B,C,N,,,,,,,,,,N,2,0,1,2,A,-,11,21950,B,N,G,1,D,B,H,-,D,D,0,Y,,,,Y,,N,60,1,0,0,0,1,0,0,0,0,"- ","- ",36.793228149414062,-119.69780731201172,FRESNO,UNINCORPORATED,-119.69777679443359,36.793178558349609
92243147,2023,2023-11-22,9495,2023-11-15,"500 ",021602,,3,3,9,1000,0,1,3,,2,005,"STATE ROUTE 33 (DERRICK AVENUE)","CALIFORNIA AVENUE",950.00,S,N,A,-,N,,,,,,,,,,Y,2,0,4,1,A,-,08,22107,,N,E,I,A,A,H,-,D,D,0,,,,,Y,,A,01,1,0,3,0,0,0,0,0,0,"- ","- ",36.717361450195312,-120.38726806640625,FRESNO,UNINCORPORATED,-120.38722991943359,36.717357635498047
92246859,2023,2023-11-28,9435,2023-11-20,"340 ",021702,,1,3,9,1000,0,1,3,,2,106,"SR-41 S/B TO SR-99 S/B","JENSEN AVE",2640.00,N,N,A,-,Y,FRE,,99," "," ",19.358,H,,L,Y,2,0,1,1,A,-,08,22107,,N,F,A,A,A,H,-,C,D,0,,,,,Y,,A,07,1,0,0,0,0,0,0,0,0,"- ","- ",36.715789794921875,-119.783203125,FRESNO,UNINCORPORATED,-119.78300476074219,36.715904235839844
92249072,2023,2023-11-30,9435,2023-11-18,1858,020592,,6,2,9,1000,0,3,5,,2,010,"MCKINLEY AVNEUE","BLYTHE AVENUE",528.00,E,N,A,-,N,,,,,,,,,,N,2,0,1,2,A,-,11,21954,A,N,G,B,E,B,H,-,D,D,0,Y,,,,Y,Y,N,60,1,0,0,0,1,0,0,0,0,"- ","- ",36.764610290527344,-119.86932373046875,FRESNO,UNINCORPORATED,,
92249152,2023,2023-11-30,9435,2023-11-21,2211,021247,,2,3,9,1000,0,3,5,,2,010,"CLINTON AVENUE","VALENTINE AVENUE",396.00,W,N,A,-,N,,,,,,,,,,N,2,0,1,2,A,-,11,21954,A,F,G,B,E,A,H,-,D,D,0,Y,,,,Y,Y,N,60,1,0,0,0,1,0,0,0,0,"- ","- ",36.7718505859375,-119.85478210449219,FRESNO,UNINCORPORATED,-119.85466766357422,36.771907806396484
92249166,2023,2023-11-30,9435,2023-11-23,1630,020205,,4,2,7,1005,0,1,3,,2,182,"SR-180 E/B","WILLOW AVE",200.00,W,N,A,-,Y,FRE,,180," ",R,61.352,H,,R,N,2,0,1,3,A,-,07,21658,A,F,B,A,A,A,H,-,A,D,0,,,,,Y,,-,99,1,0,0,0,0,0,0,0,0,"- ","- ",36.753490447998047,-119.72811126708984,FRESNO,FRESNO,-119.72811126708984,36.753520965576172
92253133,2023,2023-12-05,9435,2023-11-28,1610,021153,,2,2,9,1000,0,3,5,,2,025,"WATTS VALLEY ROAD","WILLIAMSBURG LANE",4224.00,W,N,A,-,N,,,,,,,,,,N,2,0,1,1,A,-,03,22350,,N,F,A,A,A,H,-,A,D,0,,,Y,,Y,,C,02,1,0,0,0,0,0,0,0,1,"- ","- ",36.807830810546875,-119.49430084228516,FRESNO,UNINCORPORATED,-119.49427795410156,36.808055877685547
92253375,2023,2023-12-05,9435,2023-11-23,"107 ",020854,,4,3,7,1005,0,1,3,,2,410,"STATE ROUTE 41 SOUTHBOUND","HERNDON AVENUE",430.00,N,N,A,-,Y,FRE,,41," ",R,30.546,H,,L,Y,2,0,3,2,A,-,01,23152,A,N,B,C,A,A,H,-,C,D,0,,,,,Y,Y,A,01,1,0,2,0,0,0,0,0,0,"- ","- ",36.838649749755859,-119.78518676757812,FRESNO,FRESNO,-119.78520965576172,36.838649749755859
92253877,2023,2023-12-06,9435,2023-11-24,2110,021386,,5,2,9,1000,0,1,3,,1,180,"STATE ROUTE 180","SHASTA AVENUE",191.00,E,N,A,-,Y,FRE,,180," "," ",40.146,H,,R,Y,2,0,4,2,A,-,08,22107,,N,A,C,A,A,H,-,D,D,0,,,,,Y,,D,22,3,1,0,0,0,0,0,0,0,"- ","- ",36.734661102294922,-120.10475921630859,FRESNO,UNINCORPORATED,-120.10475921630859,36.734718322753906
92257432,2023,2023-12-08,9435,2023-08-19,"215 ",021606,,6,3,9,1000,0,1,3,,1,183,"STATE ROUTE 180","MCCALL AVENUE",50.00,E,N,A,-,Y,FRE,,180," ",R,68.367,H,,R,Y,1,1,0,1,A,-,08,22107,,N,E,I,A,A,H,-,C,A,0,,,,,Y,,A,01,0,0,0,0,0,0,0,0,0,"- ","- ",36.735641479492188,-119.60977172851562,FRESNO,UNINCORPORATED,-119.60977172851562,36.735733032226562
92260020,2023,2023-12-12,9495,2023-12-02,1940,021473,,6,2,9,1000,0,1,3,,1,014,"STATE ROUTE 269 (LASSEN AVENUE)","JAYNE AVENUE",1003.00,S,N,A,-,Y,FRE,,269," "," ",4.459,H,,R,Y,2,0,1,1,A,-,01,23152,A,N,E,I,A,A,H,-,D,D,0,,,,,Y,Y,A,01,1,0,0,0,0,0,0,0,0,"- ","- ",36.135288238525391,-120.10214233398438,FRESNO,UNINCORPORATED,-120.10230255126953,36.135257720947266
92262276,2023,2023-12-14,9495,2023-12-07,2355,021714,,4,3,9,1000,0,1,1,,2,001,"INTERSTATE 5 NORTHBOUND","PANOCHE ROAD",5016.00,S,N,A,-,Y,FRE,,5," "," ",48.121,H,,L,Y,2,0,1,1,A,-,08,22107,,N,F,A,A,A,H,-,D,D,0,,,,Y,Y,,G,25,1,0,0,0,0,0,0,0,0,"- ","- ",36.628620147705078,-120.61489105224609,FRESNO,UNINCORPORATED,-120.61474609375,36.628692626953125
92265134,2023,2023-12-18,9495,2023-12-10,"510 ",021602,,7,3,9,1000,0,1,1,,2,003,"INTERSTATE 5 NORTHBOUND","STATE ROUTE 269 (LASSEN AVENUE)",550.00,N,N,A,-,Y,FRE,,5," "," ",0.343,H,,R,Y,2,0,2,1,A,-,08,22107,,N,F,A,A,A,H,-,D,D,0,,,,,Y,,A,01,1,0,1,0,0,0,0,0,0,"- ","- ",36.078121185302734,-120.10352325439453,FRESNO,UNINCORPORATED,-120.10358428955078,36.07806396484375
92268336,2023,2023-12-21,9435,2023-04-19,"925 ",015890,,3,1,9,1000,0,3,5,,2,020,"CALAVERAS AVENUE","MANNING AVENUE",0.00,,Y,A,-,Y,,,,,,,,,,Y,1,1,1,2,A,-,12,22450,A,N,D,C,A,A,H,-,A,A,0,,,,,Y,,D,22,1,0,0,0,0,0,0,0,0,"- ","- ",36.602760314941406,-120.27970886230469,FRESNO,UNINCORPORATED,-120.27972412109375,36.602802276611328
92268418,2023,2023-12-21,9435,2023-12-17,1805,020429,,7,2,9,1000,0,3,5,,2,060,"SAND CREEK ROAD","TULARE COUNTY LINE",1200.00,N,N,A,-,N,,,,,,,,,,Y,2,0,2,1,A,-,01,23152,A,N,E,I,A,A,H,-,D,D,0,,,,,Y,Y,D,22,1,0,1,0,0,0,0,0,0,"- ","- ",36.665218353271484,-119.22247314453125,FRESNO,UNINCORPORATED,,
92271184,2023,2023-12-26,9435,2023-12-18,"940 ",018609,,1,1,9,1000,0,1,3,,1,169,SR-168,"AUBERRY ROAD",1584.00,E,N,B,C,Y,FRE,,168," ",T,30.480,H,,R,Y,2,0,1,1,A,-,08,22107,,N,E,I,A,B,H,-,A,D,0,,,,,Y,,A,07,1,0,0,0,0,0,0,0,0,"- ","- ",37.035591125488281,-119.50984954833984,FRESNO,UNINCORPORATED,-119.50984954833984,37.035648345947266
92277792,2023,2024-01-03,9495,2023-12-23,1020,021073,,6,1,9,1000,0,1,3,,2,005,"STATE ROUTE 33","STATE ROUTE 198 (DORRIS AVE.)",90.00,S,N,A,-,Y,FRE,,33," "," ",24.326,H,,R,Y,2,0,6,2,A,-,05,21650,,N,A,C,A,A,H,-,A,A,0,,,,,Y,,A,01,1,1,4,0,0,0,0,0,0,"- ","- ",36.2459716796875,-120.31526947021484,FRESNO,UNINCORPORATED,-120.31529998779297,36.245967864990234
92278439,2023,2024-01-03,9435,2023-12-17,1140,019263,,7,1,7,1005,0,1,3,,2,181,"SR-180 W/B","H STREET",700.00,E,N,A,-,Y,FRE,,180," ",R,56.968,H,,L,Y,2,0,2,2,A,-,08,22107,,N,B,2,A,A,H,-,A,D,0,,,,,Y,,A,01,1,1,0,0,0,0,0,0,0,"- ","- ",36.746448516845703,-119.8048095703125,FRESNO,FRESNO,-119.80477905273438,36.746410369873047
92282605,2024,2024-01-09,9435,2024-01-03,1313,015986,,3,1,9,1000,0,1,3,,1,145,SR-145,"BARSTOW AVENUE",10.00,S,N,A,-,N,,,,,,,,,,Y,2,0,2,2,A,-,03,22350,,N,C,C,A,B,H,-,A,D,0,,,,,Y,,A,08,1,1,0,0,0,0,0,0,0,"- ","- ",36.815071105957031,-120.05863952636719,FRESNO,UNINCORPORATED,-120.05863189697266,36.8150634765625
92284819,2024,2024-01-11,9435,2024-01-03,"944 ",015890,,3,1,9,1000,0,1,3,,1,412,"SR-41 NORTHBOUND","NEBRASKA AVE",0.00,,Y,B,-,Y,FRE,,41," ",R,11.112,H,,R,Y,2,0,2,2,A,-,09,21802,A,N,D,C,A,A,H,-,A,A,0,,,,,Y,,A,01,1,0,1,0,0,0,0,0,0,"- ","- ",36.561878204345703,-119.78597259521484,FRESNO,UNINCORPORATED,-119.78594207763672,36.561878204345703
92286367,2024,2024-01-12,9435,2024-01-02,1807,020122,,2,2,9,1000,0,3,5,,2,010,"SOUTHBOUND MARKS AVENUE","MCKINLEY AVENUE",235.00,N,N,B,-,N,,,,,,,,,,N,2,0,1,2,A,-,11,21954,A,F,G,B,D,A,H,-,D,D,0,Y,,,,Y,,N,60,1,0,0,0,1,0,0,0,0,"- ","- ",36.765388488769531,-119.84439086914062,FRESNO,UNINCORPORATED,-119.84435272216797,36.765335083007812
92288444,2024,2024-08-21,9435,2024-01-04,1810,021086,,4,2,7,1005,0,1,3,,2,182,"SR-180 E/B FROM CEDAR AVENUE","CHESTNUT AVENUE",792.00,E,N,B,-,Y,FRE,,180," ",R,61.059,H,,R,Y,2,0,3,4,A,-,03,22350,,N,C,C,E,A,H,-,C,D,0,Y,,,,Y,,A,01,1,2,0,0,2,0,0,0,0,"- ","- ",36.753921508789062,-119.73336791992188,FRESNO,FRESNO,-119.73332977294922,36.754051208496094
92290529,2024,2024-01-18,9435,2024-01-09,1540,016507,,2,2,9,1000,0,3,5,,2,060,"ELWOOD RD","LUPINE DR",5808.00,E,N,A,-,N,,,,,,,,,,Y,2,0,2,2,A,-,05,21460,A,N,A,C,A,A,H,-,A,D,0,,,Y,,Y,,C,02,1,0,1,0,0,0,0,0,1,"- ","- ",36.772850036621094,-119.26730346679688,FRESNO,UNINCORPORATED,-119.28269195556641,36.776634216308594
92290622,2023,2024-01-18,9435,2023-11-03,2045,020586,,5,2,9,1000,0,1,3,,1,168,"STATE ROUTE 168","SHEPHERD AVENUE",0.00,,Y,A,-,Y,FRE,,168," "," ",14.744,H,,R,Y,1,1,1,2,A,-,09,21802,A,N,D,C,A,A,H,-,D,A,0,,,Y,,Y,,D,22,0,0,1,0,0,0,0,1,0,"- ","- ",36.867668151855469,-119.56500244140625,FRESNO,UNINCORPORATED,-119.56500244140625,36.86767578125
92291782,2024,2024-01-19,9435,2024-01-12,"607 ",015890,,5,1,9,1000,0,3,5,,2,015,"KEARNEY BOULEVARD","CORNELIA AVENUE",703.00,W,N,A,-,N,,,,,,,,,,Y,2,0,1,1,A,-,08,22107,,N,E,I,A,A,H,-,D,D,0,,,,,Y,,A,01,1,0,0,0,0,0,0,0,0,"- ","- ",36.728221893310547,-119.88313293457031,FRESNO,UNINCORPORATED,-119.88302612304688,36.728153228759766
92293802,2024,2024-01-22,9435,2024-01-10,"538 ",016860,,3,3,9,1000,0,1,3,,1,169,"STATE ROUTE 168","TOLLHOUSE ROAD",528.00,W,N,A,-,Y,FRE,,168," "," ",22.478,H,,R,N,2,0,1,2,C,-,18,,,N,G,B,E,A,C,-,D,D,0,Y,,,,Y,,-,"- ",1,0,0,0,1,0,0,0,0,"- ","- ",36.951641082763672,-119.50685882568359,FRESNO,UNINCORPORATED,-119.50688171386719,36.951637268066406
92296282,2023,2024-01-24,9435,2023-05-29,1630,020887,,1,2,9,1000,0,3,5,,2,025,"INTERNATIONAL AVE","MINNEWAWA AVE",0.00,,Y,A,-,N,,,,,,,,,,Y,1,1,3,2,A,-,12,22450,A,N,D,C,A,A,H,-,A,A,0,,,,,Y,,A,01,2,0,1,0,0,0,0,0,0,"- ","- ",36.888408660888672,-119.71116638183594,FRESNO,UNINCORPORATED,-119.711181640625,36.888416290283203
92296297,2023,2024-01-24,9435,2023-07-21,2500,021153,,5,4,9,1000,0,3,5,,2,010,"DUDLEY AVENUE","VALENTINE AVENUE",1000.00,E,N,A,-,N,,,,,,,,,,N,1,1,0,2,A,-,11,21954,A,F,G,B,E,A,H,-,D,D,0,Y,,,,Y,,N,60,0,0,0,1,0,0,0,0,0,"- ","- ",36.753780364990234,-119.84973907470703,FRESNO,UNINCORPORATED,-119.84981536865234,36.753757476806641
92298034,2024,2024-01-26,9461,2024-01-08,2045,017029,,1,2,9,1000,0,2,4,,1,310,"RUSSELL AVENUE","INTERSTATE-5 NORTHBOUND",10032.00,N,N,A,-,N,,,,,,,,,,Y,1,1,0,1,A,-,08,22107,,N,E,I,A,A,H,-,D,D,0,,,,,Y,,A,01,0,0,0,0,0,0,0,0,0,"- ","- ",36.714378356933594,-120.65763092041016,FRESNO,UNINCORPORATED,,
92303175,2023,2024-02-01,9495,2023-12-15,1113,021073,,5,1,9,1000,0,3,5,,2,053,"JAYNE AVENUE","STATE ROUTE 33 (ALPINE AVENUE)",110.00,E,N,A,-,N,,,,,,,,,,Y,1,1,0,3,A,-,03,22350,,N,B,C,A,A,H,-,A,D,0,,,Y,,Y,,C,02,0,0,0,0,0,0,0,1,0,"- ","- ",36.137020111083984,-120.27137756347656,FRESNO,UNINCORPORATED,-120.34339904785156,36.136615753173828