CASE_ID,ACCIDENT_YEAR,PROC_DATE,JURIS,COLLISION_DATE,COLLISION_TIME,OFFICER_ID,REPORTING_DISTRICT,DAY_OF_WEEK,CHP_SHIFT,POPULATION,CNTY_CITY_LOC,SPECIAL_COND,BEAT_TYPE,CHP_BEAT_TYPE,CITY_DIVISION_LAPD,CHP_BEAT_CLASS,BEAT_NUMBER,PRIMARY_RD,SECONDARY_RD,DISTANCE,DIRECTION,INTERSECTION,WEATHER_1,WEATHER_2,STATE_HWY_IND,CALTRANS_COUNTY,CALTRANS_DISTRICT,STATE_ROUTE,ROUTE_SUFFIX,POSTMILE_PREFIX,POSTMILE,LOCATION_TYPE,RAMP_INTERSECTION,SIDE_OF_HWY,TOW_AWAY,COLLISION_SEVERITY,NUMBER_KILLED,NUMBER_INJURED,PARTY_COUNT,PRIMARY_COLL_FACTOR,PCF_CODE_OF_VIOL,PCF_VIOL_CATEGORY,PCF_VIOLATION,PCF_VIOL_SUBSECTION,HIT_AND_RUN,TYPE_OF_COLLISION,MVIW,PED_ACTION,ROAD_SURFACE,ROAD_COND_1,ROAD_COND_2,LIGHTING,CONTROL_DEVICE,CHP_ROAD_TYPE,PEDESTRIAN_ACCIDENT,BICYCLE_ACCIDENT,MOTORCYCLE_ACCIDENT,TRUCK_ACCIDENT,NOT_PRIVATE_PROPERTY,ALCOHOL_INVOLVED,STWD_VEHTYPE_AT_FAULT,CHP_VEHTYPE_AT_FAULT,COUNT_SEVERE_INJ,COUNT_VISIBLE_INJ,COUNT_COMPLAINT_PAIN,COUNT_PED_KILLED,COUNT_PED_INJURED,COUNT_BICYCLIST_KILLED,COUNT_BICYCLIST_INJURED,COUNT_MC_KILLED,COUNT_MC_INJURED,PRIMARY_RAMP,SECONDARY_RAMP,LATITUDE,LONGITUDE,COUNTY,CITY,POINT_X,POINT_Y
92305099,2024,2024-02-05,9435,2024-01-25,2010,021086,,4,2,9,1000,0,3,5,,2,025,"DE WOLF AVENUE","TOLLHOUSE ROAD",1200.00,S,N,B,-,N,,,,,,,,,,N,2,0,1,2,A,-,11,21954,A,N,G,B,E,A,H,-,D,D,0,Y,,,,Y,,-,"- ",1,0,0,0,1,0,0,0,0,"- ","- ",36.847949981689453,-119.64797210693359,FRESNO,UNINCORPORATED,-119.64798736572266,36.847957611083984
92305702,2023,2024-02-05,9435,2023-12-17,"330 ",022112,,7,3,7,1005,0,1,3,,2,410,"SR-41 S/B","SR-41 N/B TRANSITION TO SR-99 N/B",0.00,,Y,B,-,Y,FRE,,41," ",R,21.955,H,,L,Y,1,1,0,1,A,-,01,23152,A,N,E,9,A,A,H,-,C,A,0,,,,,Y,Y,A,01,0,0,0,0,0,0,0,0,0,"- ","- ",36.719058990478516,-119.78536224365234,FRESNO,FRESNO,-119.78507995605469,36.719093322753906
92305719,2023,2024-02-05,9435,2023-09-09,"305 ",021594,,6,3,9,1000,0,3,5,,2,034,"MANNING AVENUE","DEL REY AVENUE",2640.00,W,N,A,-,N,,,,,,,,,,Y,1,1,0,1,A,-,01,23152,A,N,E,I,A,A,H,-,D,D,0,,,,,Y,Y,A,01,0,0,0,0,0,0,0,0,0,"- ","- ",36.605331420898438,-119.59987640380859,FRESNO,UNINCORPORATED,-119.60199737548828,36.605178833007812
92305722,2023,2024-02-05,9435,2023-05-31,1855,018746,,3,2,9,1000,0,3,5,,2,025,"HERNDON AVENUE","LANGLEY AVENUE",325.00,W,N,A,-,N,,,,,,,,,,Y,1,1,0,2,A,-,01,23152,A,N,C,G,A,A,H,-,A,D,0,,Y,,,Y,Y,D,22,0,0,0,0,0,1,0,0,0,"- ","- ",36.837429046630859,-119.63475799560547,FRESNO,UNINCORPORATED,-119.63399505615234,36.837894439697266
92305729,2023,2024-04-30,9435,2023-09-05,"310 ",021119,,2,3,7,1005,0,1,3,,1,168,"STATE ROUTE 168 EASTBOUND","DAKOTA AVENUE",632.00,W,N,A,-,Y,FRE,,168," ",R,2.445,H,,R,Y,1,1,1,2,A,-,03,22350,,N,C,C,A,A,H,-,D,D,0,,,,,Y,Y,A,01,1,0,0,0,0,0,0,0,0,"- ","- ",36.785831451416016,-119.74893188476562,FRESNO,FRESNO,-119.74895477294922,36.785831451416016
92318287,2024,2024-02-20,9435,2024-02-14,2500,021386,,3,4,9,1000,0,3,5,,2,020,"CORNELIA AVENUE","DAVIS AVENUE",1108.00,N,N,A,-,N,,,,,,,,,,Y,2,0,1,1,A,-,08,22107,,N,F,A,A,A,H,-,D,D,0,,,,,Y,,A,07,1,0,0,0,0,0,0,0,0,"- ","- ",36.477249145507812,-119.88730621337891,FRESNO,UNINCORPORATED,-119.88726043701172,36.477485656738281
92323041,2024,2024-02-26,9435,2024-02-18,"44  ",021703,,7,3,9,1000,0,3,5,,2,025,"FRIANT RD","E BELCHER ST",275.00,S,N,C,-,N,,,,,,,,,,Y,2,0,1,1,A,-,08,22107,,N,E,I,A,B,H,-,D,D,0,,,,,Y,,A,01,1,0,0,0,0,0,0,0,0,"- ","- ",36.978378295898438,-119.71984100341797,FRESNO,UNINCORPORATED,-119.71990203857422,36.978458404541016
92325386,2024,2024-02-28,9435,2024-02-25,1845,020429,,7,2,9,1000,0,3,5,,2,060,"RUTH HILL ROAD","DUNLAP ROAD",4200.00,S,N,A,-,N,,,,,,,,,,Y,2,0,1,1,A,-,08,22107,,N,E,8,A,A,H,-,D,D,0,,,,,Y,,A,07,1,0,0,0,0,0,0,0,0,"- ","- ",36.727161407470703,-119.12663269042969,FRESNO,UNINCORPORATED,-119.12619018554688,36.727489471435547
92329305,2024,2024-03-04,9435,2024-02-24,1137,018609,,6,1,9,1000,0,1,3,,1,169,SR-168,"ROCK CREEK ROAD",2640.00,W,N,A,-,Y,FRE,,168," "," ",55.895,H,,R,Y,2,0,5,3,A,-,08,22107,,N,D,C,E,A,H,-,A,D,0,Y,,,,Y,,A,01,1,3,1,0,1,0,0,0,0,"- ","- ",37.158710479736328,-119.21064758300781,FRESNO,UNINCORPORATED,-119.21065521240234,37.158718109130859
92329831,2024,2024-03-05,9435,2024-02-28,1725,021148,,3,2,9,1000,0,3,5,,2,034,"ACADEMY AVE","CENTRAL AVE",0.00,,Y,A,-,N,,,,,,,,,,Y,2,0,2,3,A,-,12,22450,A,N,B,C,A,A,H,-,B,A,0,,,,,Y,,A,01,1,1,0,0,0,0,0,0,0,"- ","- ",36.677719116210938,-119.55660247802734,FRESNO,UNINCORPORATED,-119.55654907226562,36.677753448486328
92330448,2023,2024-08-14,9435,2023-12-21,"640 ",018746,,4,1,9,1000,0,1,3,,1,180,"STATE ROUTE 180 EASTBOUND","MONROE AVENUE",1056.00,W,N,B,-,N,,,,,,,,,,Y,1,1,0,2,A,-,08,22107,,N,D,C,A,B,H,-,A,D,0,,,,,Y,,D,22,0,0,0,0,0,0,0,0,0,"- ","- ",36.735130310058594,-119.94699096679688,FRESNO,UNINCORPORATED,-119.94699096679688,36.735153198242188
92330479,2023,2024-04-30,9435,2023-07-24,1247,020095,,1,1,9,1000,0,1,3,,1,412,"STATE ROUTE 41 SOUTHBOUND","ELKHORN AVENUE",140.00,N,N,A,-,Y,FRE,,41," ",M,6.101,H,,L,Y,1,1,4,4,A,-,03,22350,,N,C,C,A,A,H,-,A,A,0,,,,Y,Y,,E,22,0,4,0,0,0,0,0,0,0,"- ","- ",36.489738464355469,-119.78952026367188,FRESNO,UNINCORPORATED,-119.78946685791016,36.489723205566406
92331640,2023,2024-03-06,9435,2023-10-07,2303,021703,,6,3,9,1000,0,3,5,,2,025,"MILLERTON ROAD","WINCHELL COVE ROAD",528.00,W,N,A,-,N,,,,,,,,,,Y,1,1,3,2,A,-,01,23152,A,N,A,C,A,A,H,-,D,D,0,,,Y,,Y,Y,C,02,0,0,3,0,0,0,0,1,0,"- ","- ",36.98406982421875,-119.66159057617188,FRESNO,UNINCORPORATED,-119.66141510009766,36.984073638916016
92338238,2023,2024-03-14,9435,2023-12-05,2155,021544,,2,2,9,1000,0,3,5,,2,010,"MCKINLEY AVENUE","MONROE AVENUE",1100.00,W,N,C,-,N,,,,,,,,,,Y,1,1,0,1,A,-,01,23152,F,N,E,8,A,A,H,-,D,D,0,,,,,Y,,D,22,0,0,0,0,0,0,0,0,0,"- ","- ",36.764228820800781,-119.94703674316406,FRESNO,UNINCORPORATED,-119.94689178466797,36.764141082763672
92343693,2024,2024-03-21,9435,2024-03-09,2210,019523,,6,3,9,1000,0,3,5,,2,020,"STATE ROUTE 145","KAMM AVENUE",0.00,,Y,A,-,N,,,,,,,,,,Y,2,0,4,2,A,-,09,21802,A,N,D,C,A,A,H,-,C,D,0,,,,,Y,,A,01,1,1,2,0,0,0,0,0,0,"- ","- ",36.531551361083984,-120.09793090820312,FRESNO,UNINCORPORATED,-120.097900390625,36.531532287597656
92344133,2024,2024-03-21,9435,2024-03-20,"816 ",019705,,3,1,9,1000,0,3,5,,2,034,"NORTH AVE","TEMPERANCE AVE",0.00,,Y,A,-,N,,,,,,,,,,Y,2,0,1,2,A,-,09,21802,,N,D,C,A,A,H,-,A,A,0,,,,Y,Y,,D,22,1,0,0,0,0,0,0,0,0,"- ","- ",36.692859649658203,-119.66391754150391,FRESNO,UNINCORPORATED,-119.66397094726562,36.692829132080078
92347231,2024,2024-03-26,9435,2024-03-16,1230,015095,,6,1,9,1000,0,3,5,,2,030,"BELMONT AVENUE","ACADEMY AVENUE",0.00,,Y,A,-,N,,,,,,,,,,Y,2,0,2,2,A,-,12,21453,A,N,D,C,A,A,H,-,A,A,0,,,,,Y,,A,07,1,1,0,0,0,0,0,0,0,"- ","- ",36.750118255615234,-119.55616760253906,FRESNO,UNINCORPORATED,-119.55618286132812,36.750068664550781
92348670,2024,2024-03-27,9435,2024-03-19,2138,021247,,2,2,9,1000,0,3,5,,2,025,"CLINTON AVENUE","MAPLE AVENUE",0.00,,Y,A,-,N,,,,,,,,,,Y,2,0,1,2,A,-,01,23152,A,N,A,C,A,A,H,-,C,D,0,,,Y,,Y,Y,A,01,1,0,0,0,0,0,0,0,1,"- ","- ",36.772308349609375,-119.74536895751953,FRESNO,UNINCORPORATED,-119.74537658691406,36.772289276123047
92350525,2024,2024-03-29,9435,2024-03-20,2143,021031,,3,2,9,1000,0,3,5,,2,010,"WB ASHLAN AVENUE","THORNE AVENUE",0.00,,Y,A,-,N,,,,,,,,,,Y,2,0,1,2,A,-,17,21200,,N,D,G,A,A,H,-,C,A,0,,Y,,,Y,Y,L,04,1,0,0,0,0,0,1,0,0,"- ","- ",36.793899536132812,-119.81313323974609,FRESNO,UNINCORPORATED,-119.81301116943359,36.793891906738281
92352987,2024,2024-04-02,9435,2024-03-25,1644,016860,,1,2,9,1000,0,3,5,,2,050,"AUBERRY ROAD","GREEN MEADOW LN",80.00,N,N,A,-,N,,,,,,,,,,Y,2,0,1,2,A,-,01,23152,A,N,C,C,A,A,H,-,A,A,0,,,Y,,Y,Y,C,02,1,0,0,0,0,0,0,0,1,"- ","- ",37.005100250244141,-119.58409881591797,FRESNO,UNINCORPORATED,-119.58401489257812,37.005046844482422
92355911,2024,2024-04-04,9435,2024-03-24,1607,020429,,7,2,9,1000,0,3,5,,2,060,"ALTA AVENUE","FLORAL AVENUE",0.00,,Y,B,-,N,,,,,,,,,,Y,2,0,5,2,A,-,01,23152,G,N,D,2,A,A,H,-,A,D,0,,,,,Y,Y,A,01,4,1,0,0,0,0,0,0,0,"- ","- ",36.574970245361328,-119.39504241943359,FRESNO,UNINCORPORATED,-119.39505004882812,36.574954986572266
92358461,2023,2024-04-08,9461,2023-12-28,1435,021056,,4,2,9,1000,0,1,3,,1,604,"STATE ROUTE 33","SHAW AVENUE",528.00,N,N,A,-,Y,FRE,,33," ",R,66.315,H,,R,Y,1,1,0,2,A,-,08,22107,,N,B,C,A,A,H,-,A,D,0,,,,Y,Y,,A,07,0,0,0,0,0,0,0,0,0,"- ","- ",36.809921264648438,-120.42662811279297,FRESNO,UNINCORPORATED,-120.42659759521484,36.809940338134766
92359018,2024,2024-04-08,9435,2024-04-03,"935 ",020429,,3,1,9,1000,0,3,5,,2,060,"RUTH HILL ROAD","SANS BAKER ROAD",2194.00,W,N,A,-,N,,,,,,,,,,Y,2,0,2,2,A,-,05,21650,,N,A,C,A,A,H,-,A,D,0,,,,,Y,,A,01,1,0,1,0,0,0,0,0,0,"- ","- ",36.723781585693359,-119.14275360107422,FRESNO,UNINCORPORATED,-119.14166259765625,36.723731994628906
92360215,2024,2024-04-09,9435,2024-03-28,"843 ",015890,,4,1,9,1000,0,3,5,,2,015,"CEDAR AVENUE","LINCOLN AVENUE",9.00,S,N,B,C,N,,,,,,,,,,Y,2,0,1,2,A,-,09,21802,A,N,E,I,A,B,H,-,A,A,0,,,,Y,Y,,G,25,1,0,0,0,0,0,0,0,0,"- ","- ",36.648818969726562,-119.75473785400391,FRESNO,UNINCORPORATED,-119.75480651855469,36.648826599121094
92360988,2024,2024-04-10,9435,2024-04-03,1715,020540,,3,2,9,1000,0,1,3,,2,184,"STATE ROUTE 180","SEQUOIA LAKE ROAD",243.00,W,N,A,-,Y,FRE,,180," "," ",108.718,H,,R,Y,2,0,2,1,A,-,01,23152,A,N,E,I,A,A,H,-,A,D,0,,,,,Y,Y,A,01,2,0,0,0,0,0,0,0,0,"- ","- ",36.722541809082031,-118.99308776855469,FRESNO,UNINCORPORATED,-118.99314880371094,36.722545623779297
92362391,2024,2024-04-11,9435,2024-04-04,"530 ",015095,,4,3,7,1005,0,1,3,,1,168,"SR-168 W/B (TO SR-180 E/B)","MAPLE AVENUE",132.00,W,N,B,-,Y,FRE,,180," ",R,60.349,H,,R,Y,2,0,1,1,A,-,03,22350,,N,E,I,A,A,H,-,A,D,0,,,,,Y,,A,01,1,0,0,0,0,0,0,0,0,"- ","- ",36.754798889160156,-119.74600219726562,FRESNO,FRESNO,-119.74600219726562,36.754875183105469
92374473,2024,2024-04-24,9461,2024-03-04,2220,020486,,1,3,9,1000,0,2,4,,1,310,"RUSSELL AVENUE","HELM CANAL ROAD",265.00,S,N,A,-,N,,,,,,,,,,N,1,1,0,1,A,-,08,22107,,N,E,I,A,A,H,-,D,D,0,,,,,Y,,A,01,0,0,0,0,0,0,0,0,0,"- ","- ",36.924518585205078,-120.65448760986328,FRESNO,UNINCORPORATED,,
92377179,2024,2024-04-29,9435,2024-04-19,1635,021086,,5,2,9,1000,0,3,5,,2,015,"FLOYD AVENUE","CHURCH AVENUE",0.00,,Y,A,-,N,,,,,,,,,,Y,2,0,2,2,A,-,09,21802,A,N,D,C,A,A,H,-,A,A,0,,,,,Y,,A,01,1,0,1,0,0,0,0,0,0,"- ","- ",36.713119506835938,-119.99729919433594,FRESNO,UNINCORPORATED,-119.99726867675781,36.713142395019531
92380498,2024,2024-05-02,9435,2024-04-22,1122,016860,,1,1,9,1000,0,3,5,,2,050,"WATTS VALLEY ROAD","BURROUGH VALLEY ROAD",7392.00,S,N,A,-,N,,,,,,,,,,N,2,0,1,2,A,-,03,22350,,F,F,0,A,A,H,-,A,A,0,,Y,,,Y,,L,04,1,0,0,0,0,0,1,0,0,"- ","- ",36.95330810546875,-119.34593963623047,FRESNO,UNINCORPORATED,-119.34620666503906,36.951118469238281
92384001,2024,2024-05-07,9435,2024-05-05,2357,021153,,7,3,9,1000,0,1,3,,2,105,"STATE ROUTE 99 (SOUTHBOUND)","OLIVE AVENUE",500.00,S,N,A,-,Y,FRE,,99," "," ",23.206,H,,R,N,2,0,2,2,A,-,01,23152,A,N,D,C,A,A,H,-,D,D,0,,,,,Y,Y,A,01,1,0,1,0,0,0,0,0,0,"- ","- ",36.756118774414062,-119.82907104492188,FRESNO,UNINCORPORATED,-119.82888031005859,36.756191253662109
92385864,2023,2024-05-09,9435,2023-12-04,"218 ",021153,,1,3,7,1005,0,1,3,,2,105,"STATE ROUTE 99 (NORTHBOUND)","OLIVE AVENUE",400.00,N,N,A,-,Y,FRE,,99," "," ",23.386,H,,R,Y,1,1,2,2,A,-,01,23152,A,N,C,C,A,A,H,-,D,D,0,,,,,Y,Y,A,01,0,2,0,0,0,0,0,0,0,"- ","- ",36.758499145507812,-119.83038330078125,FRESNO,FRESNO,-119.830322265625,36.758522033691406
92387125,2024,2024-05-10,9435,2024-05-03,1150,016507,,5,1,9,1000,0,3,5,,2,060,"REED AVE","LINCOLN AVE",1584.00,S,N,A,-,N,,,,,,,,,,Y,2,0,2,2,A,-,08,22107,,N,D,2,A,A,H,-,A,D,0,,,,Y,Y,,D,22,1,0,1,0,0,0,0,0,0,"- ","- ",36.643669128417969,-119.45765686035156,FRESNO,UNINCORPORATED,-119.45761871337891,36.643352508544922
92388027,2024,2024-05-13,9435,2024-04-30,1339,015890,,2,1,9,1000,0,3,5,,2,015,"CLOVIS AVE","ADAMS AVE",1423.00,N,N,A,-,N,,,,,,,,,,Y,2,0,1,1,A,-,03,22350,,N,E,8,A,A,H,-,A,D,0,,,,,Y,,D,22,1,0,0,0,0,0,0,0,0,"- ","- ",36.638481140136719,-119.7000732421875,FRESNO,UNINCORPORATED,-119.69996643066406,36.638313293457031
92394055,2024,2024-05-20,9435,2024-05-10,2355,021544,,5,3,9,1000,0,1,3,,1,180,"SR-180 W/B","S. GARFIELD AVE",1056.00,E,N,A,-,Y,FRE,,180," "," ",50.344,H,,L,Y,2,0,2,1,A,-,01,23152,A,N,F,A,A,A,H,-,D,D,0,,,,,Y,Y,A,01,2,0,0,0,0,0,0,0,0,"- ","- ",36.735179901123047,-119.92122650146484,FRESNO,UNINCORPORATED,-119.92123413085938,36.735332489013672
92395278,2024,2024-05-21,9435,2024-05-09,1049,015890,,4,1,9,1000,0,3,5,,2,040,"MT WHITNEY AVENUE","ELM AVENUE",0.00,,Y,A,-,N,,,,,,,,,,N,2,0,1,2,A,-,09,21801,A,N,D,C,A,A,H,-,A,D,0,,,Y,Y,Y,,F,25,1,0,0,0,0,0,0,0,1,"- ","- ",36.431041717529297,-119.79834747314453,FRESNO,UNINCORPORATED,-119.79833221435547,36.431045532226562
92395515,2024,2024-05-21,9435,2024-05-10,1825,021940,,5,2,9,1000,0,3,5,,2,040,"S. ELM AVE","W. FLORAL AVE",50.00,N,N,A,-,N,,,,,,,,,,Y,2,0,2,2,A,-,12,22450,A,N,C,D,A,A,H,-,A,C,0,,,,,Y,,A,01,1,1,0,0,0,0,0,0,0,"- ","- ",36.576519012451172,-119.79094696044922,FRESNO,UNINCORPORATED,-119.79094696044922,36.576385498046875
92398230,2024,2024-07-16,9435,2024-05-22,1150,016507,,3,1,9,1000,0,3,5,,2,060,"DINUBA AVE","ALTA AVE",0.00,,Y,A,-,N,,,,,,,,,,Y,1,1,1,2,A,-,12,22450,A,N,D,C,A,A,H,-,A,A,0,,,,,Y,,A,01,0,0,1,0,0,0,0,0,0,"- ","- ",36.589420318603516,-119.39501953125,FRESNO,UNINCORPORATED,-119.39502716064453,36.589420318603516
92399968,2024,2024-08-08,9435,2024-05-18,1750,021658,,6,2,9,1000,0,3,5,,2,034,"CHESTNUT AVE.","ANNADALE AVE.",382.00,S,N,A,-,N,,,,,,,,,,Y,2,0,1,1,A,-,01,23152,A,N,E,I,A,A,H,-,A,D,0,,,,,Y,Y,D,22,1,0,0,0,0,0,0,0,0,"- ","- ",36.698688507080078,-119.73635101318359,FRESNO,UNINCORPORATED,-119.73655700683594,36.698593139648438
92400548,2024,2024-05-28,9435,2024-05-17,1045,017310,,5,1,7,1005,0,1,3,,2,410,"SR 41 NB","SHIELDS AVENUE",1056.00,N,N,A,-,Y,FRE,,41," ",R,26.609,H,,R,Y,2,0,1,1,A,-,03,22350,,N,E,I,A,A,H,-,A,D,0,,,,,Y,,-,"- ",1,0,0,0,0,0,0,0,0,"- ","- ",36.781631469726562,-119.78466033935547,FRESNO,FRESNO,-119.78450012207031,36.781623840332031
92404213,2024,2024-06-03,9435,2024-05-18,"925 ",019259,,6,1,7,1005,0,1,3,,1,411,"NORTHBOUND SR-41","JENSEN AVENUE",1056.00,N,N,A,-,Y,FRE,,41," ",R,21.492,H,,R,Y,2,0,1,2,A,-,03,22350,,N,C,C,A,A,H,-,A,D,0,,,Y,,Y,,-,"- ",1,0,0,0,0,0,0,0,1,"- ","- ",36.712371826171875,-119.78431701660156,FRESNO,FRESNO,-119.78432464599609,36.712371826171875
92405398,2024,2024-06-04,9435,2024-05-11,"155 ",020064,,6,3,7,1005,0,1,3,,2,181,"STATE ROUTE 180 (SR-180) EASTBOUND","FRESNO STREET",430.00,E,N,A,-,Y,FRE,,180," ",R,58.457,H,,R,Y,2,0,1,2,A,-,01,23152,A,N,C,E,A,A,H,-,D,D,0,,,,,Y,Y,A,07,1,0,0,0,0,0,0,0,0,"- ","- ",36.753650665283203,-119.77999877929688,FRESNO,FRESNO,-119.78001403808594,36.753704071044922
92405399,2024,2024-06-04,9435,2024-05-29,"935 ",017518,,3,1,9,1000,0,3,5,,2,010,"MARKS AVENUE","OLIVE AVENUE",195.00,S,N,A,-,N,,,,,,,,,,N,2,0,1,3,A,-,08,22107,,N,C,E,A,A,H,-,A,D,0,,,,,Y,,A,08,1,0,0,0,0,0,0,0,0,"- ","- ",36.756839752197266,-119.84423828125,FRESNO,UNINCORPORATED,-119.84432220458984,36.756893157958984
92405916,2024,2024-06-04,9435,2024-05-26,1822,018609,,7,2,9,1000,0,3,5,,2,050,"AUBERRY ROAD","POWERHOUSE ROAD",3696.00,N,N,A,-,N,,,,,,,,,,Y,2,0,1,2,A,-,08,22107,,N,F,A,A,A,H,-,A,D,0,,,Y,,Y,,C,02,1,0,0,0,0,0,0,0,1,"- ","- ",37.081218719482422,-119.4765625,FRESNO,UNINCORPORATED,-119.48744964599609,37.071125030517578
92410668,2024,2024-06-10,9435,2024-05-26,"20  ",021544,,7,3,7,1005,0,3,5,,2,020,"AMERICAN AVE","MODOC AVE",1300.00,E,N,A,-,N,,,,,,,,,,N,2,0,1,1,A,-,08,22107,,N,E,I,A,A,H,-,D,D,0,,,,,Y,,A,01,1,0,0,0,0,0,0,0,0,"- ","- ",36.662029266357422,-120.08583068847656,FRESNO,FRESNO,-120.08386993408203,36.661945343017578
92411347,2024,2024-06-11,9461,2024-06-04,2057,019052,,2,2,9,1000,0,3,5,,2,060,"BRANNON AVE","MERRILL AVE",1584.00,S,N,A,-,N,,,,,,,,,,Y,2,0,1,1,A,-,08,22107,,N,E,I,A,A,H,-,D,D,0,,,,,Y,,A,01,1,0,0,0,0,0,0,0,0,"- ","- ",36.948249816894531,-120.59966278076172,FRESNO,UNINCORPORATED,-120.59969329833984,36.948291778564453
92411985,2024,2024-06-11,9435,2024-04-28,1440,021135,,7,2,9,1000,0,3,5,,2,020,"HERNDERSON ROAD","MARKS AVENUE",134.00,N,N,A,-,N,,,,,,,,,,N,2,0,2,1,A,-,01,23152,A,M,E,8,A,A,H,-,A,D,0,,,,,Y,Y,A,01,1,0,1,0,0,0,0,0,0,"- ","- ",36.558830261230469,-119.84552001953125,FRESNO,UNINCORPORATED,-119.84512329101562,36.552951812744141
92414346,2023,2024-06-13,9435,2023-12-13,1820,021119,,3,2,9,1000,0,3,5,,2,040,"MOUNT WHITNEY AVENUE","BRYAN AVENUE",1100.00,E,N,A,-,N,,,,,,,,,,Y,1,1,0,2,A,-,11,21954,A,N,G,B,E,A,H,-,D,D,0,Y,,,,Y,,N,60,0,0,0,1,0,0,0,0,0,"- ","- ",36.430721282958984,-119.90859222412109,FRESNO,UNINCORPORATED,-119.91039276123047,36.430709838867188
92414350,2024,2024-06-13,9435,2024-03-11,1529,021290,,1,2,7,1005,0,1,3,,2,182,"STATE ROUTE 180 W/B FROM CHESTNUT AVENUE","MAPLE AVENUE",950.00,E,N,A,-,Y,,,,,,,,,,Y,1,1,1,1,A,-,08,22107,,N,E,8,A,A,H,-,A,D,0,,,,,Y,,A,08,0,1,0,0,0,0,0,0,0,"- ","- ",36.755611419677734,-119.74198150634766,FRESNO,FRESNO,-119.74456024169922,36.755130767822266
92414363,2023,2024-06-13,9435,2023-08-02,1743,021703,,3,2,9,1000,0,3,5,,2,034,"CLOVIS AVENUE NORTHBOUND","AMERICAN AVENUE",157.00,S,N,A,-,N,,,,,,,,,,Y,1,1,1,3,A,-,01,23152,G,N,C,C,A,A,H,-,A,D,0,,,,Y,Y,Y,A,01,0,0,1,0,0,0,0,0,0,"- ","- ",36.663089752197266,-119.69969177246094,FRESNO,UNINCORPORATED,-119.69986724853516,36.663127899169922
92417519,2024,2024-06-18,9435,2024-03-23,1800,021299,,6,2,9,1000,0,1,3,,2,106,"STATE ROUTE 99 SOUTHBOUND","AMERICAN AVENUE",4651.00,S,N,C,-,Y,FRE,,99," "," ",13.628,H,,L,Y,1,1,3,1,A,-,03,22350,,N,E,I,A,B,H,-,B,D,0,,,,,Y,,D,22,1,2,0,0,0,0,0,0,0,"- ","- ",36.653820037841797,-119.71450042724609,FRESNO,UNINCORPORATED,-119.71439361572266,36.653892517089844
92417817,2024,2024-06-18,9435,2024-06-17,1135,019926,,1,1,9,1000,0,3,5,,2,034,"ADAMS AVE","ACADEMY AVE",1584.00,W,N,A,-,N,,,,,,,,,,Y,2,0,1,1,A,-,03,22350,,N,F,A,A,A,H,-,A,D,0,,,Y,,Y,,C,02,1,0,0,0,0,0,0,0,1,"- ","- ",36.634159088134766,-119.56201934814453,FRESNO,UNINCORPORATED,-119.56214141845703,36.634166717529297
92419425,2024,2024-06-20,9435,2024-06-13,"855 ",015890,,4,1,9,1000,0,3,5,,2,015,"SOUTH AVE","CHESTNUT AVE",0.00,,Y,A,-,N,,,,,,,,,,Y,2,0,1,2,A,-,12,22450,A,N,D,C,A,A,H,-,A,A,0,,,,Y,Y,,G,25,1,0,0,0,0,0,0,0,0,"- ","- ",36.619941711425781,-119.73686981201172,FRESNO,UNINCORPORATED,-119.73683929443359,36.619930267333984
9242288,2020,2021-03-24,1001,2020-09-04,1237,5605,,5,5,5,1001,0,0,0,,0,002,"SAN GABRIEL AV","CLOVIS AV",0.00,,Y,A,-,N,,,,,,,,,,Y,2,0,2,2,A,-,03,22350,,N,D,C,A,A,H,-,A,A,0,,,Y,,Y,,C,02,1,1,0,0,0,0,0,0,1,"- ","- ",36.803489685058594,-119.70053100585938,FRESNO,CLOVIS,-119.70053100585938,36.803489685058594
92423262,2024,2024-06-25,9435,2024-06-14,"726 ",015890,,5,1,9,1000,0,3,5,,2,040,"RIVERDALE AVE","FOWLER AVE",0.00,,Y,A,-,N,,,,,,,,,,Y,2,0,2,2,A,-,09,21802,A,N,D,2,A,A,H,-,A,A,0,,,,,Y,,A,01,1,1,0,0,0,0,0,0,0,"- ","- ",36.438129425048828,-119.68797302246094,FRESNO,UNINCORPORATED,-119.68792724609375,36.4381103515625
92423887,2024,2024-06-26,9435,2024-06-15,1830,020977,,6,2,9,1000,0,1,3,,2,107,"STATE ROUTE 99","SECOND STREET O/C",1584.00,N,N,A,-,Y,FRE,,99," ",R,5.650,H,,R,Y,2,0,1,2,A,-,01,23152,A,N,C,C,A,A,H,-,A,D,0,,,Y,,Y,Y,C,02,1,0,0,0,0,0,0,0,1,"- ","- ",36.567340850830078,-119.61943817138672,FRESNO,UNINCORPORATED,-119.61939239501953,36.567375183105469