CASE_ID,ACCIDENT_YEAR,PROC_DATE,JURIS,COLLISION_DATE,COLLISION_TIME,OFFICER_ID,REPORTING_DISTRICT,DAY_OF_WEEK,CHP_SHIFT,POPULATION,CNTY_CITY_LOC,SPECIAL_COND,BEAT_TYPE,CHP_BEAT_TYPE,CITY_DIVISION_LAPD,CHP_BEAT_CLASS,BEAT_NUMBER,PRIMARY_RD,SECONDARY_RD,DISTANCE,DIRECTION,INTERSECTION,WEATHER_1,WEATHER_2,STATE_HWY_IND,CALTRANS_COUNTY,CALTRANS_DISTRICT,STATE_ROUTE,ROUTE_SUFFIX,POSTMILE_PREFIX,POSTMILE,LOCATION_TYPE,RAMP_INTERSECTION,SIDE_OF_HWY,TOW_AWAY,COLLISION_SEVERITY,NUMBER_KILLED,NUMBER_INJURED,PARTY_COUNT,PRIMARY_COLL_FACTOR,PCF_CODE_OF_VIOL,PCF_VIOL_CATEGORY,PCF_VIOLATION,PCF_VIOL_SUBSECTION,HIT_AND_RUN,TYPE_OF_COLLISION,MVIW,PED_ACTION,ROAD_SURFACE,ROAD_COND_1,ROAD_COND_2,LIGHTING,CONTROL_DEVICE,CHP_ROAD_TYPE,PEDESTRIAN_ACCIDENT,BICYCLE_ACCIDENT,MOTORCYCLE_ACCIDENT,TRUCK_ACCIDENT,NOT_PRIVATE_PROPERTY,ALCOHOL_INVOLVED,STWD_VEHTYPE_AT_FAULT,CHP_VEHTYPE_AT_FAULT,COUNT_SEVERE_INJ,COUNT_VISIBLE_INJ,COUNT_COMPLAINT_PAIN,COUNT_PED_KILLED,COUNT_PED_INJURED,COUNT_BICYCLIST_KILLED,COUNT_BICYCLIST_INJURED,COUNT_MC_KILLED,COUNT_MC_INJURED,PRIMARY_RAMP,SECONDARY_RAMP,LATITUDE,LONGITUDE,COUNTY,CITY,POINT_X,POINT_Y
92426330,2024,2024-06-28,9461,2024-05-09,"240 ",021536,,4,3,9,1000,0,2,4,,1,310,"RUSSELL AVENUE","HELM CANAL ROAD",177.00,S,N,A,-,N,,,,,,,,,,Y,1,1,0,1,A,-,08,22107,,N,E,I,A,A,H,-,D,D,0,,,,,Y,,A,01,0,0,0,0,0,0,0,0,0,"- ","- ",36.925209045410156,-120.65409851074219,FRESNO,UNINCORPORATED,,
92427732,2024,2024-07-01,9435,2024-03-19,1725,021299,,2,2,9,1000,0,3,5,,2,034,"CLOVIS AVENUE","BUTLER AVENUE",0.00,,Y,A,-,N,,,,,,,,,,Y,1,2,0,1,A,-,08,22107,,N,E,I,A,A,H,-,A,A,0,,,,,Y,Y,A,07,0,0,0,0,0,0,0,0,0,"- ","- ",36.728618621826172,-119.69982147216797,FRESNO,UNINCORPORATED,-119.70011138916016,36.728557586669922
92428807,2024,2024-10-25,9435,2024-06-13,1615,022112,,4,2,7,1005,0,1,3,,2,105,"SR-99 S/B","ASHLAN AVE",1320.00,N,N,A,-,Y,FRE,,99," "," ",27.330,H,,L,N,2,0,1,4,A,-,03,22350,,N,C,2,A,A,H,-,A,A,0,,,,,Y,,A,01,1,0,0,0,0,0,0,0,0,"- ","- ",36.800899505615234,-119.8763427734375,FRESNO,FRESNO,-119.87636566162109,36.800872802734375
92428940,2024,2024-08-14,9435,2024-06-21,1740,020977,,5,2,7,1005,0,1,3,,2,105,"S/B SR-99 TO E/B SR-180","N/B SR-99 TO W/B SR-180",400.00,N,N,A,-,Y,,,,,,,,,,Y,2,0,2,4,A,-,03,22350,,N,C,2,A,A,H,-,A,D,0,,,,,Y,,A,01,2,0,0,0,0,0,0,0,0,"- ","- ",36.741840362548828,-119.81832885742188,FRESNO,FRESNO,,
92430315,2024,2024-07-03,9435,2024-06-23,1321,017579,,7,1,9,1000,0,3,5,,2,010,"GARFIELD AVE","SHAW AVE",0.00,,Y,A,-,N,,,,,,,,,,Y,2,0,2,2,A,-,09,21802,A,N,D,C,A,A,H,-,A,A,0,,,,,Y,,A,01,1,0,1,0,0,0,0,0,0,"- ","- ",36.807819366455078,-119.92546081542969,FRESNO,UNINCORPORATED,-119.92549896240234,36.807838439941406
92430361,2024,2024-07-03,9435,2024-06-24,"510 ",021982,,1,3,7,1005,0,3,5,,2,034,"JENSEN AVE","SUNNYSIDE AVE",650.00,W,N,A,-,N,,,,,,,,,,Y,2,0,1,3,A,-,01,23152,A,N,C,4,A,A,H,-,D,D,0,,,,,Y,Y,A,01,1,0,0,0,0,0,0,0,0,"- ","- ",36.707561492919922,-119.69332885742188,FRESNO,FRESNO,-119.6932373046875,36.70751953125
92433101,2024,2024-07-08,9435,2024-07-06,"421 ",021153,,6,3,9,1000,0,1,3,,1,180,"STATE ROUTE 180","BLYTHE AVENUE",0.00,,Y,A,-,Y,FRE,,180," "," ",53.090,H,,R,N,2,0,1,2,A,-,12,22450,A,F,D,C,A,A,H,-,D,A,0,,,,,Y,,D,22,1,0,0,0,0,0,0,0,0,"- ","- ",36.735500335693359,-119.87156677246094,FRESNO,UNINCORPORATED,-119.87156677246094,36.735492706298828
92437672,2024,2024-07-12,9461,2024-06-30,2230,023015,,7,3,9,1000,0,1,1,,2,305,"I-5 N/B","PANOCHE RD",10560.00,N,N,A,-,Y,FRE,,5," "," ",51.589,H,,R,N,2,0,2,4,A,-,08,22107,,N,B,C,A,A,H,-,D,D,0,,,,Y,Y,,A,01,1,1,0,0,0,0,0,0,0,"- ","- ",36.671630859375,-120.64726257324219,FRESNO,UNINCORPORATED,-120.64725494384766,36.671630859375
92438054,2024,2024-07-12,9435,2024-06-29,2310,021386,,6,3,9,1000,0,3,5,,2,034,"CLOVIS AVENUE","COLUMBIA DR  N",700.00,S,N,A,-,N,,,,,,,,,,Y,2,0,2,4,A,-,01,23152,A,F,E,8,A,A,H,-,D,D,0,,,,,Y,Y,A,01,1,1,0,0,0,0,0,0,0,"- ","- ",36.725090026855469,-119.69996643066406,FRESNO,UNINCORPORATED,-119.70004272460938,36.725147247314453
92439160,2024,2024-07-15,9495,2024-06-28,"105 ",021714,,5,3,9,1000,0,1,3,,2,005,"STATE ROUTE 33","PALMER AVE",6336.00,N,N,A,-,Y,FRE,,33," "," ",23.031,H,,R,N,2,0,1,2,A,-,08,22107,,N,B,C,A,A,H,-,D,D,0,,,,Y,Y,,A,01,1,0,0,0,0,0,0,0,0,"- ","- ",36.228019714355469,-120.31356811523438,FRESNO,UNINCORPORATED,-120.31354522705078,36.228019714355469
92440481,2024,2024-07-16,9435,2024-07-10,2051,020319,,3,2,9,1000,0,1,3,,1,180,SR-180,"HOWARD AVE",1662.00,W,N,A,-,Y,FRE,,180," "," ",44.321,H,,R,Y,2,0,3,3,A,-,08,22107,,N,D,C,A,A,H,-,D,D,0,,,,,Y,,A,08,1,0,2,0,0,0,0,0,0,"- ","- ",36.734909057617188,-120.02993011474609,FRESNO,UNINCORPORATED,-120.02993011474609,36.734951019287109
92440645,2024,2024-07-16,9435,2024-07-09,1025,020429,,2,1,9,1000,0,3,5,,2,060,"CHUCKWAGON ROAD","BUTTERNUT LANE",200.00,S,N,A,-,N,,,,,,,,,,Y,2,0,4,1,A,-,08,22107,,N,E,I,A,A,H,-,A,D,0,,,,,Y,,A,07,4,0,0,0,0,0,0,0,0,"- ","- ",36.691139221191406,-119.11611938476562,FRESNO,UNINCORPORATED,-119.133544921875,36.699352264404297
9256081,2020,2021-05-04,1005,2020-09-05,2137,P1131,1E,6,5,7,1005,0,0,0,,0,2755,"FRESNO ST","E ST",7.00,E,N,A,-,N,,,,,,,,,,N,1,1,0,2,A,-,03,22350,,N,G,B,B,A,H,-,C,A,0,Y,,,,Y,Y,D,22,0,0,0,1,0,0,0,0,0,"- ","- ",36.7318115234375,-119.79820251464844,FRESNO,FRESNO,-119.79817962646484,36.7318115234375
9256082,2020,2021-05-04,1005,2020-09-12,1923,P1131,CE/C,6,5,7,1005,0,0,0,,0,1923,"WEBER AV","CLINTON AV",226.00,N,N,A,-,N,,,,,,,,,,N,1,1,0,3,A,-,03,22350,,F,G,B,D,A,H,-,A,D,0,Y,,,,Y,,A,01,0,0,0,1,0,0,0,0,0,"- ","- ",,,FRESNO,FRESNO,-119.83460998535156,36.772449493408203
9256083,2020,2022-06-11,1005,2020-09-25,0535,P1131,SE/F,5,5,7,1005,0,0,0,,0,2762,"KINGS CANYON RD","WINERY AV",194.00,W,N,A,-,N,,,,,,,,,,Y,1,1,0,2,A,-,11,21954,A,N,G,B,D,A,H,-,C,D,0,Y,,,,Y,,N,60,0,0,0,1,0,0,0,0,0,"- ","- ",36.73583984375,-119.73204040527344,FRESNO,FRESNO,-119.73257446289062,36.736007690429688
9256084,2020,2021-05-04,1005,2020-09-26,0118,P1131,SE/E,6,5,7,1005,0,0,0,,0,3058,"JENSEN AV","PULLMAN ST",1100.00,W,N,A,-,N,,,,,,,,,,Y,1,1,4,2,A,-,03,22350,,N,A,C,A,A,H,-,C,D,0,,,,,Y,Y,A,01,4,0,0,0,0,0,0,0,0,"- ","- ",36.706760406494141,-119.76026153564453,FRESNO,FRESNO,-119.76365661621094,36.707511901855469
9256087,2020,2021-05-04,1005,2020-11-04,0535,P1131,1/B,3,5,7,1005,0,0,0,,0,2556,"BELMONT AV","AUGUSTA ST",97.00,W,N,A,-,N,,,,,,,,,,N,1,1,0,3,A,-,11,21954,A,F,G,B,D,A,H,-,D,D,0,Y,,,,Y,,N,60,0,0,0,1,0,0,0,0,0,"- ","- ",36.750389099121094,-119.77980804443359,FRESNO,FRESNO,-119.78028869628906,36.750461578369141
9256089,2020,2022-06-11,1005,2020-11-25,1758,P1131,5/E,3,5,7,1005,0,0,0,,0,1653,"SHAW AV","THORNE AV",24.00,E,N,A,-,N,,,,,,,,,,Y,1,1,0,2,A,-,11,21954,A,N,G,B,D,A,H,-,D,D,0,Y,,,,Y,Y,N,60,0,0,0,1,0,0,0,0,0,"- ","- ",36.80828857421875,-119.81285858154297,FRESNO,FRESNO,-119.81282806396484,36.808479309082031
9256279,2021,2023-06-20,1011,2021-05-18,2050,K078,,2,5,3,1011,0,0,0,,0,,"ACADEMY AV","PARLIER AV",46.00,W,N,A,-,N,,,,,,,,,,N,1,1,0,2,A,-,11,21954,A,N,G,B,D,A,H,-,C,D,0,Y,,,,Y,,N,60,0,0,0,1,0,0,0,0,0,"- ","- ",36.612339019775391,-119.5567626953125,FRESNO,PARLIER,-119.55690765380859,36.612369537353516
9256483,2021,2021-08-12,1013,2021-02-01,0028,M164,SANGE,1,5,3,1013,0,0,0,,0,002,"CHURCH AV","ACADEMY AV",8.00,W,N,A,-,N,,,,,,,,,,N,1,1,0,2,A,-,10,21950,A,F,G,B,D,A,H,-,C,D,0,Y,,,,Y,Y,A,01,0,0,0,1,0,0,0,0,0,"- ","- ",36.713088989257812,-118.58718109130859,FRESNO,SANGER,-119.55720520019531,36.713047027587891
92596119,2024,2024-07-24,9435,2024-02-18,"532 ",020429,,7,3,9,1000,0,1,3,,2,184,"STATE ROUTE 180","GEORGE SMITH ROAD",1640.00,W,N,A,-,Y,FRE,,180," "," ",89.058,H,,R,Y,1,1,2,2,A,-,01,23152,A,N,A,C,A,B,H,-,D,D,0,,,,,Y,Y,A,07,2,0,0,0,0,0,0,0,0,"- ","- ",36.735889434814453,-119.26371765136719,FRESNO,UNINCORPORATED,-119.26372528076172,36.735897064208984
92596864,2024,2024-07-24,9435,2024-07-22,1445,022112,,1,2,9,1000,0,3,5,,2,015,"DICKENSON AVE","CALIFORNIA AVE",0.00,,Y,A,-,N,,,,,,,,,,Y,2,0,3,2,A,-,01,23152,A,N,D,C,A,A,H,-,A,A,0,,,,,Y,Y,A,07,3,0,0,0,0,0,0,0,0,"- ","- ",36.720508575439453,-119.97000122070312,FRESNO,UNINCORPORATED,-119.97001647949219,36.720504760742188
92596967,2024,2024-07-24,9461,2024-07-16,1200,021126,,2,1,9,1000,0,3,5,,2,060,"SAN DIEGO AVENUE","BELMONT AVENUE",528.00,N,N,A,-,N,,,,,,,,,,Y,2,0,1,1,A,-,08,22107,,N,E,J,A,A,H,-,A,D,0,,,,,Y,,A,01,1,0,0,0,0,0,0,0,0,"- ","- ",36.751251220703125,-120.44132995605469,FRESNO,UNINCORPORATED,-120.44141387939453,36.750480651855469
9260394,2021,2021-06-23,1011,2021-05-25,0303,K084,PA,2,5,3,1011,0,0,0,,0,0PA,MANNING,MADSEN,0.00,,Y,A,-,N,,,,,,,,,,Y,2,0,1,1,A,-,03,22350,A,N,E,J,A,A,H,-,C,D,0,,,,,Y,,A,01,1,0,0,0,0,0,0,0,0,"- ","- ",36.605201721191406,-119.54514312744141,FRESNO,PARLIER,-119.53907012939453,36.604808807373047
9265965,2021,2021-05-27,1002,2021-04-14,1449,E1503,CO,3,5,3,1002,0,0,0,,0,E050,"WEST POLK ST","MONTEREY ST",0.00,,Y,A,-,N,,,,,,,,,,N,2,0,1,1,A,-,08,22107,,N,E,I,A,A,H,-,A,D,0,,,,,Y,,-,,1,0,0,0,0,0,0,0,0,"- ","- ",36.136470794677734,-120.37241363525391,FRESNO,COALINGA,-120.37238311767578,36.136512756347656
92726351,2024,2024-07-26,9435,2024-07-22,2340,019523,,1,3,9,1000,0,3,5,,2,015,"JAMES ROAD","COLORADO ROAD",100.00,N,N,A,-,N,,,,,,,,,,Y,2,0,1,1,A,-,01,23152,A,N,F,A,A,A,H,-,D,A,0,,,,,Y,Y,A,01,1,0,0,0,0,0,0,0,0,"- ","- ",36.652801513671875,-120.25034332275391,FRESNO,UNINCORPORATED,-120.25025939941406,36.652713775634766
92878480,2024,2024-07-30,9461,2024-07-22,"525 ",022033,,1,3,9,1000,0,1,3,,1,604,SR-33,"SHAW AVENUE",10032.00,S,N,A,-,Y,FRE,,33," ",R,64.157,H,,R,Y,2,0,2,1,A,-,08,22107,,M,F,A,A,A,H,-,A,D,0,,,,,Y,,A,07,2,0,0,0,0,0,0,0,0,"- ","- ",36.784248352050781,-120.40434265136719,FRESNO,UNINCORPORATED,-120.40448760986328,36.784168243408203
9289577,2021,2021-08-20,1015,2021-07-03,0845,N085,SELMA,6,5,3,1015,0,0,0,,0,N100,"WHITSON ST","FLORAL AV",1003.00,N,N,A,-,N,,,,,,,,,,Y,2,0,1,2,A,-,11,21954,A,F,A,B,E,A,H,-,D,D,0,Y,,,,Y,,N,60,1,0,0,0,1,0,0,0,0,"- ","- ",36.568851470947266,-119.63017272949219,FRESNO,SELMA,-119.62657928466797,36.578594207763672
9291702,2021,2021-09-11,1012,2021-07-03,2038,L131,REEDL,6,5,3,1012,0,0,0,,0,"AREA 1","KINGS RIVER RD","DINUBA AV",2980.00,N,N,A,C,N,,,,,,,,,,Y,2,0,1,1,A,-,01,23153,A,N,E,I,A,A,H,-,D,D,0,,,,,Y,Y,A,01,1,0,0,0,0,0,0,0,0,"- ","- ",36.589580535888672,-119.46685791015625,FRESNO,REEDLEY,-119.47129821777344,36.597480773925781
9294444,2021,2021-08-23,1001,2021-07-03,0821,5823,,6,5,5,1001,0,0,0,,0,001,"WILLOW AV","W GETTYSBURG AV",358.00,S,N,B,-,N,,,,,,,,,,Y,2,0,1,3,A,-,01,23152,A,N,B,E,A,A,H,-,A,A,0,,,,,Y,Y,D,22,1,0,0,0,0,0,0,0,0,"- ","- ",36.801261901855469,-119.72724151611328,FRESNO,CLOVIS,-119.72734069824219,36.800277709960938
9294834,2021,2021-09-28,1001,2021-07-04,2151,5133,,7,5,5,1001,0,0,0,,0,004,"WEST HERNDON AV","N WILLOW AV N",0.00,,Y,A,-,N,,,,,,,,,,Y,2,0,1,2,A,-,12,21453,A,N,D,C,A,A,H,-,C,A,0,,,Y,,Y,,C,02,1,0,0,0,0,0,0,0,1,"- ","- ",38.837528228759766,-119.72944641113281,FRESNO,CLOVIS,-119.72946929931641,36.837539672851562
92997319,2024,2024-07-31,9435,2024-07-21,"612 ",019603,,7,1,9,1000,0,1,3,,1,180,"STATE ROUTE 180","POLK AVENUE",224.00,E,N,A,-,Y,FRE,,180," "," ",52.125,H,,R,Y,2,0,4,2,A,-,01,23152,A,N,A,C,A,A,H,-,A,D,0,,,,,Y,Y,A,01,2,1,1,0,0,0,0,0,0,"- ","- ",36.735431671142578,-119.88896942138672,FRESNO,UNINCORPORATED,-119.88896942138672,36.735466003417969
9301838,2021,2023-06-20,1009,2021-05-07,2020,R086,MENDO,5,5,2,1009,0,0,0,,0,0ME,RT-180,"8TH ST",124.00,N,N,A,-,Y,FRE,6,180,-,-,24.070,H,-,E,N,1,1,0,2,A,-,03,22350,,N,G,B,D,A,H,-,B,D,0,Y,,,,Y,Y,N,60,0,0,0,1,0,0,0,0,0,"- ","- ",36.753150939941406,-120.38091278076172,FRESNO,MENDOTA,-120.37935638427734,36.754539489746094
9320198,2021,2023-06-20,1001,2021-06-12,2248,5635,,6,5,5,1001,0,0,0,,0,005,"NORTH CLOVIS AV",SCOTT,436.00,N,N,A,-,N,,,,,,,,,,Y,1,1,0,2,A,-,11,21954,A,N,G,B,D,A,H,-,C,D,0,Y,,,,Y,Y,N,60,0,0,0,1,0,0,0,0,0,"- ","- ",36.812168121337891,-119.70018768310547,FRESNO,CLOVIS,-119.70034790039062,36.812416076660156
9320205,2021,2021-12-27,1011,2021-10-07,1230,K040,PARLI,4,5,3,1011,0,0,0,,0,0PA,"ACADEMY AV","PARLIER AV",0.00,,Y,A,-,N,,,,,,,,,,Y,1,1,1,2,A,-,09,21801,B,N,D,C,A,A,H,-,A,A,0,,,,,Y,,D,22,1,0,0,0,0,0,0,0,0,"- ","- ",36.604579925537109,-119.56156921386719,FRESNO,PARLIER,-119.55690765380859,36.612369537353516
9320412,2020,2022-02-23,1005,2020-09-14,2118,P1070,"CE D",1,5,7,1005,0,0,0,,0,2257,"1ST ST","YALE AV",127.00,N,N,A,-,N,,,,,,,,,,Y,1,1,0,2,A,-,01,21200,5,N,H,G,A,A,H,-,C,D,0,,Y,,,Y,Y,L,04,0,0,0,0,0,1,0,0,0,"- ","- ",36.770359039306641,-119.77259063720703,FRESNO,FRESNO,-119.77264404296875,36.770797729492188
9320414,2020,2022-02-23,1005,2020-11-13,1722,P1070,"SW G",5,5,7,1005,0,0,0,,0,3259,"NORTH AV","GOLDEN STATE FRONTAGE RD",35.00,W,N,B,-,N,,,,,,,,,,N,1,1,0,2,A,-,03,22350,,F,D,G,A,A,H,-,D,A,0,,Y,,,Y,Y,A,07,0,0,0,0,0,1,0,0,0,"- ","- ",36.692428588867188,-119.75257873535156,FRESNO,FRESNO,-119.75286865234375,36.692401885986328
9320415,2020,2022-02-23,1005,2020-12-01,1738,P1070,"CE C",2,5,7,1005,0,0,0,,0,2154,"SHIELDS AV","WISHON AV",69.00,W,N,A,-,N,,,,,,,,,,Y,1,1,3,2,A,-,12,22451,A,N,H,F,A,A,H,-,C,A,0,,,,,Y,,A,08,0,1,2,0,0,0,0,0,0,"- ","- ",36.779399871826172,-119.80222320556641,FRESNO,FRESNO,-119.80241394042969,36.779510498046875
9320496,2022,2022-03-10,1015,2022-02-19,1426,N125,SELMA,6,5,3,1015,0,0,0,,0,N100,"MCCALL AV","NORTHILL ST",60.00,S,N,A,-,,,,,,,,,,,,1,1,0,2,A,-,17,21663,,F,G,B,F,A,H,-,A,D,0,Y,,,,Y,,A,08,0,0,0,1,0,0,0,0,0,"- ","- ",36.586799621582031,-119.61071014404297,FRESNO,SELMA,-119.61067199707031,36.586494445800781
9320576,2022,2022-03-24,1015,2022-02-28,2115,N042,SELMA,1,5,3,1015,0,0,0,,0,SELMA,"MCCALL AV","HICKS ST",156.00,N,N,A,-,N,,,,,,,,,,Y,1,1,0,2,A,-,08,22107,,N,D,C,A,A,H,-,C,D,0,,,Y,,Y,,C,02,0,0,0,0,0,0,0,0,0,"- ","- ",36.588520050048828,-119.61070251464844,FRESNO,SELMA,-119.61065673828125,36.5888671875
9320603,2021,2022-04-15,1001,2021-09-09,2221,5465,,4,5,5,1001,0,0,0,,0,005,"CLOVIS AV","JEFFERSON AV",42.00,N,N,B,-,N,,,,,,,,,,Y,1,1,0,1,A,-,01,23152,A,N,E,I,A,A,H,-,C,D,0,,,Y,,Y,Y,C,02,0,0,0,0,0,0,0,1,0,"- ","- ",36.818431854248047,-119.70036315917969,FRESNO,CLOVIS,-119.70041656494141,36.817714691162109
9321090,2022,2022-08-05,1015,2022-05-18,0223,N042,SELMA,3,5,3,1015,0,0,0,,0,,"GOLDEN STATE BL",DINUBA,766.00,S,N,A,-,N,,,,,,,,,,N,1,1,0,2,A,-,11,21954,A,N,G,B,E,A,H,-,D,D,0,Y,,,,Y,,N,60,0,0,0,1,0,0,0,0,0,"- ","- ",,,FRESNO,SELMA,-119.63688659667969,36.588893890380859
9340722,2021,2021-11-01,1012,2021-09-15,2055,L139,REEDL,3,5,3,1012,0,0,0,,0,0RE,"CEDAR AV","EL DORADO AV",20.00,W,N,-,-,N,,,,,,,,,,,2,0,1,2,A,-,12,22450,A,N,D,C,A,A,H,-,C,D,0,,,,,Y,Y,-,,1,0,0,0,0,0,0,0,0,"- ","- ",36.590888977050781,-119.43775177001953,FRESNO,REEDLEY,-119.43274688720703,36.599048614501953
9356462,2021,2021-11-01,1013,2021-09-19,0217,M144,SANGE,7,5,3,1013,0,0,0,,0,M01,"JENSEN AV","INDIANOLA AV",0.00,,Y,A,-,N,,,,,,,,,,N,2,0,1,2,A,-,01,23152,A,N,D,C,A,A,H,-,C,D,0,,,Y,,Y,Y,A,01,1,0,0,0,0,0,0,0,1,"- ","- ",36.706771850585938,-119.58312225341797,FRESNO,SANGER,-119.58318328857422,36.706825256347656
94080931,2024,2024-08-12,9435,2024-08-05,2140,017518,,1,2,7,1005,0,1,3,,2,182,"STATE ROUTE 180 E/B","FIRST STREET",455.00,E,N,A,-,Y,FRE,,180," ",R,58.970,H,,R,Y,2,0,1,1,A,-,01,23152,A,N,E,8,A,A,H,-,D,D,0,,,,,Y,Y,D,22,1,0,0,0,0,0,0,0,0,"- ","- ",36.754829406738281,-119.77085876464844,FRESNO,FRESNO,-119.77085113525391,36.754779815673828
9417400,2022,2022-04-05,1013,2022-02-05,1658,M166,SANGE,6,5,3,1013,0,0,0,,0,M02,"5TH ST","J ST",66.00,W,N,A,-,N,,,,,,,,,,Y,2,0,1,5,A,-,01,23153,A,F,C,E,A,A,H,-,A,D,0,,,,Y,Y,Y,F,55,1,0,0,0,0,0,0,0,0,"- ","- ",,,FRESNO,SANGER,-119.55247497558594,36.709690093994141
9422353,2022,2022-05-03,1001,2022-02-12,0901,5809,,6,5,5,1001,0,0,0,,0,007,"NORTH MINNEWAWA AV",BEDFORD,192.00,S,N,A,-,N,,,,,,,,,,Y,2,0,1,1,A,-,03,22350,,N,F,I,A,A,H,-,A,D,0,,,,,Y,,-,"- ",1,0,0,0,0,0,0,0,0,"- ","- ",36.846828460693359,-119.71122741699219,FRESNO,CLOVIS,-119.71124267578125,36.846302032470703
94371714,2024,2024-08-27,9495,2024-06-06,"207 ",020021,,4,3,9,1000,0,1,3,,1,006,"STATE ROUTE 33 (S. LOST HILLS ROAD)","ZAPATO CHINO CREEK BRIDGE #42-115",140.00,N,N,A,-,Y,FRE,,33," "," ",5.316,H,,R,Y,1,1,0,1,A,-,01,23152,G,N,E,8,A,A,H,-,D,D,0,,,,,Y,Y,D,22,0,0,0,0,0,0,0,0,0,"- ","- ",36.073341369628906,-120.22846221923828,FRESNO,UNINCORPORATED,-120.22843170166016,36.073360443115234
94373308,2024,2024-08-28,9435,2024-08-18,"415 ",021315,,7,3,9,1000,0,1,3,,1,180,"STATE ROUTE 180","CORNELIA AVENUE",0.00,,Y,A,-,N,,,,,,,,,,Y,2,0,3,2,A,-,01,23152,A,N,A,C,A,A,H,-,D,D,0,,,,,Y,Y,A,01,3,0,0,0,0,0,0,0,0,"- ","- ",36.735530853271484,-119.88079071044922,FRESNO,UNINCORPORATED,-119.88072204589844,36.735469818115234
94374079,2024,2024-08-28,9435,2024-08-18,1218,016860,,7,1,9,1000,0,3,5,,2,050,"PITTMAN HILL ROAD","SALES CREEK RD",528.00,N,N,A,-,N,,,,,,,,,,Y,2,0,1,1,A,-,08,22107,,N,E,J,A,A,H,-,A,D,0,,,Y,,Y,,C,02,1,0,0,0,0,0,0,0,1,"- ","- ",36.931331634521484,-119.45731353759766,FRESNO,UNINCORPORATED,-119.45747375488281,36.930953979492188
94375895,2024,2024-08-29,9461,2024-07-29,2028,019052,,1,2,9,1000,0,1,1,,2,305,"INTERSTATE 5 SOUTHBOUND","NEES AVENUE",1056.00,S,N,A,-,Y,FRE,,5," "," ",66.003,H,,L,Y,1,1,0,2,A,-,08,22107,,N,D,C,A,A,H,-,B,D,0,,,,,Y,,A,01,0,0,0,0,0,0,0,0,0,"- ","- ",36.853008270263672,-120.77597045898438,FRESNO,UNINCORPORATED,-120.77601623535156,36.852989196777344
94375909,2024,2024-08-29,9435,2024-07-27,"415 ",021930,,6,3,9,1000,0,1,3,,1,147,SR-145,"KAMM AVE",2072.00,S,N,A,-,Y,FRE,,145," "," ",19.885,H,,R,Y,2,0,2,3,A,-,06,21750,A,F,A,C,A,A,H,-,D,D,0,,,,,Y,,A,01,1,0,1,0,0,0,0,0,0,"- ","- ",36.525810241699219,-120.09796905517578,FRESNO,UNINCORPORATED,-120.09799194335938,36.525810241699219
94379445,2024,2024-09-03,9435,2024-08-22,"319 ",020064,,4,3,9,1000,0,3,5,,2,025,"FRIANT ROAD","OLD FRIANT ROAD (UPPER)",528.00,S,N,A,-,N,,,,,,,,,,Y,2,0,1,1,A,-,01,23152,A,N,F,A,A,A,H,-,D,D,0,,,,,Y,Y,A,01,1,0,0,0,0,0,0,0,0,"- ","- ",36.911869049072266,-119.74073791503906,FRESNO,UNINCORPORATED,-119.76730346679688,36.894458770751953
94380017,2024,2024-09-03,9435,2024-02-24,1855,021135,,6,2,9,1000,0,3,5,,2,040,"MOUNTAIN VIEW AVENUE","DEWOLF AVENUE",0.00,,Y,A,-,N,,,,,,,,,,N,1,1,0,1,A,-,01,23152,F,N,F,A,A,A,H,-,D,D,0,,,Y,,Y,,C,02,0,0,0,0,0,0,0,1,0,"- ","- ",36.547161102294922,-119.64682006835938,FRESNO,UNINCORPORATED,-119.64675903320312,36.547172546386719
94381403,2024,2024-09-04,9435,2024-07-28,1731,021658,,7,2,9,1000,0,1,3,,2,106,"SR-99 N/B FROM CENTRAL AVE.","CENTRAL AVE.",130.00,N,N,A,-,Y,,,,,,,,,,Y,2,0,4,1,A,-,03,22350,,N,E,I,A,A,H,-,A,D,0,,,,,Y,,A,01,1,2,1,0,0,0,0,0,0,"- ","- ",36.678211212158203,-119.74064636230469,FRESNO,UNINCORPORATED,-119.74150085449219,36.678165435791016
94384157,2024,2024-09-06,9435,2024-03-28,1308,015890,,4,1,9,1000,0,3,5,,2,020,"CONEJO AVENUE","ELM AVENUE",0.00,,Y,B,-,N,,,,,,,,,,Y,1,1,1,2,A,-,01,23152,E,N,D,C,A,A,H,-,A,A,0,,,,,Y,,A,01,0,0,1,0,0,0,0,0,0,"- ","- ",36.518268585205078,-119.79106140136719,FRESNO,UNINCORPORATED,-119.79109191894531,36.518291473388672
94388170,2024,2025-03-05,9435,2024-08-26,1455,020977,,1,2,7,1005,0,1,3,,2,410,"N/B STATE ROUTE 41","OLIVE AVE",528.00,N,N,A,-,Y,FRE,,41," ",R,24.876,H,,R,Y,2,0,3,5,A,-,08,22107,,N,C,C,A,A,H,-,A,D,0,,,,,Y,,A,07,1,1,1,0,0,0,0,0,0,"- ","- ",36.759391784667969,-119.77529907226562,FRESNO,FRESNO,-119.77542114257812,36.759395599365234