CASE_ID,ACCIDENT_YEAR,PROC_DATE,JURIS,COLLISION_DATE,COLLISION_TIME,OFFICER_ID,REPORTING_DISTRICT,DAY_OF_WEEK,CHP_SHIFT,POPULATION,CNTY_CITY_LOC,SPECIAL_COND,BEAT_TYPE,CHP_BEAT_TYPE,CITY_DIVISION_LAPD,CHP_BEAT_CLASS,BEAT_NUMBER,PRIMARY_RD,SECONDARY_RD,DISTANCE,DIRECTION,INTERSECTION,WEATHER_1,WEATHER_2,STATE_HWY_IND,CALTRANS_COUNTY,CALTRANS_DISTRICT,STATE_ROUTE,ROUTE_SUFFIX,POSTMILE_PREFIX,POSTMILE,LOCATION_TYPE,RAMP_INTERSECTION,SIDE_OF_HWY,TOW_AWAY,COLLISION_SEVERITY,NUMBER_KILLED,NUMBER_INJURED,PARTY_COUNT,PRIMARY_COLL_FACTOR,PCF_CODE_OF_VIOL,PCF_VIOL_CATEGORY,PCF_VIOLATION,PCF_VIOL_SUBSECTION,HIT_AND_RUN,TYPE_OF_COLLISION,MVIW,PED_ACTION,ROAD_SURFACE,ROAD_COND_1,ROAD_COND_2,LIGHTING,CONTROL_DEVICE,CHP_ROAD_TYPE,PEDESTRIAN_ACCIDENT,BICYCLE_ACCIDENT,MOTORCYCLE_ACCIDENT,TRUCK_ACCIDENT,NOT_PRIVATE_PROPERTY,ALCOHOL_INVOLVED,STWD_VEHTYPE_AT_FAULT,CHP_VEHTYPE_AT_FAULT,COUNT_SEVERE_INJ,COUNT_VISIBLE_INJ,COUNT_COMPLAINT_PAIN,COUNT_PED_KILLED,COUNT_PED_INJURED,COUNT_BICYCLIST_KILLED,COUNT_BICYCLIST_INJURED,COUNT_MC_KILLED,COUNT_MC_INJURED,PRIMARY_RAMP,SECONDARY_RAMP,LATITUDE,LONGITUDE,COUNTY,CITY,POINT_X,POINT_Y
94391199,2024,2024-09-12,9461,2024-08-27,"502 ",022033,,2,3,9,1000,0,3,5,,2,010,"FAIRFAX AVE",BELMONT,0.00,,Y,A,-,Y,,,,,,,,,,Y,2,0,6,2,A,-,12,22450,A,N,D,C,A,A,H,-,B,A,0,,,,,Y,,A,01,2,4,0,0,0,0,0,0,0,"- ","- ",36.749191284179688,-120.56742858886719,FRESNO,UNINCORPORATED,-120.56752777099609,36.749134063720703
94398067,2024,2024-09-17,9435,2024-09-07,2140,022112,,6,2,9,1000,0,3,5,,2,034,"E. MOUNTAIN AVENUE","S. MADSEN AVENUE",0.00,,Y,A,-,N,,,,,,,,,,Y,2,0,2,2,A,-,01,23152,A,N,D,C,A,A,H,-,D,A,0,,,,,Y,Y,A,07,1,0,1,0,0,0,0,0,0,"- ","- ",36.546878814697266,-119.53884887695312,FRESNO,UNINCORPORATED,,
94399345,2024,2024-09-18,9435,2024-09-15,"130 ",021315,,7,3,9,1000,0,3,5,,2,034,"DEL RAY AVENUE","ADAMS AVENUE",0.00,,Y,A,-,N,,,,,,,,,,Y,2,0,2,2,A,-,01,23152,A,N,D,2,A,A,H,-,D,A,0,,,,,Y,Y,A,07,1,0,1,0,0,0,0,0,0,"- ","- ",36.634220123291016,-119.59282684326172,FRESNO,UNINCORPORATED,,
94400472,2024,2024-09-19,9435,2024-05-09,2145,021148,,4,2,9,1000,0,1,3,,1,411,"SR-41 N/B","SOUTH AVE",0.00,,Y,A,-,Y,FRE,,41," ",R,15.101,H,,R,Y,1,1,0,2,A,-,01,23152,A,N,D,C,A,A,H,-,C,A,0,,,,Y,Y,Y,A,01,0,0,0,0,0,0,0,0,0,"- ","- ",36.619800567626953,-119.78585815429688,FRESNO,UNINCORPORATED,-119.78585052490234,36.619800567626953
94400738,2024,2024-09-19,9435,2024-06-17,1318,015890,,1,1,9,1000,0,3,5,,2,020,"JAMESON AVENUE","KAMM AVENUE",0.00,,Y,A,-,N,,,,,,,,,,Y,1,1,1,2,A,-,12,22450,A,N,D,C,A,A,H,-,A,A,0,,,,Y,Y,,A,07,0,1,0,0,0,0,0,0,0,"- ","- ",36.532081604003906,-119.98960113525391,FRESNO,UNINCORPORATED,-119.98960876464844,36.532054901123047
94409980,2024,2024-09-26,9435,2024-09-16,2040,021544,,1,2,7,1005,0,1,3,,2,105,"SR-99 N/B","DAKOTA AVE",200.00,N,N,A,-,Y,FRE,,99," ",R,25.774,H,,R,Y,2,0,1,2,A,-,17,22517,,N,B,C,A,A,C,-,C,D,0,,,,Y,Y,,A,01,1,0,0,0,0,0,0,0,0,"- ","- ",36.786968231201172,-119.85455322265625,FRESNO,FRESNO,-119.85459136962891,36.786941528320312
94416607,2024,2024-10-02,9435,2024-09-22,1901,021837,,7,2,9,1000,0,3,5,,2,010,"PRIVATE PROPERTY",SR-180,528.00,N,N,A,-,N,,,,,,,,,,Y,2,0,1,1,B,-,22,,,N,E,I,A,A,H,-,A,D,0,,,Y,,Y,,C,02,1,0,0,0,0,0,0,0,1,"- ","- ",36.736591339111328,-119.98813629150391,FRESNO,UNINCORPORATED,,
94418211,2024,2024-10-03,9435,2024-09-28,2500,021703,,6,4,9,1000,0,3,5,,2,015,"W LINCOLN AVE","S VALENTINE AVE",410.00,W,N,A,-,N,,,,,,,,,,Y,2,0,2,1,A,-,08,22107,,N,E,I,A,A,H,-,D,D,0,,,,,Y,Y,A,01,1,0,1,0,0,0,0,0,0,"- ","- ",36.648441314697266,-119.85508728027344,FRESNO,UNINCORPORATED,-119.85487365722656,36.648609161376953
94419872,2024,2024-10-04,9435,2024-01-13,1420,021148,,6,2,9,1000,0,3,5,,2,025,"MILLERTON ROAD","MARINA DRIVE",812.00,W,N,B,C,N,,,,,,,,,,Y,1,1,1,2,A,-,01,23152,A,N,A,C,A,B,H,-,A,D,0,,,,,Y,Y,D,22,1,0,0,0,0,0,0,0,0,"- ","- ",36.984340667724609,-119.66246032714844,FRESNO,UNINCORPORATED,-119.66233825683594,36.984298706054688
94422610,2024,2024-10-08,9435,2024-09-27,1505,020977,,5,2,7,1005,0,1,3,,2,105,"N/B STATE ROUTE 99","BELMONT AVE",1056.00,S,N,A,-,Y,FRE,,99," "," ",22.483,H,,R,Y,2,0,1,3,A,-,03,22350,,N,C,C,A,A,H,-,A,D,0,,,,,Y,,A,01,1,0,0,0,0,0,0,0,0,"- ","- ",36.747180938720703,-119.82238006591797,FRESNO,FRESNO,-119.82231140136719,36.747215270996094
94422776,2024,2024-10-08,9495,2024-09-05,2200,022595,,4,3,9,1000,0,1,1,,2,003,"INTERSTATE 5 SOUTHBOUND","JAYNE AVE",2059.00,S,N,A,-,Y,FRE,,5," "," ",5.106,H,,L,Y,2,0,2,3,A,-,03,22350,,N,C,C,A,A,H,-,D,D,0,,,,Y,Y,,G,25,1,0,1,0,0,0,0,0,0,"- ","- ",36.133110046386719,-120.15489959716797,FRESNO,UNINCORPORATED,-120.15487670898438,36.133125305175781
94424652,2024,2024-10-09,9435,2024-09-29,2009,021290,,7,2,9,1000,0,3,5,,2,034,"S/B LAC JAC AVENUE TO W/B ROSE AVENUE","ROSE AVE",56.00,S,N,A,-,N,,,,,,,,,,Y,2,0,2,2,A,-,01,23152,A,N,D,E,A,A,H,-,D,D,0,,,,,Y,Y,A,01,2,0,0,0,0,0,0,0,0,"- ","- ",36.568698883056641,-119.48506164550781,FRESNO,UNINCORPORATED,-119.48545837402344,36.568431854248047
94424831,2024,2024-10-09,9435,2024-10-07,"958 ",015095,,1,1,9,1000,0,1,3,,1,169,SR-168,"SAMPLE ROAD",10032.00,E,N,A,-,N,,,,,,,,,,Y,2,0,1,1,A,-,03,22350,,N,F,0,A,A,H,-,A,D,0,,,Y,,Y,,C,02,1,0,0,0,0,0,0,0,1,"- ","- ",36.928810119628906,-119.50874328613281,FRESNO,UNINCORPORATED,-119.51061248779297,36.928504943847656
94425982,2024,2024-10-10,9435,2024-08-03,"456 ",017579,,6,3,9,1000,0,3,5,,2,015,"AMERICAN AVENUE","MAPLE AVENUE",1260.00,E,N,A,-,N,,,,,,,,,,N,1,1,0,2,A,-,14,21201,D,F,B,G,A,A,H,-,D,D,0,,Y,,,Y,,L,04,0,0,0,0,0,1,0,0,0,"- ","- ",36.663410186767578,-119.74140930175781,FRESNO,UNINCORPORATED,-119.74142456054688,36.663475036621094
94426747,2024,2024-10-15,9435,2024-10-04,"820 ",019263,,5,1,9,1000,0,3,5,,2,025,"MILLERTON ROAD","SAUBRICE ROAD",2112.00,W,N,A,-,N,,,,,,,,,,N,1,1,0,1,D,-,00,,,N,F,A,A,A,H,-,A,D,0,,Y,,,Y,,-,"- ",0,0,0,0,0,1,0,0,0,"- ","- ",36.985309600830078,-119.67974853515625,FRESNO,UNINCORPORATED,,
94429481,2024,2024-10-14,9435,2024-10-12,1045,015095,,6,1,7,1005,0,3,5,,2,030,"TRIMMER SPRINGS ROAD","PIEDRA ROAD",10560.00,W,N,A,-,N,,,,,,,,,,Y,2,0,1,1,A,-,03,22350,,N,E,J,A,A,H,-,A,D,0,,,Y,,Y,,C,02,1,0,0,0,0,0,0,0,1,"- ","- ",36.797981262207031,-119.40232849121094,FRESNO,FRESNO,-119.40021514892578,36.800765991210938
94438527,2024,2024-10-21,9461,2024-10-13,"140 ",022904,,7,3,9,1000,0,3,5,,2,030,"BRANNON AVE","SR-33 S/B",180.00,S,N,A,-,Y,,,,,,,,,,Y,2,0,1,1,A,-,01,23152,A,N,E,I,A,A,H,-,D,D,0,,,,,Y,Y,A,08,1,0,0,0,0,0,0,0,0,"- ","- ",36.935718536376953,-120.60037231445312,FRESNO,UNINCORPORATED,-120.60018157958984,36.936309814453125
94438906,2024,2024-10-21,9435,2024-10-11,1653,021402,,5,2,9,1000,0,3,5,,2,034,"CLOVIS AVENUE",SR-99,940.00,N,N,A,-,N,,,,,,,,,,Y,2,0,1,2,A,-,07,21658,A,N,B,C,A,A,H,-,A,D,0,,,Y,,Y,,D,22,1,0,0,0,0,0,0,0,1,"- ","- ",36.643680572509766,-119.69995880126953,FRESNO,UNINCORPORATED,-119.70005798339844,36.643131256103516
94441954,2024,2024-10-23,9435,2024-10-20,"658 ",020205,,7,1,7,1005,0,1,3,,2,106,"SR-99 S/B","ORANGE AVE",1665.00,N,N,A,-,Y,FRE,,99," "," ",17.951,H,,L,Y,2,0,1,1,A,-,08,22107,,N,E,I,A,A,H,-,B,D,0,,,,,Y,,A,01,1,0,0,0,0,0,0,0,0,"- ","- ",36.699951171875,-119.76728057861328,FRESNO,FRESNO,-119.76737213134766,36.69989013671875
94442008,2024,2024-10-23,9435,2024-10-11,"534 ",017579,,5,3,9,1000,0,3,5,,2,020,"ELKHORN AVENUE","CORNELIA AVENUE",0.00,,Y,A,-,N,,,,,,,,,,Y,2,0,2,2,A,-,05,21752,D,N,D,C,A,A,H,-,D,D,0,,,,,Y,,A,01,1,1,0,0,0,0,0,0,0,"- ","- ",36.488929748535156,-119.88735198974609,FRESNO,UNINCORPORATED,-119.8873291015625,36.488960266113281
94442250,2024,2024-10-23,9435,2024-10-21,"625 ",020205,,1,1,9,1000,0,3,5,,2,015,"JENSEN AVE","KNIGHT AVE",204.00,W,N,A,-,N,,,,,,,,,,N,2,0,1,2,A,-,11,21954,A,N,G,B,E,A,H,-,D,D,0,Y,,,,Y,,N,60,1,0,0,0,1,0,0,0,0,"- ","- ",36.706829071044922,-119.80738830566406,FRESNO,UNINCORPORATED,-119.80732727050781,36.706851959228516
94446922,2024,2024-10-28,9435,2024-09-06,"114 ",021247,,5,3,9,1000,0,3,5,,2,010,"SIERRA AVENUE","SEQUOIA DRIVE",195.00,E,N,A,-,N,,,,,,,,,,Y,1,1,0,1,A,-,01,23152,G,N,E,9,A,A,H,-,D,D,0,,,,,Y,Y,A,01,0,0,0,0,0,0,0,0,0,"- ","- ",36.830051422119141,-119.83231353759766,FRESNO,UNINCORPORATED,-119.83242034912109,36.829978942871094
94446980,2024,2024-10-28,9435,2024-08-31,1940,020540,,6,2,9,1000,0,3,5,,2,060,"ELWOOD ROAD","FULGHAM LANE",117.00,N,N,A,-,N,,,,,,,,,,Y,1,1,1,1,A,-,01,23152,F,N,E,J,A,A,H,-,D,D,0,,,,,Y,,D,22,0,1,0,0,0,0,0,0,0,"- ","- ",36.749889373779297,-119.23312377929688,FRESNO,UNINCORPORATED,-119.23291015625,36.749698638916016
94447356,2024,2024-10-28,9435,2024-10-23,1710,021402,,3,2,7,1005,0,1,3,,2,410,"SR-41 N/B TO SR-168 EB","FIRST STREET",2330.00,E,N,A,-,Y,FRE,,180," ",R,59.297,H,,R,N,2,0,1,2,A,-,03,22350,,N,C,C,A,A,H,-,A,D,0,,,Y,,Y,,C,02,1,0,0,0,0,0,0,0,1,"- ","- ",36.754680633544922,-119.76495361328125,FRESNO,FRESNO,-119.76495361328125,36.754863739013672
94450860,2024,2024-10-30,9435,2024-10-19,2143,021031,,6,2,7,1005,0,1,3,,2,410,"STATE ROUTE 41 SOUTHBOUND","AUDUBON DRIVE",1742.00,N,N,A,-,Y,FRE,,41," ",R,32.507,H,,L,Y,2,0,1,2,A,-,01,23152,A,N,C,C,A,A,H,-,D,D,0,,,Y,,Y,Y,C,02,1,0,0,0,0,0,0,0,1,"- ","- ",36.865978240966797,-119.79194641113281,FRESNO,FRESNO,-119.79192352294922,36.865982055664062
94451453,2024,2024-10-30,9435,2024-09-20,2335,021031,,5,3,7,1005,0,1,3,,1,183,"SR-180 E/B TO FOWLER AVE","FOWLER AVE",1267.00,W,N,A,-,Y,FRE,,180," ",R,63.675,H,,R,Y,2,0,1,1,A,-,08,22107,,N,E,I,A,A,H,-,C,D,0,,,,,Y,,A,01,1,0,0,0,0,0,0,0,0,"- ","- ",36.753231048583984,-119.68636322021484,FRESNO,FRESNO,-119.68635559082031,36.753395080566406
94458878,2024,2024-11-05,9435,2024-04-19,1901,021135,,5,2,9,1000,0,1,3,,1,412,"STATE ROUTE 41 SOUTHBOUND","NEBRASKA AVENUE",0.00,,Y,A,-,Y,FRE,,41," ",R,11.109,H,,L,Y,1,3,4,2,A,-,01,23152,G,N,D,C,A,A,H,-,A,A,0,,,,,Y,Y,D,22,3,0,1,0,0,0,0,0,0,"- ","- ",36.561851501464844,-119.78627014160156,FRESNO,UNINCORPORATED,-119.78627014160156,36.561851501464844
94458896,2024,2024-11-05,9435,2024-01-31,"453 ",021290,,3,3,9,1000,0,3,5,,2,034,"MANNING AVENUE","RIVERBEND AVENUE",1003.00,E,N,B,-,N,,,,,,,,,,Y,1,1,1,3,A,-,07,21658,A,N,B,C,A,A,H,-,D,D,0,,,,,Y,,A,07,1,0,0,0,0,0,0,0,0,"- ","- ",36.604690551757812,-119.50795745849609,FRESNO,UNINCORPORATED,-119.50801849365234,36.60455322265625
94459876,2024,2025-05-01,9435,2024-07-30,1713,022112,,2,2,9,1000,0,3,5,,2,034,"MANNING AVENUE","SMITH AVENUE",0.00,,Y,A,-,N,,,,,,,,,,Y,1,1,0,2,A,-,09,21801,A,N,D,2,A,A,H,-,A,A,0,,,Y,,Y,Y,D,22,0,0,0,0,0,0,0,1,0,"- ","- ",36.604469299316406,-119.50241088867188,FRESNO,UNINCORPORATED,-119.50245666503906,36.604503631591797
94460226,2024,2024-11-06,9435,2024-11-02,"705 ",022197,,6,1,9,1000,0,3,5,,2,015,"MANNING AVE.","MONTEREY AVE.",5280.00,E,N,B,-,N,,,,,,,,,,Y,2,0,1,1,A,-,01,23152,A,N,F,A,A,B,H,-,A,D,0,,,,,Y,Y,D,22,1,0,0,0,0,0,0,0,0,"- ","- ",36.602779388427734,-120.35285186767578,FRESNO,UNINCORPORATED,,
94460571,2024,2024-11-06,9435,2024-10-28,2206,021703,,1,3,7,1005,0,1,3,,2,106,"SR-99 N/B FROM JENSEN AVE W/B","JENSEN AVE",50.00,N,N,A,-,Y,,,,,,,,,,N,2,0,1,2,A,-,11,21954,A,N,G,B,E,A,H,-,C,A,0,Y,,,,Y,,N,60,1,0,0,0,1,0,0,0,0,"- ","- ",36.707080841064453,-119.77362823486328,FRESNO,FRESNO,-119.77405548095703,36.707008361816406
94462629,2024,2024-11-07,9435,2024-10-26,1635,022247,,6,2,9,1000,0,1,3,,1,412,"STATE ROUTE 41","MT. WHITNEY AVENUE",14.00,S,N,B,-,Y,FRE,,41," ",R,2.021,H,,R,Y,2,0,6,3,A,-,01,23152,A,N,A,C,A,A,H,-,A,D,0,,,,,Y,Y,D,22,2,1,3,0,0,0,0,0,0,"- ","- ",36.430931091308594,-119.80122375488281,FRESNO,UNINCORPORATED,-119.80122375488281,36.430931091308594
94474234,2024,2024-11-18,9435,2024-11-13,"915 ",015890,,3,1,9,1000,0,3,5,,2,015,"LINCOLN AVE","BISHOP AVE",697.00,E,N,A,-,N,,,,,,,,,,Y,2,0,1,1,A,-,08,22107,,N,E,I,A,A,H,-,A,D,0,,,,,Y,,D,22,1,0,0,0,0,0,0,0,0,"- ","- ",36.647678375244141,-120.00464630126953,FRESNO,UNINCORPORATED,-120.00472259521484,36.647651672363281
94483872,2024,2024-11-26,9435,2024-11-16,"19  ",021703,,6,3,9,1000,0,3,5,,2,025,"FRIANT RD","FRIANT FRONTAGE RD",380.00,S,N,A,-,N,,,,,,,,,,Y,2,0,2,2,A,-,01,23152,A,N,E,I,A,A,H,-,D,D,0,,,,,Y,Y,D,22,1,1,0,0,0,0,0,0,0,"- ","- ",36.965229034423828,-119.72862243652344,FRESNO,UNINCORPORATED,-119.72861480712891,36.965248107910156
94485812,2024,2024-11-27,9435,2024-11-25,"305 ",021148,,1,3,7,1005,0,1,3,,2,105,"SR-99 N/B","EL DORADO ST",0.00,,Y,A,-,Y,FRE,,99," "," ",21.445,H,,R,Y,2,0,1,1,A,-,01,23152,A,N,E,I,A,B,H,-,A,D,0,,,,,Y,Y,A,01,1,0,0,0,0,0,0,0,0,"- ","- ",36.738349914550781,-119.80800628662109,FRESNO,FRESNO,-119.80786895751953,36.738533020019531
94493538,2024,2024-12-05,9435,2024-11-22,1729,022712,,5,2,7,1005,0,3,5,,2,015,"PROSPECT AVE","JENSEN AVE",400.00,N,N,B,-,N,,,,,,,,,,N,2,0,1,2,A,-,08,22107,,F,G,1,F,A,H,-,D,D,0,Y,,,,Y,,-,99,1,0,0,0,1,0,0,0,0,"- ","- ",36.707859039306641,-119.85137176513672,FRESNO,FRESNO,-119.85139465332031,36.707679748535156
94497541,2024,2024-12-13,9435,2024-12-03,"937 ",019705,,2,1,9,1000,0,3,5,,2,040,"AVENUE 382","BETHEL AVE",1056.00,E,N,E,-,N,,,,,,,,,,N,2,0,5,2,A,-,05,21650,,N,A,C,A,A,H,-,A,D,0,,,,,Y,,A,01,2,1,2,0,0,0,0,0,0,"- ","- ",36.488819122314453,-119.57109069824219,FRESNO,UNINCORPORATED,,
94498292,2024,2024-12-13,9435,2024-10-09,"411 ",018944,,3,3,7,1005,0,1,3,,2,105,"STATE ROUTE 99 NORTHBOUND","MCKINLEY AVENUE",20.00,N,N,A,-,Y,FRE,,99," "," ",23.850,H,,R,N,1,1,0,2,A,-,11,21954,A,N,G,B,E,A,H,-,C,D,0,Y,,,Y,Y,,N,60,0,0,0,1,0,0,0,0,0,"- ","- ",36.764598846435547,-119.83396911621094,FRESNO,FRESNO,-119.833984375,36.764595031738281
94499098,2024,2024-12-13,9435,2024-09-07,2500,020429,,6,4,9,1000,0,3,5,,2,060,"STATE ROUTE 198","10 MILE ROAD",1650.00,W,N,A,-,Y,,,,,,,,,,Y,1,1,0,1,A,-,01,23152,A,N,E,8,A,A,H,-,A,D,0,,,,,Y,Y,A,01,0,0,0,0,0,0,0,0,0,"- ","- ",36.721279144287109,-118.91484069824219,FRESNO,UNINCORPORATED,,
94500077,2024,2024-12-13,9435,2024-12-03,1520,022221,,2,2,9,1000,0,3,5,,2,040,"FOWLER AVE","ELKHORN AVE",3168.00,N,N,A,-,N,,,,,,,,,,Y,2,0,3,2,A,-,03,22350,,N,A,C,A,A,H,-,A,D,0,,,,,Y,,D,22,2,0,1,0,0,0,0,0,0,"- ","- ",36.4981689453125,-119.68302917480469,FRESNO,UNINCORPORATED,-119.68985748291016,36.489280700683594
94501794,2024,2024-12-13,9435,2024-09-03,1752,017579,,2,2,9,1000,0,3,5,,2,020,"EXCELSIOR AVENUE","MARKS AVENUE",0.00,,Y,A,-,N,,,,,,,,,,Y,1,1,4,2,A,-,01,23152,A,N,D,C,A,A,H,-,A,A,0,,,,Y,Y,Y,D,22,0,1,3,0,0,0,0,0,0,"- ","- ",36.402000427246094,-119.85128021240234,FRESNO,UNINCORPORATED,-119.85124206542969,36.402019500732422
94510606,2024,2024-12-19,9435,2024-10-14,2500,021555,,1,4,9,1000,0,3,5,,2,050,"PROVIDENCE CREEK ROAD","DINKEY CREEK ROAD",9504.00,W,N,A,-,N,,,,,,,,,,Y,1,1,0,1,A,-,01,23152,F,N,E,I,A,A,H,-,D,D,0,,,,,Y,Y,A,07,0,0,0,0,0,0,0,0,0,"- ","- ",37.064159393310547,-119.20693969726562,FRESNO,UNINCORPORATED,-119.18116760253906,37.066520690917969
94515175,2024,2025-01-06,9435,2024-12-22,1713,021837,,7,2,9,1000,0,3,5,,2,015,"BOWLES AVE","ORMUS AVE",295.00,E,N,A,-,N,,,,,,,,,,N,1,1,0,1,A,-,08,22107,,N,F,A,A,A,H,-,B,D,0,,,Y,,Y,,C,06,0,0,0,0,0,0,0,1,0,"- ","- ",36.600978851318359,-119.90238189697266,FRESNO,UNINCORPORATED,-119.90243530273438,36.601051330566406
94516368,2024,2024-12-26,9435,2024-12-22,"910 ",016507,,7,1,9,1000,0,3,5,,2,060,"DUNLAP ROAD","HOPEWELL ROAD",2112.00,E,N,B,-,N,,,,,,,,,,Y,2,0,4,1,A,-,08,22107,,N,F,A,A,B,H,-,A,D,0,,,,,Y,,A,07,1,1,2,0,0,0,0,0,0,"- ","- ",36.7447509765625,-119.15309143066406,FRESNO,UNINCORPORATED,-119.15549468994141,36.745330810546875
94516485,2024,2024-12-26,9435,2024-10-12,1400,021555,,6,2,9,1000,0,3,5,,2,050,"ROCK CREEK ROAD","9S69 ROAD",7392.00,S,N,A,-,N,,,,,,,,,,N,1,1,0,1,A,-,01,23152,E,N,E,I,A,A,H,-,A,D,0,,,Y,,Y,,C,02,0,0,0,0,0,0,0,1,0,"- ","- ",37.134819030761719,-119.17617797851562,FRESNO,UNINCORPORATED,,
94517804,2024,2024-12-27,9435,2024-12-20,"715 ",015890,,5,1,9,1000,0,3,5,,2,040,"MTN VIEW AVENUE","DEWOLF AVENUE",93.00,E,N,E,-,N,,,,,,,,,,Y,2,0,3,2,A,-,03,22350,,N,A,C,A,B,H,-,A,D,0,,,,,Y,,-,"- ",1,2,0,0,0,0,0,0,0,"- ","- ",36.54718017578125,-119.64643096923828,FRESNO,UNINCORPORATED,-119.64644622802734,36.547168731689453
9452121,2022,2022-06-23,1008,2022-04-30,1521,J127,KINGS,6,5,2,1008,0,0,0,,0,0KI,"TULARE ST","14TH AV",0.00,,Y,A,-,N,,,,,,,,,,N,2,0,1,2,A,-,09,21802,A,N,D,C,A,A,H,-,A,A,0,,,Y,,Y,,A,01,1,0,0,0,0,0,0,0,1,"- ","- ",36.511260986328125,-119.55892181396484,FRESNO,KINGSBURG,-119.55239868164062,36.518939971923828
94527416,2024,2025-01-06,9435,2024-12-21,"45  ",021544,,6,3,7,1005,0,3,5,,2,010,"FRANKLIN AVE","VALENTINE AVE",0.00,,Y,A,-,N,,,,,,,,,,Y,2,0,1,1,A,-,01,23152,A,N,E,I,A,A,H,-,D,A,0,,,,,Y,Y,A,01,1,0,0,0,0,0,0,0,0,"- ","- ",36.748210906982422,-119.85318756103516,FRESNO,FRESNO,-119.85316467285156,36.748260498046875
94528628,2024,2025-01-07,9435,2024-02-27,"528 ",021315,,2,3,9,1000,0,3,5,,2,040,"CLARKSON AVENUE","DEL REY AVENUE",1630.00,W,N,A,-,N,,,,,,,,,,Y,1,1,1,1,A,-,03,22350,,N,E,I,A,A,H,-,D,D,0,,,,,Y,,A,01,1,0,0,0,0,0,0,0,0,"- ","- ",36.503658294677734,-119.59855651855469,FRESNO,UNINCORPORATED,-119.59867095947266,36.503528594970703
94528793,2025,2025-01-07,9435,2025-01-01,1950,021119,,3,2,9,1000,0,3,5,,2,034,"MCCALL AVENUE","DINUBA AVENUE",528.00,N,N,B,-,N,,,,,,,,,,N,2,0,1,1,A,-,01,23152,A,N,E,J,A,A,H,-,D,D,0,,,,,Y,Y,A,01,1,0,0,0,0,0,0,0,0,"- ","- ",36.597530364990234,-119.61077117919922,FRESNO,UNINCORPORATED,-119.61065673828125,36.590740203857422
94535105,2024,2025-01-13,9435,2024-06-26,"409 ",021544,,3,3,9,1000,0,3,5,,2,010,"SHAW AVENUE","CHATEAU FRESNO AVENUE",450.00,W,N,A,-,N,,,,,,,,,,Y,1,1,1,2,A,-,08,22107,,N,A,C,A,A,H,-,D,D,0,,,,,Y,,A,07,0,0,1,0,0,0,0,0,0,"- ","- ",36.807708740234375,-119.93609619140625,FRESNO,UNINCORPORATED,-119.93612670898438,36.807750701904297
94535390,2024,2025-01-13,9435,2024-11-03,"150 ",022112,,7,3,9,1000,0,3,5,,2,040,"KEARNEY BOULEVARD","FAIR AVENUE",187.30,W,N,B,-,N,,,,,,,,,,Y,1,1,0,1,A,-,01,23152,A,N,E,I,A,A,H,-,C,D,0,,,,,Y,Y,A,01,0,0,0,0,0,0,0,0,0,"- ","- ",36.728111267089844,-119.9127197265625,FRESNO,UNINCORPORATED,-119.91272735595703,36.728038787841797
94535422,2024,2025-01-13,9435,2024-06-28,2115,020854,,5,2,9,1000,0,3,5,,2,040,"EAST STREET","MOUNT WHITNEY AVENUE",0.00,,Y,A,-,N,,,,,,,,,,Y,1,1,2,2,A,-,01,23152,A,N,D,2,A,A,H,-,D,A,0,,,Y,,Y,Y,D,22,0,2,0,0,0,0,0,1,0,"- ","- ",36.431068420410156,-119.78040313720703,FRESNO,UNINCORPORATED,-119.78035736083984,36.431026458740234
94535665,2024,2025-01-13,9435,2024-06-20,1915,021940,,4,2,9,1000,0,3,5,,2,025,"SHAW AVENUE","INDIANOLA AVENUE",0.00,,Y,A,-,N,,,,,,,,,,Y,1,1,1,3,A,-,03,22350,,N,C,C,A,A,H,-,A,D,0,,,,,Y,,A,07,0,1,0,0,0,0,0,0,0,"- ","- ",36.808231353759766,-119.58527374267578,FRESNO,UNINCORPORATED,-119.58518981933594,36.808216094970703
94539032,2025,2025-01-15,9435,2025-01-04,1513,020977,,6,2,9,1000,0,3,5,,2,025,"SKY HARBOUR RD","SKY LAKE DR",1056.00,S,N,A,-,N,,,,,,,,,,N,2,0,1,1,A,-,03,22350,,N,E,J,A,A,B,-,A,D,0,,,Y,,Y,,C,02,1,0,0,0,0,0,0,0,1,"- ","- ",37.027290344238281,-119.65074157714844,FRESNO,UNINCORPORATED,-119.65133666992188,37.027641296386719
94539974,2025,2025-01-16,9495,2025-01-02,1155,021630,,4,1,9,1000,0,1,1,,2,001,"INTERSTATE 5 SOUTHBOUND","KAMM AVENUE",21754.00,S,N,A,-,Y,FRE,,5," "," ",34.227,H,,L,Y,2,0,5,4,A,-,03,22350,,N,C,C,A,A,H,-,A,D,0,,,,,Y,,A,01,1,0,4,0,0,0,0,0,0,"- ","- ",36.485210418701172,-120.44029235839844,FRESNO,UNINCORPORATED,-120.4403076171875,36.485198974609375
94541824,2025,2025-01-17,9435,2025-01-13,"50  ",020064,,1,3,9,1000,0,3,5,,2,025,"ASHLAN AVENUE","CLOVIS AVENUE",0.00,,Y,B,-,N,,,,,,,,,,Y,2,0,2,2,A,-,01,23152,A,N,D,C,A,A,H,-,D,A,0,,,,,Y,Y,A,01,1,0,1,0,0,0,0,0,0,"- ","- ",36.793170928955078,-119.70028686523438,FRESNO,UNINCORPORATED,-119.70046234130859,36.793178558349609