CASE_ID,ACCIDENT_YEAR,PROC_DATE,JURIS,COLLISION_DATE,COLLISION_TIME,OFFICER_ID,REPORTING_DISTRICT,DAY_OF_WEEK,CHP_SHIFT,POPULATION,CNTY_CITY_LOC,SPECIAL_COND,BEAT_TYPE,CHP_BEAT_TYPE,CITY_DIVISION_LAPD,CHP_BEAT_CLASS,BEAT_NUMBER,PRIMARY_RD,SECONDARY_RD,DISTANCE,DIRECTION,INTERSECTION,WEATHER_1,WEATHER_2,STATE_HWY_IND,CALTRANS_COUNTY,CALTRANS_DISTRICT,STATE_ROUTE,ROUTE_SUFFIX,POSTMILE_PREFIX,POSTMILE,LOCATION_TYPE,RAMP_INTERSECTION,SIDE_OF_HWY,TOW_AWAY,COLLISION_SEVERITY,NUMBER_KILLED,NUMBER_INJURED,PARTY_COUNT,PRIMARY_COLL_FACTOR,PCF_CODE_OF_VIOL,PCF_VIOL_CATEGORY,PCF_VIOLATION,PCF_VIOL_SUBSECTION,HIT_AND_RUN,TYPE_OF_COLLISION,MVIW,PED_ACTION,ROAD_SURFACE,ROAD_COND_1,ROAD_COND_2,LIGHTING,CONTROL_DEVICE,CHP_ROAD_TYPE,PEDESTRIAN_ACCIDENT,BICYCLE_ACCIDENT,MOTORCYCLE_ACCIDENT,TRUCK_ACCIDENT,NOT_PRIVATE_PROPERTY,ALCOHOL_INVOLVED,STWD_VEHTYPE_AT_FAULT,CHP_VEHTYPE_AT_FAULT,COUNT_SEVERE_INJ,COUNT_VISIBLE_INJ,COUNT_COMPLAINT_PAIN,COUNT_PED_KILLED,COUNT_PED_INJURED,COUNT_BICYCLIST_KILLED,COUNT_BICYCLIST_INJURED,COUNT_MC_KILLED,COUNT_MC_INJURED,PRIMARY_RAMP,SECONDARY_RAMP,LATITUDE,LONGITUDE,COUNTY,CITY,POINT_X,POINT_Y
94544915,2025,2025-01-21,9435,2025-01-20,"908 ",019705,,1,1,9,1000,0,1,3,,1,411,"SR-41 N/B","CENTRAL AVE",160.00,S,N,E,-,Y,FRE,,41," ",R,19.043,H,,R,N,2,0,3,4,A,-,03,22350,,N,C,C,A,A,H,-,A,A,0,,,,,Y,,A,01,1,2,0,0,0,0,0,0,0,"- ","- ",36.676929473876953,-119.78578948974609,FRESNO,UNINCORPORATED,-119.78578948974609,36.676929473876953
94547551,2024,2025-01-23,9435,2024-12-23,2125,021703,,1,2,9,1000,0,3,5,,2,034,"MOUNTAIN VIEW AVE","ACADEMY AVE",0.00,,Y,A,-,N,,,,,,,,,,Y,2,0,2,2,A,-,12,21453,A,F,D,C,A,A,F,-,C,A,0,,,,,Y,,A,07,2,0,0,0,0,0,0,0,0,"- ","- ",36.546810150146484,-119.55660247802734,FRESNO,UNINCORPORATED,-119.55661773681641,36.546722412109375
94551427,2025,2025-01-27,9435,2025-01-21,1012,015890,,2,1,9,1000,0,1,3,,1,412,"SR-41 S/B","MTN VIEW AVENUE",77.00,N,N,A,-,Y,FRE,,41," ",R,10.127,H,,L,Y,2,0,1,3,A,-,03,22350,,N,C,C,A,A,H,-,A,A,0,,,,Y,Y,,A,01,1,0,0,0,0,0,0,0,0,"- ","- ",36.547630310058594,-119.78630065917969,FRESNO,UNINCORPORATED,-119.78631591796875,36.547630310058594
94552369,2025,2025-01-28,9435,2025-01-19,2030,023097,,7,2,7,1005,0,1,3,,2,410,"FRIANT RD","WILLOW AVE",0.00,,Y,A,-,N,,,,,,,,,,Y,2,0,5,2,A,-,09,21802,A,N,D,C,A,A,H,-,C,D,0,,,,,Y,,A,01,1,1,3,0,0,0,0,0,0,"- ","- ",36.921108245849609,-119.73361206054688,FRESNO,FRESNO,-119.73360443115234,36.921077728271484
94554221,2025,2025-01-29,9435,2025-01-20,1038,016860,,1,1,9,1000,0,3,5,,2,050,"TOLLHOUSE ROAD","BURROUGH VALLEY ROAD",1056.00,E,N,A,-,N,,,,,,,,,,Y,2,0,1,1,A,-,08,22107,,N,E,8,A,A,H,-,A,A,0,,,,,Y,,A,01,1,0,0,0,0,0,0,0,0,"- ","- ",36.994598388671875,-119.41091918945312,FRESNO,UNINCORPORATED,-119.41114807128906,36.994480133056641
94555809,2024,2025-01-30,9435,2024-03-22,1950,020429,,5,2,9,1000,0,3,5,,2,060,"SUMNER AVENUE","MONSON AVENUE",701.00,E,N,A,-,N,,,,,,,,,,Y,1,1,0,3,A,-,09,21804,A,N,D,C,A,A,H,-,D,D,0,,,,Y,Y,Y,G,25,0,0,0,0,0,0,0,0,0,"- ","- ",36.624759674072266,-119.32914733886719,FRESNO,UNINCORPORATED,-119.32914733886719,36.624744415283203
94556282,2024,2025-01-30,9435,2024-11-02,"225 ",016507,,6,3,9,1000,0,3,5,,2,060,"REED AVENUE","SOUTH AVENUE",350.00,S,N,A,-,N,,,,,,,,,,Y,1,1,0,2,A,-,08,22107,,N,C,E,A,A,H,-,D,D,0,,,,Y,Y,,A,01,0,0,0,0,0,0,0,0,0,"- ","- ",36.618038177490234,-119.45774078369141,FRESNO,UNINCORPORATED,-119.45771026611328,36.618759155273438
94556399,2024,2025-01-30,9435,2024-11-22,1501,021555,,5,2,9,1000,0,1,3,,1,169,"STATE ROUTE 168","17043 TOLLHOUSE ROAD",528.00,E,N,B,-,Y,FRE,,168," "," ",20.648,H,,R,Y,1,1,0,1,A,-,08,22107,,N,E,J,A,A,H,-,A,D,0,,,,,Y,,A,01,0,0,0,0,0,0,0,0,0,"- ","- ",36.928768157958984,-119.50874328613281,FRESNO,UNINCORPORATED,-119.50882720947266,36.928825378417969
9456497,2022,2022-10-21,1013,2022-05-26,2202,M175,SANGE,4,5,3,1013,0,0,0,,0,B02,"GREENWOOD AV","WEBSTER ST",0.00,,Y,A,-,N,,,,,,,,,,Y,2,0,1,3,A,-,12,22450,A,N,D,E,A,A,H,-,D,C,0,,,,,Y,Y,A,01,1,0,0,0,0,0,0,0,0,"- ","- ",,,FRESNO,SANGER,-119.56539916992188,36.704959869384766
94564974,2025,2025-02-04,9461,2025-01-23,1715,021056,,4,2,9,1000,0,2,4,,1,310,"N. RUSSELL AVE N/B","W. ALTHEA AVE",9504.00,N,N,A,-,N,,,,,,,,,,Y,2,0,1,1,A,-,01,23152,A,N,E,I,A,A,H,-,A,D,0,,,,,Y,Y,-,"- ",1,0,0,0,0,0,0,0,0,"- ","- ",36.917980194091797,-120.65482330322266,FRESNO,UNINCORPORATED,-120.65462493896484,36.916797637939453
94571445,2025,2025-02-10,9495,2025-01-31,"700 ",022724,,5,1,9,1000,0,1,3,,1,006,"STATE ROUTE 33 (JAYNE AVENUE)","CALAVARAS AVENUE",2059.00,W,N,B,-,Y,FRE,,33," "," ",11.733,H,,R,Y,2,0,1,2,A,-,08,22107,,N,B,C,A,A,H,-,A,D,0,,,,,Y,,A,01,1,0,0,0,0,0,0,0,0,"- ","- ",36.136871337890625,-120.29025268554688,FRESNO,UNINCORPORATED,-120.29025268554688,36.136882781982422
94579965,2025,2025-02-14,9435,2025-02-04,2040,020887,,2,2,7,1005,0,1,3,,1,168,"SR-168 W/B","SHIELDS AVE",950.00,E,N,A,-,Y,FRE,,168," ",R,2.210,H,,L,N,2,0,1,2,A,-,11,21954,A,N,G,B,D,A,H,-,D,D,0,Y,,,,Y,,N,60,1,0,0,0,1,0,0,0,0,"- ","- ",36.782440185546875,-119.74928283691406,FRESNO,FRESNO,-119.74929809570312,36.782440185546875
94586540,2025,2025-02-21,9435,2025-02-13,"511 ",021703,,4,3,9,1000,0,3,5,,2,025,"DE WOLF AVENUE","MESA AVE",170.00,S,N,C,-,N,,,,,,,,,,N,2,0,1,2,A,-,11,21954,A,N,G,B,E,B,H,-,D,D,0,Y,,,,Y,,N,60,1,0,0,0,1,0,0,0,0,"- ","- ",36.824840545654297,-119.64598846435547,FRESNO,UNINCORPORATED,-119.64595031738281,36.824863433837891
94588455,2024,2025-02-24,9435,2024-09-06,1320,018746,,5,1,9,1000,0,1,3,,1,180,"STATE ROUTE 180","HAYES AVENUE",0.00,,Y,A,-,Y,FRE,,180," "," ",51.592,H,,R,Y,1,1,0,2,A,-,09,21802,A,N,D,2,A,A,H,-,A,A,0,,,,Y,Y,,A,01,0,0,0,0,0,0,0,0,0,"- ","- ",36.735378265380859,-119.89875030517578,FRESNO,UNINCORPORATED,-119.89875030517578,36.735374450683594
94588463,2024,2025-02-24,9435,2024-12-03,"935 ",019263,,2,1,9,1000,0,3,5,,2,034,"MCCALL AVENUE","PARLIER AVENUE",0.00,,Y,E,-,N,,,,,,,,,,Y,1,1,1,2,A,-,01,23152,F,N,D,2,A,B,H,-,A,A,0,,,,Y,Y,Y,D,22,1,0,0,0,0,0,0,0,0,"- ","- ",36.612499237060547,-119.61064910888672,FRESNO,UNINCORPORATED,-119.61068725585938,36.612548828125
94588466,2025,2025-02-24,9495,2025-02-22,1935,022515,,6,2,9,1000,0,3,5,,2,053,"PHELPS AVENUE","CALAVERAS AVENUE",5808.00,W,N,A,-,N,,,,,,,,,,Y,2,0,2,1,A,-,08,22107,,N,E,I,A,A,H,-,D,A,0,,,,,Y,,A,01,1,0,1,0,0,0,0,0,0,"- ","- ",36.150840759277344,-120.30429077148438,FRESNO,UNINCORPORATED,-120.30250549316406,36.150890350341797
94589203,2024,2025-02-25,9435,2024-06-20,"15  ",018944,,4,3,9,1000,0,1,3,,1,180,"STATE ROUTE 180","CORNELIA AVENUE",792.00,W,N,A,-,Y,FRE,,180," "," ",52.433,H,,R,Y,1,1,2,2,A,-,01,23152,A,N,A,C,A,A,H,-,D,D,0,,,,,Y,Y,A,01,2,0,0,0,0,0,0,0,0,"- ","- ",36.735450744628906,-119.88352966308594,FRESNO,UNINCORPORATED,-119.88352966308594,36.735450744628906
94590318,2025,2025-02-26,9435,2025-02-14,"810 ",016911,,5,1,9,1000,0,1,3,,1,169,SR-168,"DALTON AVE",1000.00,E,N,D,-,Y,FRE,,168," "," ",48.047,H,,R,N,2,0,2,3,A,-,03,22350,,N,G,B,F,C,H,-,A,D,0,Y,,,,Y,,A,07,1,0,1,0,2,0,0,0,0,"- ","- ",37.142009735107422,-119.307861328125,FRESNO,UNINCORPORATED,-119.30796051025391,37.1419677734375
94590349,2025,2025-02-26,9435,2025-02-17,2250,020977,,1,3,9,1000,0,3,5,,2,015,"JENSEN AVE","MARKS AVE",0.00,,Y,A,-,N,,,,,,,,,,Y,2,0,2,2,A,-,12,22450,A,F,D,C,A,A,H,-,D,A,0,,,,,Y,,A,08,1,1,0,0,0,0,0,0,0,"- ","- ",36.706611633300781,-119.84445953369141,FRESNO,UNINCORPORATED,-119.84449768066406,36.706626892089844
94591626,2025,2025-02-27,9435,2025-02-23,2130,018944,,7,2,9,1000,0,3,5,,2,010,"OLIVE AVENUE","KATY AVENUE",200.00,E,N,A,-,N,,,,,,,,,,N,2,0,1,2,A,-,11,21954,A,F,G,B,E,A,H,-,D,D,0,Y,,,,Y,,N,60,1,0,0,0,1,0,0,0,0,"- ","- ",36.757320404052734,-119.87386322021484,FRESNO,UNINCORPORATED,-119.87393951416016,36.757301330566406
94592753,2025,2025-02-28,9495,2025-02-20,"225 ",021029,,4,3,9,1000,0,1,3,,1,009,"STATE ROUTE 198 (WARTHAN CANYON)","COLDWELL LANE",1056.00,W,N,A,-,Y,FRE,,198," "," ",7.582,H,,R,Y,2,0,2,1,A,-,01,23152,A,N,E,8,A,A,H,-,D,D,0,,,,,Y,Y,A,01,1,1,0,0,0,0,0,0,0,"- ","- ",36.107830047607422,-120.55593872070312,FRESNO,UNINCORPORATED,-120.55596923828125,36.107795715332031
94593225,2025,2025-02-28,9435,2025-02-27,1705,021135,,4,2,9,1000,0,1,3,,1,412,"STATE ROUTE 41","MOUNT WHITNEY AVENUE",581.00,S,N,A,-,Y,FRE,,41," ",R,1.917,H,,R,N,2,0,1,2,A,-,03,22350,,N,C,C,A,A,H,-,A,D,0,,,,,Y,,A,01,1,0,0,0,0,0,0,0,0,"- ","- ",36.429439544677734,-119.80148315429688,FRESNO,UNINCORPORATED,-119.80152130126953,36.429443359375
94596118,2025,2025-03-04,9435,2025-01-04,2025,023034,,6,2,7,1005,0,3,5,,2,040,"FLORAL AVENUE","WILLOW AVENUE",0.00,,Y,A,-,N,,,,,,,,,,Y,1,1,4,2,A,-,01,23152,A,N,A,C,A,A,H,-,D,D,0,,,,,Y,Y,A,01,3,1,0,0,0,0,0,0,0,"- ","- ",36.576400756835938,-119.72754669189453,FRESNO,FRESNO,-119.72747039794922,36.576385498046875
94599915,2025,2025-03-18,9435,2025-02-26,1115,015890,,3,1,9,1000,0,3,5,,2,015,"SOUTH AVENUE","CEDAR AVENUE",0.00,,Y,A,-,N,,,,,,,,,,Y,2,0,2,2,A,-,12,22450,A,N,D,C,A,A,H,-,A,A,0,,,,,Y,,A,01,1,1,0,0,0,0,0,0,0,"- ","- ",36.619899749755859,-119.7548828125,FRESNO,UNINCORPORATED,-119.75482177734375,36.619838714599609
94603162,2025,2025-03-18,9435,2025-01-10,1740,021971,,5,2,9,1000,0,3,5,,2,034,"ADAMS AVENUE","DE WOLF AVENUE",0.00,,Y,A,-,N,,,,,,,,,,Y,1,1,2,2,A,-,09,21802,A,N,D,C,A,A,H,-,D,A,0,,,,,Y,,A,01,1,0,1,0,0,0,0,0,0,"- ","- ",36.634429931640625,-119.64614868164062,FRESNO,UNINCORPORATED,-119.64611053466797,36.634426116943359
94604101,2025,2025-03-18,9435,2025-02-15,"45  ",020942,,6,3,9,1000,0,3,5,,2,010,"GETTYSBURG AVENUE","GLENN AVENUE",11.00,E,N,B,-,N,,,,,,,,,,N,2,0,1,1,D,-,00,,,N,F,A,A,B,A,-,D,D,0,,,,,Y,,-,"- ",1,0,0,0,0,0,0,0,0,"- ","- ",36.801300048828125,-119.79264831542969,FRESNO,UNINCORPORATED,-119.79270172119141,36.801280975341797
94610715,2025,2025-03-19,9435,2025-02-10,1940,022802,,1,2,9,1000,0,3,5,,2,030,"CLINTON AVENUE","BARTON AVENUE",69.00,W,N,A,-,N,,,,,,,,,,N,1,1,0,2,A,-,11,21954,A,N,G,B,E,A,H,-,D,D,0,Y,,,,Y,Y,N,60,0,0,0,1,0,0,0,0,0,"- ","- ",36.772258758544922,-119.75022125244141,FRESNO,UNINCORPORATED,-119.75015258789062,36.772293090820312
94611864,2025,2025-03-20,9435,2025-03-08,1528,022112,,6,2,9,1000,0,1,3,,2,105,"SR-99 N/B","ASHLAN AVE",53.00,S,N,A,-,Y,FRE,,99," ",R,26.109,H,,R,Y,2,0,1,1,A,-,01,23152,A,N,E,8,A,A,H,-,A,A,0,,,,,Y,Y,A,01,1,0,0,0,0,0,0,0,0,"- ","- ",36.790531158447266,-119.85872650146484,FRESNO,UNINCORPORATED,-119.85884094238281,36.790378570556641
94612069,2025,2025-03-20,9435,2025-03-09,1530,016860,,7,2,9,1000,0,3,5,,2,025,"MILLERTON ROAD","MARINA DRIVE",1056.00,W,N,A,-,N,,,,,,,,,,Y,2,0,1,1,A,-,03,22350,,N,F,A,A,A,H,-,A,A,0,,,Y,,Y,,C,02,1,0,0,0,0,0,0,0,1,"- ","- ",36.984260559082031,-119.66233062744141,FRESNO,UNINCORPORATED,-119.66307830810547,36.984611511230469
94625529,2025,2025-03-25,9435,2025-03-14,2140,021930,,5,2,9,1000,0,3,5,,2,025,"AUBERRY RD","SUMMIT MOUNTAIN RD",2465.00,S,N,B,C,N,,,,,,,,,,Y,2,0,4,3,A,-,03,22350,,N,D,2,A,B,H,-,D,D,0,,,,,Y,,A,01,1,1,2,0,0,0,0,0,0,"- ","- ",36.939800262451172,-119.68235015869141,FRESNO,UNINCORPORATED,-119.68254089355469,36.939727783203125
94633320,2025,2025-04-01,9435,2025-03-19,"541 ",020205,,3,3,9,1000,0,3,5,,2,034,"NORTH AVE","MAPLE AVE",1184.00,E,N,A,-,N,,,,,,,,,,N,2,0,1,2,A,-,09,21804,A,N,D,G,A,A,H,-,D,D,0,,Y,,,Y,,L,04,1,0,0,0,0,0,1,0,0,"- ","- ",36.692440032958984,-119.74176025390625,FRESNO,UNINCORPORATED,-119.74161529541016,36.692390441894531
94633360,2025,2025-04-01,9435,2025-03-08,"345 ",019523,,6,3,9,1000,0,3,5,,2,020,"MANNING AVENUE","CORNELIA AVENUE",0.00,,Y,A,-,N,,,,,,,,,,Y,2,0,2,2,A,-,01,23152,A,N,D,C,A,A,H,-,D,A,0,,,,,Y,Y,A,01,2,0,0,0,0,0,0,0,0,"- ","- ",36.604839324951172,-119.88086700439453,FRESNO,UNINCORPORATED,-119.88082885742188,36.604862213134766
94633466,2025,2025-04-01,9435,2025-03-24,1638,016860,,1,2,9,1000,0,1,3,,1,169,"STATE ROUTE 168","OLD RANCH PARK LANE",1584.00,W,N,A,-,Y,FRE,,168," ",T,31.731,H,,R,N,2,0,1,1,A,-,03,22350,,N,F,A,A,A,H,-,A,A,0,,,Y,,Y,,C,02,1,0,0,0,0,0,0,0,1,"- ","- ",37.043941497802734,-119.490478515625,FRESNO,UNINCORPORATED,-119.490478515625,37.043926239013672
94636094,2025,2025-04-03,9435,2025-03-28,"459 ",020977,,5,3,9,1000,0,1,3,,2,106,"SR-99 S/B TO MERCED STREET","SR-99 S/B",90.00,W,N,A,-,Y,,,,,,,,,,N,2,0,1,1,A,-,08,22107,,N,E,I,A,A,H,-,D,D,0,,,,,Y,,A,01,1,0,0,0,0,0,0,0,0,"- ","- ",36.6273193359375,-119.6859130859375,FRESNO,UNINCORPORATED,-119.78471374511719,36.718379974365234
94636470,2025,2025-04-03,9435,2025-03-28,"410 ",018944,,5,3,7,1005,0,1,3,,2,105,"STATE ROUTE 99 SOUTHBOUND","ASHLAN AVENUE",1495.00,N,N,A,-,Y,,,,,,,,,,Y,2,0,2,2,A,-,03,22350,,N,C,C,A,A,H,-,C,D,0,,,,,Y,,A,01,1,0,1,0,0,0,0,0,0,"- ","- ",36.796390533447266,-119.89674377441406,FRESNO,FRESNO,-119.86592864990234,36.793800354003906
9464310,2022,2023-04-27,1005,2022-01-10,0338,P731,1648,1,5,7,1005,0,0,0,,0,05D,"SHAW AV","MARTY AV",0.00,,Y,A,-,N,,,,,,,,,,Y,1,1,0,2,A,-,11,21456,B,N,G,B,D,A,H,-,C,A,0,Y,,,,Y,Y,N,60,0,0,0,1,0,0,0,0,0,"- ","- ",36.808120727539062,-119.85803985595703,FRESNO,FRESNO,-119.85809326171875,36.808208465576172
9464311,2022,2023-04-27,1005,2022-01-12,1334,P731,0956,3,5,7,1005,0,0,0,,0,04B,"AUDUBON DR","FRIANT RD",16.00,W,N,A,-,N,,,,,,,,,,N,1,1,0,2,A,-,09,21804,A,N,H,G,A,A,H,-,A,A,0,,Y,,,Y,,L,04,0,0,0,0,0,1,0,0,0,"- ","- ",36.860549926757812,-119.78270721435547,FRESNO,FRESNO,-119.78296661376953,36.860500335693359
9464312,2022,2023-04-27,1005,2022-01-20,0653,P1070,"NW F",4,5,7,1005,0,0,0,,0,1948,"GOLDEN STATE BL","SWIFT AV",470.00,N,N,A,-,N,,,,,,,,,,Y,1,1,2,2,A,-,03,22350,,N,A,C,A,A,H,-,B,D,0,,,,,Y,,D,22,0,2,0,0,0,0,0,0,0,"- ","- ",36.795341491699219,-119.86351013183594,FRESNO,FRESNO,-119.86449432373047,36.796352386474609
9464313,2022,2023-04-27,1005,2022-02-05,1653,P731,1355,6,5,7,1005,0,0,0,,0,05B,"BLACKSTONE AV","HERNDON AV",550.00,S,N,A,-,N,,,,,,,,,,N,1,1,0,2,A,-,01,23152,B,N,D,C,A,A,H,-,B,D,0,,,Y,,Y,Y,C,02,0,0,0,0,0,0,0,1,0,"- ","- ",36.837188720703125,-119.79029083251953,FRESNO,FRESNO,-119.79038238525391,36.835868835449219
9464314,2022,2023-04-27,1005,2022-02-07,1047,P1070,"SE D",1,5,7,1005,0,0,0,,0,2561,"BELMONT AV","MAPLE AV",0.00,,Y,A,-,N,,,,,,,,,,Y,1,1,2,2,A,-,01,23152,A,F,D,C,A,A,H,-,A,A,0,,,,,Y,,D,22,1,0,1,0,0,0,0,0,0,"- ","- ",36.750461578369141,-119.74539947509766,FRESNO,FRESNO,-119.74540710449219,36.750411987304688
9464315,2022,2023-04-27,1005,2022-02-07,2500,P1131,"NW G",1,5,7,1005,0,0,0,,0,1855,"ASHLAN AV","COLLEGE AV",155.00,W,N,A,-,N,,,,,,,,,,Y,1,1,0,2,A,-,06,21755,,F,G,B,D,A,H,-,C,D,0,Y,,,,Y,,A,01,0,0,0,1,0,0,0,0,0,"- ","- ",36.794010162353516,-119.79730224609375,FRESNO,FRESNO,-119.79782867431641,36.794029235839844
9464317,2022,2023-04-27,1005,2022-04-23,0036,P1689,NWEST,6,5,7,1005,0,0,0,,0,00C,"BARSTOW AV","ISLAND WATERPARK DR",123.00,W,N,A,-,N,,,,,,,,,,Y,1,2,1,1,A,-,03,22350,,F,E,I,A,A,H,-,C,D,0,,,,,Y,,A,01,0,1,0,0,0,0,0,0,0,"- ","- ",36.815361022949219,-119.89698791503906,FRESNO,FRESNO,-119.89753723144531,36.81536865234375
9464319,2022,2023-04-27,1005,2022-08-11,0912,P1689,"S E",4,5,7,1005,0,0,0,,0,00F,"LANE AV","CHESTNUT AV",256.00,W,N,A,-,N,,,,,,,,,,Y,1,1,1,4,A,-,01,23152,F,N,A,C,A,A,H,-,A,D,0,,,,Y,Y,,A,01,0,0,1,0,0,0,0,0,0,"- ","- ",36.732181549072266,-119.73635101318359,FRESNO,FRESNO,-119.73739624023438,36.732303619384766
9464335,2021,2022-08-16,1001,2021-11-27,1900,5279,,6,5,5,1001,0,0,0,,0,006,"BULLARD AV","PARK AV",0.00,,Y,A,-,N,,,,,,,,,,Y,1,1,0,2,A,-,11,21954,A,N,G,B,D,A,H,-,C,D,0,Y,,,,Y,,N,60,0,0,0,1,0,0,0,0,0,"- ","- ",36.822971343994141,-119.66387176513672,FRESNO,CLOVIS,-119.66133880615234,36.822978973388672
9464417,2021,2022-09-16,1005,2021-10-01,2216,P2018,CE,5,5,7,1005,0,0,0,,0,00B,"BLACKSTONE AV","GRIFFITH WY",0.00,,Y,A,-,N,,,,,,,,,,Y,1,1,0,2,A,-,11,21456,B,N,-,G,A,A,H,-,D,A,0,,Y,,,Y,,L,04,0,0,0,0,0,1,0,0,0,"- ","- ",36.789859771728516,-119.79113006591797,FRESNO,FRESNO,-119.79062652587891,36.790462493896484
9464420,2021,2023-06-21,1005,2021-01-21,1829,P1131,3A,4,5,7,1005,0,0,0,,0,2359,"CEDAR AV","FLORADORA AV",187.00,N,N,A,-,N,,,,,,,,,,N,1,1,0,2,A,-,11,21954,A,F,G,B,D,A,H,-,C,D,0,Y,,,,Y,Y,N,60,0,0,0,1,0,0,0,0,0,"- ","- ",36.761428833007812,-119.75457763671875,FRESNO,FRESNO,-119.75450897216797,36.761821746826172
9464422,2021,2022-09-14,1005,2021-01-26,1806,P731,1960,2,5,7,1005,0,0,0,,0,04G,"ASHLAN AV","9TH ST",315.00,E,N,A,-,N,,,,,,,,,,Y,1,1,0,2,A,-,09,21801,A,N,D,C,A,A,H,-,C,A,0,,,Y,,Y,Y,D,22,0,0,0,0,0,0,0,1,0,"- ","- ",36.794078826904297,-119.75869750976562,FRESNO,FRESNO,-119.75772857666016,36.793918609619141
9464423,2021,2023-06-17,1005,2021-02-10,0544,P1131,SW/F,3,5,7,1005,0,0,0,,0,3155,"JENSEN AV","MARTIN LUTHER KING JR BL",118.00,W,N,A,-,N,,,,,,,,,,Y,1,2,1,3,A,-,01,23152,G,N,H,G,A,A,H,-,C,A,0,,Y,,,Y,Y,A,01,1,0,0,0,0,1,0,0,0,"- ","- ",36.706871032714844,-119.79978179931641,FRESNO,FRESNO,-119.80022430419922,36.706748962402344
9464426,2021,2023-06-20,1005,2021-02-28,0559,P1131,SE/G,7,5,7,1005,0,0,0,,0,3066,"SUNNYSIDE AV","CHURCH AV",0.00,,Y,A,-,N,,,,,,,,,,Y,1,1,2,2,A,-,01,23152,A,F,D,C,A,A,H,-,C,A,0,,,,,Y,Y,A,01,0,2,0,0,0,0,0,0,0,"- ","- ",36.714931488037109,-119.69096374511719,FRESNO,FRESNO,-119.69097900390625,36.714851379394531
9464429,2021,2022-09-13,1005,2021-03-11,1529,P731,1451,4,5,7,1005,0,0,0,,0,05E,"BULLARD AV","WEST AV",0.00,,Y,A,-,N,,,,,,,,,,Y,1,1,2,4,A,-,01,23152,A,N,D,C,A,A,H,-,A,A,0,,,,,Y,Y,D,22,0,0,2,0,0,0,0,0,0,"- ","- ",36.822830200195312,-119.82639312744141,FRESNO,FRESNO,-119.82649230957031,36.822761535644531
9464431,2021,2023-06-17,1005,2021-03-20,2306,P731,2359,6,5,7,1005,0,0,0,,0,03A,"CEDAR AV","MCKINLEY AV",0.00,,Y,A,-,N,,,,,,,,,,Y,1,3,6,7,A,-,01,23152,A,N,D,C,A,A,H,-,C,A,0,,,,,Y,Y,A,01,4,0,2,0,0,0,0,0,0,"- ","- ",36.765110015869141,-119.75457763671875,FRESNO,FRESNO,-119.75453948974609,36.765071868896484
9464432,2021,2022-09-13,1005,2021-03-21,1246,P1131,CE/D,7,5,7,1005,0,0,0,,0,2256,"MCKINLEY AV","EFFIE ST",3.00,E,N,A,-,N,,,,,,,,,,Y,1,1,0,2,A,-,09,21801,A,N,B,C,A,A,H,-,A,D,0,,,Y,,Y,,A,01,0,0,0,0,0,0,0,1,0,"- ","- ",36.765018463134766,-119.78839874267578,FRESNO,FRESNO,-119.78830718994141,36.765029907226562
9464435,2021,2023-06-21,1005,2021-03-25,2013,P1131,SE/A,4,5,7,1005,0,0,0,,0,2359,"MCKINLEY AV","MILLBROOK AV",0.00,,Y,A,-,N,,,,,,,,,,Y,1,1,0,2,A,-,11,21954,A,N,G,B,D,A,H,-,C,A,0,Y,,,,Y,Y,N,60,0,0,0,1,0,0,0,0,0,"- ","- ",36.765090942382812,-119.76357269287109,FRESNO,FRESNO,-119.76353454589844,36.764972686767578
9464437,2021,2022-09-13,1005,2021-04-18,2301,P1070,NE/F,7,5,7,1005,0,0,0,,0,1959,"CEDAR AV","ALAMOS AV",47.00,N,N,A,-,N,,,,,,,,,,Y,1,1,0,2,A,-,11,21954,A,N,G,B,D,A,H,-,C,D,0,Y,,,,Y,,N,60,0,0,0,1,0,0,0,0,0,"- ","- ",36.805721282958984,-119.75418090820312,FRESNO,FRESNO,-119.75411987304688,36.805927276611328
9464440,2021,2022-09-14,1005,2021-05-12,1500,P731,2757,3,5,7,1005,0,0,0,,0,01D,"STANISLAUS ST","N ST",0.00,,Y,A,-,N,,,,,,,,,,Y,1,1,0,4,A,-,12,22450,,F,D,C,A,A,H,-,A,A,0,,,,,Y,,A,01,0,0,0,0,0,0,0,0,0,"- ","- ",36.741798400878906,-119.79148101806641,FRESNO,FRESNO,-119.79152679443359,36.741806030273438
9464441,2021,2022-09-14,1005,2021-05-15,2333,P1070,CE/A,6,5,7,1005,0,0,0,,0,2333,"FRUIT AV","CORTLAND AV",7.00,S,N,A,-,N,,,,,,,,,,Y,1,1,0,2,A,-,01,23152,F,N,G,B,B,A,H,-,C,D,0,Y,,,,Y,Y,A,01,0,0,0,1,0,0,0,0,0,"- ","- ",36.782119750976562,-119.81755828857422,FRESNO,FRESNO,-119.81755828857422,36.782062530517578