CASE_ID,ACCIDENT_YEAR,PROC_DATE,JURIS,COLLISION_DATE,COLLISION_TIME,OFFICER_ID,REPORTING_DISTRICT,DAY_OF_WEEK,CHP_SHIFT,POPULATION,CNTY_CITY_LOC,SPECIAL_COND,BEAT_TYPE,CHP_BEAT_TYPE,CITY_DIVISION_LAPD,CHP_BEAT_CLASS,BEAT_NUMBER,PRIMARY_RD,SECONDARY_RD,DISTANCE,DIRECTION,INTERSECTION,WEATHER_1,WEATHER_2,STATE_HWY_IND,CALTRANS_COUNTY,CALTRANS_DISTRICT,STATE_ROUTE,ROUTE_SUFFIX,POSTMILE_PREFIX,POSTMILE,LOCATION_TYPE,RAMP_INTERSECTION,SIDE_OF_HWY,TOW_AWAY,COLLISION_SEVERITY,NUMBER_KILLED,NUMBER_INJURED,PARTY_COUNT,PRIMARY_COLL_FACTOR,PCF_CODE_OF_VIOL,PCF_VIOL_CATEGORY,PCF_VIOLATION,PCF_VIOL_SUBSECTION,HIT_AND_RUN,TYPE_OF_COLLISION,MVIW,PED_ACTION,ROAD_SURFACE,ROAD_COND_1,ROAD_COND_2,LIGHTING,CONTROL_DEVICE,CHP_ROAD_TYPE,PEDESTRIAN_ACCIDENT,BICYCLE_ACCIDENT,MOTORCYCLE_ACCIDENT,TRUCK_ACCIDENT,NOT_PRIVATE_PROPERTY,ALCOHOL_INVOLVED,STWD_VEHTYPE_AT_FAULT,CHP_VEHTYPE_AT_FAULT,COUNT_SEVERE_INJ,COUNT_VISIBLE_INJ,COUNT_COMPLAINT_PAIN,COUNT_PED_KILLED,COUNT_PED_INJURED,COUNT_BICYCLIST_KILLED,COUNT_BICYCLIST_INJURED,COUNT_MC_KILLED,COUNT_MC_INJURED,PRIMARY_RAMP,SECONDARY_RAMP,LATITUDE,LONGITUDE,COUNTY,CITY,POINT_X,POINT_Y
9464442,2021,2022-09-14,1005,2021-05-18,2500,P1131,SE/B,2,5,7,1005,0,0,0,,0,2500,"MCKINLEY AV","CLOVIS AV",473.00,W,N,A,-,N,,,,,,,,,,Y,1,1,0,1,A,-,01,23152,B,N,E,I,A,A,H,-,C,D,0,,,Y,,Y,Y,C,02,0,0,0,0,0,0,0,1,0,"- ","- ",36.765350341796875,-119.70023345947266,FRESNO,FRESNO,-119.70192718505859,36.765155792236328
9464446,2021,2022-09-14,1005,2021-06-30,1133,P1131,NE/F,3,5,7,1005,0,0,0,,0,1760,"GETTYSBURG AV","BARTON AV",0.00,,Y,A,-,N,,,,,,,,,,Y,1,1,1,2,A,-,01,23152,F,N,D,C,A,A,H,-,A,A,0,,,Y,,Y,,C,02,1,0,0,0,0,0,0,1,0,"- ","- ",36.801429748535156,-119.74974060058594,FRESNO,FRESNO,-119.74974060058594,36.801342010498047
9464448,2021,2022-09-14,1005,2021-07-29,2040,P1070,CE/G,4,5,7,1005,0,0,0,,0,2457,"OLIVE AV","THESTA ST",40.00,E,N,A,-,N,,,,,,,,,,N,1,1,0,2,A,-,03,22350,,F,G,B,D,A,H,-,C,A,0,Y,,,,Y,,A,07,0,0,0,1,0,0,0,0,0,"- ","- ",36.757598876953125,-119.78385925292969,FRESNO,FRESNO,-119.78364562988281,36.757698059082031
9464449,2021,2022-09-14,1005,2021-08-05,2147,P731,1856,4,5,7,1005,0,0,0,,0,04E,"BLACKSTONE AV","SWIFT AV",8.00,S,N,A,-,N,,,,,,,,,,Y,1,1,0,2,A,-,01,23152,B,N,D,C,A,A,H,-,C,B,0,,,Y,,Y,Y,C,02,0,0,0,0,0,0,0,1,0,"- ","- ",36.795841217041016,-119.79051208496094,FRESNO,FRESNO,-119.79061126708984,36.795879364013672
9464450,2021,2023-06-21,1005,2021-08-07,2313,P731,1262,6,5,7,1005,0,0,0,,0,04B,"CHESTNUT AV","DEARING AV",18.00,S,N,A,-,N,,,,,,,,,,Y,1,1,3,1,A,-,01,23152,B,N,E,I,A,A,H,-,C,A,0,,,,,Y,Y,A,01,3,0,0,0,0,0,0,0,0,"- ","- ",36.8408203125,-119.73835754394531,FRESNO,FRESNO,-119.73837280273438,36.840709686279297
9464451,2021,2022-09-14,1005,2021-08-26,0639,P1070,SE/E,4,5,7,1005,0,0,0,,0,2859,"CEDAR AV","HAMILTON AV",11.00,N,N,A,-,N,,,,,,,,,,Y,1,1,0,2,A,-,11,21453,D,N,G,B,B,A,H,-,A,A,0,Y,,,,Y,,N,60,0,0,0,1,0,0,0,0,0,"- ","- ",36.724998474121094,-119.75463104248047,FRESNO,FRESNO,-119.75464630126953,36.725021362304688
9464452,2021,2023-06-20,1005,2021-09-20,0105,P1131,4F,1,5,7,1005,0,0,0,,0,1659,"BARSTOW AV","FOURTH ST",88.00,E,N,A,-,N,,,,,,,,,,Y,1,1,5,1,A,-,01,23152,A,F,E,I,A,A,H,-,C,D,0,,,,,Y,Y,A,01,4,0,1,0,0,0,0,0,0,"- ","- ",36.815788269042969,-119.76555633544922,FRESNO,FRESNO,-119.76513671875,36.815742492675781
9464453,2021,2022-09-14,1005,2021-10-01,2311,P1070,NE/B,5,5,7,1005,0,0,0,,0,1059,"NEES AV","MILLBROOK AV",46.00,E,N,A,-,N,,,,,,,,,,Y,1,1,0,2,A,-,01,23152,B,N,C,C,A,A,H,-,C,A,0,,,Y,,Y,Y,C,02,0,0,0,0,0,0,0,1,0,"- ","- ",36.851791381835938,-119.76573944091797,FRESNO,FRESNO,-119.76560211181641,36.851810455322266
9464456,2021,2022-09-14,1005,2021-11-11,0543,P1070,NW/A,4,5,7,1005,0,0,0,,0,1346,"HERNDON AV","MILBURN AV",600.00,W,N,A,B,N,,,,,,,,,,Y,1,1,0,2,A,-,11,21954,A,N,G,B,D,A,H,-,B,D,0,Y,,,,Y,,N,60,0,0,0,1,0,0,0,0,0,"- ","- ",36.837131500244141,-119.87906646728516,FRESNO,FRESNO,-119.88114166259766,36.837123870849609
94645249,2025,2025-04-10,9435,2025-03-31,1503,021424,,1,2,9,1000,1,1,3,,1,412,"SR-41 N/B","FLORAL AVENUE",0.00,,Y,B,-,Y,FRE,,41," ",R,12.102,H,,R,Y,2,0,2,2,A,-,09,21801,A,N,D,2,A,A,H,-,A,D,0,,,,,Y,,D,22,1,1,0,0,0,0,0,0,0,"- ","- ",36.576309204101562,-119.78591918945312,FRESNO,UNINCORPORATED,-119.78594970703125,36.576309204101562
94646111,2025,2025-04-11,9435,2025-03-14,1128,018746,,5,1,7,1005,0,1,3,,1,168,"SR-168 WESTBOUND","OLIVE AVENUE",490.00,W,N,B,-,Y,FRE,,168," ",R,0.373,H,,L,Y,2,0,1,1,A,-,01,23152,A,N,E,I,A,B,H,-,A,D,0,,,,,Y,Y,A,07,1,0,0,0,0,0,0,0,0,"- ","- ",36.756450653076172,-119.75051879882812,FRESNO,FRESNO,-119.75055694580078,36.756477355957031
94646635,2025,2025-04-11,9435,2025-02-20,"50  ",022921,,4,3,9,1000,0,3,5,,2,034,"MANNING AVENUE","ZEDIKER STREET",820.00,E,N,A,-,Y,,,,,,,,,,Y,1,1,0,2,A,-,11,21954,A,N,G,B,E,A,H,-,D,D,0,Y,,,,Y,Y,N,60,0,0,0,1,0,0,0,0,0,"- ","- ",36.604560852050781,-119.51802062988281,FRESNO,UNINCORPORATED,-119.51821899414062,36.60455322265625
94646706,2024,2025-04-11,9435,2024-05-18,2030,021290,,6,2,9,1000,0,1,3,,1,412,"STATE ROUTE 41 NORTHBOUND","MANNING AVENUE",65.00,S,N,A,-,Y,FRE,,41," ",R,14.084,H,,R,Y,1,2,2,3,A,-,01,23152,A,N,C,C,A,A,H,-,C,A,0,,,,,Y,Y,D,22,0,2,0,0,0,0,0,0,0,"- ","- ",36.605030059814453,-119.78584289550781,FRESNO,UNINCORPORATED,-119.78588104248047,36.605030059814453
94649777,2025,2025-04-15,9435,2025-03-28,2020,022112,,5,2,9,1000,0,1,3,,1,412,"SR-41 S/B","MOUNT WHITNEY AVE",528.00,S,N,A,-,Y,FRE,,41," ",R,1.909,H,,L,Y,2,0,1,1,A,-,01,23152,A,N,E,I,A,A,H,-,C,A,0,,,,,Y,Y,A,01,1,0,0,0,0,0,0,0,0,"- ","- ",36.429328918457031,-119.80152893066406,FRESNO,UNINCORPORATED,-119.80154418945312,36.429332733154297
94651923,2025,2025-04-16,9435,2025-02-09,1633,018609,,7,2,9,1000,0,3,5,,2,050,"JOSE BASIN RD","AUBERRY MISSION RD",6864.00,N,N,A,-,N,,,,,,,,,,Y,2,0,3,2,A,-,05,21650,,F,A,C,A,A,H,-,A,D,0,,,,,Y,,A,07,1,2,0,0,0,0,0,0,0,"- ","- ",37.098831176757812,-119.45513153076172,FRESNO,UNINCORPORATED,-119.47241973876953,37.089481353759766
94652442,2025,2025-04-16,9435,2025-03-15,"528 ",021930,,6,3,9,1000,0,3,5,,2,030,"CLINTON AVENUE","BOND STREET",380.00,E,N,B,-,N,,,,,,,,,,N,1,1,0,2,A,-,11,21954,A,N,G,B,E,A,H,-,D,D,0,Y,,,,Y,,N,60,0,0,0,1,0,0,0,0,0,"- ","- ",36.772281646728516,-119.76656341552734,FRESNO,UNINCORPORATED,-119.76659393310547,36.772300720214844
94653390,2025,2025-04-17,9495,2025-04-10,"735 ",021630,,4,1,9,1000,0,3,5,,2,051,"COALINGA MENDOTA ROAD (DERRICK AVENUE)","INTERSTATE 5",3696.00,W,N,A,-,N,,,,,,,,,,Y,2,0,2,1,A,-,08,22107,,M,F,A,A,A,H,-,A,D,0,,,,Y,Y,,G,25,1,0,1,0,0,0,0,0,0,"- ","- ",36.320838928222656,-120.30552673339844,FRESNO,UNINCORPORATED,-120.33818817138672,36.370658874511719
94658466,2025,2025-04-22,9435,2025-02-02,2500,018609,,7,4,9,1000,0,1,3,,1,169,"SR-168 WESTBOUND","QUALLS PRATHER ROAD",5280.00,E,N,B,-,Y,FRE,,168," ",L,29.217,H,,L,Y,1,1,1,1,A,-,01,23152,A,N,E,I,A,A,H,-,D,D,0,,,,,Y,Y,A,01,1,0,0,0,0,0,0,0,0,"- ","- ",37.0648193359375,-119.45449829101562,FRESNO,UNINCORPORATED,-119.45452117919922,37.064781188964844
94658659,2025,2025-04-22,9435,2025-03-21,1329,015890,,5,1,9,1000,0,3,5,,2,020,"ELKHORN AVENUE","MARKS AVENUE",615.00,W,N,A,-,N,,,,,,,,,,Y,1,1,1,2,A,-,09,21804,A,N,D,C,A,A,H,-,A,D,0,,,,Y,Y,,D,22,1,0,0,0,0,0,0,0,0,"- ","- ",36.489101409912109,-119.84774780273438,FRESNO,UNINCORPORATED,-119.85353088378906,36.489089965820312
94659800,2025,2025-04-23,9461,2025-04-18,1205,017329,,5,1,9,1000,0,2,4,,1,615,"NEES AVE","DELTA MENDOTA CANAL",32.00,E,N,B,-,N,,,,,,,,,,N,2,0,1,2,A,-,11,21954,A,N,G,B,D,A,H,-,A,D,0,Y,,,,Y,,N,60,1,0,0,0,1,0,0,0,0,"- ","- ",36.851119995117188,-120.49223327636719,FRESNO,UNINCORPORATED,,
94670663,2024,2025-04-30,9435,2024-08-28,1152,017579,,3,1,9,1000,0,3,5,,2,015,"LINCOLN AVENUE","MCMULLIN GRADE",0.00,,Y,A,-,Y,,,,,,,,,,Y,1,2,1,2,A,-,12,22450,A,N,D,C,A,A,H,-,A,A,0,,,,,Y,,A,01,1,0,0,0,0,0,0,0,0,"- ","- ",36.647838592529297,-119.98896789550781,FRESNO,UNINCORPORATED,,
94675466,2025,2025-05-05,9435,2025-03-07,"33  ",021230,,5,3,9,1000,0,3,5,,2,040,"KAMM AVENUE","BRAWLEY AVENUE",1795.00,E,N,A,-,N,,,,,,,,,,Y,1,1,0,2,A,-,01,23152,G,N,A,C,A,A,H,-,D,D,0,,,,Y,Y,Y,D,22,0,0,0,0,0,0,0,0,0,"- ","- ",36.532600402832031,-119.85704040527344,FRESNO,UNINCORPORATED,-119.857177734375,36.532596588134766
94677256,2024,2025-05-06,9435,2024-06-30,2140,018609,,7,2,9,1000,0,3,5,,2,050,"AUBERRY ROAD","TWIN PONDS ROAD",500.00,W,N,A,-,N,,,,,,,,,,Y,2,0,1,1,A,-,16,24002,A,N,F,A,A,A,H,-,D,D,0,,,Y,,Y,,C,02,1,0,0,0,0,0,0,0,1,"- ","- ",37.013858795166016,-119.55496215820312,FRESNO,UNINCORPORATED,-119.55493927001953,37.013889312744141
94679474,2025,2025-05-07,9435,2025-04-27,2308,021982,,7,3,9,1000,0,1,3,,1,145,SR-145,"CLINTON AVE",1175.00,S,N,A,-,N,,,,,,,,,,N,2,0,1,2,A,-,11,21956,A,N,G,B,E,A,H,-,D,D,0,Y,,,,Y,,N,60,1,0,0,0,1,0,0,0,0,"- ","- ",36.768211364746094,-120.06017303466797,FRESNO,UNINCORPORATED,-120.06015777587891,36.768135070800781
94679485,2025,2025-05-07,9435,2025-04-27,1200,015095,,7,1,9,1000,0,3,5,,2,025,"DEWITT AVENUE","INDIANAPOLIS AVENUE",0.00,,Y,A,-,N,,,,,,,,,,Y,2,0,1,2,A,-,03,22350,,N,D,C,A,A,H,-,A,D,0,,,Y,,Y,,C,02,1,0,0,0,0,0,0,0,1,"- ","- ",36.799221038818359,-119.70406341552734,FRESNO,UNINCORPORATED,-119.70403289794922,36.799270629882812
94689415,2025,2025-05-15,9435,2025-05-03,2341,022921,,6,3,9,1000,0,1,3,,2,106,"SR-99 S/B","ADAMS AVE",1800.00,N,N,A,-,Y,FRE,,99," "," ",12.196,H,,L,Y,2,0,2,2,A,-,01,23152,A,F,C,C,A,A,H,-,C,D,0,,,,,Y,Y,A,07,1,1,0,0,0,0,0,0,0,"- ","- ",36.638278961181641,-119.69735717773438,FRESNO,UNINCORPORATED,-119.6973876953125,36.638259887695312
94707437,2025,2025-05-30,9495,2025-05-28,"630 ",022824,,3,1,9,1000,0,3,5,,2,053,"JAYNE AVENUE","PRIVATE DRIVEWAY OF 24511 W JAYNE AVENUE",0.00,,Y,A,-,N,,,,,,,,,,Y,2,0,1,2,A,-,12,21453,A,N,D,2,A,A,H,-,A,A,0,,,,,Y,,D,22,1,0,0,0,0,0,0,0,0,"- ","- ",36.137199401855469,-120.24073791503906,FRESNO,UNINCORPORATED,-120.27175140380859,36.136997222900391
94713127,2025,2025-06-04,9495,2025-03-18,1235,021714,,2,1,9,1000,0,3,5,,2,051,"MANNING AVENUE","STATE ROUTE 33 (DERRICK AVENUE)",8818.00,W,N,A,-,N,,,,,,,,,,Y,1,1,1,2,A,-,05,21650,,N,A,C,A,A,H,-,A,D,0,,,,Y,Y,,A,01,0,1,0,0,0,0,0,0,0,"- ","- ",36.603481292724609,-120.41860961914062,FRESNO,UNINCORPORATED,-120.41859436035156,36.603492736816406
94713293,2025,2025-06-04,9435,2025-05-23,1647,016860,,5,2,9,1000,0,3,5,,2,050,"MILLERTON ROAD","STATE ROUTE 168",8976.00,W,N,B,-,N,,,,,,,,,,Y,2,0,1,2,A,-,08,22107,,N,F,0,A,A,H,-,A,D,0,,,Y,,Y,,C,02,1,0,0,0,0,0,0,0,1,"- ","- ",36.978179931640625,-119.55458831787109,FRESNO,UNINCORPORATED,-119.50601959228516,36.953250885009766
94713589,2025,2025-06-04,9435,2025-05-27,"815 ",015751,,2,1,9,1000,0,3,5,,2,010,"SHAW AVE","GARFIELD AVE",0.00,,Y,A,-,N,,,,,,,,,,Y,2,0,1,2,A,-,06,21755,,N,D,C,A,A,H,-,A,A,0,,,Y,,Y,,C,02,1,0,0,0,0,0,0,0,1,"- ","- ",36.807811737060547,-119.92556762695312,FRESNO,UNINCORPORATED,-119.92549896240234,36.807838439941406
94717939,2025,2025-06-09,9435,2025-05-29,2012,018609,,4,2,9,1000,0,3,5,,2,050,"LODGE ROAD",RIVERBELLE,3696.00,W,N,A,-,N,,,,,,,,,,Y,2,0,1,1,A,-,01,23152,A,M,E,I,A,A,H,-,D,D,0,,,,,Y,Y,A,01,1,0,0,0,0,0,0,0,0,"- ","- ",37.013538360595703,-119.42706298828125,FRESNO,UNINCORPORATED,-119.42671966552734,37.01300048828125
94720667,2025,2025-06-10,9435,2025-04-21,2035,016507,,1,2,9,1000,0,3,5,,2,060,"MANNING AVENUE","ENGLEHART AVENUE",1584.00,E,N,A,-,N,,,,,,,,,,Y,1,1,0,3,A,-,11,21956,A,N,G,1,E,A,H,-,D,D,0,Y,,,,Y,,N,60,0,0,0,1,0,0,0,0,0,"- ","- ",36.604000091552734,-119.40738677978516,FRESNO,UNINCORPORATED,-119.40763854980469,36.604011535644531
94723424,2025,2025-06-12,9435,2025-05-31,1950,023103,,6,2,9,1000,0,1,3,,2,105,"SR-99 S/B","CHURCH AVE",2112.00,N,N,A,-,Y,FRE,,99," "," ",19.637,H,,L,Y,2,0,1,2,A,-,06,21755,,N,C,E,A,A,H,-,A,D,0,,,,Y,Y,,A,01,1,0,0,0,0,0,0,0,0,"- ","- ",36.718860626220703,-119.78608703613281,FRESNO,UNINCORPORATED,-119.78605651855469,36.718883514404297
94727597,2025,2025-06-16,9495,2025-01-12,2040,022595,,7,2,9,1000,0,1,3,,2,005,"STATE ROUTE 33 (FRESNO COALINGA RD)","STATE ROUTE 198",1584.00,S,N,A,-,Y,FRE,,33," "," ",24.044,H,,R,Y,1,2,0,2,A,-,05,21460,A,N,A,C,A,A,H,-,D,D,0,,,,,Y,Y,A,01,0,0,0,0,0,0,0,0,0,"- ","- ",36.241950988769531,-120.31493377685547,FRESNO,UNINCORPORATED,-120.31491088867188,36.241950988769531
94737662,2025,2025-07-09,9495,2025-06-15,"855 ",022504,,7,1,9,1000,0,1,1,,2,002,"INTERSTATE 5 NORTHBOUND","STATE ROUTE 33 (DERRICK AVENUE)",459.00,S,N,A,-,Y,FRE,,5," "," ",29.909,H,,R,Y,2,0,5,2,A,-,07,21658,A,N,B,C,A,A,H,-,A,D,0,,,,,Y,,A,07,1,4,0,0,0,0,0,0,0,"- ","- ",36.435298919677734,-120.39373016357422,FRESNO,UNINCORPORATED,-120.39361572265625,36.435367584228516
94737970,2025,2025-06-24,9435,2025-06-23,"915 ",022378,,1,1,9,1000,0,3,5,,2,034,"MANNING AVENUE W/B","NURMI AVENUE",218.00,E,N,A,-,N,,,,,,,,,,Y,2,0,1,2,A,-,03,22350,,N,C,C,A,A,H,-,A,D,0,,,,Y,Y,,A,07,1,0,0,0,0,0,0,0,0,"- ","- ",36.60443115234375,-119.47135925292969,FRESNO,UNINCORPORATED,-119.47145080566406,36.604301452636719
94743953,2025,2025-06-30,9435,2025-06-23,2250,021402,,1,3,7,1005,0,1,3,,2,410,"SR-41 NB","G STREET",5.00,N,N,A,-,Y,FRE,,41," ",R,22.258,H,,R,Y,2,0,1,1,A,-,03,22350,,N,F,A,A,A,H,-,D,D,0,,,Y,,Y,,C,02,1,0,0,0,0,0,0,0,1,"- ","- ",36.723430633544922,-119.78517150878906,FRESNO,FRESNO,-119.78520965576172,36.723434448242188
94744004,2025,2025-06-30,9495,2025-06-20,"939 ",022247,,5,1,9,1000,0,1,3,,2,005,"STATE ROUTE 33 (FRESNO/COALINGA ROAD)","GALE AVENUE",7339.00,N,N,A,-,Y,FRE,,33," "," ",19.988,H,,R,Y,2,0,5,3,A,-,08,22107,,N,B,C,A,A,H,-,A,D,0,,,,,Y,,D,22,2,3,0,0,0,0,0,0,0,"- ","- ",36.194370269775391,-120.33725738525391,FRESNO,UNINCORPORATED,-120.33724975585938,36.194362640380859
94749621,2025,2025-07-07,9435,2025-04-29,2015,021658,,2,2,9,1000,0,1,3,,2,106,"SR-99 N/B","MANNING AVE.",700.00,N,N,A,-,Y,FRE,,99," "," ",9.860,H,,R,Y,2,0,1,2,A,-,01,23152,A,N,C,C,A,A,H,-,D,D,0,,,,,Y,Y,D,22,1,0,0,0,0,0,0,0,0,"- ","- ",36.612991333007812,-119.66928100585938,FRESNO,UNINCORPORATED,-119.66928100585938,36.612991333007812
94753485,2025,2025-07-08,9435,2025-06-27,1749,023034,,5,2,9,1000,0,3,5,,2,020,"MARKS AVENUE","CLARKSON AVENUE",1180.00,S,N,A,-,N,,,,,,,,,,N,2,0,1,1,A,-,01,23152,A,N,F,A,A,A,H,-,A,D,0,,,,,Y,Y,D,22,1,0,0,0,0,0,0,0,0,"- ","- ",36.500011444091797,-119.84564208984375,FRESNO,UNINCORPORATED,-119.84549713134766,36.500370025634766
94754165,2025,2025-07-08,9435,2025-04-07,2500,021315,,1,4,9,1000,0,3,5,,2,015,"MARKS AVENUE","WHITESBRIDGE ROAD",415.00,N,N,A,-,N,,,,,,,,,,N,1,1,0,2,A,-,11,21954,A,F,G,B,E,A,H,-,D,D,0,Y,,,,Y,,N,60,0,0,0,1,0,0,0,0,0,"- ","- ",36.736961364746094,-119.84445190429688,FRESNO,UNINCORPORATED,-119.84451293945312,36.735660552978516
94754167,2024,2025-07-08,9435,2024-10-19,2305,020540,,6,3,9,1000,0,3,5,,2,060,"MANNING AVENUE","HILL AVENUE",19.00,W,N,A,-,N,,,,,,,,,,Y,1,1,7,3,A,-,01,23152,A,N,C,C,A,A,H,-,D,A,0,,,,,Y,Y,A,01,3,3,1,0,0,0,0,0,0,"- ","- ",36.602958679199219,-119.34075164794922,FRESNO,UNINCORPORATED,-119.34077453613281,36.603092193603516
94756748,2025,2025-07-10,9435,2025-03-27,"35  ",020977,,4,3,9,1000,0,1,3,,2,106,"SR-99 N/B FROM MANNING AVENUE W/B","MANNING AVE",16.00,N,N,A,-,Y,,,,,,,,,,Y,1,1,0,1,A,-,03,22350,,N,E,8,A,A,H,-,D,A,0,,,,,Y,,A,07,0,0,0,0,0,0,0,0,0,"- ","- ",36.60546875,-119.66004943847656,FRESNO,UNINCORPORATED,,
94771066,2024,2025-07-21,9495,2024-08-10,"125 ",022686,,6,3,9,1000,0,1,3,,1,014,"STATE ROUTE 269 (LASSEN AVENUE)","FORD AVENUE",1320.00,N,N,A,-,Y,FRE,,269," "," ",17.023,H,,R,Y,1,1,2,2,A,-,05,21650,,N,A,C,A,A,H,-,D,D,0,,,,,Y,,A,01,2,0,0,0,0,0,0,0,0,"- ","- ",36.317409515380859,-120.1033935546875,FRESNO,UNINCORPORATED,-120.10340118408203,36.317409515380859
94784694,2025,2025-07-31,9435,2025-06-26,2115,020429,,4,2,9,1000,0,3,5,,2,015,"COLORADO AVENUE","SUMNER AVENUE",552.00,N,N,A,-,N,,,,,,,,,,Y,1,2,0,2,A,-,03,22350,,N,C,C,A,A,H,-,D,D,0,,,Y,,Y,,C,02,0,0,0,0,0,0,0,2,0,"- ","- ",36.625778198242188,-120.21504974365234,FRESNO,UNINCORPORATED,-120.21501159667969,36.625755310058594
94785048,2024,2025-07-31,9435,2024-09-02,2015,017579,,1,2,9,1000,0,3,5,,2,040,"FLORAL AVENUE","TEMPERANCE AVENUE",1045.00,W,N,A,-,N,,,,,,,,,,Y,1,1,0,2,A,-,03,22350,,N,C,C,A,A,H,-,D,D,0,,,,,Y,Y,D,22,0,0,0,0,0,0,0,0,0,"- ","- ",36.576370239257812,-119.66828918457031,FRESNO,UNINCORPORATED,-119.66823577880859,36.576358795166016
94786603,2025,2025-08-01,9435,2025-05-17,2203,023097,,6,3,9,1000,0,3,5,,2,015,"JENSEN AVE","WEST AVE",53.00,W,N,A,-,N,,,,,,,,,,N,2,0,1,2,A,-,11,21954,A,N,G,B,E,A,H,-,C,D,0,Y,,,,Y,,N,60,1,0,0,0,1,0,0,0,0,"- ","- ",36.706710815429688,-119.82755279541016,FRESNO,UNINCORPORATED,-119.56121063232422,36.707244873046875
94802939,2025,2025-08-14,9495,2025-02-23,1338,021714,,7,1,9,1000,0,1,3,,2,005,"STATE ROUTE 33 (DERRICK AVENUE)","CLARKSON AVENUE",1373.00,N,N,A,-,Y,FRE,,33," "," ",44.706,H,,R,Y,1,1,1,2,A,-,05,21650,,N,A,C,A,A,H,-,A,D,0,,,,Y,Y,,A,01,0,0,1,0,0,0,0,0,0,"- ","- ",36.50537109375,-120.38910675048828,FRESNO,UNINCORPORATED,-120.38907623291016,36.50537109375
94803263,2025,2025-08-14,9435,2025-06-08,2500,016911,,7,4,9,1000,0,1,3,,2,184,"STATE ROUTE 180","HUME LAKE ROAD",11616.00,E,N,A,-,Y,FRE,,180," "," ",119.394,H,,R,Y,1,1,0,1,A,-,08,22107,,N,E,I,A,A,H,-,A,D,0,,,Y,,Y,,C,02,0,0,0,0,0,0,0,1,0,"- ","- ",36.820869445800781,-118.91024780273438,FRESNO,UNINCORPORATED,-118.91020965576172,36.820903778076172
9480350,2022,2022-07-25,1001,2022-06-20,1924,5658,,1,5,5,1001,0,0,0,,0,006,"SHAW AV",TWINBERRY,175.00,W,N,A,-,N,,,,,,,,,,Y,2,0,1,1,A,-,01,23152,A,N,E,I,A,A,H,-,A,D,0,,,Y,,Y,Y,C,02,1,0,0,0,0,0,0,0,1,"- ","- ",36.808349609375,-119.64589691162109,FRESNO,CLOVIS,-119.64896392822266,36.808429718017578
94820685,2025,2025-08-27,9435,2025-06-20,1420,023034,,5,2,9,1000,0,3,5,,2,034,"ACADEMY AVENUE","LINCOLN AVENUE",0.00,,Y,A,-,N,,,,,,,,,,Y,1,1,4,2,A,-,12,22450,A,N,D,C,A,A,H,-,A,A,0,,,,,Y,,A,01,0,4,0,0,0,0,0,0,0,"- ","- ",36.648681640625,-119.55644989013672,FRESNO,UNINCORPORATED,-119.55657958984375,36.648666381835938
9491546,2022,2022-09-15,1001,2022-08-12,1314,5671,,5,5,5,1001,0,0,0,,0,001,"S MINNEWAWA AV","SHAW AV",145.00,S,N,A,-,N,,,,,,,,,,Y,2,0,1,2,A,-,09,21804,A,N,D,C,A,A,H,-,A,D,0,,,Y,,Y,,A,01,1,0,0,0,0,0,0,0,1,"- ","- ",36.806491851806641,-119.70913696289062,FRESNO,CLOVIS,-119.70911407470703,36.808021545410156
9501339,2022,2022-10-21,1012,2022-09-06,1428,L163,REEDL,2,5,3,1012,0,0,0,,0,,"MANNING AV","COLUMBIA AV",168.00,E,N,A,-,N,,,,,,,,,,N,2,0,2,2,A,-,09,21804,A,N,C,C,A,A,H,-,A,D,0,,,,,Y,,A,01,1,0,1,0,0,0,0,0,0,"- ","- ",36.604129791259766,-119.14398193359375,FRESNO,REEDLEY,-119.43923950195312,36.604141235351562
9507466,2022,2022-10-12,1015,2022-09-17,2009,N111,SELMA,6,5,3,1015,0,0,0,,0,A300,HIGHLAND,"ARRANTS ST",12.00,S,N,A,-,N,,,,,,,,,,N,2,0,1,2,A,-,08,22107,,N,B,C,A,A,H,-,C,D,0,,,Y,,Y,,A,01,1,0,0,0,0,0,0,0,1,"- ","- ",,,FRESNO,SELMA,-119.62877655029297,36.570636749267578
9519010,2022,2023-02-02,1008,2022-11-21,2024,J159,,1,5,2,1008,0,0,0,,0,,"DRAPER ST","CALIFORNIA ST",0.00,,Y,A,-,N,,,,,,,,,,,2,0,1,2,A,-,03,22350,,N,G,B,B,A,H,-,C,D,0,Y,,,,Y,,A,01,1,0,0,0,1,0,0,0,0,"- ","- ",36.513889312744141,-119.55372619628906,FRESNO,KINGSBURG,-119.55392456054688,36.514015197753906
9520318,2021,2023-02-02,1005,2021-10-13,1403,P1131,2658,3,5,7,1005,0,0,0,,0,"SE C","EAST TULARE","S 5TH ST",703.00,W,N,A,-,N,,,,,,,,,,N,1,1,0,2,A,-,01,23152,F,N,G,B,E,A,H,-,A,B,0,Y,,,,Y,,A,01,0,0,0,1,0,0,0,0,0,"- ","- ",,,FRESNO,FRESNO,-119.76840972900391,36.743171691894531