CASE_ID,ACCIDENT_YEAR,PROC_DATE,JURIS,COLLISION_DATE,COLLISION_TIME,OFFICER_ID,REPORTING_DISTRICT,DAY_OF_WEEK,CHP_SHIFT,POPULATION,CNTY_CITY_LOC,SPECIAL_COND,BEAT_TYPE,CHP_BEAT_TYPE,CITY_DIVISION_LAPD,CHP_BEAT_CLASS,BEAT_NUMBER,PRIMARY_RD,SECONDARY_RD,DISTANCE,DIRECTION,INTERSECTION,WEATHER_1,WEATHER_2,STATE_HWY_IND,CALTRANS_COUNTY,CALTRANS_DISTRICT,STATE_ROUTE,ROUTE_SUFFIX,POSTMILE_PREFIX,POSTMILE,LOCATION_TYPE,RAMP_INTERSECTION,SIDE_OF_HWY,TOW_AWAY,COLLISION_SEVERITY,NUMBER_KILLED,NUMBER_INJURED,PARTY_COUNT,PRIMARY_COLL_FACTOR,PCF_CODE_OF_VIOL,PCF_VIOL_CATEGORY,PCF_VIOLATION,PCF_VIOL_SUBSECTION,HIT_AND_RUN,TYPE_OF_COLLISION,MVIW,PED_ACTION,ROAD_SURFACE,ROAD_COND_1,ROAD_COND_2,LIGHTING,CONTROL_DEVICE,CHP_ROAD_TYPE,PEDESTRIAN_ACCIDENT,BICYCLE_ACCIDENT,MOTORCYCLE_ACCIDENT,TRUCK_ACCIDENT,NOT_PRIVATE_PROPERTY,ALCOHOL_INVOLVED,STWD_VEHTYPE_AT_FAULT,CHP_VEHTYPE_AT_FAULT,COUNT_SEVERE_INJ,COUNT_VISIBLE_INJ,COUNT_COMPLAINT_PAIN,COUNT_PED_KILLED,COUNT_PED_INJURED,COUNT_BICYCLIST_KILLED,COUNT_BICYCLIST_INJURED,COUNT_MC_KILLED,COUNT_MC_INJURED,PRIMARY_RAMP,SECONDARY_RAMP,LATITUDE,LONGITUDE,COUNTY,CITY,POINT_X,POINT_Y
9520495,2022,2023-06-20,1005,2022-10-29,1716,P2119,SW,6,5,7,1005,0,0,0,,0,00C,"FRESNO ST","R ST",0.00,,Y,A,-,N,,,,,,,,,,N,1,1,0,2,A,-,11,21456,B,N,G,B,B,A,H,-,A,A,0,Y,,,,Y,,N,60,0,0,0,1,0,0,0,0,0,"- ","- ",36.741668701171875,-119.78411102294922,FRESNO,FRESNO,-119.78410339355469,36.741664886474609
9520496,2022,2023-06-20,1005,2022-01-25,2037,P1131,NE/D,2,5,7,1005,0,0,0,,0,1561,"BULLARD AV","CEDAR AV",141.00,W,N,A,-,N,,,,,,,,,,Y,1,1,0,2,A,-,03,22350,,F,G,B,D,A,H,-,C,D,0,Y,,,,Y,,A,01,0,0,0,1,0,0,0,0,0,"- ","- ",36.823169708251953,-119.75420379638672,FRESNO,FRESNO,-119.75473785400391,36.823055267333984
9520540,2022,2023-05-26,1011,2022-12-12,0355,K084,PARLI,1,5,3,1011,0,0,0,,0,N41,"MANNING AV","MENDOCINO AV",32.00,W,N,B,-,N,,,,,,,,,,N,1,1,0,2,A,-,11,21461,5,N,G,B,B,B,H,-,C,A,0,Y,,,,Y,,N,60,0,0,0,1,0,0,0,0,0,"- ","- ",36.604938507080078,-119.54837799072266,FRESNO,PARLIER,-119.54792785644531,36.604869842529297
9520541,2022,2023-05-26,1011,2022-05-15,1800,K084,A3,7,5,3,1011,0,0,0,,0,N41,"KELLY AV","MAYA ST",0.00,,Y,A,-,N,,,,,,,,,,N,1,1,0,2,A,-,03,22350,,N,A,E,A,A,H,-,A,D,0,,,Y,,Y,Y,C,06,0,0,0,0,0,0,0,1,0,"- ","- ",36.605331420898438,-119.53872680664062,FRESNO,PARLIER,-119.53826904296875,36.605430603027344
9520641,2022,2023-06-16,1005,2022-10-12,1851,P1982,CENTR,3,5,7,1005,0,0,0,,0,CHARLE,"MCKINLEY AV","ECHO AV",0.00,,Y,A,-,N,,,,,,,,,,Y,1,1,0,2,A,-,11,21950,B,N,G,B,B,A,H,-,C,A,0,Y,,,,Y,,N,60,0,0,0,1,0,0,0,0,0,"- ","- ",,,FRESNO,FRESNO,-119.80458068847656,36.764980316162109
9520642,2022,2023-06-16,1005,2022-10-27,0922,P1402,NORTH,4,5,7,1005,0,0,0,,0,00A,"PERRIN AV","FOXHILL DR",0.00,,Y,A,-,N,,,,,,,,,,N,1,1,0,2,A,-,03,22350,,N,G,B,B,A,H,-,B,A,0,Y,,,,Y,,D,22,0,0,0,1,0,0,0,0,0,"- ","- ",36.868278503417969,-119.76809692382812,FRESNO,FRESNO,-119.7684326171875,36.869014739990234
9537457,2022,2023-01-03,1011,2022-09-30,0822,K093,PARLI,5,5,3,1011,0,0,0,,0,0PA,"ACADEMY AV","PARLIER AV NORTH PROLONGATION",7.00,S,N,A,-,N,,,,,,,,,,Y,2,0,1,2,A,-,07,21658,A,N,C,E,A,A,H,-,A,D,0,,,,Y,Y,,D,22,1,0,0,0,0,0,0,0,0,"- ","- ",36.604579925537109,-119.56156921386719,FRESNO,PARLIER,-119.55690765380859,36.612350463867188
9538753,2022,2023-02-09,1013,2022-11-30,1133,M179,SANGE,3,5,3,1013,0,0,0,,0,M03,"CHERRY AV","CHERRY AV 2165",31.00,S,N,A,-,N,,,,,,,,,,N,2,0,1,2,A,-,21,22106,,N,G,B,F,A,H,-,A,D,0,Y,,,,Y,Y,A,01,1,0,0,0,1,0,0,0,0,"- ","- ",,,FRESNO,SANGER,,
9546938,2023,2023-03-02,1013,2023-01-27,1329,M158,M220,5,5,3,1013,0,0,0,,0,M02,"ACADEMY AV","CHURCH AV S",43.00,N,N,A,-,N,,,,,,,,,,,2,0,1,1,A,-,03,22350,,N,H,A,A,A,H,-,A,D,0,,,Y,,Y,,C,02,1,0,0,0,0,0,0,0,1,"- ","- ",,,FRESNO,SANGER,-119.55712127685547,36.713146209716797
9569036,2023,2023-06-06,1012,2023-05-17,1415,L136,REEDL,3,5,3,1012,0,0,0,,0,,"SPRINGFIELD AV","E SPRINGFIELD AV 990",105.00,W,N,A,-,N,,,,,,,,,,Y,2,0,1,4,A,-,08,22107,,N,G,B,F,A,H,-,A,D,0,Y,,,,Y,Y,D,22,1,0,0,0,1,0,0,0,0,"- ","- ",36.596908569335938,-119.44046783447266,FRESNO,REEDLEY,-119.79123687744141,36.598007202148438
9579239,2023,2023-06-28,1001,2023-04-07,1529,5834,,5,5,5,1001,0,0,0,,0,006,"EAST SHAW AV","LA CANADA AVE",0.00,,Y,A,-,N,,,,,,,,,,Y,2,0,3,2,A,-,08,22107,,N,D,C,A,-,D,-,A,D,0,,,,,Y,,A,01,1,1,1,0,0,0,0,0,0,"- ","- ",36.808280944824219,-119.62689208984375,FRESNO,CLOVIS,-119.63137054443359,36.808036804199219
9581278,2023,2023-06-30,1013,2023-05-11,1344,M180,SANGE,4,5,3,1013,0,0,0,,0,M01,"BETHEL AV","FLORENCE AV",209.00,S,N,A,-,N,,,,,,,,,,,2,0,1,1,B,-,22,,,N,E,I,A,A,H,-,A,D,0,,,Y,,Y,,C,02,1,0,0,0,0,0,0,0,1,"- ","- ",36.718620300292969,-119.57415771484375,FRESNO,SANGER,-119.57412719726562,36.717906951904297
9596143,2023,2023-07-21,1015,2023-06-17,2311,N136,SELMA,6,5,3,1015,0,0,0,,0,SELMA,"HIGHLAND AV","FLORAL AV",262.00,N,N,A,-,N,,,,,,,,,,Y,2,0,1,2,A,-,11,21954,A,F,G,B,D,A,H,-,C,D,0,Y,,,,Y,,N,60,1,0,0,0,1,0,0,0,0,"- ","- ",36.576450347900391,-119.62854766845703,FRESNO,SELMA,-119.62869262695312,36.577579498291016
9596760,2023,2023-07-27,1009,2023-04-18,"422 ",R054,MENDO,2,5,2,1009,0,0,0,,0,0ME,"5TH ST","LOLITA ST",5.00,W,N,A,-,N,,,,,,,,,,N,2,0,1,2,A,-,08,22107,,N,G,B,E,A,H,-,D,D,0,Y,,,,Y,,A,08,1,0,0,0,1,0,0,0,0,"- ","- ",,,FRESNO,MENDOTA,-120.37931060791016,36.7593994140625
9597004,2023,2023-08-22,1015,2023-07-22,"233 ",N146,SELMA,6,5,3,1015,0,0,0,,0,,"WHITSON ST","FLORAL AV",668.00,N,N,A,-,N,,,,,,,,,,Y,2,0,1,1,A,-,01,23152,A,N,E,I,A,A,H,-,D,D,0,,,,,Y,Y,A,07,1,0,0,0,0,0,0,0,0,"- ","- ",36.568851470947266,-119.63017272949219,FRESNO,SELMA,-119.62612152099609,36.577754974365234
9599086,2023,2024-01-30,1001,2023-12-20,1625,5784,,3,5,5,1001,0,0,0,,0,,"W SIERRA AV","CINDY AV",340.00,E,N,C,-,N,,,,,,,,,,N,2,0,2,2,A,-,08,22107,,N,E,J,A,B,H,-,B,D,0,,,,,Y,,A,01,1,0,1,0,0,0,0,0,0,"- ","- ",36.829719543457031,-119.72203826904297,FRESNO,CLOVIS,-119.72212982177734,36.83026123046875
9616906,2023,2023-10-09,1001,2023-06-03,2221,5841,,6,5,5,1001,0,0,0,,0,001,"WEST ASHLAN AV","WILLOW AV",600.00,E,N,A,-,N,,,,,,,,,,Y,2,0,1,2,A,-,05,21651,A,N,D,G,A,A,H,-,C,D,0,,Y,,,Y,,L,04,1,0,0,0,0,0,1,0,0,"- ","- ",36.794189453125,-119.72743988037109,FRESNO,CLOVIS,-119.72541046142578,36.794185638427734
9618504,2023,2023-09-11,1015,2023-07-21,2248,N153,SELMA,5,5,3,1015,0,0,0,,0,N100,"GOLDEN STATE BL","DINUBA AV",0.00,,Y,A,-,N,,,,,,,,,,Y,2,0,3,2,A,-,13,22500,A,N,A,D,A,A,H,-,D,D,0,,,,,Y,,A,01,1,2,0,0,0,0,0,0,0,"- ","- ",,,FRESNO,SELMA,-119.63861083984375,36.590473175048828
9624166,2022,2023-11-07,1001,2022-11-09,2126,5850,,3,5,5,1001,0,0,0,,0,006,"NORTH SUNNYSIDE AV","SIERRA AV",0.00,,Y,A,-,N,,,,,,,,,,Y,1,1,0,2,A,-,01,23152,F,N,C,C,A,A,H,-,C,D,0,,,Y,,Y,,C,02,0,0,0,0,0,0,0,1,0,"- ","- ",36.830329895019531,-119.69091796875,FRESNO,CLOVIS,-119.69091796875,36.830329895019531
9631064,2023,2023-11-21,1013,2023-09-22,1423,M158,M110,5,5,3,1013,0,0,0,,0,M01,"BETHEL AV","CHURCH AV",0.00,,Y,A,-,N,,,,,,,,,,,2,0,1,2,A,-,09,21453,B,N,G,B,B,A,H,-,A,A,0,Y,,,,Y,,A,07,1,0,0,0,1,0,0,0,0,"- ","- ",36.713920593261719,-119.57425689697266,FRESNO,SANGER,-119.57417297363281,36.713977813720703
9632302,2023,2023-11-17,1001,2023-06-02,2332,5841,,5,5,5,1001,0,0,0,,0,001,"WEST ASHLAN AV","PEACH AV",31.00,E,N,A,-,N,,,,,,,,,,Y,2,0,1,2,A,-,11,21950,B,N,G,B,D,A,H,-,C,A,0,Y,,,,Y,,N,60,1,0,0,0,1,0,0,0,0,"- ","- ",36.793998718261719,-119.71810150146484,FRESNO,CLOVIS,-119.71805572509766,36.793987274169922
9632494,2023,2023-12-16,1001,2023-10-05,2059,5484,,4,5,5,1001,0,0,0,,0,004,"N WILLOW AV","SHAW AV",556.00,N,N,A,-,N,,,,,,,,,,Y,2,0,1,3,A,-,09,21801,A,N,B,C,A,A,H,-,-,D,0,,,,,Y,,I,11,1,0,0,0,0,0,0,0,0,"- ","- ",36.808498382568359,-119.72722625732422,FRESNO,CLOVIS,-119.72734069824219,36.809955596923828
9640005,2022,2023-11-22,1005,2022-11-22,0758,P731,2158,2,5,7,1005,0,0,0,,0,04G,"MICHIGAN AV","BOND ST",0.00,,Y,A,-,N,,,,,,,,,,Y,1,1,1,4,A,-,09,21800,,F,D,C,A,A,H,-,A,D,0,,,,,Y,,D,22,0,0,1,0,0,0,0,0,0,"- ","- ",36.776329040527344,-119.76802825927734,FRESNO,FRESNO,-119.76789855957031,36.776287078857422
9640007,2022,2023-11-22,1005,2022-12-05,0518,P2063,NORTH,1,5,7,1005,0,0,0,,0,00D,"SHAW AV","BRAWLEY AV",648.00,E,N,C,-,N,,,,,,,,,,N,1,1,0,2,A,-,11,21954,A,N,G,B,D,B,H,-,C,D,0,Y,,,,Y,,N,60,0,0,0,1,0,0,0,0,0,"- ","- ",36.808151245117188,-119.86258697509766,FRESNO,FRESNO,-119.86053466796875,36.808380126953125
9640009,2022,2023-11-22,1005,2022-12-16,1834,P731,3068,5,5,7,1005,0,0,0,,0,03G,"JENSEN AV","ARMSTRONG AV",0.00,,Y,A,-,N,,,,,,,,,,Y,1,1,1,3,A,-,01,23152,F,N,D,C,A,A,H,-,D,A,0,,,Y,,Y,,C,02,0,0,1,0,0,0,0,1,0,"- ","- ",36.707408905029297,-119.67323303222656,FRESNO,FRESNO,-119.67303466796875,36.707508087158203
9640010,2022,2023-11-29,1005,2022-12-14,1751,P2064,SOUTH,3,5,7,1005,0,0,0,,0,00D,"TULARE ST","CHESTNUT AV",18.00,E,N,A,-,N,,,,,,,,,,N,1,1,0,2,A,-,11,21950,B,N,G,B,B,A,H,-,C,A,0,Y,,,Y,Y,,N,60,0,0,0,1,0,0,0,0,0,"- ","- ",36.742259979248047,-119.73757171630859,FRESNO,FRESNO,-119.73642730712891,36.743160247802734
9640095,2023,2025-06-24,1005,2023-01-16,1958,P731,2250,1,5,7,1005,0,0,0,,0,05F,"MARKS AV","CLINTON AV",540.00,S,N,C,-,N,,,,,,,,,,N,1,1,0,2,A,-,11,21954,A,N,G,B,D,B,H,-,D,D,0,Y,,,,Y,Y,N,60,0,0,0,1,0,0,0,0,0,"- ","- ",36.771709442138672,-119.84517669677734,FRESNO,FRESNO,-119.84438323974609,36.770427703857422
9640342,2023,2024-04-04,1002,2023-09-29,1915,E1622,COALI,5,5,3,1002,0,0,0,,0,,"RT 33","W POLK ST",68.00,S,N,A,-,Y,FRE,6,198,-,-,12.280,H,-,W,N,1,1,0,2,A,-,11,21954,A,N,G,B,D,A,H,-,D,D,0,Y,,,,Y,,N,60,0,0,0,1,0,0,0,0,0,"- ","- ",,,FRESNO,COALINGA,-120.48152923583984,36.081809997558594
9640414,2024,2024-04-24,1013,2024-03-07,1820,M158,M310,4,5,3,1013,0,0,0,,0,M03,"CHERRY AV","BREHLER AV",291.00,W,N,A,-,N,,,,,,,,,,N,1,1,1,2,A,-,11,21954,A,N,G,B,D,A,H,-,B,D,0,Y,,,,Y,Y,N,60,0,0,1,1,0,0,0,0,0,"- ","- ",36.686790466308594,-119.57501983642578,FRESNO,SANGER,-119.57286071777344,36.694499969482422
9640563,2023,2025-07-02,1005,2023-01-12,2309,P1735,NORTH,4,5,7,1005,0,0,0,,0,1847,"GOLDEN STATE BL","SWIFT AV",88.00,N,N,A,-,N,,,,,,,,,,Y,1,1,0,2,A,-,05,21202,A,N,H,G,A,A,H,-,D,D,0,,Y,,,Y,,L,04,0,0,0,0,0,1,0,0,0,"- ","- ",36.795341491699219,-119.86351013183594,FRESNO,FRESNO,-119.8638916015625,36.795433044433594
9640567,2023,2025-07-02,1005,2023-02-13,1331,P1684,NORTH,1,5,7,1005,0,0,0,,0,"E 1656","BLACKSTONE AV","SAN JOSE AV",98.00,S,N,A,-,N,,,,,,,,,,Y,1,1,1,3,A,-,03,22350,,N,B,C,A,A,H,-,A,D,0,,,,,Y,,A,01,1,0,0,0,0,0,0,0,0,"- ","- ",36.812129974365234,-119.79045104980469,FRESNO,FRESNO,-119.79054260253906,36.811882019042969
9640568,2023,2025-07-02,1005,2023-02-17,"608 ",P948,2454,5,5,7,1005,0,0,0,,0,02F,"BELMONT AV","FERGER AV",110.00,E,N,A,-,N,,,,,,,,,,Y,1,1,0,2,A,-,11,21956,A,N,G,B,E,A,H,-,C,D,0,Y,,,,Y,,N,60,0,0,0,1,0,0,0,0,0,"- ","- ",36.750278472900391,-119.80690765380859,FRESNO,FRESNO,-119.80706787109375,36.750381469726562
9640571,2023,2025-07-02,1005,2023-04-12,"38  ",P1689,NORTH,3,5,7,1005,0,0,0,,0,00A,"FRIANT RD","SHEPHERD AV",0.00,,Y,A,-,N,,,,,,,,,,Y,1,1,0,2,A,-,12,21453,A,N,D,C,A,A,H,-,C,A,0,,,,Y,Y,,F,55,0,0,0,0,0,0,0,0,0,"- ","- ",36.8662109375,-119.77957153320312,FRESNO,FRESNO,-119.77964019775391,36.866287231445312
9640647,2023,2025-06-28,1005,2023-10-03,2050,P1757,CENTR,2,5,7,1005,0,0,0,,0,00B,"SHIELDS AV","MAROA AV",20.00,W,N,A,-,N,,,,,,,,,,N,1,1,0,2,A,-,11,21461,5,N,G,B,B,A,H,-,C,A,0,Y,,,,Y,Y,N,60,0,0,0,1,0,0,0,0,0,"- ","- ",,,FRESNO,FRESNO,-119.79970550537109,36.779438018798828
9640652,2023,2024-07-03,1005,2023-10-26,2346,P2065,SOUTH,4,5,7,1005,0,0,0,,0,,"MONO ST","G ST",175.00,E,N,A,-,N,,,,,,,,,,N,1,1,0,2,A,-,12,22451,A,N,H,G,A,A,H,-,D,A,0,,Y,,Y,Y,,L,04,0,0,0,0,0,1,0,0,0,"- ","- ",36.728271484375,-119.79071807861328,FRESNO,FRESNO,-119.79020690917969,36.728549957275391
9640813,2023,2024-07-30,1002,2023-12-20,1727,E1604,COALI,3,5,3,1002,0,0,0,,0,,"FOREST AV","POLK ST E",0.00,,Y,C,-,N,,,,,,,,,,Y,1,1,0,2,A,-,07,21658,A,N,E,J,A,B,H,-,C,A,0,,,,,Y,,A,01,0,0,0,0,0,0,0,0,0,"- ","- ",36.139331817626953,-120.36205291748047,FRESNO,COALINGA,-120.36116027832031,36.136520385742188
9640975,2024,2024-10-02,1015,2024-09-20,2014,N042,SELMA,5,5,3,1015,0,0,0,,0,SELMA,"FLORAL AV","WRIGHT ST",88.00,W,N,A,-,N,,,,,,,,,,Y,1,1,0,2,A,-,01,23152,A,F,-,B,D,A,H,-,D,A,0,Y,,,,Y,Y,D,72,0,0,0,1,0,0,0,0,0,"- ","- ",36.576248168945312,-119.61519622802734,FRESNO,SELMA,-119.61547088623047,36.576240539550781
9641001,2024,2024-10-09,1005,2024-04-07,2120,P1748,,7,5,7,1005,0,0,0,,0,,"AUDUBON DR","FRIANT RD",0.00,,Y,A,-,N,,,,,,,,,,Y,1,1,5,4,A,-,12,21453,A,N,D,D,A,A,H,-,C,A,0,,,,,Y,Y,A,01,0,4,1,0,0,0,0,0,0,"- ","- ",36.860549926757812,-119.78270721435547,FRESNO,FRESNO,-119.78292083740234,36.860481262207031
9641509,2023,2023-12-08,1012,2023-10-25,2331,L168,REEDL,3,5,3,1012,0,0,0,,0,,"MANNING AV","REED AV",0.00,,Y,A,-,N,,,,,,,,,,,2,0,1,2,A,-,21,22106,,F,D,-,A,A,H,-,C,A,0,,Y,,,Y,Y,A,01,1,0,0,0,0,0,1,0,0,"- ","- ",36.604251861572266,-119.45768737792969,FRESNO,REEDLEY,-119.45768737792969,36.604232788085938
9669046,2024,2024-04-04,1001,2024-02-28,1143,5916,,3,5,5,1001,0,0,0,,0,005,"SHAW AV","COLE AV",351.00,W,N,A,-,N,,,,,,,,,,N,2,0,1,2,A,-,11,21954,A,N,G,B,D,A,H,-,A,D,0,Y,,,,Y,,N,60,1,0,0,0,1,0,0,0,0,"- ","- ",36.808578491210938,-119.69550323486328,FRESNO,CLOVIS,-119.69670104980469,36.808586120605469
9684738,2024,2024-05-09,1001,2024-03-16,2012,5882,,6,5,5,1001,0,0,0,,0,002,"SIERRA VISTA PKWY AVE","SANTA ANA AV",57.00,E,N,A,-,N,,,,,,,,,,Y,2,0,2,3,A,-,09,21801,A,N,D,C,A,C,H,-,A,A,0,,,Y,,Y,,A,01,2,0,0,0,0,0,0,0,2,"- ","- ",36.804019927978516,-119.69188690185547,FRESNO,CLOVIS,-119.69185638427734,36.804019927978516
9688218,2024,2024-04-17,1001,2024-02-21,1447,5916,,3,5,5,1001,0,0,0,,0,003,"LEONARD AV","ASHLAN AV",0.00,,Y,A,-,N,,,,,,,,,,N,2,0,1,2,A,-,12,22450,A,F,G,G,A,-,H,-,A,A,0,,Y,,,Y,Y,L,04,1,0,0,0,0,0,1,0,0,"- ","- ",36.793830871582031,-119.636962890625,FRESNO,CLOVIS,-119.636962890625,36.793827056884766
9693238,2024,2024-06-05,1001,2024-03-05,1519,5723,,2,5,5,1001,0,0,0,,0,004,"N WILLOW AVE","SIERRA AV",0.00,,Y,A,-,N,,,,,,,,,,Y,2,0,1,2,A,-,08,22101,,N,D,C,A,A,H,-,A,A,0,,,Y,,Y,,C,03,1,0,0,0,0,0,0,0,1,"- ","- ",36.83026123046875,-119.72936248779297,FRESNO,CLOVIS,-119.72939300537109,36.830257415771484
9715841,2023,2024-10-10,1007,2023-08-27,"610 ",I126,KERMA,7,5,2,1007,0,0,0,,0,KERMAN,"MADERA AV","CHURCH AV",165.00,N,N,A,-,Y,FRE,6,145,-,-,33.660,H,-,S,Y,2,0,1,2,A,-,08,22107,,N,C,E,A,A,H,-,B,A,0,,,,,Y,Y,A,01,1,0,0,0,0,0,0,0,0,"- ","- ",36.713050842285156,-120.06037139892578,FRESNO,KERMAN,-120.06044006347656,36.713535308837891
9724301,2024,2024-09-10,1013,2024-06-24,2236,M194,SANGE,1,5,3,1013,0,0,0,,0,M03,"GEORGE AV","RICHARD AV",230.00,S,N,A,-,N,,,,,,,,,,N,2,0,1,2,A,-,05,21651,B,N,A,E,A,A,H,-,D,D,0,,,,,Y,,A,01,1,0,0,0,0,0,0,0,0,"- ","- ",36.696800231933594,-119.56764221191406,FRESNO,SANGER,-119.56764221191406,36.69622802734375
9724352,2024,2024-08-23,1013,2024-07-03,1538,M158,M380,3,5,3,1013,0,0,0,,0,M03,"ANNADALE AV","NEWMARK AVE",0.00,,Y,A,-,N,,,,,,,,,,Y,2,0,5,2,A,-,09,21802,A,N,D,C,A,A,H,-,A,A,0,,,,,Y,,A,08,1,4,0,0,0,0,0,0,0,"- ","- ",36.691688537597656,-119.54447174072266,FRESNO,SANGER,-119.54137420654297,36.699508666992188
9725849,2024,2024-09-10,1007,2024-06-15,1846,I127,KERMA,6,5,2,1007,0,0,0,,0,0KE,"S SISKIYOU AV","W GATEWAY BL",0.00,,Y,A,-,N,,,,,,,,,,Y,2,0,6,2,A,-,01,23152,A,N,A,C,A,A,H,-,A,D,0,,,,,Y,Y,A,01,1,1,4,0,0,0,0,0,0,"- ","- ",,,FRESNO,KERMAN,-120.07826232910156,36.733158111572266
9749155,2024,2024-11-01,1001,2024-09-17,1537,5784,,2,5,5,1001,0,0,0,,0,008,"N STANFORD AV","JORDAN AV",0.00,,Y,A,-,N,,,,,,,,,,N,2,0,1,1,C,-,18,,,N,G,B,A,A,H,-,A,D,0,,,,,Y,,-,"- ",1,0,0,0,0,0,0,0,0,"- ","- ",36.851100921630859,-119.68829345703125,FRESNO,CLOVIS,-119.68791198730469,36.851390838623047
9749430,2024,2024-10-28,1001,2024-08-30,2027,5896,,5,5,5,1001,0,0,0,,0,006,"BARSTOW AV","ASH AV",0.00,,Y,A,-,N,,,,,,,,,,N,2,0,1,2,A,-,11,21954,A,F,G,B,D,A,H,-,C,D,0,Y,,,,Y,,N,60,1,0,0,0,1,0,0,0,0,"- ","- ",36.817661285400391,-119.67891693115234,FRESNO,CLOVIS,-119.67700958251953,36.815750122070312
9751310,2024,2025-01-08,1005,2024-04-26,"45  ",P1767,NW,5,5,7,1005,0,0,0,,0,00E,"SHAW AV","TEILMAN AV",222.00,W,N,A,-,N,,,,,,,,,,Y,1,1,0,1,A,-,01,23152,G,N,E,I,A,A,H,-,C,A,0,,,,,Y,Y,A,01,0,0,0,0,0,0,0,0,0,"- ","- ",36.807929992675781,-119.82230377197266,FRESNO,FRESNO,-119.82262420654297,36.808219909667969
9751360,2024,2025-01-28,1008,2024-09-24,"559 ",J264,,2,5,2,1008,0,0,0,,0,,"MOUNTAIN VIEW AV","BETHEL AV",0.00,,Y,A,-,N,,,,,,,,,,Y,1,1,8,2,A,-,08,22107,,N,D,C,A,A,H,-,C,A,0,,,,,Y,,A,08,0,0,8,0,0,0,0,0,0,"- ","- ",36.546768188476562,-119.53878021240234,FRESNO,KINGSBURG,-119.57514190673828,36.546760559082031
9751422,2024,2024-12-06,1012,2024-09-10,"814 ",L137,REEDL,2,5,3,1012,0,0,0,,0,,"G ST","10TH ST",18.00,N,N,A,-,N,,,,,,,,,,N,1,1,0,2,A,-,10,21950,A,N,G,B,B,A,H,-,A,A,0,Y,,,,Y,,A,07,0,0,0,1,0,0,0,0,0,"- ","- ",,,FRESNO,REEDLEY,-119.45201110839844,36.597446441650391
9751463,2023,2025-02-11,1001,2023-07-04,2057,5695,,2,5,5,1001,0,0,0,,0,,"CLOVIS AV","LINCOLN AV",170.00,S,N,A,-,N,,,,,,,,,,N,1,1,0,2,A,-,11,21954,A,N,G,B,D,A,H,-,B,A,0,Y,,,,Y,Y,N,60,0,0,0,1,0,0,0,0,0,"- ","- ",36.816650390625,-119.70030975341797,FRESNO,CLOVIS,-119.70027160644531,36.816734313964844
9751465,2023,2025-02-19,1007,2023-11-16,"515 ",2776,,4,5,2,1007,0,0,0,,0,,"RT 180","SISKIYOU AV",1214.00,W,N,A,-,Y,FRE,6,180,-,-,41.400,H,-,E,N,1,1,0,2,A,-,11,21954,A,N,G,B,D,A,H,-,E,D,0,Y,,,,Y,,N,60,0,0,0,1,0,0,0,0,0,"- ","- ",36.7347412109375,-120.08262634277344,FRESNO,KERMAN,-120.08242797851562,36.734748840332031
9761262,2024,2024-12-23,1013,2024-11-19,1700,M158,M130,2,5,3,1013,0,0,0,,0,M01,"JENSEN AV","INDIANOLA AV",0.00,,Y,A,-,N,,,,,,,,,,Y,2,0,4,2,A,-,09,21802,A,N,D,C,A,A,H,-,C,A,0,,,,,Y,,A,07,2,2,0,0,0,0,0,0,0,"- ","- ",36.706001281738281,-119.58300018310547,FRESNO,SANGER,-119.58318328857422,36.706825256347656
9762078,2024,2024-12-19,1013,2024-11-03,1601,M177,SANGE,7,5,3,1013,0,0,0,,0,M01,"BETHEL AV","9TH ST",0.00,,Y,-,-,N,,,,,,,,,,Y,2,0,1,2,A,-,09,21453,C,N,D,C,A,A,H,-,A,A,0,,,,,Y,,A,01,1,0,0,0,0,0,0,0,0,"- ","- ",,,FRESNO,SANGER,-119.57427215576172,36.703098297119141
9764086,2024,2025-01-31,1001,2024-12-11,1749,5837,,3,5,5,1001,0,0,0,,0,007,"N WILLOW AV","NEES AV",246.00,S,N,A,-,N,,,,,,,,,,N,2,0,1,2,A,-,05,21650,1,N,G,B,A,A,H,-,C,A,0,,Y,,,Y,,L,04,1,0,0,0,0,0,1,0,0,"- ","- ",36.851829528808594,-119.72885894775391,FRESNO,CLOVIS,-119.72982788085938,36.851436614990234
9776225,2024,2025-01-30,1001,2024-12-24,2026,5837,,2,5,5,1001,0,0,0,,0,007,"WEST HERNDON AV","VILLA AV",0.00,,Y,A,-,N,,,,,,,,,,Y,2,0,2,2,A,-,01,23152,A,N,D,C,A,B,H,-,C,A,0,,,,,Y,Y,A,01,2,0,0,0,0,0,0,0,0,"- ","- ",36.837638854980469,-119.71369171142578,FRESNO,CLOVIS,-119.71372222900391,36.837532043457031
9786087,2024,2025-04-01,1005,2024-04-30,"19  ",P1684,SE,2,5,7,1005,0,0,0,,0,"F 2861","BUTLER AV","SIERRA VISTA",0.00,W,N,A,-,N,,,,,,,,,,Y,1,1,0,2,C,-,18,,,N,G,B,E,A,H,-,C,D,0,Y,,,,Y,,-,"- ",0,0,0,1,0,0,0,0,0,"- ","- ",,,FRESNO,FRESNO,-119.74160003662109,36.728496551513672
9786165,2024,2025-04-25,1004,2024-09-28,1209,G082,FOWLE,6,5,2,1004,0,0,0,,0,0FO,"TUOLUMNE ST","4TH ST",19.00,E,N,A,-,N,,,,,,,,,,Y,1,1,0,1,A,-,03,22350,,N,E,I,A,A,H,-,A,D,0,,,,,Y,,D,22,0,0,0,0,0,0,0,0,0,"- ","- ",,,FRESNO,FOWLER,-119.67787170410156,36.632953643798828