CASE_ID,ACCIDENT_YEAR,PROC_DATE,JURIS,COLLISION_DATE,COLLISION_TIME,OFFICER_ID,REPORTING_DISTRICT,DAY_OF_WEEK,CHP_SHIFT,POPULATION,CNTY_CITY_LOC,SPECIAL_COND,BEAT_TYPE,CHP_BEAT_TYPE,CITY_DIVISION_LAPD,CHP_BEAT_CLASS,BEAT_NUMBER,PRIMARY_RD,SECONDARY_RD,DISTANCE,DIRECTION,INTERSECTION,WEATHER_1,WEATHER_2,STATE_HWY_IND,CALTRANS_COUNTY,CALTRANS_DISTRICT,STATE_ROUTE,ROUTE_SUFFIX,POSTMILE_PREFIX,POSTMILE,LOCATION_TYPE,RAMP_INTERSECTION,SIDE_OF_HWY,TOW_AWAY,COLLISION_SEVERITY,NUMBER_KILLED,NUMBER_INJURED,PARTY_COUNT,PRIMARY_COLL_FACTOR,PCF_CODE_OF_VIOL,PCF_VIOL_CATEGORY,PCF_VIOLATION,PCF_VIOL_SUBSECTION,HIT_AND_RUN,TYPE_OF_COLLISION,MVIW,PED_ACTION,ROAD_SURFACE,ROAD_COND_1,ROAD_COND_2,LIGHTING,CONTROL_DEVICE,CHP_ROAD_TYPE,PEDESTRIAN_ACCIDENT,BICYCLE_ACCIDENT,MOTORCYCLE_ACCIDENT,TRUCK_ACCIDENT,NOT_PRIVATE_PROPERTY,ALCOHOL_INVOLVED,STWD_VEHTYPE_AT_FAULT,CHP_VEHTYPE_AT_FAULT,COUNT_SEVERE_INJ,COUNT_VISIBLE_INJ,COUNT_COMPLAINT_PAIN,COUNT_PED_KILLED,COUNT_PED_INJURED,COUNT_BICYCLIST_KILLED,COUNT_BICYCLIST_INJURED,COUNT_MC_KILLED,COUNT_MC_INJURED,PRIMARY_RAMP,SECONDARY_RAMP,LATITUDE,LONGITUDE,COUNTY,CITY,POINT_X,POINT_Y
9786310,2024,2025-07-09,1005,2024-09-10,1551,P1684,SE,2,5,7,1005,0,0,0,,0,G2666,"FOWLER AV","TULARE ST",0.00,,Y,A,-,N,,,,,,,,,,Y,1,1,2,2,A,-,12,21453,A,N,D,C,A,A,H,-,A,A,0,,,Y,,Y,,C,02,0,2,0,0,0,0,0,1,0,"- ","- ",36.743598937988281,-119.68212127685547,FRESNO,FRESNO,-119.68217468261719,36.743572235107422
9786336,2024,2025-07-10,1005,2024-12-15,2007,P1684,SE,7,5,7,1005,0,0,0,,0,00G,"SUNNYSIDE AV","BYRD AV",0.00,,Y,A,-,N,,,,,,,,,,Y,1,2,0,2,A,-,03,22350,,N,D,C,A,A,H,-,C,A,0,,,Y,,Y,,C,02,0,0,0,0,0,0,0,2,0,"- ","- ",36.710350036621094,-119.69097900390625,FRESNO,FRESNO,-119.69103240966797,36.710334777832031
9786338,2024,2025-07-15,1005,2024-10-26,"124 ",P2186,NE,6,5,7,1005,0,0,0,,0,GEORGE,"SHIELDS AV","1ST ST",15.00,E,N,A,-,N,,,,,,,,,,N,1,1,0,2,A,-,11,21950,B,N,G,B,D,A,H,-,C,A,0,Y,,,,Y,,N,60,0,0,0,1,0,0,0,0,0,"- ","- ",,,FRESNO,FRESNO,-119.77260589599609,36.779560089111328
9793508,2024,2025-03-14,1007,2024-10-07,1813,I140,KERMA,1,5,2,1007,0,0,0,,0,0KE,"1ST ST","D ST",0.00,W,N,A,-,N,,,,,,,,,,N,2,0,1,2,A,-,12,22450,A,N,D,G,A,A,H,-,A,D,0,,Y,,,Y,,L,04,1,0,0,0,0,0,1,0,0,"- ","- ",36.71942138671875,-120.06783294677734,FRESNO,KERMAN,-120.06529235839844,36.723663330078125
9795015,2024,2025-03-18,1001,2024-10-09,"148 ",5855,,3,5,5,1001,0,0,0,,0,004,"WEST BARSTOW AV",SYLMAR,59.00,W,N,A,-,N,,,,,,,,,,Y,2,0,1,3,A,-,01,23152,A,N,F,I,A,A,H,-,C,A,0,,,,,Y,,A,01,1,0,0,0,0,0,0,0,0,"- ","- ",36.815738677978516,-119.72112274169922,FRESNO,CLOVIS,-119.72132110595703,36.815738677978516
9796306,2024,2025-05-16,1001,2024-09-18,1256,5880,,3,5,5,1001,0,0,0,,0,002,"CLOVIS AV","SAGINAW AV",0.00,,Y,A,-,N,,,,,,,,,,N,1,1,0,2,A,-,01,21200,5,N,D,G,A,A,H,-,A,A,0,,Y,,,Y,,L,04,0,0,0,0,0,1,0,0,0,"- ","- ",,,FRESNO,CLOVIS,-119.70054626464844,36.789508819580078
9804916,2025,2025-05-08,1009,2025-02-13,"749 ",R112,MENDO,4,5,2,1009,0,0,0,,0,0ME,"RT 33","LOZANO ST",27.00,E,N,C,-,Y,FRE,6,33,-,R,62.702,I,5,N,Y,2,0,3,2,A,-,09,21801,A,N,-,-,A,B,H,-,A,-,0,,,,,Y,,D,22,2,0,1,0,0,0,0,0,0,"- ","- ",,,FRESNO,MENDOTA,-120.38917541503906,36.767120361328125
9806004,2024,2025-05-30,1009,2024-10-04,2024,R112,MENDO,5,5,2,1009,0,0,0,,0,0ME,"RT 33","NAPLES ST",33.00,S,N,A,-,Y,FRE,6,33,-,R,62.290,H,-,N,N,2,0,1,2,A,-,11,21954,A,N,G,B,D,A,H,-,C,D,0,Y,,,,Y,,N,60,1,0,0,0,1,0,0,0,0,"- ","- ",36.761791229248047,-120.38665008544922,FRESNO,MENDOTA,-120.38664245605469,36.7615966796875
9808424,2025,2025-07-28,1015,2025-06-22,1857,N175,SELMA,7,5,3,1015,0,0,0,,0,0SE,"A ST","GAITHER ST",0.00,,Y,A,-,N,,,,,,,,,,N,2,0,1,2,A,-,09,21800,A,N,H,G,A,A,H,-,A,D,0,,Y,,,Y,,L,04,1,0,0,0,0,0,1,0,0,"- ","- ",36.574378967285156,-119.60958099365234,FRESNO,SELMA,-119.60961151123047,36.574390411376953
9813281,2025,2025-05-20,1001,2025-01-30,2109,5855,,4,5,5,1001,0,0,0,,0,001,"WILLOW AV","ASHLAN AV",0.00,,Y,A,-,N,,,,,,,,,,Y,2,0,1,2,A,-,11,21954,A,N,A,B,D,A,H,-,C,A,0,Y,,,,Y,Y,N,60,1,0,0,0,1,0,0,0,0,"- ","- ",36.794189453125,-119.72743988037109,FRESNO,CLOVIS,-119.72746276855469,36.794197082519531
9818166,2025,2025-08-11,1001,2025-03-07,2057,2025-000,,5,5,5,1001,0,0,0,,0,001,"WEST ASHLAN AV","VILLA AV",0.00,,Y,A,-,N,,,,,,,,,,N,2,0,1,2,A,-,03,22350,,N,D,C,A,A,H,-,C,A,0,,,Y,Y,Y,,C,02,1,0,0,0,0,0,0,0,1,"- ","- ",36.793529510498047,-119.71396636962891,FRESNO,CLOVIS,-119.71364593505859,36.793907165527344
9820950,2025,2025-08-18,1011,2025-04-20,2023,K097,PARLI,7,5,3,1011,0,0,0,,0,K01,"MANNING AV","ACADEMY AV",370.00,E,N,A,-,N,,,,,,,,,,Y,2,0,3,2,A,-,11,21955,,N,G,B,D,A,H,-,C,D,0,Y,,,,Y,Y,N,60,1,0,2,0,1,0,0,0,0,"- ","- ",36.604770660400391,-119.5567626953125,FRESNO,PARLIER,-119.55570220947266,36.604930877685547
5912118,2014,2015-12-21,1005,2014-01-08,1420,P1131,SW245,3,5,7,1005,0,0,0,,0,00B,"N FULTON ST","BELMONT ST",174.00,N,N,A,-,N,,,,,,,,,,Y,1,1,0,2,A,-,08,22107,,N,H,G,A,A,H,-,A,D,0,,Y,,,Y,,L,04,0,0,0,0,0,1,0,0,0,"- ","- ",,,FRESNO,FRESNO,-119.80036,36.75090762
6290370,2014,2015-12-23,9461,2014-03-23,2339,18928,,7,3,9,1000,0,1,1,,2,305,"RT 5","SHIELDS AV",660.00,N,N,A,-,Y,FRE,6,5,-,-,60.090,H,-,N,Y,1,1,0,2,A,-,08,22107,,N,F,A,A,A,H,-,D,D,1,,,,,Y,Y,D,22,0,0,0,0,0,0,0,0,0,"- ","- ",36.77955,-120.72499000000001,FRESNO,UNINCORPORATED,-120.72406316,36.778077840000002
6290526,2014,2015-07-20,9435,2014-02-13,1829,14590,,4,2,9,1000,0,3,5,,2,034,"TEMPERANCE AV","JENSEN AV",0.00,,Y,A,-,N,,,,,,,,,,Y,1,1,2,2,A,-,09,21802,A,N,D,C,A,A,H,-,D,A,0,,,,Y,Y,,A,07,1,0,1,0,0,0,0,0,0,"- ","- ",36.707560000000001,-119.66417,FRESNO,UNINCORPORATED,-119.66405995,36.707540010000002
6291161,2014,2015-01-05,9435,2014-06-15,0735,13112,,7,1,9,1000,0,1,3,,2,105,"RT 99","CLINTON AV",2112.00,S,N,A,-,Y,FRE,6,99,-,-,24.020,H,-,S,Y,1,1,0,1,A,-,08,22107,,N,E,I,A,A,H,-,A,D,1,,,,,Y,,A,01,0,0,0,0,0,0,0,0,0,"- ","- ",36.767099999999999,-119.83582,FRESNO,UNINCORPORATED,-119.83556969999999,36.766810040000003
6291328,2014,2014-10-20,9435,2014-07-07,1730,17489,,1,2,9,1000,0,3,5,,2,010,"HAYES AV","SHIELDS AV",0.00,,Y,A,-,N,,,,,,,,,,Y,1,1,1,2,A,-,09,21802,A,N,D,C,A,A,H,-,A,A,0,,,Y,,Y,Y,A,01,0,0,1,0,0,0,0,1,0,"- ","- ",36.778930000000003,-119.89847,FRESNO,UNINCORPORATED,-119.89828998,36.778950039999998
6291338,2014,2015-12-23,9435,2014-07-13,0347,18860,,7,3,9,1000,0,3,5,,2,010,"OLIVE AV","VALENTINE AV",9.00,E,N,A,-,N,,,,,,,,,,Y,1,2,0,2,A,-,01,23152,A,N,D,C,A,A,H,-,D,D,0,,,Y,,Y,Y,C,02,0,0,0,0,0,0,0,2,0,"- ","- ",36.757370000000002,-119.85323,FRESNO,UNINCORPORATED,-119.8531993,36.75736028
6291543,2014,2016-01-13,9435,2014-09-02,0230,18809,,2,3,9,1000,0,3,5,,2,040,"NEBRASKA AV","DE WOLF AV",657.00,E,N,A,-,N,,,,,,,,,,Y,1,1,1,2,A,-,03,22350,,N,D,C,A,A,H,-,D,D,0,,,Y,,Y,,C,02,1,0,0,0,0,0,0,1,1,"- ","- ",36.561439999999997,-119.64534999999999,FRESNO,UNINCORPORATED,-119.64447482,36.561493980000002
6291628,2014,2015-12-30,9435,2014-09-30,2107,15890,,2,2,9,1000,0,1,3,,1,183,"RT 180","ARMSTRONG AV",127.00,E,N,A,-,Y,FRE,6,180,-,R,64.550,H,-,W,N,1,1,0,2,A,-,11,21956,A,N,G,B,E,A,H,-,D,D,0,Y,,,,Y,,N,60,0,0,0,1,0,0,0,0,0,"- ","- ",36.74823,-119.67229,FRESNO,UNINCORPORATED,-119.67228756999999,36.748275329999998
6292424,2015,2015-07-30,9435,2015-05-16,0220,19327,,6,3,9,1000,0,3,5,,2,025,"DEWOLF AV","SHEPHERD AV",84.00,N,N,B,-,N,,,,,,,,,,Y,1,1,1,1,A,-,03,22350,,N,E,I,A,A,H,-,D,D,0,,,,,Y,Y,A,01,0,1,0,0,0,0,0,0,0,"- ","- ",36.866439999999997,-119.64751,FRESNO,UNINCORPORATED,-119.64930572,36.866654279999999
6292482,2015,2015-08-12,9435,2015-01-09,1753,17088,,5,2,9,1000,0,3,5,,2,060,"AMERICAN AV","NAVELENCIA AV",0.00,,Y,A,-,N,,,,,,,,,,Y,1,4,5,2,A,-,05,21752,D,N,B,C,A,A,H,-,D,A,0,,,,Y,Y,,M,58,0,2,3,0,0,0,0,0,0,"- ","- ",36.66169,-119.38566,FRESNO,UNINCORPORATED,-119.38560986,36.66165007
6420720,2014,2014-06-28,9435,2014-02-27,1814,15181,,4,2,9,1000,0,3,5,,2,040,"CLOVIS AV","KAMM AV",274.00,S,N,B,-,N,,,,,,,,,,Y,2,0,2,2,A,-,03,22350,,N,C,C,A,A,H,-,B,D,0,,,,,Y,,A,07,1,0,1,0,0,0,0,0,0,"- ","- ",36.531970000000001,-119.70081999999999,FRESNO,UNINCORPORATED,-119.70072836999999,36.531907940000004
6487235,2014,2014-07-15,9435,2014-04-30,1515,017630,,3,2,9,1000,0,3,5,,2,020,"MARKS AV","LINCOLN AV",0.00,,Y,A,-,N,,,,,,,,,,Y,2,0,2,2,A,-,01,23152,A,N,D,C,A,A,H,-,A,A,0,,,,,Y,Y,A,08,1,1,0,0,0,0,0,0,0,"- ","- ",36.64864,-119.84482,FRESNO,UNINCORPORATED,-119.84447986000001,36.648600000000002
6501514,2014,2014-07-28,9435,2014-05-08,1445,016507,,4,2,9,1000,0,3,5,,2,060,"SOUTH AV","FRANKWOOD AV",1056.00,W,N,A,-,N,,,,,,,,,,N,2,0,1,2,A,-,03,22350,,N,C,C,A,A,H,-,A,D,0,,,Y,,Y,,C,02,1,0,0,0,0,0,0,0,1,"- ","- ",36.618720000000003,-119.45335,FRESNO,UNINCORPORATED,-119.45229503,36.618729260000002
6514850,2014,2016-04-09,9435,2014-05-17,1753,015773,,6,2,9,1000,0,1,3,,2,184,"MILLWOOD RD","RT 180",25.00,N,N,A,-,Y,FRE,6,180,-,-,104.070,I,6,W,Y,2,0,1,1,A,-,03,22350,,N,E,I,A,A,H,-,A,A,0,,,Y,,Y,,C,02,1,0,0,0,0,0,0,0,1,"- ","- ",36.669809999999998,-119.48175999999999,FRESNO,UNINCORPORATED,-119.05174503000001,36.747620339999997
6547135,2014,2016-04-12,9435,2014-06-30,0013,018421,,1,3,7,1005,0,1,3,,2,410,"RT 41","SHAW AV",111.00,S,N,A,-,Y,FRE,6,41,-,R,28.450,H,-,S,Y,2,0,3,1,A,-,08,22107,,N,F,A,A,A,H,-,D,D,1,,,,,Y,,A,01,1,1,1,0,0,0,0,0,0,"- ","- ",36.80791,-119.78554,FRESNO,FRESNO,-119.7854207,36.808469039999999
6585975,2014,2014-08-19,9435,2014-07-28,0055,018944,,1,3,9,1000,0,3,5,,2,025,"AUBERRY RD","MILLERTON RD",7392.00,S,N,A,-,N,,,,,,,,,,Y,2,0,2,1,A,-,08,22107,,N,F,A,A,A,H,-,D,D,0,,,Y,,Y,Y,C,02,1,1,0,0,0,0,0,0,2,"- ","- ",36.965699999999998,-119.64700000000001,FRESNO,UNINCORPORATED,-119.64703876999999,36.965641609999999
6585979,2014,2016-05-10,9435,2014-07-14,0228,018421,,1,3,7,1005,0,1,3,,2,410,"RT 41","VAN NESS AV",750.00,N,N,A,-,Y,FRE,6,41,-,R,22.810,H,-,S,Y,2,0,2,1,A,-,01,23152,A,N,E,I,A,A,H,-,C,D,1,,,,,Y,Y,A,01,1,1,0,0,0,0,0,0,0,"- ","- ",36.73198,-119.77936,FRESNO,FRESNO,-119.78092769,36.73048404
6663444,2014,2016-05-10,9435,2014-09-15,1240,15026,,1,1,7,1005,0,1,3,,2,410,"RT 41","BARSTOW AV",1193.00,N,N,A,-,Y,FRE,6,41,-,R,29.200,H,-,S,Y,2,0,3,3,A,-,03,22350,,N,C,C,A,A,H,-,A,D,1,,,,,Y,,J,43,1,1,1,0,0,0,0,0,0,"- ","- ",,,FRESNO,FRESNO,-119.78550567000001,36.819366619999997
6678054,2014,2016-02-10,1005,2014-05-16,2118,P1070,2057,5,5,7,1005,0,0,0,,0,04F,"1ST ST","DAYTON AV",180.00,N,N,A,-,N,,,,,,,,,,Y,1,1,0,2,A,-,11,21954,A,N,G,B,D,A,H,-,C,D,0,Y,,,,Y,Y,N,60,0,0,0,1,0,0,0,0,0,"- ","- ",,,FRESNO,FRESNO,-119.7727,36.78368408
6678275,2014,2015-07-21,9435,2014-09-04,1955,17052,,4,2,9,1000,0,3,5,,2,025,"FRIANT RD","WILLOW AV",8976.00,N,N,A,-,N,,,,,,,,,,Y,1,1,0,1,A,-,08,22107,,N,F,A,A,A,H,-,D,D,0,,,,,Y,,A,01,0,0,0,0,0,0,0,0,0,"- ","- ",36.947809999999997,-119.72960999999999,FRESNO,UNINCORPORATED,-119.73031783,36.94528313
6728882,2014,2016-07-01,9435,2014-11-11,1930,18609,,2,2,9,1000,0,1,3,,2,182,"RT 180","CLOVIS AV",2011.00,W,N,B,-,Y,FRE,6,180,-,R,62.510,H,-,E,Y,2,0,1,1,A,-,01,23152,A,N,E,I,A,A,H,-,D,D,0,,,,,Y,Y,D,22,1,0,0,0,0,0,0,0,0,"- ","- ",36.752980000000001,-119.70739,FRESNO,UNINCORPORATED,-119.70719124999999,36.752875189999997
6735394,2014,2015-02-09,9435,2014-12-17,1249,15902,,3,1,9,1000,0,1,3,,1,169,"RT 168","MORGAN CANYON RD",1584.00,E,N,B,C,Y,,,168,,,,,,,Y,2,0,4,2,A,-,05,21460,A,N,A,C,A,B,H,-,A,D,0,,,,,Y,Y,A,07,1,2,1,0,0,0,0,0,0,"- ","- ",37.035719999999998,-119.50927,FRESNO,UNINCORPORATED,-119.50926349,37.035645860000002
6786762,2014,2015-02-12,9435,2014-12-28,1210,19032,,7,1,9,1000,0,1,3,,1,169,"RT 168","GOOSEBERRY LN",528.00,W,N,A,-,Y,,,168,,,,,,,Y,2,0,1,1,A,-,08,22107,,N,F,A,A,A,H,-,A,D,0,,,Y,,Y,,C,02,1,0,0,0,0,0,0,0,1,"- ","- ",37.016759999999998,-119.526,FRESNO,UNINCORPORATED,-119.52592758999999,37.016834250000002
6811025,2014,2015-02-13,1013,2014-12-02,0955,M135,M180,2,5,3,1013,0,0,0,,0,001,9TH,BETHEL,0.00,,Y,C,-,N,,,,,,,,,,Y,2,0,2,2,A,-,03,22350,,N,D,C,A,B,H,-,A,A,0,,,,,Y,,A,01,2,0,0,0,0,0,0,0,0,"- ","- ",,,FRESNO,SANGER,-119.57439995,36.703100079999999
6828717,2015,2015-03-12,9461,2015-02-18,2500,18586,,3,4,9,1000,0,2,4,,1,310,"RUSSELL AV","ALTHEA AV",11616.00,N,N,A,-,N,,,,,,,,,,Y,2,0,1,1,A,-,08,22107,,N,E,I,A,A,H,-,D,D,0,,,,,Y,Y,D,22,1,0,0,0,0,0,0,0,0,"- ","- ",36.924799999999998,-120.65415,FRESNO,UNINCORPORATED,-120.65469804999999,36.922597089999996
6865999,2015,2015-04-09,1015,2015-03-22,2147,,SELMA,7,5,3,1015,0,0,0,,0,001,"THOMPSON AV","W FRONT ST",65.00,N,N,A,-,N,,,,,,,,,,Y,2,0,1,2,A,-,01,23152,A,N,B,C,A,A,H,-,C,D,0,,,,,Y,Y,-,,1,0,0,0,0,0,0,0,0,"- ","- ",,,FRESNO,SELMA,-119.61972953,36.573715389999997
6866745,2015,2015-05-26,9495,2015-03-05,0425,019755,,4,3,9,1000,0,3,5,,2,053,"JAYNE AV","BUTTE AV",5808.00,E,N,A,-,N,,,,,,,,,,Y,1,1,0,1,A,-,08,22107,,N,E,I,A,A,H,-,D,D,0,,,,,Y,,A,01,0,0,0,0,0,0,0,0,0,"- ","- ",36.137799999999999,-120.13587,FRESNO,UNINCORPORATED,-120.13671999,36.137833180000001
6870214,2015,2015-04-13,9435,2015-03-23,1736,018939,,1,2,9,1000,0,3,5,,2,034,"ADAMS AV","VILLA AV",178.00,E,N,A,-,N,,,,,,,,,,Y,2,0,3,1,A,-,01,23152,F,N,E,I,A,A,H,-,A,D,0,,,,,Y,Y,A,01,1,1,1,0,0,0,0,0,0,"- ","- ",36.634360000000001,-119.7133,FRESNO,UNINCORPORATED,-119.71290378,36.634441350000003
6885664,2015,2016-12-08,9435,2015-04-03,0750,17489,,5,1,9,1000,0,1,3,,1,180,"RT 180","BRAWLEY AV",0.00,,Y,A,-,Y,FRE,6,180,-,-,53.600,I,5,W,Y,2,0,1,3,A,-,12,21453,A,N,D,C,A,A,H,-,A,A,0,,,,,Y,,A,07,1,0,0,0,0,0,0,0,0,"- ","- ",36.734870000000001,-119.86226000000001,FRESNO,UNINCORPORATED,-119.86237370000001,36.735495030000003
6994607,2015,2016-12-17,9435,2015-06-23,0555,015806,,2,3,7,1005,0,1,3,,2,106,"RT 99","ORANGE AV",300.00,N,N,A,-,Y,FRE,6,99,-,-,17.710,H,-,N,Y,2,0,2,1,A,-,08,22107,,N,E,I,A,A,H,-,A,D,1,,,,,Y,,A,07,2,0,0,0,0,0,0,0,0,"- ","- ",36.698500000000003,-119.76581,FRESNO,FRESNO,-119.76440646,36.697240379999997
7006736,2015,2017-04-03,9435,2015-06-10,1012,15602,,3,1,9,1000,0,3,5,,2,040,"CONEJO AV","TOPEKA AV",253.00,W,N,B,-,N,,,,,,,,,,Y,1,2,0,2,A,-,12,22451,B,N,E,I,A,A,H,-,A,A,0,,,,,Y,,A,08,0,0,0,0,0,0,0,0,0,"- ","- ",36.51829,-119.72324,FRESNO,UNINCORPORATED,-119.72338037,36.518300359999998
7036430,2015,2015-09-03,9435,2015-08-04,1716,18609,,2,2,9,1000,0,3,5,,2,030,"CHESTNUT AV","SHIELDS AV",0.00,,Y,A,-,N,,,,,,,,,,Y,2,0,1,2,A,-,09,21801,A,N,D,C,A,A,H,-,A,A,0,,,Y,,Y,,A,07,1,0,0,0,0,0,0,0,1,"- ","- ",36.779559999999996,-119.73638,FRESNO,UNINCORPORATED,-119.73638999000001,36.779559999999996
7041816,2015,2015-09-08,1001,2015-07-25,1302,5463,,6,5,5,1001,0,0,0,,0,002,"GETTYSBURG AV",CLOVIS,265.00,E,N,A,-,N,,,,,,,,,,Y,2,0,1,1,A,-,01,23152,B,N,A,I,A,A,H,-,A,D,0,,,Y,,Y,Y,C,02,1,0,0,0,0,0,0,0,1,"- ","- ",36.8003,-119.69915,FRESNO,CLOVIS,-119.69932064,36.801549250000001
7119834,2015,2015-11-18,1004,2015-09-01,0647,G035,FOWLE,2,5,2,1004,0,0,0,,0,0FO,"GOLDEN STATE BL","VINE ST",0.00,,Y,A,-,N,,,,,,,,,,N,2,0,1,2,A,-,08,22107,,F,H,G,A,A,H,-,A,A,0,,Y,,,Y,,-,,1,0,0,0,0,0,1,0,0,"- ","- ",,,FRESNO,FOWLER,-119.6777199,36.626060029999998
7143003,2014,2016-01-20,1005,2014-01-11,0004,P1361,NE165,6,5,7,1005,0,0,0,,0,00D,"EAST SHAW AV","N 1ST ST",0.00,,Y,A,-,N,,,,,,,,,,N,2,0,3,2,A,-,01,23152,B,N,D,C,A,A,H,-,C,A,0,,,,,Y,Y,E,22,2,0,1,0,0,0,0,0,0,"- ","- ",,,FRESNO,FRESNO,-119.77241986999999,36.808480109999998
7143096,2014,2016-01-21,1005,2014-03-30,0240,P1587,2362,7,5,7,1005,0,0,0,,0,00D,"N WINERY AV","EAST MCKINLEY AV",214.00,N,N,C,-,N,,,,,,,,,,N,2,0,1,2,A,-,11,21954,A,F,G,B,E,B,H,-,C,A,0,Y,,,,Y,,N,60,1,0,0,0,1,0,0,0,0,"- ","- ",,,FRESNO,FRESNO,-119.73177,36.765807389999999
7143103,2014,2016-01-20,1005,2014-03-11,0853,P959,2255,2,5,7,1005,0,0,0,,0,00H,"N MAROA AV","E CAMBRIDGE AV",0.00,,Y,A,-,N,,,,,,,,,,N,2,0,1,2,A,-,10,21950,A,N,B,B,B,A,H,-,A,D,0,Y,,,,Y,,A,01,1,0,0,0,1,0,0,0,0,"- ","- ",,,FRESNO,FRESNO,-119.79958992,36.769509999999997
7155908,2014,2016-01-26,1005,2014-09-09,0030,P1628,3154,2,5,7,1005,0,0,0,,0,00H,"EAST JENSEN AV","S MARTIN LUTHER KING BL",380.00,W,N,A,-,N,,,,,,,,,,N,2,0,1,2,A,-,09,21803,A,F,G,G,A,A,H,-,C,A,0,,Y,,,Y,,L,04,1,0,0,0,0,0,1,0,0,"- ","- ",,,FRESNO,FRESNO,-119.80111467,36.70691678
7161838,2015,2016-01-25,1005,2015-02-05,2140,P1227,SE276,4,5,7,1005,0,0,0,,0,00A,"EAST KINGS CYN RD","S CLOVIS AV",55.00,N,N,A,-,N,,,,,,,,,,Y,2,0,1,1,A,-,03,22350,,N,E,I,A,A,H,-,C,D,0,,,Y,,Y,,C,02,1,0,0,0,0,0,0,0,1,"- ","- ",,,FRESNO,FRESNO,-119.70000466,36.735893169999997
7162328,2015,2016-01-26,1005,2015-08-28,2006,P1225,2458,5,5,7,1005,0,0,0,,0,00B,"N 1ST ST","E TYLER AV",0.00,,Y,A,-,N,,,,,,,,,,N,2,0,1,2,A,-,09,21802,A,M,D,G,A,A,H,-,C,D,0,,Y,,,Y,,L,04,1,0,0,0,0,0,1,0,0,"- ","- ",,,FRESNO,FRESNO,-119.77259988,36.755870039999998
7163167,2014,2016-01-20,1005,2014-02-24,1725,P1422,2559,1,5,7,1005,0,0,0,,0,00B,"E MCKENZIE AV","N 9TH ST",244.00,E,N,A,-,N,,,,,,,,,,N,2,0,1,2,A,-,11,21954,A,N,G,B,D,A,H,-,B,D,0,Y,,,,Y,,N,60,1,0,0,0,1,0,0,0,0,"- ","- ",,,FRESNO,FRESNO,-119.75816776000001,36.746830000000003
7169042,2015,2016-02-01,1005,2015-03-25,0639,P168,NW205,3,5,7,1005,0,0,0,,0,00E,"NORTH FRUIT AV","W DAYTON AV",171.00,S,N,A,-,N,,,,,,,,,,Y,2,0,1,2,A,-,03,22350,,N,G,B,F,A,H,-,A,D,0,Y,,,,Y,,A,07,1,0,0,0,1,0,0,0,0,"- ","- ",,,FRESNO,FRESNO,-119.81755043,36.782510690000002
8030585,2016,2016-05-03,1012,2016-04-17,1815,L008,RDLEY,7,5,3,1012,0,0,0,,0,0RE,"BUTTONWILLOW AV","E EL DORADO AV",8.00,S,N,A,-,N,,,,,,,,,,N,2,0,2,3,A,-,01,23152,A,N,A,C,A,A,H,-,A,D,0,,,,,Y,Y,-,,1,1,0,0,0,0,0,0,0,"- ","- ",,,FRESNO,REEDLEY,-119.43091,36.598988050000003
8086162,2016,2016-07-27,1012,2016-06-29,1235,L008,REEDL,3,5,3,1012,0,0,0,,0,0RE,"I ST","8TH ST",25.00,N,N,A,-,N,,,,,,,,,,N,2,0,1,1,A,-,01,21200,5,N,H,-,A,A,H,-,A,D,0,,Y,,,Y,Y,L,04,1,0,0,0,0,0,1,0,0,"- ","- ",,,FRESNO,REEDLEY,-119.45631376,36.597903180000003
81149594,2019,2019-12-23,1005,2019-12-13,1812,P1874,NW,5,5,7,1005,0,0,0,,0,00B,"PALM AVE","BEECHWOOD AVE",0.00,,Y,B,C,N,,,,,,,,,,Y,2,0,1,4,A,-,01,23153,B,N,H,D,A,B,H,-,C,A,0,,,,,Y,Y,A,01,1,0,0,0,0,0,0,0,0,"- ","- ",36.838779449462891,-119.80832672119141,FRESNO,FRESNO,-119.8084716796875,36.838699340820312
81178044,2020,2020-02-03,1005,2020-01-30,1337,P1264,2,4,5,7,1005,0,0,0,,0,00E,"FRUIT AVE","DENNETT AVE",0.00,,Y,A,-,N,,,,,,,,,,N,2,0,1,2,A,-,00,21956,B,N,G,B,E,A,H,-,A,A,0,Y,,,,Y,,N,60,1,0,0,0,1,0,0,0,0,"- ","- ",36.755710601806641,-119.81755065917969,FRESNO,FRESNO,-119.81761169433594,36.755729675292969
81259412,2019,2020-06-29,1005,2019-12-26,2045,P1889,,4,5,7,1005,0,0,0,,0,,"DAKOTA AVE","DIANA ST (E)",0.00,,Y,-,-,N,,,,,,,,,,N,2,0,1,2,A,-,12,22450,A,F,G,B,B,A,H,-,C,A,0,Y,,,,Y,,-,99,1,0,0,0,1,0,0,0,0,"- ","- ",36.786819458007812,-119.78591918945312,FRESNO,FRESNO,-119.78716278076172,36.786811828613281
81301032,2020,2020-09-09,1005,2020-09-03,1617,P1940,NW,4,5,7,1005,0,0,0,,0,00A,"HERNDON AVE","VAN NESS BLVD",760.00,W,N,A,-,N,,,,,,,,,,Y,2,0,2,3,A,-,01,23152,G,F,C,C,A,A,H,-,A,D,0,,,,,Y,Y,A,01,1,0,1,0,0,0,0,0,0,"- ","- ",36.836990356445312,-119.83544921875,FRESNO,FRESNO,-119.83796691894531,36.837329864501953
81306129,2020,2020-09-17,1005,2020-09-15,2055,P2017,SOUTH,2,5,7,1005,0,0,0,,0,00E,"CALIFORNIA AVE","MAUD AVE",83.00,W,N,A,-,N,,,,,,,,,,Y,2,0,1,2,A,-,11,21954,A,N,G,B,D,A,H,-,D,D,0,Y,,,,Y,,N,60,1,0,0,0,1,0,0,0,0,"- ","- ",36.721351623535156,-119.80287933349609,FRESNO,FRESNO,-119.80316162109375,36.721363067626953
81309453,2020,2020-09-23,1005,2020-09-02,1415,P1298,NE,3,5,7,1005,0,0,0,,0,"G / 21","SHIELDS AVE","FIRST ST",3.00,E,N,A,-,N,,,,,,,,,,Y,2,0,2,2,A,-,01,21200,5,N,D,G,A,A,H,-,A,A,0,,Y,,,Y,Y,L,04,1,1,0,0,0,0,1,0,0,"- ","- ",36.779598236083984,-119.77262878417969,FRESNO,FRESNO,-119.77265167236328,36.779678344726562