CASE_ID,ACCIDENT_YEAR,PROC_DATE,JURIS,COLLISION_DATE,COLLISION_TIME,OFFICER_ID,REPORTING_DISTRICT,DAY_OF_WEEK,CHP_SHIFT,POPULATION,CNTY_CITY_LOC,SPECIAL_COND,BEAT_TYPE,CHP_BEAT_TYPE,CITY_DIVISION_LAPD,CHP_BEAT_CLASS,BEAT_NUMBER,PRIMARY_RD,SECONDARY_RD,DISTANCE,DIRECTION,INTERSECTION,WEATHER_1,WEATHER_2,STATE_HWY_IND,CALTRANS_COUNTY,CALTRANS_DISTRICT,STATE_ROUTE,ROUTE_SUFFIX,POSTMILE_PREFIX,POSTMILE,LOCATION_TYPE,RAMP_INTERSECTION,SIDE_OF_HWY,TOW_AWAY,COLLISION_SEVERITY,NUMBER_KILLED,NUMBER_INJURED,PARTY_COUNT,PRIMARY_COLL_FACTOR,PCF_CODE_OF_VIOL,PCF_VIOL_CATEGORY,PCF_VIOLATION,PCF_VIOL_SUBSECTION,HIT_AND_RUN,TYPE_OF_COLLISION,MVIW,PED_ACTION,ROAD_SURFACE,ROAD_COND_1,ROAD_COND_2,LIGHTING,CONTROL_DEVICE,CHP_ROAD_TYPE,PEDESTRIAN_ACCIDENT,BICYCLE_ACCIDENT,MOTORCYCLE_ACCIDENT,TRUCK_ACCIDENT,NOT_PRIVATE_PROPERTY,ALCOHOL_INVOLVED,STWD_VEHTYPE_AT_FAULT,CHP_VEHTYPE_AT_FAULT,COUNT_SEVERE_INJ,COUNT_VISIBLE_INJ,COUNT_COMPLAINT_PAIN,COUNT_PED_KILLED,COUNT_PED_INJURED,COUNT_BICYCLIST_KILLED,COUNT_BICYCLIST_INJURED,COUNT_MC_KILLED,COUNT_MC_INJURED,PRIMARY_RAMP,SECONDARY_RAMP,LATITUDE,LONGITUDE,COUNTY,CITY,POINT_X,POINT_Y
81367119,2020,2020-12-15,1005,2020-11-26,2128,P1982,SOUTH,4,5,7,1005,0,0,0,,0,00C,"WHITE AVE","MAPLE AVE",60.00,W,N,A,-,N,,,,,,,,,,Y,2,0,1,3,C,-,18,,,N,G,B,F,A,H,-,C,D,0,Y,,,,Y,,-,"- ",1,0,0,0,1,0,0,0,0,"- ","- ",36.751361846923828,-119.74539184570312,FRESNO,FRESNO,-119.74561309814453,36.751380920410156
81381473,2020,2021-01-06,1005,2020-12-31,2337,P1757,NORTH,4,5,7,1005,0,0,0,,0,,"FIRST ST","SHIELDS AVE",100.00,S,N,A,-,N,,,,,,,,,,N,2,0,1,2,C,-,18,,,N,H,H,A,A,H,-,C,A,0,,,Y,,Y,,-,"- ",1,0,0,0,0,0,0,0,1,"- ","- ",36.779598236083984,-119.77262878417969,FRESNO,FRESNO,-119.77265930175781,36.779403686523438
81533274,2021,2021-07-30,1005,2021-06-04,0136,P1821,SW,5,5,7,1005,0,0,0,,0,00F,"ELM AVE","CHURCH AVE",500.00,S,N,A,-,N,,,,,,,,,,N,2,0,1,2,A,-,03,22350,,N,C,C,A,A,H,-,C,D,0,,,,,Y,Y,A,01,1,0,0,0,0,0,0,0,0,"- ","- ",36.714260101318359,-119.79087066650391,FRESNO,FRESNO,-119.79086303710938,36.712806701660156
8168201,2017,2018-05-19,1005,2017-04-23,1228,P1298,SE,7,5,7,1005,0,0,0,,0,E2760,"KINGS CANYON RD","MAPLE AV",5.00,E,N,A,-,N,,,,,,,,,,N,1,1,0,2,A,-,12,21453,A,F,G,B,B,A,H,-,A,A,0,Y,,,,Y,,A,01,0,0,0,1,0,0,0,0,0,"- ","- ",36.735840000000003,-119.74538,FRESNO,FRESNO,-119.74546295,36.735970000000002
8168206,2017,2018-05-19,1005,2017-01-16,1906,P731,0962,1,5,7,1005,0,0,0,,0,04B,"CHESTNUT AV","SHEPHERD AV",570.00,S,N,A,-,N,,,,,,,,,,Y,1,1,0,2,A,-,11,21954,A,N,G,B,D,A,H,-,C,D,0,Y,,,,Y,,N,60,0,0,0,1,0,0,0,0,0,"- ","- ",36.866689999999998,-119.73877,FRESNO,FRESNO,-119.73885761,36.865025529999997
8168207,2017,2019-04-09,1005,2017-03-17,1522,P1298,SE,5,5,7,1005,0,0,0,,0,C2561,"CHESTNUT AV","NEVADA AV",8.00,S,N,A,-,N,,,,,,,,,,Y,1,1,2,3,A,-,01,23152,A,N,D,C,A,A,H,-,A,A,0,,,,,Y,Y,A,01,1,1,0,0,0,0,0,0,0,"- ","- ",36.745849999999997,-119.73643,FRESNO,FRESNO,-119.73648976,36.745888039999997
81703851,2021,2022-02-18,1005,2021-12-05,1939,P1731,SOUTH,7,5,7,1005,0,0,0,,0,00E,"BUTLER/ CEDAR",BUTLER,7.00,N,N,B,-,Y,,,,,,,,,,N,2,0,1,2,A,-,10,21950,A,N,G,B,B,B,H,-,C,A,0,Y,,,,Y,,I,11,1,0,0,0,1,0,0,0,0,"- ","- ",36.728618621826172,-119.75457000732422,FRESNO,FRESNO,-119.75466156005859,36.728630065917969
81711781,2022,2022-03-01,1005,2022-02-22,1634,P1771,SW,2,5,7,1005,0,0,0,,0,00D,"N ST","FRESNO ST",40.00,S,N,A,-,N,,,,,,,,,,N,2,0,1,2,A,-,01,23152,F,N,C,E,A,A,H,-,A,A,0,,,,,Y,,A,01,1,0,0,0,0,0,0,0,0,"- ","- ",36.738800048828125,-119.78822326660156,FRESNO,FRESNO,-119.78821563720703,36.738765716552734
81766046,2022,2022-05-06,1005,2022-03-16,0005,P2063,NORTH,3,5,7,1005,0,0,0,,0,00F,"GOLDEN STATE BLVD","RICHERT AVE",50.00,S,N,A,-,N,,,,,,,,,,Y,2,0,1,1,A,-,08,22107,,N,E,I,A,A,H,-,D,D,0,,,,,Y,,A,01,1,0,0,0,0,0,0,0,0,"- ","- ",36.797199249267578,-119.86601257324219,FRESNO,FRESNO,-119.86541748046875,36.797149658203125
81806581,2022,2022-06-30,1005,2022-06-28,1132,P959,SOUTW,2,5,7,1005,0,0,0,,0,E/2755,"F ST","SANTA CLARA ST",12.00,S,N,A,-,N,,,,,,,,,,Y,2,0,4,3,A,-,03,22350,,F,G,B,F,A,H,-,A,A,0,Y,,,,Y,,A,01,1,1,2,0,2,0,0,0,0,"- ","- ",36.725631713867188,-119.78946685791016,FRESNO,FRESNO,-119.78948974609375,36.725486755371094
81833676,2022,2022-08-05,1005,2022-07-06,2254,P1771,,3,5,7,1005,0,0,0,,0,,"OLIVE AVE","HUGHES AVE",0.00,,Y,A,-,N,,,,,,,,,,N,2,0,1,2,A,-,11,21954,A,N,G,B,D,A,H,-,D,A,0,Y,,,,Y,,N,60,1,0,0,0,1,0,0,0,0,"- ","- ",36.757488250732422,-119.835693359375,FRESNO,FRESNO,-119.83555603027344,36.757450103759766
81852716,2022,2022-08-30,1005,2022-08-13,1829,P1700,"SE /",6,5,7,1005,0,0,0,,0,2660,"MAPLE AVE","INYO ST",180.00,N,N,A,-,N,,,,,,,,,,Y,2,0,1,3,A,-,08,22107,,F,C,E,A,A,H,-,A,D,0,,,,,Y,,A,01,1,0,0,0,0,0,0,0,0,"- ","- ",36.736850738525391,-119.74671173095703,FRESNO,FRESNO,-119.74546813964844,36.738162994384766
81897403,2022,2022-10-24,1005,2022-10-16,2333,P2082,FRESN,7,5,7,1005,0,0,0,,0,02A,"PALM AVE","FOUNTAIN WAY",42.00,N,N,A,-,N,,,,,,,,,,N,2,0,1,2,A,-,03,22350,,F,H,G,A,A,H,-,C,D,0,,Y,,,Y,,-,99,1,0,0,0,0,0,1,0,0,"- ","- ",36.781211853027344,-119.80861663818359,FRESNO,FRESNO,-119.80864715576172,36.781345367431641
81909504,2022,2022-11-04,1005,2022-10-15,0040,P731,2454,6,5,7,1005,0,0,0,,0,02F,"BELMONT AVE","ECHO AVE (W)",0.00,,Y,A,-,N,,,,,,,,,,N,1,1,0,2,C,-,18,,,F,G,B,E,A,H,-,E,D,0,Y,,,,Y,,-,"- ",0,0,0,1,0,0,0,0,0,"- ","- ",36.749889373779297,-119.805419921875,FRESNO,FRESNO,-119.80435180664062,36.750400543212891
81933500,2022,2022-12-05,1005,2022-11-19,1815,P2009,SW,6,5,7,1005,0,0,0,,0,00F,"JENSEN AVE","MARTIN LUTHER KING JR BLVD",0.00,,Y,A,-,N,,,,,,,,,,Y,2,0,1,1,A,-,03,22350,,N,E,I,A,A,H,-,C,D,0,,,,,Y,,D,22,1,0,0,0,0,0,0,0,0,"- ","- ",36.706871032714844,-119.79978179931641,FRESNO,FRESNO,-119.79981994628906,36.706741333007812
81938941,2022,2022-12-12,1005,2022-12-09,1715,P1625,SE,5,5,7,1005,0,0,0,,0,03C,"MAPLE AVE","TULARE ST",5.00,S,N,A,-,N,,,,,,,,,,N,2,0,1,2,A,-,10,21950,A,N,G,B,B,A,H,-,C,A,0,Y,,,,Y,,A,01,1,0,0,0,1,0,0,0,0,"- ","- ",36.743198394775391,-119.74550628662109,FRESNO,FRESNO,-119.74543762207031,36.743156433105469
81944969,2022,2022-12-19,1005,2022-09-04,0708,P1684,NORTH,7,5,7,1005,0,0,0,,0,"G / 22","MCKINLEY AVE","PEACH AVE",0.00,,Y,A,-,N,,,,,,,,,,Y,1,1,1,3,A,-,01,23152,B,N,D,C,A,A,H,-,A,A,0,,,,,Y,Y,A,01,0,0,1,0,0,0,0,0,0,"- ","- ",36.76409912109375,-119.71916961669922,FRESNO,FRESNO,-119.71839904785156,36.765117645263672
81964032,2023,2023-01-10,1005,2023-01-05,1555,P1306,NORTH,4,5,7,1005,0,0,0,,0,,"SHAW AVE","BRAWLEY AVE",0.00,,Y,B,C,N,,,,,,,,,,Y,2,0,2,2,A,-,01,23153,B,N,D,C,A,B,H,-,A,A,0,,,,,Y,Y,A,01,2,0,0,0,0,0,0,0,0,"- ","- ",36.808151245117188,-119.86258697509766,FRESNO,FRESNO,-119.86275482177734,36.808380126953125
82000794,2023,2023-02-23,1005,2023-01-22,"235 ",P1089,,7,5,7,1005,0,0,0,,0,,"OLIVE AVE","PALM AVE",0.00,,Y,A,-,N,,,,,,,,,,N,2,0,1,2,A,-,12,21453,A,N,D,G,A,A,H,-,A,A,0,,Y,,,Y,,L,04,1,0,0,0,0,0,1,0,0,"- ","- ",36.757678985595703,-119.80867004394531,FRESNO,FRESNO,-119.80860900878906,36.75762939453125
82030078,2022,2023-03-28,1005,2022-10-05,2311,P1694,CENTR,3,5,7,1005,0,0,0,,0,00A,"3793 N HUGHES AVENUE","NOT STATED",0.00,,-,A,-,N,,,,,,,,,,Y,2,0,2,3,A,-,00,20001,A,N,G,B,F,A,H,-,C,D,0,Y,,,,Y,,A,01,1,1,0,0,2,0,0,0,0,"- ","- ",,,FRESNO,FRESNO,,
82030088,2023,2023-03-28,1005,2023-01-05,1855,P731,2058,4,5,7,1005,0,0,0,,0,04G,"SHIELDS AVE","BOND ST",100.00,E,N,B,-,N,,,,,,,,,,N,1,1,0,2,A,-,11,21954,A,N,G,B,D,A,H,-,C,A,0,Y,,,,Y,Y,N,60,0,0,0,1,0,0,0,0,0,"- ","- ",36.779590606689453,-119.76811218261719,FRESNO,FRESNO,-119.7677001953125,36.779640197753906
82056245,2023,2023-04-28,1005,2023-01-20,1930,P1689,SOUTH,5,5,7,1005,0,0,0,,0,00C,"SIXTH ST","VENTURA ST",111.00,N,N,A,-,N,,,,,,,,,,Y,1,1,0,2,A,-,03,22350,,N,G,B,E,A,H,-,D,D,0,Y,,,,Y,,A,01,0,0,0,1,0,0,0,0,0,"- ","- ",36.735939025878906,-119.76425933837891,FRESNO,FRESNO,-119.76437377929688,36.736125946044922
82072663,2023,2023-05-19,1005,2023-05-04,2333,P1957,SE,4,5,7,1005,0,0,0,,0,,"OLIVE AVE","PEACH AVE",0.00,,Y,B,-,N,,,,,,,,,,Y,2,0,5,2,A,-,12,21453,A,N,D,C,A,A,H,-,C,A,0,,,,,Y,,A,01,1,2,2,0,0,0,0,0,0,"- ","- ",36.757488250732422,-119.71820831298828,FRESNO,FRESNO,-119.71837615966797,36.757450103759766
82072724,2023,2023-05-19,1005,2023-05-13,2138,P2184,CE,6,5,7,1005,0,0,0,,0,,"SHIELDS AVE","WARREN AVE",129.00,E,N,A,-,N,,,,,,,,,,Y,2,0,1,2,A,-,00,20001,A,F,G,B,D,A,H,-,C,A,0,Y,,,,Y,Y,A,01,1,0,0,0,1,0,0,0,0,"- ","- ",36.779289245605469,-119.82872009277344,FRESNO,FRESNO,-119.82834625244141,36.779296875
82117972,2023,2023-07-17,1005,2023-05-21,"5   ",P1979,SE,7,5,7,1005,0,0,0,,0,00F,"BUTLER AVE","CHESTNUT AVE",0.00,,Y,A,-,Y,,,,,,,,,,Y,2,0,1,3,A,-,01,23153,A,N,D,C,A,A,H,-,C,A,0,,,,,Y,Y,A,01,1,0,0,0,0,0,0,0,0,"- ","- ",,,FRESNO,FRESNO,-119.73654174804688,36.728668212890625
82118065,2023,2023-07-17,1005,2023-06-04,"734 ",P2106,NORTH,7,5,7,1005,0,0,0,,0,05G,"SHAW AVE","FRUIT AVE",0.00,,Y,A,-,Y,,,,,,,,,,Y,2,0,2,2,A,-,12,21453,A,N,D,D,A,A,H,-,A,A,0,,,,,Y,,D,22,1,1,0,0,0,0,0,0,0,"- ","- ",36.80828857421875,-119.81735992431641,FRESNO,FRESNO,-119.81742858886719,36.808254241943359
82118110,2023,2023-07-17,1005,2023-06-08,1424,P1264,1,4,5,7,1005,0,0,0,,0,00F,"JENSEN AVE","WEST AVE",0.00,,Y,A,-,N,,,,,,,,,,Y,2,0,3,2,A,-,12,22450,A,N,D,C,A,A,H,-,A,A,0,,,,,Y,,A,01,1,2,0,0,0,0,0,0,0,"- ","- ",36.706371307373047,-119.82843780517578,FRESNO,FRESNO,-119.82688140869141,36.706699371337891
82155249,2023,2023-08-28,1005,2023-05-06,1551,P1689,SOUTH,6,5,7,1005,0,0,0,,0,00D,"MAPLE AVE","WASHINGTON AVE",0.00,,Y,A,-,N,,,,,,,,,,Y,1,1,0,2,A,-,03,22350,,F,D,C,A,A,H,-,A,D,0,,,Y,,Y,,C,02,0,0,0,0,0,0,0,1,0,"- ","- ",36.746868133544922,-119.74653625488281,FRESNO,FRESNO,-119.74541473388672,36.747703552246094
82155362,2023,2023-08-28,1005,2023-07-25,1325,P1306,NORTH,2,5,7,1005,0,0,0,,0,,"BLACKSTONE AVE","FAIRMONT AVE",45.00,N,N,A,-,N,,,,,,,,,,N,2,0,1,2,A,-,09,21801,A,F,H,C,A,A,H,-,A,D,0,,,Y,,Y,,A,01,1,0,0,0,0,0,0,0,1,"- ","- ",36.806121826171875,-119.79084777832031,FRESNO,FRESNO,-119.79055786132812,36.806812286376953
82174457,2023,2023-09-20,1005,2023-09-04,1351,P1264,,1,5,7,1005,0,0,0,,0,,"KINGS CANYON RD","SIERRA VISTA AVE (E)",0.00,,Y,A,-,N,,,,,,,,,,Y,2,0,3,2,A,-,09,21801,A,N,D,C,A,A,H,-,A,D,0,,,,,Y,,A,01,1,2,0,0,0,0,0,0,0,"- ","- ",36.735870361328125,-119.74104309082031,FRESNO,FRESNO,-119.74152374267578,36.735847473144531
82225116,2023,2023-11-01,1005,2023-10-27,"635 ",P2218,NORTH,5,5,7,1005,0,0,0,,0,05D,MARTY,SHAW,331.00,S,N,A,-,N,,,,,,,,,,N,2,0,1,2,A,-,11,21954,A,N,G,B,D,A,H,-,C,D,0,Y,,,,Y,,-,"- ",1,0,0,0,1,0,0,0,0,"- ","- ",36.807468414306641,-119.85813903808594,FRESNO,FRESNO,-119.85810089111328,36.807300567626953
82320143,2023,2024-02-22,1005,2023-12-11,1820,P2117,,1,5,7,1005,0,0,0,,0,00F,"NORTH CEDAR","EAST SHAW",0.00,,Y,-,-,N,,,,,,,,,,N,2,0,1,2,A,-,11,21950,B,N,G,B,B,A,H,-,C,A,0,Y,,,,Y,,N,60,1,0,0,0,1,0,0,0,0,"- ","- ",,,FRESNO,FRESNO,-119.7542724609375,36.808540344238281
82351077,2024,2024-04-01,1005,2024-02-14,2331,P1643,SW,3,5,7,1005,0,0,0,,0,,"319 W. FLORENCE FRESNO CA 93706","S THORNE AVE",0.00,,Y,C,-,N,,,,,,,,,,N,1,1,0,1,A,-,03,22350,,N,F,A,A,B,G,-,C,D,0,,,Y,,Y,Y,C,06,0,0,0,0,0,0,0,1,0,"- ","- ",36.717731475830078,-119.81340789794922,FRESNO,FRESNO,-119.81331634521484,36.721351623535156
82373773,2024,2024-04-24,1005,2024-04-09,2149,"P1944 ",,2,5,7,1005,0,0,0,,0,00A,"N PALM AVE","E SHIELDS AVE",105.00,N,N,A,-,N,,,,,,,,,,Y,2,0,1,2,A,-,01,23152,A,N,A,C,A,A,H,-,C,A,0,,,,,Y,Y,A,01,1,0,0,0,0,0,0,0,0,"- ","- ",,,FRESNO,FRESNO,-119.80867004394531,36.779659271240234
82396774,2024,2024-05-23,1005,2024-05-13,1921,P1089,,1,5,7,1005,0,0,0,,0,00D,"CLINTON AVE","FRESNO ST",0.00,,Y,A,-,N,,,,,,,,,,Y,2,0,2,3,A,-,01,23152,B,N,D,C,A,A,H,-,A,A,0,,,,,Y,Y,D,22,1,1,0,0,0,0,0,0,0,"- ","- ",36.772239685058594,-119.78159332275391,FRESNO,FRESNO,-119.78153991699219,36.772270202636719
82406357,2024,2024-06-05,1005,2024-04-21,1854,P1689,,7,5,7,1005,0,0,0,,0,00A,"OLIVE AVE","HUGHES AVE",0.00,,Y,A,-,N,,,,,,,,,,Y,1,1,0,2,A,-,10,21950,A,N,G,B,B,A,H,-,A,A,0,Y,,,,Y,,A,01,0,0,0,1,0,0,0,0,0,"- ","- ",36.757488250732422,-119.835693359375,FRESNO,FRESNO,-119.83555603027344,36.757450103759766
8291253,2016,2018-09-24,1001,2016-11-06,0101,5465,,7,5,5,1001,0,0,0,,0,005,"CLOVIS AV","JEFFERSON AV",49.00,N,N,A,-,N,,,,,,,,,,Y,1,1,0,1,A,-,01,23152,A,N,E,I,A,A,H,-,C,D,0,,,,,Y,Y,A,01,0,0,0,0,0,0,0,0,0,"- ","- ",36.817610000000002,-119.70036,FRESNO,CLOVIS,-119.70042551,36.817733750000002
8404854,2018,2020-05-21,1015,2018-02-02,1200,N094,SELMA,5,5,3,1015,0,0,0,,0,001,"HIGHLAND AV","FLORAL AV",0.00,,Y,A,-,Y,FRE,6,99,-,-,6.668,R,4,N,N,1,1,0,2,A,-,05,21202,A,N,C,G,A,A,H,-,A,A,0,,Y,,,Y,,L,04,0,0,0,0,0,1,0,0,0,"- ","- ",,,FRESNO,SELMA,-119.63130187988281,36.578235626220703
84558683,2024,2025-02-03,1005,2024-09-14,"319 ",P731,,6,5,7,1005,0,0,0,,0,1255,"BLACKSTONE AVE","SPRUCE AVE",9.00,N,N,A,-,N,,,,,,,,,,N,1,1,0,2,A,-,11,21461,5,N,G,B,B,A,H,-,C,A,0,Y,,,,Y,,N,60,0,0,0,1,0,0,0,0,0,"- ","- ",36.840850830078125,-119.79036712646484,FRESNO,FRESNO,-119.790283203125,36.840934753417969
84558902,2024,2025-02-03,1005,2024-08-04,2245,P1415,,7,5,7,1005,0,0,0,,0,00A,"W DENNETT","N PARKWAY",0.00,,Y,A,-,Y,,,,,,,,,,N,2,0,1,2,A,-,12,22450,A,F,H,G,A,A,H,-,C,A,0,,Y,,,Y,Y,-,35,1,0,0,0,0,0,1,0,0,"- ","- ",,,FRESNO,FRESNO,-119.82892608642578,36.755359649658203
84559401,2024,2025-02-03,1005,2024-12-03,1747,P2019,,2,5,7,1005,0,0,0,,0,00F,"CHESTNUT AVE","CHURCH AVE",0.00,,Y,A,-,N,,,,,,,,,,Y,2,0,1,2,A,-,12,21453,A,N,D,C,A,A,H,-,C,A,0,,,,,Y,,D,72,1,0,0,0,0,0,0,0,0,"- ","- ",36.714149475097656,-119.73651123046875,FRESNO,FRESNO,-119.73664093017578,36.714176177978516
84559550,2024,2025-02-03,1005,2024-12-20,1919,P2274,,5,5,7,1005,0,0,0,,0,00A,"ASHLAN AVE","WEST AVE",0.00,,Y,A,-,N,,,,,,,,,,Y,2,0,2,2,A,-,01,23152,A,N,D,C,A,A,H,-,C,A,0,,,,,Y,Y,A,01,2,0,0,0,0,0,0,0,0,"- ","- ",36.793460845947266,-119.82697296142578,FRESNO,FRESNO,-119.826416015625,36.79376220703125
84559760,2025,2025-02-03,1005,2025-01-21,"903 ",P1735,,2,5,7,1005,0,0,0,,0,2560,"MAPLE AVE","TULARE ST",0.00,,Y,A,-,N,,,,,,,,,,Y,2,0,1,2,A,-,10,21950,A,F,G,B,B,A,H,-,A,A,0,Y,,,,Y,,A,01,1,0,0,0,1,0,0,0,0,"- ","- ",36.743198394775391,-119.74550628662109,FRESNO,FRESNO,-119.74543762207031,36.743167877197266
8465894,2019,2019-07-08,1005,2019-02-27,2253,P1878,NW214,3,5,7,1005,0,0,0,,0,00F,"WEST CLINTON AV","NORTH MARKS AV",203.00,E,N,B,-,N,,,,,,,,,,N,1,1,0,2,A,-,03,22350,,N,G,B,D,A,H,-,C,D,0,Y,,,,Y,,A,07,0,0,0,1,0,0,0,0,0,"- ","- ",,,FRESNO,FRESNO,-119.84370422363281,36.771919250488281
84679136,2025,2025-05-07,1005,2025-03-14,"520 ",P2236,,5,5,7,1005,0,0,0,,0,04B,"N MAPLE AVE","E BIRCH AVE",85.00,S,N,A,-,N,,,,,,,,,,Y,2,0,1,1,A,-,07,21658,A,N,E,I,A,B,H,-,C,D,0,,,Y,,Y,,C,02,1,0,0,0,0,0,0,0,1,"- ","- ",,,FRESNO,FRESNO,-119.74573516845703,36.842376708984375
84679304,2025,2025-05-07,1005,2025-04-10,"524 ",P2290,,4,5,7,1005,0,0,0,,0,00B,"N PALM AVE","H ST",275.00,N,N,A,-,N,,,,,,,,,,N,2,0,1,1,A,-,03,22350,,N,E,J,A,A,H,-,B,D,0,,,Y,,Y,,-,"- ",1,0,0,0,0,0,0,0,1,"- ","- ",,,FRESNO,FRESNO,-119.80825805664062,36.747413635253906
84679313,2025,2025-05-07,1005,2025-04-11,"706 ",P2023,,5,5,7,1005,0,0,0,,0,04G,"SHIELDS AVE","FIRST ST",230.00,E,N,A,-,N,,,,,,,,,,N,2,0,1,2,A,-,11,21954,A,N,G,B,E,A,H,-,A,A,0,Y,,,,Y,,N,60,1,0,0,0,1,0,0,0,0,"- ","- ",36.779598236083984,-119.77262878417969,FRESNO,FRESNO,-119.77187347412109,36.779544830322266
84679329,2025,2025-05-07,1005,2025-04-12,2336,P1997,,6,5,7,1005,0,0,0,,0,00B,"HERNDON AVE","MILLBROOK AVE",30.00,E,N,A,-,N,,,,,,,,,,N,2,0,1,2,C,-,18,,,N,C,C,A,A,H,-,C,A,0,,,,,Y,,-,"- ",1,0,0,0,0,0,0,0,0,"- ","- ",36.837409973144531,-119.76309967041016,FRESNO,FRESNO,-119.76321411132812,36.838466644287109
8490083,2017,2017-11-17,1001,2017-06-30,1923,5713,,5,5,5,1001,0,0,0,,0,003,"N FOWLER AV","DONNER AV",0.00,,Y,A,-,N,,,,,,,,,,Y,2,0,1,2,A,-,09,21802,A,F,B,C,A,A,H,-,A,D,0,,,,,Y,Y,A,01,1,0,0,0,0,0,0,0,0,"- ","- ",36.799419999999998,-119.68241999999999,FRESNO,CLOVIS,-119.6824199,36.799420019999999
8567458,2018,2018-03-14,1012,2018-02-05,2059,L1016,,1,5,3,1012,0,0,0,,0,001,FRESNO,"I ST",0.00,,Y,A,-,N,,,,,,,,,,N,2,0,3,2,A,-,08,22107,,N,B,C,A,A,H,-,C,A,0,,,,,Y,,D,22,1,0,2,0,0,0,0,0,0,"- ","- ",,,FRESNO,REEDLEY,-119.52436828613281,36.611331939697266
8604754,2018,2018-05-10,1012,2018-04-27,1648,L196,REEDL,5,5,3,1012,0,0,0,,0,002,"MANNING AV","PECAN AV",79.00,W,N,A,-,N,,,,,,,,,,N,2,0,1,2,A,-,01,23153,F,N,G,B,D,A,H,-,A,D,0,Y,,,,Y,,-,,1,0,0,0,1,0,0,0,0,"- ","- ",,,FRESNO,REEDLEY,-119.43724060058594,36.604129791259766
8651954,2018,2018-10-19,1013,2018-07-21,1836,M158,M390,6,5,3,1013,0,0,0,,0,003,"FALLER AV","NORTH AV",11.00,N,N,A,-,N,,,,,,,,,,N,2,0,1,2,A,-,03,22350,,N,H,A,A,A,H,-,A,D,0,,,,,Y,,-,,1,0,0,0,0,0,0,0,0,"- ","- ",,,FRESNO,SANGER,-119.54750823974609,36.692279815673828
8822538,2017,2019-04-25,1009,2017-07-23,1415,R057,MENDO,7,5,2,1009,0,0,0,,0,0ME,"RT 33","7TH ST",0.00,,Y,A,-,Y,FRE,6,33,-,-,61.510,I,5,S,N,2,0,1,2,A,-,09,21804,A,F,B,C,A,A,H,-,A,D,0,,,,,Y,,-,99,1,0,0,0,0,0,0,0,0,"- ","- ",,,FRESNO,MENDOTA,-120.38679842000001,36.750100240000002
8833813,2019,2019-04-18,1013,2019-03-02,2211,M161,1013,6,5,3,1013,0,0,0,,0,002,"GREENWOOD AV","GEARY AV",38.00,N,N,B,-,N,,,,,,,,,,Y,2,0,1,2,A,-,00,21352,A,N,C,E,A,B,H,-,C,D,0,,,,,Y,Y,A,01,1,0,0,0,0,0,0,0,0,"- ","- ",,,FRESNO,SANGER,-119.5653076171875,36.718894958496094
8911376,2020,2022-06-18,1013,2020-02-21,2129,M157,SANGE,5,5,3,1013,0,0,0,,0,M270,"ACADEMY AV","8TH ST",0.00,,Y,A,-,N,,,,,,,,,,Y,1,1,0,2,A,-,01,23152,A,N,G,B,B,A,H,-,C,D,0,Y,,,,Y,Y,A,07,0,0,0,1,0,0,0,0,0,"- ","- ",36.705978393554688,-119.55570220947266,FRESNO,SANGER,-119.55568695068359,36.705211639404297
90015613,2015,2015-10-19,9435,2015-08-29,1135,019039,,6,1,9,1000,0,1,3,,1,169,"STATE ROUTE 168","GOOSEBERRY LANE",1056.00,W,N,A,-,Y,,,168,,,,,,,N,2,0,1,1,A,-,03,22350,,N,E,I,A,A,H,-,A,D,0,,,Y,,Y,,C,02,1,0,0,0,0,0,0,0,1,"- ","- ",37.01493,-119.52544,FRESNO,UNINCORPORATED,-119.52561986000001,37.015011540000003
90023594,2015,2015-10-19,9461,2015-09-26,0510,020543,,6,3,9,1000,0,3,5,,2,060,"VALERIA AVE W/B","HUDSON AVE",160.00,W,N,A,-,N,,,,,,,,,,Y,2,0,1,1,A,-,01,23152,A,N,F,A,A,A,H,-,D,D,0,,,,,Y,Y,A,07,1,0,0,0,0,0,0,0,0,"- ","- ",36.981639999999999,-120.54588,FRESNO,UNINCORPORATED,-120.54586765000001,36.981580010000002
90030185,2015,2015-10-19,9435,2015-09-26,2342,020062,,6,3,5,1001,0,1,3,,1,168,"SR-168 W/B","SIERRA AVE",528.00,W,N,A,-,Y,,,168,,,,,,W,Y,2,0,1,1,A,-,08,22107,,N,E,I,A,A,H,-,D,D,0,,,,,Y,,D,22,1,0,0,0,0,0,0,0,0,"- ","- ",36.828279999999999,-119.711,FRESNO,CLOVIS,-119.71109631,36.828398470000003
90072563,2015,2015-12-14,9435,2015-11-21,1928,016507,,6,2,9,1000,0,3,5,,2,060,"ALTA AVE","SUMNER AVE",528.00,N,N,A,-,N,,,,,,,,,,N,2,0,1,2,A,-,11,21954,A,N,G,B,D,A,H,-,D,D,0,Y,,,,Y,Y,N,60,1,0,0,0,1,0,0,0,0,"- ","- ",36.62012,-119.39491,FRESNO,UNINCORPORATED,-119.39480801000001,36.627118969999998
90075248,2015,2015-12-16,9435,2015-11-20,1740,019327,,5,2,9,1000,0,1,3,,1,411,"SR-41 N/B","CENTRAL AVE",980.00,S,N,A,-,Y,,,,,,,,,,Y,2,0,1,3,A,-,01,23152,A,N,C,C,A,A,H,-,D,D,0,,,,,Y,Y,A,07,1,0,0,0,0,0,0,0,0,"- ","- ",36.6755,-119.7873,FRESNO,UNINCORPORATED,-119.78573777,36.67524994
90132518,2016,2016-03-09,9435,2016-02-24,1425,019263,,3,2,9,1000,0,3,5,,2,040,"ACADEMY AVE","MANNING AVE",2640.00,S,N,A,-,N,,,,,,,,,,Y,2,0,1,1,A,-,08,22107,,N,E,I,A,A,H,-,A,D,0,,,,,Y,,A,01,1,0,0,0,0,0,0,0,0,"- ","- ",36.598469999999999,-119.55683999999999,FRESNO,UNINCORPORATED,-119.55693649,36.597825989999997