CASE_ID,ACCIDENT_YEAR,PROC_DATE,JURIS,COLLISION_DATE,COLLISION_TIME,OFFICER_ID,REPORTING_DISTRICT,DAY_OF_WEEK,CHP_SHIFT,POPULATION,CNTY_CITY_LOC,SPECIAL_COND,BEAT_TYPE,CHP_BEAT_TYPE,CITY_DIVISION_LAPD,CHP_BEAT_CLASS,BEAT_NUMBER,PRIMARY_RD,SECONDARY_RD,DISTANCE,DIRECTION,INTERSECTION,WEATHER_1,WEATHER_2,STATE_HWY_IND,CALTRANS_COUNTY,CALTRANS_DISTRICT,STATE_ROUTE,ROUTE_SUFFIX,POSTMILE_PREFIX,POSTMILE,LOCATION_TYPE,RAMP_INTERSECTION,SIDE_OF_HWY,TOW_AWAY,COLLISION_SEVERITY,NUMBER_KILLED,NUMBER_INJURED,PARTY_COUNT,PRIMARY_COLL_FACTOR,PCF_CODE_OF_VIOL,PCF_VIOL_CATEGORY,PCF_VIOLATION,PCF_VIOL_SUBSECTION,HIT_AND_RUN,TYPE_OF_COLLISION,MVIW,PED_ACTION,ROAD_SURFACE,ROAD_COND_1,ROAD_COND_2,LIGHTING,CONTROL_DEVICE,CHP_ROAD_TYPE,PEDESTRIAN_ACCIDENT,BICYCLE_ACCIDENT,MOTORCYCLE_ACCIDENT,TRUCK_ACCIDENT,NOT_PRIVATE_PROPERTY,ALCOHOL_INVOLVED,STWD_VEHTYPE_AT_FAULT,CHP_VEHTYPE_AT_FAULT,COUNT_SEVERE_INJ,COUNT_VISIBLE_INJ,COUNT_COMPLAINT_PAIN,COUNT_PED_KILLED,COUNT_PED_INJURED,COUNT_BICYCLIST_KILLED,COUNT_BICYCLIST_INJURED,COUNT_MC_KILLED,COUNT_MC_INJURED,PRIMARY_RAMP,SECONDARY_RAMP,LATITUDE,LONGITUDE,COUNTY,CITY,POINT_X,POINT_Y
90162131,2016,2016-09-01,9495,2016-04-11,0635,017312,,1,1,9,1000,0,3,5,,2,053,"GALE AVENUE","SOUTH JAMESON AVENUE",0.00,,Y,B,-,N,,,,,,,,,,Y,2,0,2,2,A,-,09,21804,A,N,D,C,A,A,H,-,B,A,0,,,,,Y,,D,22,1,0,1,0,0,0,0,0,0,"- ","- ",36.181640000000002,-119.99491,FRESNO,UNINCORPORATED,-119.99485998999999,36.181530019999997
90165014,2016,2016-04-25,9495,2016-04-09,2128,020250,,6,2,9,1000,0,3,5,,2,052,"COALINGA-MENDOTA ROAD","INTERSTATE 5",150.00,E,N,B,-,N,,,,,,,,,,Y,2,0,2,1,A,-,08,22107,,N,H,A,A,B,H,-,D,D,0,,,,,Y,,A,01,1,0,1,0,0,0,0,0,0,"- ","- ",36.36936,-120.33317,FRESNO,UNINCORPORATED,-120.33544000000001,36.370370000000001
90187003,2016,2016-05-25,9435,2016-05-17,1000,012846,,2,1,7,1005,0,1,3,,2,182,"SR-180 W/B FROM CHESTNUT AVENUE N/B","CHESTNUT AVENUE",460.00,W,N,A,-,Y,,,180,,,,R,,W,Y,2,0,1,2,A,-,07,21658,A,N,C,C,A,A,H,-,A,D,0,,,Y,,Y,,A,01,1,0,0,0,0,0,0,0,1,"- ","- ",36.755290000000002,-119.7381,FRESNO,FRESNO,-119.7381,36.755290000000002
90214652,2016,2016-07-01,9495,2016-06-16,0730,019111,,4,1,9,1000,0,1,3,,1,009,"STATE ROUTE 198 (WARTHAN CANYON)","FIRESTONE AVENUE",31680.00,W,N,A,-,Y,,,,,,,,,,Y,2,0,1,1,A,-,03,22350,,N,E,I,A,A,H,-,A,D,0,,,Y,,Y,,C,02,1,0,0,0,0,0,0,0,1,"- ","- ",36.115819999999999,-120.33117,FRESNO,UNINCORPORATED,-120.45448924,36.096256410000002
90236374,2016,2016-08-10,9435,2016-07-05,1250,019548,,2,1,9,1000,0,1,3,,1,169,"STATE ROUTE 168","NICHOLAS RD",804.00,E,N,A,-,Y,,,168,,,,,,,Y,1,1,0,1,A,-,03,22350,,N,E,I,A,A,H,-,A,D,0,,,Y,,Y,,C,02,0,0,0,0,0,0,0,1,0,"- ","- ",36.963760000000001,-119.51499,FRESNO,UNINCORPORATED,-119.51499625,36.963723639999998
90243907,2016,2016-08-12,9495,2016-08-02,1930,020298,,2,2,9,1000,0,1,1,,2,001,"INTERSTATE 5 NORTHBOUND","KAMM AVENUE",6336.00,N,N,A,-,Y,,,5,,,,,,N,Y,2,0,1,1,A,-,01,23152,A,N,E,I,A,A,H,-,A,D,0,,,,,Y,Y,A,01,1,0,0,0,0,0,0,0,0,"- ","- ",36.53687,-120.49558,FRESNO,UNINCORPORATED,-120.49562473,36.536809740000002
90245789,2016,2017-05-30,9435,2016-08-08,0645,019523,,1,1,9,1000,0,3,5,,2,020,"MARKS AVE","KAMM AVE",0.00,,Y,A,-,N,,,,,,,,,,Y,1,1,1,2,A,-,12,22450,A,N,D,C,A,A,H,-,A,D,0,,,,,Y,,D,22,1,0,0,0,0,0,0,0,0,"- ","- ",36.832689999999999,-119.84520999999999,FRESNO,UNINCORPORATED,-119.84526986,36.532650019999998
90282082,2016,2016-10-03,9495,2016-07-03,0150,019755,,7,3,9,1000,0,3,5,,2,052,"OAKLAND AVENUE","TRINITY AVE.",2640.00,W,N,A,-,Y,,,,,,,,,,N,1,1,0,2,A,-,11,21956,,F,G,B,E,A,H,-,D,D,0,Y,,,,Y,Y,N,60,0,0,0,1,0,0,0,0,0,"- ","- ",36.34234,-120.13167,FRESNO,UNINCORPORATED,-120.13046959,36.342450710000001
90294558,2016,2016-10-18,9435,2016-10-04,1818,015181,,2,2,9,1000,0,3,5,,2,020,"MANNING AVENUE","MCMULLIN GRADE",0.00,,Y,A,-,N,,,,,,,,,,Y,2,0,3,2,A,-,09,21802,A,N,D,C,A,A,H,-,A,D,0,,,,,Y,,A,07,1,1,1,0,0,0,0,0,0,"- ","- ",36.604120000000002,-120.04318000000001,FRESNO,UNINCORPORATED,-120.04328995,36.603870110000003
90311485,2016,2016-11-04,9435,2016-10-29,0655,019548,,6,1,9,1000,0,1,3,,1,169,"SR-168 E/B","BEAL FIRE ROAD",2640.00,E,N,A,-,Y,,,168,,,,,,E,Y,2,0,2,1,A,-,01,23152,A,N,E,I,A,B,H,-,A,D,0,,,,,Y,Y,D,22,2,0,0,0,0,0,0,0,0,"- ","- ",37.047499999999999,-119.40877,FRESNO,UNINCORPORATED,-119.40885255000001,37.047439009999998
90341554,2016,2016-12-09,9435,2016-12-01,0952,015095,,4,1,9,1000,0,3,5,,2,040,"BETHEL AVENUE","DINUBA AVENUE",0.00,,Y,A,-,N,,,,,,,,,,Y,2,0,3,2,A,-,09,21802,A,N,D,C,A,A,H,-,A,A,0,,,,,Y,,A,01,2,1,0,0,0,0,0,0,0,"- ","- ",36.577289999999998,-119.54969,FRESNO,UNINCORPORATED,-119.57488986,36.590610089999998
90346790,2016,2016-12-16,9435,2016-12-09,1700,019962,,5,2,9,1000,0,3,5,,2,034,"RIVERBEND AVENUE","SOUTH AVENUE",0.00,,Y,A,-,N,,,,,,,,,,Y,2,0,3,1,A,-,03,22350,,N,E,I,A,A,H,-,D,D,0,,,,,Y,,D,22,1,1,1,0,0,0,0,0,0,"- ","- ",36.619120000000002,-119.51139999999999,FRESNO,UNINCORPORATED,-119.51135992,36.61924003
90353115,2016,2016-12-27,9435,2016-11-17,1457,019369,,4,2,9,1000,0,1,3,,1,168,"ACADEMY AVENUE","SR-168 (TOLLHOUSE RD)",63.00,N,N,A,-,Y,,,,,,,,,,Y,1,1,0,1,A,-,03,22350,,N,E,I,A,A,H,-,A,A,0,,,,,Y,,A,01,0,0,0,0,0,0,0,0,0,"- ","- ",36.874000000000002,-119.5573,FRESNO,UNINCORPORATED,,
90358405,2016,2016-12-30,9435,2016-12-22,1900,020082,,4,2,5,1001,0,1,3,,1,168,"SR-168 W/B TO SHAW AVE.","SHAW AVE.",250.00,N,N,A,-,Y,,,,,,,,,,Y,2,0,2,1,A,-,08,22107,,N,F,J,A,A,H,-,C,D,0,,,,,Y,,A,01,2,0,0,0,0,0,0,0,0,"- ","- ",36.809309999999996,-119.73496,FRESNO,CLOVIS,-119.73350899,36.80899556
90359422,2016,2017-01-03,9435,2016-12-22,1405,020082,,4,2,7,1005,0,1,3,,2,410,"SR-41 NORTHBOUND","ASHLAN AVE.",235.00,S,N,A,-,Y,,,41,,,,,,N,Y,2,0,1,2,A,-,03,22350,,N,C,C,A,A,H,-,A,D,0,,,,,Y,,A,01,1,0,0,0,0,0,0,0,0,"- ","- ",36.793320000000001,-119.78458000000001,FRESNO,FRESNO,-119.78460253,36.793315569999997
90365298,2016,2017-01-10,9435,2016-12-30,2230,019263,,5,3,9,1000,0,3,5,,2,050,"WOODLAND RD",SR-168,528.00,N,N,B,-,N,,,,,,,,,,Y,2,0,2,1,A,-,03,22350,,N,E,I,A,C,H,-,D,D,0,,,,,Y,,A,07,1,1,0,0,0,0,0,0,0,"- ","- ",37.08784,-119.32357,FRESNO,UNINCORPORATED,-119.32296805,37.087384010000001
90367751,2017,2017-01-12,9435,2017-01-03,2052,017518,,2,2,9,1000,0,3,5,,2,025,"MINNEWAWA AVE","BEHYMER AVE",528.00,N,N,C,-,N,,,,,,,,,,Y,2,0,3,2,A,-,01,23152,A,N,A,C,A,B,H,-,D,D,0,,,,,Y,Y,D,22,2,0,1,0,0,0,0,0,0,"- ","- ",36.882480000000001,-119.71115,FRESNO,UNINCORPORATED,-119.71117599,36.882599220000003
90403894,2017,2017-03-01,9435,2017-02-21,1940,017518,,2,2,9,1000,0,3,5,,2,030,"CHESTNUT AVE. S/B","CLINTON AVE",80.00,N,N,A,-,N,,,,,,,,,,Y,2,0,1,2,A,-,03,22350,,N,C,C,A,A,H,-,C,A,0,,,Y,,Y,,C,02,1,0,0,0,0,0,0,0,1,"- ","- ",36.772300000000001,-119.7364,FRESNO,UNINCORPORATED,-119.73641121,36.772459580000003
90420105,2017,2017-03-24,9435,2017-03-04,1104,013112,,6,1,9,1000,0,3,5,,2,040,"PEACH AVE","FLORAL AVE",0.00,,Y,A,-,N,,,,,,,,,,Y,2,0,5,3,A,-,12,22450,A,N,D,C,A,A,H,-,A,A,0,,,,,Y,,A,01,1,1,3,0,0,0,0,0,0,"- ","- ",36.57687,-119.71854,FRESNO,UNINCORPORATED,-119.71852998,36.576400079999999
90426694,2017,2017-04-04,9435,2017-03-27,2010,018926,,1,2,9,1000,0,1,3,,1,183,SR-180,"ACADEMY AVE",0.00,,Y,B,-,Y,,,180,,,,,,,Y,2,0,1,1,A,-,08,22107,,N,E,I,A,A,H,-,C,A,0,,,Y,,Y,,C,02,1,0,0,0,0,0,0,0,1,"- ","- ",36.735810000000001,-119.55618,FRESNO,UNINCORPORATED,-119.55617956,36.735919490000001
90431746,2017,2017-04-11,9435,2017-04-03,1505,018914,,1,2,9,1000,0,3,5,,2,025,"AUBERRY ROAD","VENTANA AVENUE",1000.00,S,N,A,-,N,,,,,,,,,,Y,2,0,1,1,A,-,08,22107,,N,E,I,A,A,H,-,A,D,0,,,,,Y,,A,01,1,0,0,0,0,0,0,0,0,"- ","- ",36.965600000000002,-119.63339999999999,FRESNO,UNINCORPORATED,-119.63421034,36.965549690000003
90438453,2017,2017-04-20,9435,2017-04-07,0237,020064,,5,3,9,1000,0,1,3,,2,107,"SR-99 S/B","FLORAL AVENUE",3696.00,N,N,B,-,Y,,,99,,,,,,S,Y,2,0,1,2,A,-,01,23152,A,N,C,C,A,B,H,-,D,D,0,,,,Y,Y,Y,A,07,1,0,0,0,0,0,0,0,0,"- ","- ",36.586320000000001,-119.64057,FRESNO,UNINCORPORATED,-119.64053979000001,36.586352959999999
90440579,2017,2017-04-24,9435,2017-03-23,1325,013112,,4,1,9,1000,0,3,5,,2,040,"PEACH AVENUE","MANNING AVENUE",0.00,,Y,A,-,N,,,,,,,,,,Y,1,1,0,2,A,-,09,21802,A,N,D,C,A,A,H,-,A,A,0,,,,Y,Y,,A,01,0,0,0,0,0,0,0,0,0,"- ","- ",36.605620000000002,-119.71843,FRESNO,UNINCORPORATED,-119.71834987,36.605420019999997
90473447,2017,2018-01-10,9435,2017-05-22,0006,020680,,1,3,9,1000,0,3,5,,2,025,"FRIANT ROAD","LOST LAKE ROAD",4500.00,S,N,A,-,N,,,,,,,,,,Y,1,1,0,1,A,-,03,22350,,N,E,I,A,A,H,-,D,D,0,,,Y,,Y,,C,02,0,0,0,0,0,0,0,1,0,"- ","- ",36.963230000000003,-119.72859,FRESNO,UNINCORPORATED,-119.72862536,36.963670970000003
90481975,2017,2017-07-24,9495,2017-06-12,2500,019829,,1,4,9,1000,0,1,1,,2,003,"INTERSTATE 5 SOUTHBOUND","JAYNE AVENUE",5280.00,S,N,A,-,Y,,,5,,,,,,S,Y,1,1,0,1,A,-,08,22107,,N,E,I,A,A,H,-,A,D,0,,,,,Y,,A,01,0,0,0,0,0,0,0,0,0,"- ","- ",36.12473,-120.1473,FRESNO,UNINCORPORATED,-120.14724558,36.124779760000003
90519351,2017,2017-08-09,9435,2017-06-12,0850,014547,,1,1,9,1000,0,1,3,,1,183,SR-180,"FOWLER AVENUE",2112.00,W,N,B,-,Y,,,180,,,,,,,Y,1,1,0,2,A,-,08,22107,,N,A,C,A,A,H,-,A,D,0,,,,Y,Y,,A,07,0,0,0,0,0,0,0,0,0,"- ","- ",36.753630000000001,-119.68855000000001,FRESNO,UNINCORPORATED,-119.6885499,36.753628570000004
90524498,2017,2017-08-16,9435,2017-08-04,1135,020481,,5,1,9,1000,0,3,5,,2,040,"PLACER AVENUE","LINCOLN AVENUE",2640.00,N,N,A,-,N,,,,,,,,,,Y,2,0,2,1,A,-,08,22107,,N,E,I,A,A,H,-,A,D,0,,,,,Y,,A,01,1,0,1,0,0,0,0,0,0,"- ","- ",36.653190000000002,-120.1765,FRESNO,UNINCORPORATED,-120.17652179,36.653270390000003
90538995,2017,2017-09-01,9435,2017-08-18,1745,020273,,5,2,9,1000,0,3,5,,2,025,"MILLERTON RD","VIA MIRA BELLA",4060.00,E,N,A,-,N,,,,,,,,,,Y,2,0,1,2,A,-,06,21750,,N,B,C,A,A,H,-,A,D,0,,,Y,,Y,,C,02,1,0,0,0,0,0,0,0,1,"- ","- ",36.98603,-119.68467,FRESNO,UNINCORPORATED,-119.685148,36.986154339999999
90566604,2017,2017-10-10,9435,2017-09-29,2035,020871,,5,2,9,1000,0,3,5,,2,040,"NEBRASKA AVENUE","TEMPERANCE AVENUE",2156.00,E,N,A,-,N,,,,,,,,,,Y,2,0,1,1,A,-,08,22107,,N,F,A,A,A,H,-,D,D,0,,,,,Y,Y,A,07,1,0,0,0,0,0,0,0,0,"- ","- ",36.561480000000003,-119.65743000000001,FRESNO,UNINCORPORATED,-119.65735443,36.561511770000003
90569272,2017,2017-10-12,9435,2017-10-11,0750,015986,,3,1,7,1005,0,1,3,,1,180,"SR-180 W/B","H ST",150.00,W,N,A,-,Y,,,180,,,,,,W,Y,2,0,1,2,A,-,03,22350,,N,B,C,A,A,H,-,A,D,0,,,,,Y,,A,01,1,0,0,0,0,0,0,0,0,"- ","- ",36.744970000000002,-119.80744,FRESNO,FRESNO,-119.80745383,36.744996129999997
90588877,2017,2017-11-07,9435,2017-10-27,1900,019210,,5,2,9,1000,0,3,5,,2,034,"NEBRASKA AVE","ACADEMY AVE",0.00,,Y,A,-,N,,,,,,,,,,Y,2,0,1,2,A,-,09,21801,A,N,A,C,A,A,H,-,D,D,0,,,Y,,Y,,D,22,1,0,0,0,0,0,0,0,1,"- ","- ",36.561419999999998,-119.55662,FRESNO,UNINCORPORATED,-119.55652985,36.561380079999999
90594169,2017,2017-11-14,9435,2017-08-30,0544,019473,,3,3,9,1000,0,3,5,,2,010,"ASHLAN AVENUE","HOWARD AVENUE",0.00,,Y,A,-,N,,,,,,,,,,Y,1,1,1,2,A,-,09,21802,A,N,D,C,A,A,H,-,D,A,0,,,,,Y,,A,01,0,1,0,0,0,0,0,0,0,"- ","- ",36.793230000000001,-120.02454,FRESNO,UNINCORPORATED,-120.02451997999999,36.793240050000001
90615607,2017,2017-12-12,9435,2017-10-21,1609,016270,,6,2,9,1000,0,3,5,,2,060,"MANNING AVENUE","ANCHOR AVENUE",0.00,,Y,A,-,N,,,,,,,,,,Y,1,1,4,2,A,-,09,21801,A,N,A,C,A,A,H,-,A,D,0,,,,,Y,,D,22,1,3,0,0,0,0,0,0,0,"- ","- ",36.602930000000001,-119.32275,FRESNO,UNINCORPORATED,-119.3227699,36.60293008
90621217,2017,2017-12-22,9435,2017-12-13,1530,019962,,3,2,9,1000,0,3,5,,2,010,"BIOLA AVENUE","I AVENUE",20.00,N,N,A,-,N,,,,,,,,,,Y,2,0,1,1,A,-,01,23152,A,N,E,I,A,A,H,-,A,D,0,,,,,Y,Y,A,01,1,0,0,0,0,0,0,0,0,"- ","- ",36.79983,-120.01560000000001,FRESNO,UNINCORPORATED,-120.01650279,36.799832789999996
90632843,2017,2018-01-04,9435,2017-12-27,0650,017310,,3,1,9,1000,0,3,5,,2,015,"CHERRY AVE","ADAMS AVE",0.00,,Y,A,-,N,,,,,,,,,,Y,2,0,2,2,A,-,09,21802,A,N,D,C,A,A,H,-,A,A,0,,,,Y,Y,,A,01,1,1,0,0,0,0,0,0,0,"- ","- ",36.634270000000001,-119.78185999999999,FRESNO,UNINCORPORATED,-119.78180995,36.634290110000002
90645551,2018,2018-01-23,9435,2018-01-17,0230,017088,,3,3,9,1000,0,3,5,,2,060,"COVE AVE.","LINCOLN AVE",33.00,S,N,E,-,N,,,,,,,,,,Y,2,0,1,1,A,-,03,22350,,N,E,I,A,A,H,-,D,A,0,,,,,Y,,A,01,1,0,0,0,0,0,0,0,0,"- ","- ",36.646759033203125,-119.34928894042969,FRESNO,UNINCORPORATED,-119.3492431640625,36.646800994873047
90648928,2018,2018-01-26,9435,2018-01-04,1720,019473,,4,2,9,1000,0,3,5,,2,015,"SOUTH AVENUE","CHERRY AVENUE",0.00,,Y,A,-,N,,,,,,,,,,Y,1,1,1,2,A,-,09,21802,A,N,D,C,A,A,H,-,B,A,0,,,,,Y,,A,01,1,0,0,0,0,0,0,0,0,"- ","- ",36.619789123535156,-119.78189086914062,FRESNO,UNINCORPORATED,-119.78185272216797,36.619739532470703
90650817,2018,2018-08-02,9435,2018-01-09,2015,018926,,2,2,9,1000,0,3,5,,2,034,"CHESTNUT AVENUE SOUTHBOUND","ANNADALE AVENUE",747.00,S,N,B,-,N,,,,,,,,,,Y,1,1,0,1,A,-,03,22350,,N,E,I,A,B,H,-,C,D,0,,,,,Y,,A,01,0,0,0,0,0,0,0,0,0,"- ","- ",36.697811126708984,-119.73664855957031,FRESNO,UNINCORPORATED,-119.736572265625,36.697589874267578
90651108,2018,2018-01-30,9435,2018-01-21,1150,017310,,7,1,9,1000,0,1,3,,1,183,"SR-180 (KINGS CANYON ROAD)","THOMPSON AVE",0.00,,Y,A,-,Y,,,180,,,,,,,Y,2,0,1,2,A,-,09,21802,A,N,D,C,A,A,H,-,A,A,0,,,Y,,Y,,A,01,1,0,0,0,0,0,0,0,1,"- ","- ",36.73583984375,-119.61907196044922,FRESNO,UNINCORPORATED,-119.61907196044922,36.735801696777344
90723443,2018,2018-06-21,9435,2018-02-23,1102,018912,,5,1,9,1000,0,3,5,,2,040,"MOUNT WHITNEY AVENUE","MONROE AVENUE",1056.00,W,N,A,-,N,,,,,,,,,,Y,1,1,1,1,A,-,08,22107,,N,E,I,A,A,H,-,A,D,0,,,,,Y,,A,01,0,1,0,0,0,0,0,0,0,"- ","- ",36.430320739746094,-119.9520263671875,FRESNO,UNINCORPORATED,-119.95380401611328,36.43023681640625
90743828,2018,2018-06-08,9435,2018-05-26,1605,020854,,6,2,9,1000,0,3,5,,2,025,"CHESTNUT AVENUE","SHIELDS AVENUE",9.00,S,N,A,-,N,,,,,,,,,,Y,2,0,1,1,A,-,01,23152,F,N,E,I,A,A,H,-,A,D,0,,,,,Y,,A,01,1,0,0,0,0,0,0,0,0,"- ","- ",36.779361724853516,-119.73647308349609,FRESNO,UNINCORPORATED,-119.73638916015625,36.779537200927734
90762306,2018,2018-07-03,9435,2018-06-21,1720,018892,,4,2,9,1000,0,3,5,,2,034,"AMERICAN AVE","LOCAN AVE",1056.00,E,N,A,-,N,,,,,,,,,,Y,2,0,1,2,A,-,03,22350,,N,D,C,A,A,H,-,A,D,0,,,Y,,Y,,C,02,1,0,0,0,0,0,0,0,1,"- ","- ",36.663490295410156,-119.65149688720703,FRESNO,UNINCORPORATED,-119.65132141113281,36.663455963134766
90763894,2018,2018-07-06,9435,2018-06-28,1721,017088,,4,2,9,1000,0,3,5,,2,060,"ENGLEHART AVE","PARLIER AVE",0.00,,Y,A,-,N,,,,,,,,,,Y,2,0,3,2,A,-,09,21802,A,N,D,C,A,A,H,-,A,A,0,,,,,Y,,A,01,1,0,2,0,0,0,0,0,0,"- ","- ",36.611259460449219,-119.41304016113281,FRESNO,UNINCORPORATED,-119.41297912597656,36.611259460449219
90768820,2018,2018-07-13,9435,2018-06-30,0737,019548,,6,1,9,1000,0,3,5,,2,050,"MILLERTON ROAD","FERGUSON ROAD",530.00,W,N,A,-,N,,,,,,,,,,N,1,1,0,1,A,-,08,22107,,N,F,A,A,A,H,-,A,D,0,,Y,,,Y,,L,04,0,0,0,0,0,1,0,0,0,"- ","- ",36.969989776611328,-119.59838104248047,FRESNO,UNINCORPORATED,-119.59832000732422,36.969944000244141
90773218,2018,2018-07-20,9435,2018-07-14,0005,018944,,6,3,9,1000,0,3,5,,2,010,"SHIELDS AVE","POLK AVE",0.00,,Y,A,-,N,,,,,,,,,,Y,2,0,3,2,A,-,12,22450,A,N,D,C,A,A,H,-,D,A,0,,,,,Y,,A,01,1,1,1,0,0,0,0,0,0,"- ","- ",36.779041290283203,-119.88935089111328,FRESNO,UNINCORPORATED,-119.88932800292969,36.77899169921875
90781659,2018,2018-08-01,9435,2018-07-23,1400,020733,,1,2,7,1005,0,1,3,,2,105,"SR-99 N/B","TEILMAN AVENUE",282.00,N,N,A,-,Y,,,99,,,,,,N,Y,2,0,3,4,A,-,03,22350,,N,C,E,E,A,H,-,A,D,0,Y,,,,Y,Y,D,22,2,1,0,0,1,0,0,0,0,"- ","- ",36.746688842773438,-119.82185363769531,FRESNO,FRESNO,-119.82187652587891,36.746669769287109
90788198,2018,2018-08-10,9435,2018-08-07,1355,016507,,2,1,9,1000,0,3,5,,2,060,"ADAMS AVE","ANCHOR AVE",1584.00,W,N,A,-,N,,,,,,,,,,Y,2,0,2,2,A,-,08,22107,,N,A,C,A,A,H,-,A,D,0,,,,,Y,,A,01,2,0,0,0,0,0,0,0,0,"- ","- ",36.631938934326172,-119.32794952392578,FRESNO,UNINCORPORATED,-119.3280029296875,36.631938934326172
90793861,2018,2018-08-20,9435,2018-08-12,0900,016860,,7,1,9,1000,0,1,3,,1,169,SR-168,"TOLLHOUSE RD",2112.00,W,N,A,-,N,,,168,,,,,,,Y,2,0,1,1,A,-,08,22107,,N,F,A,A,A,H,-,A,D,0,,,Y,,Y,,C,02,1,0,0,0,0,0,0,0,1,"- ","- ",36.947948455810547,-119.50666809082031,FRESNO,UNINCORPORATED,-119.50664520263672,36.947967529296875
90808183,2018,2018-09-07,9435,2018-08-27,2045,020078,,1,2,9,1000,0,3,5,,2,015,"MARKS AVENUE","NORTH AVENUE",180.00,N,N,A,-,N,,,,,,,,,,N,2,0,1,2,A,-,08,22107,,F,A,G,A,A,H,-,D,D,0,,Y,,,Y,,-,99,1,0,0,0,0,0,1,0,0,"- ","- ",36.693370819091797,-119.84456634521484,FRESNO,UNINCORPORATED,-119.84452819824219,36.692592620849609
90812330,2018,2018-09-13,9435,2018-09-06,2207,019523,,4,3,9,1000,0,1,3,,1,412,"SR-41 S/B","ELKHORN AVENUE",2112.00,S,N,A,-,Y,,,41,,,,,,S,Y,2,0,1,2,A,-,01,23152,A,M,B,C,A,A,H,-,D,D,0,,,Y,Y,Y,Y,C,02,1,0,0,0,0,0,0,0,1,"- ","- ",36.483119964599609,-119.79199981689453,FRESNO,UNINCORPORATED,-119.79195404052734,36.483108520507812
90826362,2018,2018-10-02,9461,2018-09-27,0134,020385,,4,3,9,1000,0,1,1,,2,305,"I-5 N/B","SHIELDS AVE",9768.00,S,N,A,-,Y,,,5,,,,,,N,Y,2,0,2,1,A,-,08,22107,,N,F,A,A,A,H,-,D,D,0,,,,,Y,,D,22,1,0,1,0,0,0,0,0,0,"- ","- ",36.762100219726562,-120.71331024169922,FRESNO,UNINCORPORATED,-120.71316528320312,36.762199401855469
90872152,2018,2018-11-30,9435,2018-11-23,1219,018746,,5,1,9,1000,0,3,5,,2,025,"TRIMMER SPRINGS RD","PINE FLAT DR",10560.00,E,N,A,-,N,,,,,,,,,,N,2,0,1,1,C,-,18,,,N,H,J,A,A,H,-,A,D,0,,,Y,,Y,,-,"- ",1,0,0,0,0,0,0,0,1,"- ","- ",36.847820281982422,-119.36607360839844,FRESNO,UNINCORPORATED,-119.36570739746094,36.822738647460938
90886712,2018,2018-12-20,9435,2018-12-09,1820,020450,,7,2,9,1000,0,3,5,,2,034,"NORTH AVE","PEACH AVE",600.00,E,N,A,-,N,,,,,,,,,,Y,2,0,2,2,A,-,01,23152,A,N,H,H,A,A,H,-,D,D,0,,,,,Y,Y,M,95,1,0,1,0,0,0,0,0,0,"- ","- ",36.693038940429688,-119.71602630615234,FRESNO,UNINCORPORATED,-119.71613311767578,36.693027496337891
90887792,2018,2018-12-21,9435,2018-12-15,1100,015095,,6,1,9,1000,0,3,5,,2,010,"WEST AVENUE","SIERRA AVENUE",263.00,S,N,A,-,N,,,,,,,,,,N,2,0,1,1,A,-,03,22350,,N,F,A,A,A,D,-,A,D,0,,,Y,,Y,,C,02,1,0,0,0,0,0,0,0,1,"- ","- ",36.829158782958984,-119.82627105712891,FRESNO,UNINCORPORATED,-119.82646942138672,36.829246520996094
90905687,2019,2019-01-16,9495,2019-01-07,1900,021073,,1,2,9,1000,0,1,3,,1,013,"STATE ROUTE 145 (FRESNO-COALINGA ROAD)","BUTTE AVE.",179.00,N,N,A,-,Y,,,145,,,,,,,N,2,0,1,2,A,-,08,22107,,N,E,I,F,A,H,-,D,D,0,Y,,,,Y,,D,22,1,0,0,0,1,0,0,0,0,"- ","- ",36.386550903320312,-120.15640258789062,FRESNO,UNINCORPORATED,-120.15635681152344,36.386493682861328
90933932,2019,2019-02-26,9435,2019-02-16,2252,020586,,6,3,9,1000,0,3,5,,2,030,"BELMONT AVE","DE WOLF AVE",1056.00,E,N,A,-,N,,,,,,,,,,Y,2,0,1,2,A,-,01,23152,F,N,C,E,A,A,H,-,D,D,0,,,,Y,Y,,A,01,1,0,0,0,0,0,0,0,0,"- ","- ",36.750289916992188,-119.64306640625,FRESNO,UNINCORPORATED,-119.64231109619141,36.750228881835938
90940878,2019,2019-03-07,9435,2019-03-03,0630,020837,,7,1,9,1000,0,3,5,,2,025,"AUBERRY ROAD","KINGS COURT",112.00,N,N,B,-,N,,,,,,,,,,Y,2,0,2,1,A,-,01,23152,A,N,E,I,A,A,H,-,B,D,0,,,,,Y,Y,A,01,1,1,0,0,0,0,0,0,0,"- ","- ",36.915229797363281,-119.71576690673828,FRESNO,UNINCORPORATED,-119.71581268310547,36.914951324462891
90977486,2019,2019-04-29,9435,2019-04-18,1645,020837,,4,2,9,1000,0,3,5,,2,015,"DICKENSON AVENUE","KEARNEY BOULEVARD",0.00,,Y,A,-,N,,,,,,,,,,Y,2,0,3,2,A,-,09,21802,A,N,D,C,A,A,H,-,A,A,0,,,,Y,Y,,A,01,1,0,2,0,0,0,0,0,0,"- ","- ",36.727741241455078,-119.96996307373047,FRESNO,UNINCORPORATED,-119.96996307373047,36.727699279785156