CASE_ID,ACCIDENT_YEAR,PROC_DATE,JURIS,COLLISION_DATE,COLLISION_TIME,OFFICER_ID,REPORTING_DISTRICT,DAY_OF_WEEK,CHP_SHIFT,POPULATION,CNTY_CITY_LOC,SPECIAL_COND,BEAT_TYPE,CHP_BEAT_TYPE,CITY_DIVISION_LAPD,CHP_BEAT_CLASS,BEAT_NUMBER,PRIMARY_RD,SECONDARY_RD,DISTANCE,DIRECTION,INTERSECTION,WEATHER_1,WEATHER_2,STATE_HWY_IND,CALTRANS_COUNTY,CALTRANS_DISTRICT,STATE_ROUTE,ROUTE_SUFFIX,POSTMILE_PREFIX,POSTMILE,LOCATION_TYPE,RAMP_INTERSECTION,SIDE_OF_HWY,TOW_AWAY,COLLISION_SEVERITY,NUMBER_KILLED,NUMBER_INJURED,PARTY_COUNT,PRIMARY_COLL_FACTOR,PCF_CODE_OF_VIOL,PCF_VIOL_CATEGORY,PCF_VIOLATION,PCF_VIOL_SUBSECTION,HIT_AND_RUN,TYPE_OF_COLLISION,MVIW,PED_ACTION,ROAD_SURFACE,ROAD_COND_1,ROAD_COND_2,LIGHTING,CONTROL_DEVICE,CHP_ROAD_TYPE,PEDESTRIAN_ACCIDENT,BICYCLE_ACCIDENT,MOTORCYCLE_ACCIDENT,TRUCK_ACCIDENT,NOT_PRIVATE_PROPERTY,ALCOHOL_INVOLVED,STWD_VEHTYPE_AT_FAULT,CHP_VEHTYPE_AT_FAULT,COUNT_SEVERE_INJ,COUNT_VISIBLE_INJ,COUNT_COMPLAINT_PAIN,COUNT_PED_KILLED,COUNT_PED_INJURED,COUNT_BICYCLIST_KILLED,COUNT_BICYCLIST_INJURED,COUNT_MC_KILLED,COUNT_MC_INJURED,PRIMARY_RAMP,SECONDARY_RAMP,LATITUDE,LONGITUDE,COUNTY,CITY,POINT_X,POINT_Y
91022418,2019,2019-07-01,9435,2019-06-23,1640,020871,,7,2,9,1000,0,3,5,,2,034,"ACADEMY AVENUE","ADAMS AVENUE",0.00,,Y,A,-,N,,,,,,,,,,Y,2,0,5,2,A,-,01,23152,A,N,D,C,A,A,H,-,A,A,0,,,,,Y,Y,D,22,1,2,2,0,0,0,0,0,0,"- ","- ",36.634109497070312,-119.55677032470703,FRESNO,UNINCORPORATED,-119.55674743652344,36.634128570556641
91024195,2019,2019-07-03,9495,2019-06-06,0124,021270,,4,3,9,1000,0,1,1,,2,002,"INTERSTATE 5 SOUTHBOUND","STATE ROUTE 145",5808.00,N,N,A,-,Y,,,5,,,,,,S,Y,1,1,1,1,A,-,08,22107,,N,E,I,A,A,H,-,D,D,0,,,,,Y,,A,01,1,0,0,0,0,0,0,0,0,"- ","- ",36.307270050048828,-120.28066253662109,FRESNO,UNINCORPORATED,-120.28057098388672,36.307353973388672
91034106,2019,2019-07-19,9435,2019-07-13,0420,016270,,6,3,9,1000,0,3,5,,2,060,"MANNING AVE","MONSON AVENUE",0.00,,Y,A,-,N,,,,,,,,,,Y,2,0,2,2,A,-,01,23152,A,N,D,C,A,A,H,-,D,A,0,,,,,Y,Y,A,01,2,0,0,0,0,0,0,0,0,"- ","- ",36.602981567382812,-119.33171844482422,FRESNO,UNINCORPORATED,-119.33171081542969,36.603019714355469
91049927,2019,2019-08-12,9435,2019-08-03,1920,020540,,6,2,9,1000,0,1,3,,1,169,SR-168,"CRESSMAN RD",2640.00,E,N,A,-,Y,,,168,,,,,,,Y,2,0,1,1,A,-,01,23152,A,N,E,I,A,A,H,-,A,D,0,,,Y,,Y,Y,C,02,1,0,0,0,0,0,0,0,1,"- ","- ",37.068088531494141,-119.35637664794922,FRESNO,UNINCORPORATED,-119.35642242431641,37.068115234375
91062456,2019,2019-08-29,9435,2019-08-21,1505,020387,,3,2,9,1000,0,3,5,,2,034,"AMERICAN AVE.","MINNEWAWA AVE.",0.00,,Y,A,-,N,,,,,,,,,,Y,2,0,2,2,A,-,03,22350,,N,C,C,A,A,H,-,A,D,0,,,,,Y,,A,07,1,1,0,0,0,0,0,0,0,"- ","- ",36.663600921630859,-119.70890045166016,FRESNO,UNINCORPORATED,-119.70884704589844,36.663581848144531
91085849,2019,2019-09-27,9435,2019-09-17,1930,020871,,2,2,9,1000,0,3,5,,2,010,"HUMBOLDT AVENUE","CLINTON AVENUE",650.00,S,N,A,-,N,,,,,,,,,,N,2,0,1,2,A,-,01,23152,A,N,F,A,A,A,H,-,D,D,0,,,Y,,Y,Y,C,02,1,0,0,0,0,0,0,0,1,"- ","- ",36.769500732421875,-120.12345123291016,FRESNO,UNINCORPORATED,-120.1234130859375,36.769454956054688
91102031,2019,2019-10-21,9435,2019-10-12,0040,018944,,6,3,7,1005,0,1,3,,1,168,"SR-168 E/B TO SHIELD AVE.","SHIELDS AVE.",739.00,W,N,A,-,Y,,,168,,,,R,,E,Y,2,0,1,1,A,-,01,23152,A,N,F,A,A,A,H,-,D,D,0,,,,,Y,Y,A,07,1,0,0,0,0,0,0,0,0,"- ","- ",36.777000427246094,-119.74887084960938,FRESNO,FRESNO,-119.74887084960938,36.777000427246094
91107928,2019,2019-10-28,9435,2019-10-20,1330,016507,,7,1,9,1000,0,1,3,,2,184,"STATE ROUTE 180 (KINGS CANYON ROAD)","STATE ROUTE 63 (HILLS VALLEY ROAD)",5808.00,W,N,A,-,Y,,,180,,,,,,,Y,2,0,1,1,A,-,08,22107,,N,E,I,A,A,H,-,A,D,0,,,Y,,Y,,C,02,1,0,0,0,0,0,0,0,1,"- ","- ",36.723960876464844,-119.30187225341797,FRESNO,UNINCORPORATED,-119.30187225341797,36.723888397216797
91111735,2019,2019-11-01,9435,2019-10-25,1400,020540,,5,2,9,1000,0,3,5,,2,060,"PORTER AVENUE","SPRINGFIELD AVENUE",309.00,S,N,A,-,N,,,,,,,,,,Y,2,0,1,1,A,-,08,22107,,N,E,I,A,A,H,-,A,D,0,,,,,Y,,A,01,1,0,0,0,0,0,0,0,0,"- ","- ",36.59552001953125,-119.367919921875,FRESNO,UNINCORPORATED,-119.36785125732422,36.595451354980469
91214113,2020,2020-03-23,9435,2020-03-12,0848,015095,,4,1,9,1000,0,3,5,,2,010,"ASHLAN AVENUE","MAROA AVENUE",0.00,,Y,A,-,N,,,,,,,,,,Y,2,0,2,3,A,-,09,21801,A,N,D,C,A,A,H,-,A,A,0,,,Y,,Y,,A,01,1,1,0,0,0,0,0,0,1,"- ","- ",36.794010162353516,-119.79959106445312,FRESNO,UNINCORPORATED,-119.799560546875,36.793998718261719
91228976,2020,2020-04-23,9435,2020-04-14,1805,017310,,2,2,9,1000,0,3,5,,2,034,"KAVILAND AVENUE","CEDAR AVENUE",30.00,W,N,A,-,N,,,,,,,,,,N,2,0,1,2,A,-,08,22107,,F,H,G,A,A,H,-,A,D,0,,Y,,,Y,,-,99,1,0,0,0,0,0,1,0,0,"- ","- ",36.708988189697266,-119.75483703613281,FRESNO,UNINCORPORATED,-119.75481414794922,36.708961486816406
91261118,2020,2020-06-30,9435,2020-06-20,1648,020095,,6,2,9,1000,0,3,5,,2,050,SR-168,"MILLERTON RD",410.00,E,N,A,-,Y,,,168,,,,,,,Y,2,0,1,2,C,-,18,,,N,B,C,A,A,H,-,A,D,0,,,Y,,Y,,-,"- ",1,0,0,0,0,0,0,0,1,"- ","- ",36.970058441162109,-119.52867126464844,FRESNO,UNINCORPORATED,-119.52869415283203,36.970066070556641
91263225,2020,2020-07-03,9435,2020-06-01,1125,019548,,1,1,9,1000,0,3,5,,2,050,"MCKINLEY GROVE ROAD","ROSS CROSSING ROAD",10560.00,W,N,A,-,N,,,,,,,,,,Y,2,0,1,1,A,-,03,22350,,N,E,I,A,A,H,-,A,D,0,,,Y,,Y,,C,02,1,0,0,0,0,0,0,0,1,"- ","- ",37.011100769042969,-119.10057067871094,FRESNO,UNINCORPORATED,-119.0999755859375,37.010700225830078
91268379,2020,2020-07-14,9435,2020-07-07,0540,020297,,2,3,7,1005,0,1,3,,2,105,"STATE ROUTE 99 NORTHBOUND TO SHAW AVE.","SHAW AVENUE",500.00,N,N,A,-,Y,,,99,,,,R,,N,Y,2,0,1,1,A,-,03,22350,,N,F,A,A,A,H,-,A,D,0,,,,Y,Y,,F,27,1,0,0,0,0,0,0,0,0,"- ","- ",36.809471130371094,-119.88796234130859,FRESNO,FRESNO,-119.88796234130859,36.809471130371094
91275879,2020,2020-07-28,9435,2020-07-21,0820,018914,,2,1,7,1005,0,1,3,,2,105,"SR-99 S/B TO GOLDENSTATE BLVD.","SANTA CLARA STREET",200.00,S,N,A,-,Y,,,99,,,,R,,S,Y,2,0,1,2,A,-,07,21658,A,N,B,G,A,A,H,-,A,D,0,,Y,,,Y,,L,04,1,0,0,0,0,0,1,0,0,"- ","- ",36.723701477050781,-119.79080200195312,FRESNO,FRESNO,-119.79080200195312,36.723701477050781
91276702,2020,2020-07-29,9435,2020-02-13,0332,018944,,4,3,7,1005,0,1,3,,2,106,"STATE ROUTE 99 NORTHBOUND","JENSEN AVENUE",1584.00,N,N,A,-,Y,,,99,,,,,,N,Y,1,1,0,2,A,-,11,21954,A,N,G,B,E,A,H,-,D,D,0,Y,,,Y,Y,,N,60,0,0,0,1,0,0,0,0,0,"- ","- ",36.710140228271484,-119.77706909179688,FRESNO,FRESNO,-119.777099609375,36.710109710693359
91307274,2020,2020-09-18,9435,2020-05-29,2015,020824,,5,2,9,1000,0,3,5,,2,030,"ZEDIKER AVENUE","OLIVE AVENUE",336.00,N,N,B,-,N,,,,,,,,,,Y,1,1,0,1,A,-,08,22107,,N,E,I,A,A,H,-,B,D,0,,,Y,,Y,,C,06,0,0,0,0,0,0,0,1,0,"- ","- ",36.758209228515625,-119.51992034912109,FRESNO,UNINCORPORATED,-119.51983642578125,36.758163452148438
91308340,2020,2020-09-21,9495,2020-09-12,1545,021300,,6,2,9,1000,0,1,3,,1,009,"STATE ROUTE 198 (WARTHAN CANYON)","PARKFIELD GRADE",4224.00,W,N,A,-,Y,,,198,,,,,,,Y,2,0,1,1,A,-,08,22107,,N,E,I,A,A,H,-,A,D,0,,,,,Y,Y,A,01,1,0,0,0,0,0,0,0,0,"- ","- ",36.087978363037109,-120.49266052246094,FRESNO,UNINCORPORATED,-120.49269104003906,36.087890625
91316101,2020,2020-10-01,9435,2020-07-11,0811,019548,,6,1,9,1000,0,1,3,,1,169,"STATE ROUTE 168","BIG DRY CREEK",4.00,S,N,A,-,Y,,,168,,,,,,,Y,1,1,0,1,A,-,03,22350,,N,E,I,A,A,H,-,A,D,0,,,Y,,Y,,C,02,0,0,0,0,0,0,0,1,0,"- ","- ",36.939678192138672,-119.50527191162109,FRESNO,UNINCORPORATED,-119.50514984130859,36.939762115478516
91316951,2020,2020-10-05,9435,2020-09-23,0654,014547,,3,1,9,1000,0,3,5,,2,025,"FRAINT ROAD","NORTH FORK ROAD",45.00,S,N,F,-,N,,,,,,,,,,Y,2,0,2,2,A,-,03,22350,,N,C,C,A,A,H,-,A,A,0,,,,Y,Y,,A,01,1,0,1,0,0,0,0,0,0,"- ","- ",36.990070343017578,-119.71144866943359,FRESNO,UNINCORPORATED,-119.7115478515625,36.990200042724609
91354972,2020,2021-03-25,9435,2020-07-16,1305,018914,,4,1,7,1005,0,1,3,,2,410,"STATE ROUTE 41 (SOUTHBOUND)","M STREET",528.00,N,N,A,-,Y,,,41,,,,,,,Y,1,1,3,2,A,-,07,21658,A,N,B,C,A,A,H,-,A,D,0,,,,,Y,,A,01,1,2,0,0,0,0,0,0,0,"- ","- ",36.731498718261719,-119.77970123291016,FRESNO,FRESNO,-119.77964782714844,36.731437683105469
91355823,2020,2020-11-30,9435,2020-11-08,1950,021230,,7,2,9,1000,0,3,5,,2,015,"JAMES ROAD","DENVER AVENUE",792.00,S,N,A,-,N,,,,,,,,,,Y,1,1,2,2,A,-,08,22107,,N,A,C,A,A,H,-,D,D,0,,,,,Y,,A,01,0,2,0,0,0,0,0,0,0,"- ","- ",36.661609649658203,-120.24057006835938,FRESNO,UNINCORPORATED,-120.24032592773438,36.661914825439453
91359800,2020,2020-12-07,9435,2020-08-31,0629,020019,,1,1,9,1000,0,3,5,,2,020,"KAMM AVENUE","JAMESON AVENUE",0.00,,Y,A,-,N,,,,,,,,,,Y,1,2,0,2,A,-,12,22450,A,N,D,C,A,A,H,-,A,A,0,,,,Y,Y,,D,22,0,0,0,0,0,0,0,0,0,"- ","- ",36.532051086425781,-119.98959350585938,FRESNO,UNINCORPORATED,-119.98960876464844,36.532051086425781
91373058,2020,2020-12-22,9435,2020-12-15,1510,020871,,2,2,9,1000,0,1,3,,2,106,"STATE ROUTE 99 SOUTHBOUND","MERCED STREET",4224.00,S,N,A,-,Y,,,99,,,,,,S,Y,2,0,1,1,A,-,08,22107,,F,E,J,A,A,H,-,A,D,0,,,Y,,Y,,C,02,1,0,0,0,0,0,0,0,1,"- ","- ",36.617389678955078,-119.67440795898438,FRESNO,UNINCORPORATED,-119.67443084716797,36.617366790771484
91392785,2020,2021-01-22,9435,2020-11-07,2002,020078,,6,2,9,1000,0,1,3,,1,411,"STATE ROUTE 41 NORTHBOUND","ADAMS AVENUE",0.00,,Y,A,-,Y,,,41,,,,,,N,Y,1,1,3,3,A,-,09,21453,C,N,A,C,A,A,H,-,C,A,0,,,,,Y,,A,01,1,0,2,0,0,0,0,0,0,"- ","- ",36.634239196777344,-119.78581237792969,FRESNO,UNINCORPORATED,-119.78587341308594,36.634330749511719
91424299,2021,2021-03-10,9435,2021-02-27,1208,018746,,6,1,9,1000,0,3,5,,2,025,"WATTS VALLEY RD","RIVERBEND AVENUE",26400.00,N,N,A,-,N,,,,,,,,,,N,2,0,1,1,A,-,08,22107,,N,E,I,A,A,H,-,A,D,0,,,Y,,Y,,C,02,1,0,0,0,0,0,0,0,1,"- ","- ",36.854721069335938,-119.46736907958984,FRESNO,UNINCORPORATED,,
91447335,2021,2021-04-09,9435,2021-02-24,0940,014547,,3,1,9,1000,0,3,5,,2,025,"TRIMMER SPRINGS ROAD","BURMA ROAD",3696.00,W,N,A,-,N,,,,,,,,,,Y,2,0,4,2,A,-,05,21650,,N,A,C,A,A,H,-,A,D,0,,,,Y,Y,,F,26,1,0,3,0,0,0,0,0,0,"- ","- ",36.873771667480469,-119.33689117431641,FRESNO,UNINCORPORATED,-119.32672882080078,36.869979858398438
91467905,2020,2021-05-14,9435,2020-05-10,1317,020871,,7,1,9,1000,0,1,3,,2,107,"STATE ROUTE 99 NORTHBOUND","MOUNTAIN VIEW AVENUE",2556.00,S,N,A,-,Y,,,99,,,,,,N,Y,1,1,13,6,A,-,03,22350,,N,C,C,A,A,D,-,A,D,0,,,,Y,Y,,G,25,5,4,4,0,0,0,0,0,0,"- ","- ",36.542350769042969,-119.59059906005859,FRESNO,UNINCORPORATED,-119.590576171875,36.542381286621094
91479079,2021,2021-05-27,9435,2021-05-14,1151,020019,,5,1,9,1000,0,3,5,,2,030,"CLINTON AVENUE","MILLBROOK AVENUE",0.00,,Y,A,-,N,,,,,,,,,,Y,2,0,3,2,A,-,12,21453,A,N,D,C,A,A,H,-,A,A,0,,,,,Y,,A,01,1,1,1,0,0,0,0,0,0,"- ","- ",36.772380828857422,-119.76302337646484,FRESNO,UNINCORPORATED,-119.76296997070312,36.772300720214844
91508245,2021,2021-12-02,9435,2021-06-16,2028,015751,,3,2,9,1000,0,3,5,,2,015,"HAYES AVE","KEARNEY BLVD",0.00,,Y,A,-,N,,,,,,,,,,N,1,1,1,2,A,-,09,21802,B,N,D,C,A,A,H,-,D,A,0,,,,,Y,,A,01,0,1,0,0,0,0,0,0,0,"- ","- ",36.728160858154297,-119.89877319335938,FRESNO,UNINCORPORATED,-119.89875793457031,36.728126525878906
91521479,2021,2021-07-15,9435,2021-07-06,0647,020095,,2,1,9,1000,0,3,5,,2,025,"SHEPHERD AVE","SUNNYSIDE AVE",850.00,W,N,A,-,N,,,,,,,,,,Y,2,0,1,1,A,-,08,22107,,N,E,I,A,A,H,-,A,A,0,,,Y,,Y,,C,02,1,0,0,0,0,0,0,0,1,"- ","- ",36.866500854492188,-119.68991851806641,FRESNO,UNINCORPORATED,-119.6959228515625,36.866622924804688
91529665,2021,2021-07-27,9435,2021-07-20,1150,017310,,2,1,9,1000,0,1,3,,2,410,"DEWOLF AVENUE","HERNDON AVENUE",0.00,,Y,A,-,N,,,,,,,,,,N,2,0,3,2,A,-,09,21802,A,N,D,C,A,A,H,-,A,A,0,,,,,Y,,A,01,3,0,0,0,0,0,0,0,0,"- ","- ",36.837390899658203,-119.64598846435547,FRESNO,UNINCORPORATED,-119.64804840087891,36.837413787841797
91531948,2021,2021-07-29,9435,2021-07-18,1016,017310,,7,1,7,1005,0,1,3,,2,410,"STATE ROUTE 41 SOUTHBOUND","TULARE ST",50.00,S,N,A,-,Y,,,41,,,,,,S,N,2,0,2,3,A,-,03,22350,,N,C,C,A,A,H,-,A,D,0,,,,,Y,,A,01,1,0,1,0,0,0,0,0,0,"- ","- ",36.742561340332031,-119.77754211425781,FRESNO,FRESNO,-119.77753448486328,36.742557525634766
91574691,2021,2021-09-20,9435,2021-08-01,0002,021178,,7,3,9,1000,0,1,3,,2,106,"STATE ROUTE 99 (NORTHBOUND)","CENTRAL AVENUE",500.00,N,N,A,-,Y,,,99,,,,,,,Y,1,1,2,2,A,-,03,22350,,N,C,2,A,A,H,-,D,D,0,,,,,Y,,A,01,0,0,2,0,0,0,0,0,0,"- ","- ",36.679080963134766,-119.74257659912109,FRESNO,UNINCORPORATED,-119.74259185791016,36.679061889648438
91582440,2021,2021-09-29,9435,2021-04-25,0803,020019,,7,1,9,1000,0,1,3,,2,107,"STATE ROUTE 99 (NORTHBOUND)","MANNING AVENUE",528.00,S,N,B,-,Y,,,99,,,,,,,Y,1,1,1,1,A,-,08,22107,,N,E,I,A,A,H,-,A,D,0,,,,,Y,,A,07,1,0,0,0,0,0,0,0,0,"- ","- ",36.604408264160156,-119.65986633300781,FRESNO,UNINCORPORATED,-119.65989685058594,36.604377746582031
91601594,2021,2021-10-20,9435,2021-10-08,0700,014363,,5,1,9,1000,0,1,3,,1,146,"FOWLER AVENUE","HARLAN AVENUE",0.00,,Y,B,C,N,,,,,,,,,,Y,2,0,2,2,A,-,03,22350,,N,C,C,A,B,H,-,A,D,0,,,,,Y,,D,22,1,1,0,0,0,0,0,0,0,"- ","- ",36.445461273193359,-119.69071960449219,FRESNO,UNINCORPORATED,-119.69065093994141,36.445346832275391
91621679,2020,2021-11-10,9435,2020-06-09,1822,016911,,2,2,9,1000,0,3,5,,2,025,"MILLERTON ROAD","FRIANT DAM ROAD",268.00,E,N,A,-,N,,,,,,,,,,Y,2,0,2,3,A,-,08,22107,,N,A,G,A,A,H,-,A,D,0,,Y,,,Y,,A,01,2,0,0,0,0,0,2,0,0,"- ","- ",36.993171691894531,-119.70863342285156,FRESNO,UNINCORPORATED,,
91697220,2022,2022-02-09,9435,2022-02-06,1740,020095,,7,2,9,1000,0,1,3,,2,184,"SR-180 E/B","ALTA AVE",655.00,W,N,A,-,Y,FRE,,180,,,80.945,H,,R,Y,2,0,1,1,A,-,08,22107,,N,F,8,A,A,H,-,A,D,0,,,,,Y,,A,07,1,0,0,0,0,0,0,0,0,"- ","- ",36.7198486328125,-119.39676666259766,FRESNO,UNINCORPORATED,-119.39676666259766,36.719917297363281
91700024,2021,2022-02-14,9435,2021-10-24,0350,018944,,7,3,7,1005,0,1,3,,2,105,"STATE ROUTE 99 SOUTHBOUND","STATE ROUTE 99 N/B TO STATE ROUTE 180 W/B",191.00,N,N,A,-,Y,,,99,,,,,,S,Y,1,1,0,1,A,-,08,22107,,N,F,A,A,A,H,-,D,D,0,,,,,Y,,A,01,0,0,0,0,0,0,0,0,0,"- ","- ",36.741718292236328,-119.81722259521484,FRESNO,FRESNO,-119.81719207763672,36.741767883300781
91706247,2022,2022-02-22,9435,2022-02-16,1230,015890,,3,1,9,1000,0,3,5,,2,015,"CENTRAL AVE","DICKENSON AVE",4795.00,W,N,A,-,N,,,,,,,,,,Y,2,0,1,1,A,-,08,22107,,N,F,A,A,A,H,-,A,D,0,,,,,Y,,A,01,1,0,0,0,0,0,0,0,0,"- ","- ",36.67694091796875,-119.98680877685547,FRESNO,UNINCORPORATED,-119.98667907714844,36.676883697509766
91713061,2021,2022-03-02,9435,2021-10-07,2500,019113,,4,4,9,1000,0,3,5,,2,015,"ELM AVENUE","MANNING AVENUE",980.00,N,N,A,-,N,,,,,,,,,,N,1,1,0,1,A,-,01,23152,F,N,E,I,A,A,H,-,D,D,0,,,,,Y,,A,07,0,0,0,0,0,0,0,0,0,"- ","- ",36.608100891113281,-119.79103088378906,FRESNO,UNINCORPORATED,-119.79087066650391,36.607959747314453
91745931,2022,2022-04-12,9435,2022-04-01,0325,018944,,5,3,7,1005,0,1,3,,2,105,"STATE ROUTE 99 NORTHBOUND","ASHLAN AVENUE",685.00,S,N,A,-,Y,FRE,,99,,R,26.090,H,,R,Y,2,0,1,1,A,-,01,23152,A,N,E,J,A,A,H,-,C,D,0,,,,,Y,Y,A,01,1,0,0,0,0,0,0,0,0,"- ","- ",36.790279388427734,-119.85851287841797,FRESNO,FRESNO,-119.85855102539062,36.790233612060547
91774391,2022,2022-09-09,9435,2022-05-07,1855,018914,,6,2,9,1000,0,3,5,,2,034,"ASHLAN AVENUE","INDIANOLA AVENUE",0.00,,Y,A,-,N,,,,,,,,,,Y,2,0,3,2,A,-,09,21804,A,N,D,C,A,A,H,-,A,D,0,,,,,Y,,A,01,1,1,1,0,0,0,0,0,0,"- ","- ",36.793739318847656,-119.5830078125,FRESNO,UNINCORPORATED,-119.58299255371094,36.793727874755859
91775412,2021,2022-05-18,9435,2021-11-22,1953,020942,,1,2,9,1000,0,3,5,,2,010,"OLIVE AVENUE","LAFAYETTE AVENUE",0.00,,Y,A,-,N,,,,,,,,,,N,2,0,1,2,A,-,11,21954,A,F,G,B,D,A,H,-,C,D,0,Y,,,,Y,,N,60,1,0,0,0,1,0,0,0,0,"- ","- ",36.757438659667969,-119.83769989013672,FRESNO,UNINCORPORATED,-119.83775329589844,36.757438659667969
91785158,2022,2022-05-31,9435,2022-05-18,2317,021544,,3,3,9,1000,0,1,3,,1,168,"SR-168 W/B TO BULLARD AVENUE","BULLARD AVE",200.00,N,N,A,-,Y,,,,,,,,,,Y,2,0,1,1,A,-,01,23152,A,N,E,I,A,A,H,-,C,D,0,,,,,Y,Y,A,01,1,0,0,0,0,0,0,0,0,"- ","- ",36.823699951171875,-119.71862030029297,FRESNO,UNINCORPORATED,-119.71717834472656,36.823249816894531
91810615,2022,2022-07-05,9461,2022-07-04,1155,017329,,1,1,9,1000,0,3,5,,2,060,"ORMSBY ST","OXALIS AVE",22.00,S,N,A,-,N,,,,,,,,,,Y,2,0,2,1,A,-,03,22350,,N,E,I,A,A,H,-,A,A,0,,,,,Y,,A,01,1,1,0,0,0,0,0,0,0,"- ","- ",36.927330017089844,-120.48867034912109,FRESNO,UNINCORPORATED,-120.48877716064453,36.927425384521484
91840600,2022,2022-08-15,9435,2022-08-07,0132,021589,,7,3,9,1000,0,1,3,,2,410,"STATE ROUTE 41 SOUTHBOUND","BARSTOW AVENUE",792.00,N,N,A,-,Y,FRE,,41,,R,29.127,H,,L,Y,2,0,1,1,A,-,08,22107,,N,E,I,A,A,H,-,D,D,0,,,,,Y,,A,01,1,0,0,0,0,0,0,0,0,"- ","- ",36.818111419677734,-119.78574371337891,FRESNO,UNINCORPORATED,-119.78556823730469,36.818111419677734
91875683,2022,2022-09-28,9435,2022-09-22,1640,020942,,4,2,9,1000,0,1,3,,1,412,"STATE ROUTE 41, SOUTHBOUND","FLORAL AVENUE",0.00,,Y,A,-,Y,FRE,,41,,R,12.101,H,,L,Y,2,0,2,2,A,-,09,21802,A,N,D,C,A,A,H,-,A,A,0,,,,,Y,,A,01,1,0,1,0,0,0,0,0,0,"- ","- ",36.576290130615234,-119.78623962402344,FRESNO,UNINCORPORATED,-119.78626251220703,36.576290130615234
91881616,2022,2022-10-04,9435,2022-09-29,0240,018944,,4,3,7,1005,0,1,3,,2,181,"SR41 SB TO SR 180 WB","STATE ROUTE 41 SOUTHBOUND",686.00,W,N,A,-,Y,FRE,,180,,R,58.540,H,,L,Y,2,0,1,1,A,-,03,22350,,N,E,I,A,A,H,-,D,D,0,,,,,Y,,A,01,1,0,0,0,0,0,0,0,0,"- ","- ",36.754058837890625,-119.77850341796875,FRESNO,FRESNO,-119.77852630615234,36.754188537597656
91884968,2022,2022-10-07,9435,2022-09-30,1350,017310,,5,1,7,1005,0,3,5,,2,010,"DEL MAR AVENUE","SHAW AVE",0.00,,Y,A,-,N,,,,,,,,,,N,2,0,2,2,A,-,09,21802,A,N,D,C,A,A,H,-,A,A,0,,,,,Y,,A,07,2,0,0,0,0,0,0,0,0,"- ","- ",36.80841064453125,-119.79498291015625,FRESNO,FRESNO,-119.79495239257812,36.808586120605469
91885377,2022,2022-10-07,9435,2022-10-01,0955,020062,,6,1,7,1005,0,1,3,,2,106,"SR99 NORTHBOUND","JENSEN AVENUE",2112.00,S,N,A,-,Y,FRE,,99,,,18.115,H,,R,Y,2,0,1,1,A,-,08,22107,,N,E,8,A,A,H,-,A,D,0,,,,,Y,,A,01,1,0,0,0,0,0,0,0,0,"- ","- ",36.701789855957031,-119.76882171630859,FRESNO,FRESNO,-119.76889801025391,36.701740264892578
91898512,2022,2022-10-25,9435,2022-10-18,1930,020942,,2,2,9,1000,0,3,5,,2,015,"PLACER AVENUE","LINCOLN AVENUE",20.00,S,N,A,-,N,,,,,,,,,,Y,2,0,4,1,A,-,01,23152,A,N,E,I,A,A,H,-,D,D,0,,,,,Y,Y,A,01,2,0,2,0,0,0,0,0,0,"- ","- ",36.646900177001953,-120.17890930175781,FRESNO,UNINCORPORATED,-120.17940521240234,36.647052764892578
91904161,2022,2022-10-28,9435,2022-10-26,0225,021165,,3,3,9,1000,0,3,5,,2,040,"KEARNEY BOULEVARD","MONROE AVENUE",588.00,W,N,A,-,N,,,,,,,,,,N,2,0,1,1,A,-,08,22107,,N,E,I,A,A,H,-,D,D,0,,,,,Y,,A,01,1,0,0,0,0,0,0,0,0,"- ","- ",36.727821350097656,-119.9453125,FRESNO,UNINCORPORATED,-119.94526672363281,36.727886199951172
91953482,2022,2022-12-27,9435,2022-12-11,0755,018746,,7,1,9,1000,0,3,5,,2,025,"MILLERTON ROAD","NORTH FORK ROAD",1490.00,N,N,C,-,N,,,,,,,,,,Y,2,0,3,2,A,-,03,22350,,N,A,C,A,B,H,-,A,D,0,,,,,Y,,A,01,3,0,0,0,0,0,0,0,0,"- ","- ",36.993278503417969,-119.70819854736328,FRESNO,UNINCORPORATED,,
91972282,2022,2023-01-19,9435,2022-12-04,0936,020062,,7,1,9,1000,0,3,5,,2,034,"MANNING AVENUE","KINGS RIVER ROAD",62.00,W,N,B,-,N,,,,,,,,,,Y,1,1,1,1,A,-,03,22350,,N,E,I,A,B,H,-,A,D,0,,,,,Y,,A,01,0,1,0,0,0,0,0,0,0,"- ","- ",36.604541778564453,-119.46939086914062,FRESNO,UNINCORPORATED,-119.46926116943359,36.604362487792969