CASE_ID,ACCIDENT_YEAR,PROC_DATE,JURIS,COLLISION_DATE,COLLISION_TIME,OFFICER_ID,REPORTING_DISTRICT,DAY_OF_WEEK,CHP_SHIFT,POPULATION,CNTY_CITY_LOC,SPECIAL_COND,BEAT_TYPE,CHP_BEAT_TYPE,CITY_DIVISION_LAPD,CHP_BEAT_CLASS,BEAT_NUMBER,PRIMARY_RD,SECONDARY_RD,DISTANCE,DIRECTION,INTERSECTION,WEATHER_1,WEATHER_2,STATE_HWY_IND,CALTRANS_COUNTY,CALTRANS_DISTRICT,STATE_ROUTE,ROUTE_SUFFIX,POSTMILE_PREFIX,POSTMILE,LOCATION_TYPE,RAMP_INTERSECTION,SIDE_OF_HWY,TOW_AWAY,COLLISION_SEVERITY,NUMBER_KILLED,NUMBER_INJURED,PARTY_COUNT,PRIMARY_COLL_FACTOR,PCF_CODE_OF_VIOL,PCF_VIOL_CATEGORY,PCF_VIOLATION,PCF_VIOL_SUBSECTION,HIT_AND_RUN,TYPE_OF_COLLISION,MVIW,PED_ACTION,ROAD_SURFACE,ROAD_COND_1,ROAD_COND_2,LIGHTING,CONTROL_DEVICE,CHP_ROAD_TYPE,PEDESTRIAN_ACCIDENT,BICYCLE_ACCIDENT,MOTORCYCLE_ACCIDENT,TRUCK_ACCIDENT,NOT_PRIVATE_PROPERTY,ALCOHOL_INVOLVED,STWD_VEHTYPE_AT_FAULT,CHP_VEHTYPE_AT_FAULT,COUNT_SEVERE_INJ,COUNT_VISIBLE_INJ,COUNT_COMPLAINT_PAIN,COUNT_PED_KILLED,COUNT_PED_INJURED,COUNT_BICYCLIST_KILLED,COUNT_BICYCLIST_INJURED,COUNT_MC_KILLED,COUNT_MC_INJURED,PRIMARY_RAMP,SECONDARY_RAMP,LATITUDE,LONGITUDE,COUNTY,CITY,POINT_X,POINT_Y
91987549,2023,2023-02-06,9435,2023-01-30,1924,021386,,1,2,7,1005,0,1,3,,2,181,"STATE ROUTE 180 WESTBOUND TO FULTON STREET","FULTON STREET",200.00,W,N,A,-,Y,,,,,,,,,,Y,2,0,2,1,A,-,08,22107,,N,E,I,A,A,H,-,D,D,0,,,,,Y,,D,22,1,0,1,0,0,0,0,0,0,"- ","- ",36.748790740966797,-119.80119323730469,FRESNO,FRESNO,-119.80119323730469,36.748790740966797
91999189,2023,2023-02-21,9435,2023-02-04,"733 ",020019,,6,1,9,1000,0,1,3,,1,430,"STATE ROUTE 43","DAVIS AVENUE",0.00,,Y,A,-,Y,FRE,,43," "," ",2.250,H,,R,Y,2,0,1,2,A,-,03,22350,,N,D,C,A,A,H,-,A,A,0,,,,Y,Y,,A,01,1,0,0,0,0,0,0,0,0,"- ","- ",36.474708557128906,-119.63620758056641,FRESNO,UNINCORPORATED,-119.63618469238281,36.474708557128906
92059135,2023,2023-05-02,9435,2023-04-23,"29  ",021547,,7,3,9,1000,0,3,5,,2,034,"W. ADAMS AVE","MENDOCINO AVE",707.00,E,N,A,-,N,,,,,,,,,,Y,2,0,3,2,A,-,06,21751,,N,A,C,A,A,H,-,D,D,0,,,,,Y,,A,01,3,0,0,0,0,0,0,0,0,"- ","- ",36.633979797363281,-119.54502105712891,FRESNO,UNINCORPORATED,-119.54515075683594,36.633995056152344
92059538,2023,2023-05-02,9495,2023-04-26,1500,020021,,3,2,9,1000,0,1,1,,2,001,"INTERSTATE 5 NORTHBOUND","W. MOUNTAIN VIEW AVENUE",2059.00,S,N,A,-,Y,FRE,,5," "," ",40.262,H,,R,Y,2,0,1,1,A,-,08,22107,,N,F,A,A,A,H,-,A,D,0,,,,Y,Y,,G,25,1,0,0,0,0,0,0,0,0,"- ","- ",36.549880981445312,-120.5128173828125,FRESNO,UNINCORPORATED,-120.51286315917969,36.549842834472656
92064886,2023,2023-05-09,9435,2023-05-05,1429,021086,,5,2,9,1000,0,1,3,,2,106,"STATE ROUTE 99 (N/B) TO CEDAR AVENUE","CEDAR AVENUE",860.00,S,N,A,-,Y,,,,,,,,,,Y,2,0,1,1,A,-,08,22107,,N,E,8,A,A,H,-,A,D,0,,,,,Y,,D,22,1,0,0,0,0,0,0,0,0,"- ","- ",36.688838958740234,-119.75369262695312,FRESNO,UNINCORPORATED,-119.75264739990234,36.687107086181641
92065005,2023,2023-05-09,9435,2023-04-30,2102,020064,,7,2,9,1000,0,1,3,,1,168,"STATE ROUTE 168 W/B TO STATE ROUTE 180 E/B","MAPLE AVENUE",44.00,E,N,A,-,Y,FRE,,180," ",R,60.394,H,,R,Y,2,0,5,1,A,-,01,23152,A,N,E,I,A,A,H,-,D,D,0,,,,,Y,Y,A,07,1,4,0,0,0,0,0,0,0,"- ","- ",36.754669189453125,-119.74519348144531,FRESNO,UNINCORPORATED,-119.74518585205078,36.754875183105469
92071009,2023,2023-05-17,9435,2023-05-13,1448,021153,,6,2,9,1000,0,3,5,,2,010,"PALM AVENUE","INDIANAPOLIS AVENUE",0.00,,Y,A,-,N,,,,,,,,,,Y,2,0,2,2,A,-,03,22350,,N,C,C,A,A,H,-,A,D,0,,,,,Y,,A,01,1,1,0,0,0,0,0,0,0,"- ","- ",36.799388885498047,-119.80860137939453,FRESNO,UNINCORPORATED,-119.80858612060547,36.79931640625
92081702,2022,2023-05-30,9435,2022-12-09,1520,021606,,5,2,9,1000,0,1,3,,1,412,"STATE ROUTE 41 SOUTHBOUND","MOUNTAIN VIEW AVENUE",317.00,N,N,A,-,Y,FRE,,41,,R,10.182,H,,L,Y,1,1,2,3,A,-,03,22350,,N,C,C,A,A,H,-,A,A,0,,,,,Y,,D,22,1,1,0,0,0,0,0,0,0,"- ","- ",36.548431396484375,-119.78617858886719,FRESNO,UNINCORPORATED,-119.78633117675781,36.548427581787109
92087266,2023,2023-06-06,9435,2023-06-02,2000,018609,,5,2,9,1000,0,1,3,,1,169,SR-168,"BIG DRY CREEK",65.00,E,N,A,-,Y,FRE,,168," ",R,21.625,H,,R,Y,2,0,1,1,A,-,08,22107,,N,E,I,A,A,H,-,D,D,0,,,Y,,Y,,C,02,1,0,0,0,0,0,0,0,1,"- ","- ",36.940139770507812,-119.50528717041016,FRESNO,UNINCORPORATED,-119.50523376464844,36.940135955810547
92093526,2023,2024-06-28,9435,2023-05-10,1710,018914,,3,2,9,1000,0,3,5,,2,025,"MILLERTON ROAD","WINCHELL COVE ROAD",2640.00,W,N,A,-,N,,,,,,,,,,Y,1,2,2,2,A,-,08,22107,,N,A,C,A,A,H,-,A,D,0,,,,,Y,,D,22,1,0,1,0,0,0,0,0,0,"- ","- ",36.985828399658203,-119.67062377929688,FRESNO,UNINCORPORATED,-119.66835021972656,36.985450744628906
9211915,2020,2022-06-11,1005,2020-08-02,2229,P1070,NW/G,7,5,7,1005,0,0,0,,0,1849,"MARKS AV","SWIFT AV",28.00,S,N,A,-,N,,,,,,,,,,Y,1,2,0,3,A,-,01,23152,F,F,G,B,D,A,H,-,C,D,0,Y,,,,Y,,A,07,0,0,0,1,0,0,0,0,0,"- ","- ",36.796710968017578,-119.84420013427734,FRESNO,FRESNO,-119.84432220458984,36.796604156494141
9211919,2020,2021-05-04,1005,2020-08-26,1427,0731,"SE C",3,5,7,1005,0,0,0,,0,2458,"OLIVE AV","BOND ST",0.00,,Y,A,-,N,,,,,,,,,,Y,1,1,5,2,A,-,"- ",,,N,C,A,A,A,H,-,A,A,0,,,,,Y,,A,07,1,0,4,0,0,0,0,0,0,"- ","- ",36.757759094238281,-119.76799011230469,FRESNO,FRESNO,-119.76799011230469,36.757701873779297
92121033,2023,2023-07-19,9435,2023-07-08,1730,021402,,6,2,9,1000,0,3,5,,2,034,"GREENWOOD AVENUE","CENTRAL AVENUE",500.00,N,N,A,-,N,,,,,,,,,,N,2,0,1,2,A,-,01,23152,A,N,A,C,A,A,H,-,A,D,0,,,Y,,Y,Y,C,02,1,0,0,0,0,0,0,0,1,"- ","- ",36.679161071777344,-119.56546783447266,FRESNO,UNINCORPORATED,-119.5654296875,36.679080963134766
92159661,2023,2023-08-31,9435,2023-08-21,1855,020193,,1,2,9,1000,0,3,5,,2,010,"BARSTOW AVENUE","BIOLA AVENUE",0.00,,Y,A,-,N,,,,,,,,,,Y,1,1,0,1,A,-,03,22350,,N,E,I,A,A,H,-,A,D,0,,,,,Y,,A,01,0,0,0,0,0,0,0,0,0,"- ","- ",36.814929962158203,-120.01567840576172,FRESNO,UNINCORPORATED,-120.01557922363281,36.814968109130859
92170056,2023,2023-09-14,9435,2023-09-10,2210,017518,,7,3,7,1005,0,1,3,,2,182,"SR-180 W/B TO SR-41 N/B","FIRST STREET",150.00,E,N,A,-,Y,,,,,,,,,,N,2,0,2,2,A,-,01,23152,A,N,B,2,A,A,H,-,C,D,0,,,,,Y,Y,A,01,1,0,1,0,0,0,0,0,0,"- ","- ",36.75531005859375,-119.77191162109375,FRESNO,FRESNO,-119.77191162109375,36.75531005859375
92179892,2023,2023-09-26,9435,2023-07-28,1923,021312,,5,2,9,1000,0,1,3,,1,430,"STATE ROUTE 43","CONEJO AVENUE",0.00,,Y,A,-,Y,FRE,,43," "," ",5.335,H,,R,Y,1,1,0,2,A,-,11,21954,A,N,G,B,D,A,H,-,A,A,0,Y,,,,Y,Y,N,60,0,0,0,1,0,0,0,0,0,"- ","- ",36.518070220947266,-119.62904357910156,FRESNO,UNINCORPORATED,-119.62895965576172,36.518070220947266
92190124,2023,2023-10-04,9435,2023-09-27,1320,016860,,3,1,9,1000,0,3,5,,2,050,"PETERSON ROAD","LOWER CRESSMAN ROAD",1584.00,W,N,A,-,N,,,,,,,,,,Y,2,0,2,1,D,-,00,,,N,E,I,A,A,H,-,A,D,0,,,,,Y,,-,"- ",2,0,0,0,0,0,0,0,0,"- ","- ",37.041641235351562,-119.30824279785156,FRESNO,UNINCORPORATED,-119.30825805664062,37.041664123535156
92190491,2023,2023-10-04,9495,2023-09-24,1030,019789,,7,1,9,1000,0,1,3,,1,014,"STATE ROUTE 269","JAYNE AVENUE",0.00,,Y,A,-,Y,FRE,,269," "," ",4.651,H,,R,Y,2,0,6,2,A,-,12,22450,A,N,A,C,A,A,H,-,A,A,0,,,,,Y,,A,01,1,5,0,0,0,0,0,0,0,"- ","- ",36.138008117675781,-120.10279083251953,FRESNO,UNINCORPORATED,-120.102783203125,36.138008117675781
92193381,2023,2023-10-06,9435,2023-09-28,"225 ",021247,,4,3,7,1005,0,1,3,,2,105,"STATE ROUTE 99 NORTHBOUND","CLINTON AVENUE",5544.00,N,N,A,-,Y,FRE,,99," ",R,25.459,H,,R,Y,2,0,1,1,A,-,01,23152,A,M,F,I,A,A,H,-,D,D,0,,,,,Y,,A,07,1,0,0,0,0,0,0,0,0,"- ","- ",36.783599853515625,-119.85066986083984,FRESNO,FRESNO,-119.85079956054688,36.783512115478516
92202346,2023,2023-10-18,9435,2023-10-01,2500,019523,,7,4,9,1000,0,3,5,,2,015,"JENSEN AVENUE","BIOLA AVENUE",340.00,E,N,A,-,N,,,,,,,,,,Y,2,0,1,1,A,-,01,23152,A,N,E,I,A,A,H,-,D,D,0,,,,,Y,Y,A,01,1,0,0,0,0,0,0,0,0,"- ","- ",36.705989837646484,-120.01438140869141,FRESNO,UNINCORPORATED,-120.01448822021484,36.705860137939453
92227815,2023,2023-11-03,9435,2023-11-01,"650 ",015106,,3,1,9,1000,0,3,5,,2,025,"MCCALL AVE","SHAW AVE",2270.00,S,N,A,-,N,,,,,,,,,,Y,2,0,1,2,D,-,00,,,N,C,C,A,A,H,-,B,D,0,,,,,Y,,-,"- ",1,0,0,0,0,0,0,0,0,"- ","- ",36.802139282226562,-119.61025238037109,FRESNO,UNINCORPORATED,-119.61026000976562,36.802101135253906
92231035,2023,2023-11-17,9435,2023-10-30,1925,021119,,1,2,9,1000,0,3,5,,2,034,"CLOVIS AVENUE","BUTLER AVENUE",0.00,,Y,A,-,N,,,,,,,,,,Y,2,0,4,3,A,-,01,23152,A,N,A,C,A,A,H,-,C,A,0,,,,,Y,Y,A,07,1,2,1,0,0,0,0,0,0,"- ","- ",36.728549957275391,-119.70014190673828,FRESNO,UNINCORPORATED,-119.70011138916016,36.728557586669922
92232127,2023,2023-11-09,9435,2023-11-01,2105,021402,,3,2,9,1000,0,3,5,,2,034,"JENSEN AVENUE","CEDAR AVENUE",1000.00,W,N,A,-,N,,,,,,,,,,N,2,0,1,2,A,-,11,21954,A,N,E,B,D,A,H,-,A,A,0,Y,,,,Y,,N,60,1,0,0,0,1,0,0,0,0,"- ","- ",36.706008911132812,-119.75794219970703,FRESNO,UNINCORPORATED,-119.75807189941406,36.706905364990234
92265287,2023,2023-12-18,9495,2023-08-05,2300,021628,,6,3,9,1000,0,3,5,,2,052,"MOUNT WHITNEY AVENUE","HOWARD AVENUE",1584.00,W,N,A,-,N,,,,,,,,,,Y,1,1,1,2,A,-,01,23152,A,N,A,C,A,A,H,-,D,D,0,,,,,Y,Y,A,01,1,0,0,0,0,0,0,0,0,"- ","- ",36.42987060546875,-120.03814697265625,FRESNO,UNINCORPORATED,-120.03671264648438,36.429859161376953
92266151,2023,2023-12-19,9435,2023-12-12,1820,021148,,2,2,9,1000,0,3,5,,2,030,"SHIELDS AVENUE","STATE ROUTE 168",770.00,W,N,A,-,N,,,,,,,,,,Y,2,0,1,2,D,-,00,,,F,C,G,A,A,H,-,D,D,0,,Y,,,Y,,-,"- ",1,0,0,0,0,0,1,0,0,"- ","- ",36.779548645019531,-119.75202941894531,FRESNO,UNINCORPORATED,-119.75178527832031,36.779541015625
92299997,2023,2024-01-29,9435,2023-11-27,1205,019705,,1,1,7,1005,0,1,3,,1,168,"STATE ROUTE 168 EASTBOUND TO SHAW AVENUE","SHAW AVENUE",305.00,S,N,A,-,Y,,,,,,,,,,Y,1,1,0,1,A,-,01,23152,A,N,F,8,A,A,H,-,A,D,0,,,,,Y,Y,D,22,0,0,0,0,0,0,0,0,0,"- ","- ",36.807498931884766,-119.73243713378906,FRESNO,FRESNO,-119.73243713378906,36.807498931884766
92330458,2023,2024-08-22,9435,2023-08-23,2115,019523,,3,2,9,1000,0,3,5,,2,015,"MANNING AVENUE","YUBA AVENUE",11088.00,E,N,A,-,N,,,,,,,,,,Y,1,1,1,2,A,-,09,21804,A,N,D,C,A,A,H,-,D,D,0,,,,Y,Y,,G,25,1,0,0,0,0,0,0,0,0,"- ","- ",36.603649139404297,-120.13127899169922,FRESNO,UNINCORPORATED,-120.13148498535156,36.603649139404297
92360921,2024,2024-04-10,9435,2024-03-31,1340,020429,,7,1,9,1000,0,1,3,,2,184,"STATE ROUTE 180","FOREST ROUTE 13S97",150.00,E,N,D,-,Y,FRE,,180," "," ",108.881,H,,R,Y,2,0,8,1,A,-,08,22107,,N,E,I,A,C,H,-,A,D,0,,,,,Y,,A,08,2,1,5,0,0,0,0,0,0,"- ","- ",36.723430633544922,-118.99105072021484,FRESNO,UNINCORPORATED,-118.99101257324219,36.723514556884766
9256313,2020,2022-06-11,1005,2020-09-10,2015,P1070,"SE C ",4,5,7,1005,0,0,0,,0,2660,"MAPLE AV","MONO ST",128.00,N,N,A,-,N,,,,,,,,,,Y,1,3,1,2,A,-,01,23152,A,N,A,C,A,A,H,-,C,D,0,,,,,Y,Y,A,01,1,0,0,0,0,0,0,0,0,"- ","- ",36.736808776855469,-119.74559783935547,FRESNO,FRESNO,-119.74546813964844,36.737159729003906
92997226,2024,2024-07-31,9435,2024-07-20,1738,020977,,6,2,9,1000,0,3,5,,2,020,"ELM AVE","MOUNTAIN VIEW AVE",1056.00,N,N,A,-,N,,,,,,,,,,Y,2,0,2,1,A,-,01,23152,A,N,E,8,A,A,H,-,A,D,0,,,,,Y,Y,D,22,2,0,0,0,0,0,0,0,0,"- ","- ",36.549591064453125,-119.7911376953125,FRESNO,UNINCORPORATED,-119.79096221923828,36.550247192382812
9435439,2022,2022-05-26,1013,2022-03-23,1843,M158,M270,3,5,3,1013,0,0,0,,0,M02,"ACADEMY AV","8TH ST",0.00,,Y,A,-,N,,,,,,,,,,,2,0,1,2,A,-,09,21802,A,N,D,C,A,A,H,-,A,A,0,,,Y,Y,Y,,F,26,1,0,0,0,0,0,0,0,1,"- ","- ",,,FRESNO,SANGER,-119.55568695068359,36.705211639404297
94384893,2024,2024-09-06,9435,2024-01-29,"741 ",021386,,1,1,9,1000,0,3,5,,2,034,"CHESTNUT AVENUE","ANNADALE AVENUE",0.00,,Y,E,-,N,,,,,,,,,,Y,1,2,0,2,A,-,12,22450,A,N,D,C,A,A,H,-,A,A,0,,,,Y,Y,,G,25,0,0,0,0,0,0,0,0,0,"- ","- ",36.699760437011719,-119.73639678955078,FRESNO,UNINCORPORATED,-119.73657989501953,36.699642181396484
94416864,2024,2024-10-02,9435,2024-09-30,"202 ",021930,,1,3,9,1000,0,3,5,,2,034,"ORANGE AVE","CHURCH AVE",86.00,N,N,A,-,N,,,,,,,,,,N,2,0,1,2,A,-,11,21954,A,N,G,B,E,A,H,-,D,D,0,Y,,,,Y,Y,N,60,1,0,0,0,1,0,0,0,0,"- ","- ",36.714488983154297,-119.76365661621094,FRESNO,UNINCORPORATED,-119.76370239257812,36.714385986328125
94467815,2024,2024-11-13,9435,2024-10-19,1128,015095,,6,1,9,1000,0,3,5,,2,025,"GREENWOOD AVENUE","ASHLAN AVENUE",0.00,,Y,A,-,N,,,,,,,,,,Y,2,0,3,2,A,-,09,21802,A,N,D,2,A,A,H,-,A,A,0,,,,,Y,,A,01,1,2,0,0,0,0,0,0,0,"- ","- ",36.793701171875,-119.56500244140625,FRESNO,UNINCORPORATED,-119.56503295898438,36.793701171875
94483706,2024,2024-11-26,9435,2024-11-15,1845,021837,,5,2,9,1000,0,3,5,,2,015,"AMERICAN AVE","CHESTNUT AVE",0.00,,Y,A,-,N,,,,,,,,,,Y,2,0,3,2,A,-,09,21802,A,N,D,C,A,A,H,-,D,A,0,,,,,Y,Y,A,01,1,2,0,0,0,0,0,0,0,"- ","- ",36.663440704345703,-119.73676300048828,FRESNO,UNINCORPORATED,-119.73679351806641,36.663417816162109
94556326,2024,2025-01-30,9435,2024-11-27,"725 ",016507,,3,1,9,1000,0,3,5,,2,060,"VINO AVENUE","JIM SAVAGE ROAD",45.00,E,N,A,-,N,,,,,,,,,,Y,1,1,1,1,A,-,01,23152,A,N,E,8,A,A,H,-,B,D,0,,,,,Y,Y,A,01,1,0,0,0,0,0,0,0,0,"- ","- ",36.658649444580078,-119.46636199951172,FRESNO,UNINCORPORATED,-119.46640014648438,36.658618927001953
94578564,2025,2025-02-13,9461,2025-02-04,1810,017029,,2,2,9,1000,0,2,4,,1,315,"OXFORD AVE","NEES AVE",0.00,,Y,B,C,N,,,,,,,,,,Y,2,0,2,2,A,-,09,21802,A,N,D,C,A,B,H,-,D,A,0,,,,,Y,,B,07,1,0,1,0,0,0,0,0,0,"- ","- ",36.850440979003906,-120.70880889892578,FRESNO,UNINCORPORATED,-120.70881652832031,36.850536346435547
94601712,2025,2025-03-18,9495,2025-01-18,1745,022824,,6,2,9,1000,0,1,3,,2,005,"STATE ROUTE 33 (DERRICK AVENUE)","LINCOLN AVENUE",898.00,S,N,A,-,Y,FRE,,33," "," ",54.226,H,,R,Y,1,1,0,1,A,-,01,23152,G,N,F,A,A,A,H,-,D,D,0,,,,,Y,Y,A,07,0,0,0,0,0,0,0,0,0,"- ","- ",36.644588470458984,-120.38809967041016,FRESNO,UNINCORPORATED,-120.38813781738281,36.64459228515625
94641492,2025,2025-06-02,9435,2025-01-16,1326,019603,,4,1,9,1000,0,3,5,,2,015,"SOUTH AVENUE","CEDAR AVENUE",0.00,,Y,A,-,N,,,,,,,,,,Y,1,1,1,2,A,-,12,22450,A,N,D,C,A,A,H,-,A,A,0,,,,Y,Y,,D,22,0,0,1,0,0,0,0,0,0,"- ","- ",36.619888305664062,-119.75482177734375,FRESNO,UNINCORPORATED,-119.75482177734375,36.619838714599609
9464318,2022,2023-04-27,1005,2022-06-23,2051,P731,1642,4,5,7,1005,0,0,0,,0,05C,"SHAW AV","HAYES AV",0.00,,Y,A,-,N,,,,,,,,,,Y,1,1,0,2,A,-,09,21801,A,N,A,G,A,A,C,-,B,A,0,,Y,,,Y,Y,L,04,0,0,0,0,0,1,0,0,0,"- ","- ",36.807868957519531,-119.89842987060547,FRESNO,FRESNO,-119.89846801757812,36.807994842529297
9464428,2021,2022-09-13,1005,2021-03-07,0116,P1131,SW/G,7,5,7,1005,0,0,0,,0,2656,"TULARE ST","R ST",56.00,E,N,A,-,N,,,,,,,,,,Y,1,1,1,1,A,-,01,23152,A,N,E,I,A,A,H,-,C,A,0,,,,,Y,Y,A,07,1,0,0,0,0,0,0,0,0,"- ","- ",36.739669799804688,-119.78192901611328,FRESNO,FRESNO,-119.78175354003906,36.739788055419922
9464443,2021,2022-09-14,1005,2021-05-20,2108,P731,3060,4,5,7,1005,0,0,0,,0,03E,"JENSEN AV","MAPLE AV",790.00,W,N,A,-,N,,,,,,,,,,N,1,1,0,2,A,-,11,21954,A,N,G,B,E,A,H,-,D,D,0,Y,,,,Y,,N,60,0,0,0,1,0,0,0,0,0,"- ","- ",36.706890106201172,-119.74568176269531,FRESNO,FRESNO,-119.74831390380859,36.706901550292969
94660316,2024,2025-04-23,9435,2024-11-26,"535 ",021424,,2,3,7,1005,0,1,3,,1,168,"SR-168 W/B TO SR-41 S/B","SR-180 E/B",26.00,N,N,B,C,Y,FRE,,41," ",R,24.528,H,,R,Y,1,1,1,1,A,-,01,23152,F,N,E,8,A,B,H,-,D,D,0,,,,,Y,,D,22,1,0,0,0,0,0,0,0,0,"- ","- ",36.754360198974609,-119.77574920654297,FRESNO,FRESNO,-119.77572631835938,36.754360198974609
94690886,2025,2025-05-16,9435,2025-05-08,1142,020205,,4,1,9,1000,0,3,5,,2,030,"MAPLE AVE","CLINTON AVE",0.00,,Y,A,-,N,,,,,,,,,,N,2,0,1,2,A,-,05,21650,,N,D,C,A,A,H,-,A,A,0,,,Y,,Y,,C,03,1,0,0,0,0,0,0,0,1,"- ","- ",36.772319793701172,-119.74553680419922,FRESNO,UNINCORPORATED,-119.74537658691406,36.772289276123047
94693791,2025,2025-05-20,9495,2025-05-14,"643 ",021619,,3,1,9,1000,0,1,3,,1,014,"STATE ROUTE 269 (LASSEN AVENUE)","AVENAL CUT OFF ROAD",0.00,,Y,A,-,Y,FRE,,269," "," ",0.149,H,,R,Y,2,0,2,2,A,-,09,21802,A,N,D,C,A,A,H,-,A,A,0,,,,,Y,,A,01,1,0,1,0,0,0,0,0,0,"- ","- ",36.072830200195312,-120.10236358642578,FRESNO,UNINCORPORATED,-120.10240936279297,36.072841644287109
94730702,2025,2025-06-18,9435,2025-06-07,1240,022339,,6,1,9,1000,0,3,5,,2,015,"ADAMS AVE","ORANGE AVE",1740.00,W,N,A,-,N,,,,,,,,,,Y,2,0,1,2,A,-,06,21750,,N,D,C,A,A,H,-,A,D,0,,,Y,Y,Y,,C,02,1,0,0,0,0,0,0,0,1,"- ","- ",36.634300231933594,-119.76979064941406,FRESNO,UNINCORPORATED,-119.76971435546875,36.634326934814453
94743992,2025,2025-06-30,9435,2025-06-23,2210,018944,,1,3,7,1005,0,1,3,,2,181,"STATE ROUTE 180 WESTBOUND","FULTON AVENUE",25.00,W,N,A,-,Y,FRE,,180," ",R,57.266,H,,L,Y,2,0,2,2,A,-,08,22107,,F,B,C,A,A,H,-,C,D,0,,,,,Y,,-,99,1,1,0,0,0,0,0,0,0,"- ","- ",36.748798370361328,-119.80026245117188,FRESNO,FRESNO,-119.80026245117188,36.748802185058594
94748232,2025,2025-07-07,9435,2025-06-22,2140,021658,,7,2,9,1000,0,1,3,,2,105,"SR-99 S/B","BELMONT AVE.",125.00,S,N,A,-,Y,FRE,,99," "," ",22.708,H,,L,Y,2,0,4,3,A,-,01,23152,A,N,C,2,A,A,H,-,D,D,0,,,,,Y,Y,A,07,2,0,2,0,0,0,0,0,0,"- ","- ",36.749961853027344,-119.82479095458984,FRESNO,UNINCORPORATED,-119.82478332519531,36.749965667724609
94784808,2025,2025-07-31,9435,2025-05-15,2105,022221,,4,2,9,1000,0,3,5,,2,010,"WESTLAWN AVENUE","MCKINLEY AVENUE",0.00,,Y,A,-,N,,,,,,,,,,Y,1,2,2,2,A,-,12,22450,A,N,D,2,A,A,H,-,D,A,0,,,,,Y,,A,01,1,1,0,0,0,0,0,0,0,"- ","- ",36.764171600341797,-119.95182800292969,FRESNO,UNINCORPORATED,-119.95185089111328,36.764125823974609
9522706,2022,2022-12-29,1013,2022-11-10,1734,M158,M320,4,5,3,1013,0,0,0,,0,M03,"NORTH AV","GREENWOOD AV",44.00,W,N,A,-,N,,,,,,,,,,,2,0,1,2,A,-,11,21954,A,F,G,B,D,A,H,-,D,D,0,Y,,,,Y,,A,01,1,0,0,0,1,0,0,0,0,"- ","- ",36.684589385986328,-119.56864166259766,FRESNO,SANGER,-119.56543731689453,36.6922607421875
9588181,2023,2023-07-05,1015,2023-06-07,2338,N079,SELMA,3,5,3,1015,0,0,0,,0,,"DOCKERY AV","NORTHHILL ST",69.00,N,N,A,-,N,,,,,,,,,,N,2,0,1,1,A,-,01,23152,A,N,E,I,A,A,H,-,C,D,0,,,,,Y,Y,A,01,1,0,0,0,0,0,0,0,0,"- ","- ",36.586711883544922,-119.60189819335938,FRESNO,SELMA,-119.60193634033203,36.586898803710938
9616882,2023,2023-10-11,1012,2023-09-11,1643,L165,,1,5,3,1012,0,0,0,,0,0A1,"MANNING AV","REED AV",340.00,W,N,A,-,N,,,,,,,,,,N,2,0,1,1,A,-,01,23153,B,N,E,I,A,A,H,-,A,D,0,,,Y,,Y,Y,O,05,1,0,0,0,0,0,0,0,1,"- ","- ",36.604251861572266,-119.45768737792969,FRESNO,REEDLEY,-119.45884704589844,36.604190826416016
9640562,2023,2025-07-02,1005,2023-01-11,"248 ",P1689,SOUTH,3,5,7,1005,0,0,0,,0,00D,"MCKINLEY AV","1ST ST",0.00,,Y,B,-,N,,,,,,,,,,Y,1,1,1,2,A,-,01,23152,A,F,D,C,A,A,H,-,C,A,0,,,,,Y,Y,D,22,0,0,1,0,0,0,0,0,0,"- ","- ",36.765098571777344,-119.77243041992188,FRESNO,FRESNO,-119.77263641357422,36.764945983886719
9640629,2024,2024-06-26,1001,2024-03-01,1906,5838,,5,5,5,1001,0,0,0,,0,001,"PEACH AV","ASHLAN AV",38.00,N,N,A,-,N,,,,,,,,,,Y,1,1,0,2,A,-,11,21954,A,N,G,B,C,B,H,-,C,A,0,Y,,,,Y,,N,60,0,0,0,1,0,0,0,0,0,"- ","- ",36.793998718261719,-119.71817016601562,FRESNO,CLOVIS,-119.71816253662109,36.794094085693359
9640678,2024,2024-07-17,1012,2024-04-09,1952,I169,REEDL,2,5,3,1012,0,0,0,,0,L05D,"SPRINGFIELD AV","JUSTINE AV",393.00,E,N,A,-,N,,,,,,,,,,Y,1,1,0,2,A,-,11,21954,A,N,G,B,D,A,H,-,C,D,0,Y,,,,Y,,N,60,0,0,0,1,0,0,0,0,0,"- ","- ",36.596908569335938,-119.44046783447266,FRESNO,REEDLEY,-119.43920135498047,36.596908569335938
9718458,2024,2024-07-30,1001,2024-03-21,1846,5723,,4,5,5,1001,0,0,0,,0,006,"SIERRA AV","CYPRESS AV",0.00,,Y,A,-,N,,,,,,,,,,N,2,0,1,2,A,-,03,22350,,N,D,C,A,A,H,-,B,A,0,,,Y,,Y,,C,02,1,0,0,0,0,0,0,0,1,"- ","- ",36.830249786376953,-119.67575836181641,FRESNO,CLOVIS,-119.67575836181641,36.830249786376953